{
"type": "FeatureCollection",
"name": "5752",
"crs": { "type": "name", "properties": { "name": "urn:ogc:def:crs:OGC:1.3:CRS84" } },
"features": [
{ "type": "Feature", "properties": { "name": "Spanish", "year": "contemporary", "map_name_full": null, "id": "5752", "number_legend": "S" }, "geometry": { "type": "MultiPolygon", "coordinates": [ [ [ [ -114.727162238999938, 18.333807684000078 ], [ -114.734038865999935, 18.329250393000052 ], [ -114.740589972999942, 18.328314520000049 ], [ -114.747385219999899, 18.328680731000077 ], [ -114.78189042899993, 18.32453034100007 ], [ -114.798573370999918, 18.330877997000073 ], [ -114.798573370999918, 18.342474677000041 ], [ -114.775542772999927, 18.35492584800005 ], [ -114.724029100999928, 18.35492584800005 ], [ -114.720204230999911, 18.352118231000077 ], [ -114.720855272999927, 18.345689195000091 ], [ -114.723947719999899, 18.338568427000041 ], [ -114.727162238999938, 18.333807684000078 ] ] ], [ [ [ -106.448530025999901, 21.493095749000076 ], [ -106.437062175999927, 21.495945844000062 ], [ -106.424722091999911, 21.48802382000008 ], [ -106.404217750999919, 21.483885817000044 ], [ -106.385990278999941, 21.482766684000069 ], [ -106.372728328999926, 21.482046343000036 ], [ -106.371924085999922, 21.471799066000074 ], [ -106.362887461999946, 21.464307183000074 ], [ -106.362644280999916, 21.455074391000039 ], [ -106.380654095999944, 21.446987422000063 ], [ -106.384627869999917, 21.431472940000049 ], [ -106.387098060999904, 21.42063577600004 ], [ -106.402607351999904, 21.422952328000065 ], [ -106.42882562099993, 21.435094921000086 ], [ -106.443709348999903, 21.436839228000053 ], [ -106.459275846999901, 21.448321668000062 ], [ -106.478747379999902, 21.451401902000043 ], [ -106.492613666999944, 21.469004645000041 ], [ -106.471985081999946, 21.483841430000041 ], [ -106.459587449999901, 21.49488474900005 ], [ -106.448530025999901, 21.493095749000076 ] ] ], [ [ [ -106.224037600999907, 21.328735901000073 ], [ -106.225739690999944, 21.308668959000045 ], [ -106.227505961999896, 21.29116570900004 ], [ -106.236971858999937, 21.295066520000091 ], [ -106.247309519999931, 21.289698507000082 ], [ -106.270196541999894, 21.300997418000065 ], [ -106.279363378999903, 21.314658975000043 ], [ -106.260005115999945, 21.334096877000036 ], [ -106.241782693999937, 21.332963871000061 ], [ -106.231917400999919, 21.335237076000055 ], [ -106.22744588799992, 21.332768544000089 ], [ -106.224037600999907, 21.328735901000073 ] ] ], [ [ [ -110.830230272999927, 19.273342190000051 ], [ -110.833485480999911, 19.276353257000039 ], [ -110.83617102799991, 19.283596096000053 ], [ -110.836048956999946, 19.293402411000045 ], [ -110.832386847999942, 19.30219147300005 ], [ -110.819203253999945, 19.324042059000078 ], [ -110.814320441999939, 19.334377346000053 ], [ -110.814320441999939, 19.348049221000053 ], [ -110.805653449999909, 19.34210846600007 ], [ -110.798654751999948, 19.333807684000078 ], [ -110.787668423999946, 19.31391022300005 ], [ -110.813099738999938, 19.29633209800005 ], [ -110.824086066999939, 19.286281643000052 ], [ -110.828602667999917, 19.27570221600007 ], [ -110.830230272999927, 19.273342190000051 ] ] ], [ [ [ -111.066558397999927, 18.77570221600007 ], [ -111.062001105999911, 18.793117580000057 ], [ -111.053089972999942, 18.815985419000071 ], [ -111.038563605999911, 18.83539459800005 ], [ -111.000559048999946, 18.868231512000079 ], [ -110.980051235999895, 18.860825914000088 ], [ -110.956166144999941, 18.843695380000042 ], [ -110.940785285999937, 18.82172272300005 ], [ -110.945912238999938, 18.799994208000044 ], [ -110.932240363999938, 18.794663804000038 ], [ -110.919422980999911, 18.78070709800005 ], [ -110.911203579999949, 18.762518622000073 ], [ -110.911203579999949, 18.744696356000077 ], [ -110.924305792999917, 18.727362372000073 ], [ -110.941883917999917, 18.725978908000059 ], [ -110.96117102799991, 18.726955471000053 ], [ -110.979481574999909, 18.716782945000091 ], [ -110.994618292999917, 18.731594143000052 ], [ -111.008371548999946, 18.742377020000049 ], [ -111.023182745999918, 18.750921942000048 ], [ -111.067250128999945, 18.768744208000044 ], [ -111.066558397999927, 18.77570221600007 ] ] ], [ [ [ -111.59724512799994, 24.365109379000046 ], [ -111.638366432999931, 24.35570348400006 ], [ -111.664814398999908, 24.351855932000035 ], [ -111.673254053999926, 24.358400544000062 ], [ -111.665461264999919, 24.369011883000042 ], [ -111.657777569999894, 24.375217206000059 ], [ -111.646049536999897, 24.371051097000077 ], [ -111.628798016999895, 24.372644277000063 ], [ -111.600187254999923, 24.376440140000057 ], [ -111.582998526999916, 24.375088554000058 ], [ -111.561634894999941, 24.378078518000052 ], [ -111.539450883999905, 24.372666735000053 ], [ -111.509632941999939, 24.363959052000041 ], [ -111.467094093999947, 24.336731689000089 ], [ -111.4629578979999, 24.329770950000068 ], [ -111.532816738999941, 24.35831156900008 ], [ -111.561252571999944, 24.362367053000071 ], [ -111.59724512799994, 24.365109379000046 ] ] ], [ [ [ -109.921179927999901, 24.275815512000065 ], [ -109.916620995999949, 24.284812325000075 ], [ -109.937425448999932, 24.325148634000072 ], [ -109.934233632999906, 24.359386 ], [ -109.933220374999905, 24.374414236000064 ], [ -109.926751404999948, 24.372929555000042 ], [ -109.919246158999897, 24.362028983000073 ], [ -109.917413070999942, 24.348511088000066 ], [ -109.905844074999948, 24.334834182000066 ], [ -109.899694173999933, 24.325687604000052 ], [ -109.89215525599991, 24.316288133000057 ], [ -109.882330805999914, 24.294285878000039 ], [ -109.870630981999909, 24.27235586200004 ], [ -109.858089652999922, 24.258939500000054 ], [ -109.84257144299994, 24.230300382000053 ], [ -109.835749743999941, 24.224654329000089 ], [ -109.822848590999911, 24.209405591000063 ], [ -109.808562533999918, 24.182221868000056 ], [ -109.807147534999899, 24.171565618000045 ], [ -109.798425189999932, 24.155164565000064 ], [ -109.802865109999914, 24.137062296000067 ], [ -109.814843529999905, 24.140431111000055 ], [ -109.831012462999922, 24.143511042000057 ], [ -109.862482669999906, 24.147087282000086 ], [ -109.873927077999895, 24.151702835000037 ], [ -109.871761251999942, 24.159690718000036 ], [ -109.885044237999921, 24.176658209000038 ], [ -109.900432099999932, 24.19924080800007 ], [ -109.912972104999938, 24.235720661000073 ], [ -109.923875308999925, 24.266637803000037 ], [ -109.921179927999901, 24.275815512000065 ] ] ], [ [ [ -106.683908657999893, 21.760972398000035 ], [ -106.6781389759999, 21.774845589000051 ], [ -106.671414417999927, 21.771923195000056 ], [ -106.663822908999919, 21.777245607000054 ], [ -106.6630470959999, 21.769554339000081 ], [ -106.657997459999933, 21.767105653000044 ], [ -106.655965025999933, 21.754301570000052 ], [ -106.66349972799992, 21.746932291000064 ], [ -106.657766065999908, 21.739877617000047 ], [ -106.678963419999945, 21.727035999000066 ], [ -106.688940703999947, 21.746831544000088 ], [ -106.683908657999893, 21.760972398000035 ] ] ], [ [ [ -106.54800391099991, 21.668545934000065 ], [ -106.534457746999919, 21.657571309000048 ], [ -106.536425764999933, 21.648270923000041 ], [ -106.539425688999927, 21.636397627000065 ], [ -106.526908553999931, 21.623896266000088 ], [ -106.518969797999944, 21.616897592000043 ], [ -106.513786438999944, 21.608810080000069 ], [ -106.509266657999945, 21.605320530000085 ], [ -106.504782242999909, 21.602859498000043 ], [ -106.512352627999917, 21.597034382000061 ], [ -106.516008180999904, 21.588751779000063 ], [ -106.514076585999931, 21.57903635200006 ], [ -106.511664438999901, 21.571895774000041 ], [ -106.519861772999946, 21.568143128000088 ], [ -106.520806927999899, 21.562471823000067 ], [ -106.526156449999917, 21.556679212000063 ], [ -106.532050558999913, 21.550369398000043 ], [ -106.5323609699999, 21.541629253000053 ], [ -106.536858154999948, 21.544603513000084 ], [ -106.541794067999945, 21.54345926700006 ], [ -106.540848478999919, 21.549141352000049 ], [ -106.537711413999943, 21.555386187000067 ], [ -106.54506495499993, 21.561892414000056 ], [ -106.552288592999901, 21.563762095000072 ], [ -106.591267683999945, 21.577224815000079 ], [ -106.631155643999932, 21.600860513000043 ], [ -106.630092978999926, 21.604493492000074 ], [ -106.62853903599995, 21.609152522000045 ], [ -106.628759338999942, 21.61683733700005 ], [ -106.635563889999901, 21.625897487000088 ], [ -106.641630684999939, 21.639106150000089 ], [ -106.651393583999948, 21.652216620000047 ], [ -106.655985505999922, 21.658265680000056 ], [ -106.649476701999902, 21.662531711000042 ], [ -106.649215979999894, 21.672806739000066 ], [ -106.650642526999945, 21.68406887000009 ], [ -106.660847615999899, 21.693063955000071 ], [ -106.642156693999937, 21.696598633000065 ], [ -106.620981523999944, 21.690434647000075 ], [ -106.600012730999936, 21.691451968000081 ], [ -106.587665587999936, 21.684561268000039 ], [ -106.54800391099991, 21.668545934000065 ] ] ], [ [ [ -112.170109570999898, 24.96959576900008 ], [ -112.178957126999933, 24.974700467000048 ], [ -112.186963757999933, 24.961331119000079 ], [ -112.188757196999916, 24.95223261600006 ], [ -112.187353576999897, 24.921709196000052 ], [ -112.195929687999921, 24.915300649000073 ], [ -112.190969715999927, 24.889849179000066 ], [ -112.18331850699991, 24.879654277000043 ], [ -112.176864685999931, 24.872387684000046 ], [ -112.182556620999947, 24.865960379000057 ], [ -112.195322994999913, 24.867272565000064 ], [ -112.20430994599991, 24.866860723000059 ], [ -112.207161008999947, 24.860857139000075 ], [ -112.209305875999917, 24.855129483000042 ], [ -112.213715002999948, 24.84752651000008 ], [ -112.210938581999926, 24.838823146000038 ], [ -112.208975635999934, 24.823599279000064 ], [ -112.206194946999915, 24.817434121000076 ], [ -112.195829695999919, 24.811616674000049 ], [ -112.187859620999916, 24.806166062000045 ], [ -112.182287728999938, 24.799633117000042 ], [ -112.178705619999903, 24.795640332000062 ], [ -112.17112540699992, 24.794537781000088 ], [ -112.173126478999905, 24.792367994000074 ], [ -112.177520140999945, 24.790927773000078 ], [ -112.175930015999938, 24.788388373000089 ], [ -112.165587368999923, 24.77568580600007 ], [ -112.162111934999928, 24.759709437000083 ], [ -112.139018757999906, 24.737909984000055 ], [ -112.131464658999903, 24.728470923000089 ], [ -112.130702537999923, 24.715787315000057 ], [ -112.131119238999929, 24.709628569000074 ], [ -112.127139568999894, 24.70635827600006 ], [ -112.123149059999946, 24.707073139000045 ], [ -112.115623487999926, 24.689301038000053 ], [ -112.126436871999942, 24.673747081000045 ], [ -112.1316392949999, 24.666875547000075 ], [ -112.140029123999909, 24.65928849800008 ], [ -112.143234407999898, 24.649882403000049 ], [ -112.14043902599991, 24.643734424000058 ], [ -112.136463635999917, 24.632881907000069 ], [ -112.103485314999944, 24.617166414000053 ], [ -112.096343069999932, 24.607004017000065 ], [ -112.078084940999929, 24.584837267000069 ], [ -112.070910755999932, 24.585177949000069 ], [ -112.0709482769999, 24.57395338200007 ], [ -112.064594014999898, 24.568160634000037 ], [ -112.057477746999893, 24.553690517000064 ], [ -112.05990735599994, 24.540602578000062 ], [ -112.068265954999902, 24.542448684000078 ], [ -112.091341538999927, 24.551534022000055 ], [ -112.102477836999924, 24.559152037000047 ], [ -112.100067908999904, 24.564234767000073 ], [ -112.105586062999919, 24.583818767000082 ], [ -112.11386196299992, 24.599166260000061 ], [ -112.127014963999898, 24.611790559000042 ], [ -112.137332490999938, 24.619088895000061 ], [ -112.146533487999932, 24.618710786000065 ], [ -112.159215585999902, 24.643023274000086 ], [ -112.171974122999927, 24.646668426000076 ], [ -112.176343728999939, 24.653562288000046 ], [ -112.168343920999916, 24.661157474000049 ], [ -112.166325637999932, 24.67093667000006 ], [ -112.159937403999947, 24.672373487000073 ], [ -112.151963330999934, 24.670545450000077 ], [ -112.144785502999923, 24.670891586000039 ], [ -112.138381461999927, 24.680296655000063 ], [ -112.135938028999931, 24.69804552800008 ], [ -112.139481722999903, 24.714721162000046 ], [ -112.14621608099992, 24.732128918000058 ], [ -112.155764301999909, 24.743385225000054 ], [ -112.167710317999934, 24.755373340000062 ], [ -112.175673923999909, 24.763364067000055 ], [ -112.189533470999947, 24.773923376000084 ], [ -112.206776495999918, 24.782131252000056 ], [ -112.21385065599992, 24.784838708000052 ], [ -112.224618629999895, 24.788118796000049 ], [ -112.237785336999934, 24.789227892000042 ], [ -112.245961066999939, 24.788763739000046 ], [ -112.2505451319999, 24.787795561000053 ], [ -112.256930387999944, 24.783819839000046 ], [ -112.260932356999945, 24.776581989000078 ], [ -112.260955857999932, 24.769700153000088 ], [ -112.257814355999926, 24.751578125000037 ], [ -112.259412772999895, 24.74940725600004 ], [ -112.268576339999925, 24.758116050000069 ], [ -112.272531923999907, 24.772977454000056 ], [ -112.304595506999931, 24.792181708000044 ], [ -112.301637417999927, 24.803093277000073 ], [ -112.302029962999939, 24.807442141000081 ], [ -112.300028975999908, 24.809975869000084 ], [ -112.290033192999942, 24.812495007000052 ], [ -112.275181911999937, 24.83951262000005 ], [ -112.257339710999929, 24.884474586000067 ], [ -112.2063022829999, 25.01766045800008 ], [ -112.190744594999899, 25.062974351000037 ], [ -112.163224170999911, 25.156268241000078 ], [ -112.144520636999914, 25.227769273000035 ], [ -112.142494810999892, 25.255132472000071 ], [ -112.137846461999914, 25.265260829000056 ], [ -112.125325905999944, 25.265833482000062 ], [ -112.1202239939999, 25.220520601000089 ], [ -112.126876103999905, 25.201467647000072 ], [ -112.143463051999902, 25.162781904000042 ], [ -112.156033912999931, 25.140773276000061 ], [ -112.169371508999916, 25.073534125000037 ], [ -112.179303645999937, 25.044985661000055 ], [ -112.170837860999939, 25.029572655000038 ], [ -112.167319268999904, 25.019389709000052 ], [ -112.169719309999948, 25.006005860000073 ], [ -112.164129885999898, 24.996891562000087 ], [ -112.161494714999947, 24.988050817000044 ], [ -112.161827058999904, 24.974397215000067 ], [ -112.170109570999898, 24.96959576900008 ] ] ], [ [ [ -110.570691974999932, 24.95549260100006 ], [ -110.559289460999935, 24.935704142000077 ], [ -110.553352914999948, 24.925823262000051 ], [ -110.548472038999932, 24.911490180000044 ], [ -110.533971311999949, 24.890802534000045 ], [ -110.52492856899994, 24.880000918000064 ], [ -110.533095522999929, 24.876578652000035 ], [ -110.553356308999923, 24.872682024000085 ], [ -110.562717292999935, 24.873757369000089 ], [ -110.571703437999929, 24.872381827000083 ], [ -110.579152886999907, 24.863661812000089 ], [ -110.583538891999922, 24.866218003000085 ], [ -110.579312866999942, 24.872187285000052 ], [ -110.573706061999928, 24.879335815000047 ], [ -110.573880011999904, 24.887454611000067 ], [ -110.583992458999944, 24.892602441000065 ], [ -110.59536165399993, 24.900216377000049 ], [ -110.610358020999911, 24.90630599800005 ], [ -110.610193305999928, 24.911166024000067 ], [ -110.620301896999933, 24.916724148000071 ], [ -110.631990941999902, 24.915431955000088 ], [ -110.642313414999933, 24.914497534000077 ], [ -110.641651341999932, 24.920972040000038 ], [ -110.636499640999943, 24.927725502000044 ], [ -110.644023450999896, 24.942502631000082 ], [ -110.654682916999946, 24.946073180000042 ], [ -110.660405461999915, 24.962457452000081 ], [ -110.660135386999912, 24.970982727000035 ], [ -110.665655834999939, 24.98006119900009 ], [ -110.673019177999947, 24.987986253000088 ], [ -110.674037049999924, 24.997328081000035 ], [ -110.675837887999933, 25.011197812000091 ], [ -110.68224833499994, 25.020289296000044 ], [ -110.696938564999925, 25.019755559000089 ], [ -110.704941399999939, 25.029921422000086 ], [ -110.713281774999928, 25.029215408000084 ], [ -110.716550635999909, 25.039890378000052 ], [ -110.716512057999921, 25.05406544300007 ], [ -110.713062595999929, 25.062019201000055 ], [ -110.713490363999938, 25.075018622000073 ], [ -110.710791885999924, 25.095047107000084 ], [ -110.708706787999915, 25.102208052000037 ], [ -110.706899637999925, 25.105136333000075 ], [ -110.702020387999937, 25.103374973000086 ], [ -110.6949982349999, 25.093982836000066 ], [ -110.684752327999945, 25.06618603700008 ], [ -110.668625409999947, 25.052773248000051 ], [ -110.642319492999945, 25.049226687000044 ], [ -110.614125128999945, 25.041937567000048 ], [ -110.593092390999914, 25.034447349000061 ], [ -110.590228305999915, 25.02612204400009 ], [ -110.583646765999902, 25.022437961000037 ], [ -110.574916468999902, 25.015727364000043 ], [ -110.575695670999949, 25.005967387000055 ], [ -110.568362437999895, 24.997681793000083 ], [ -110.56580686399991, 24.980569350000053 ], [ -110.570691974999932, 24.95549260100006 ] ] ], [ [ [ -110.370426477999899, 24.429677898000079 ], [ -110.372441005999917, 24.43876883300004 ], [ -110.375659193999923, 24.446831939000049 ], [ -110.358635145999926, 24.452199639000071 ], [ -110.360161950999895, 24.457545576000086 ], [ -110.367069959999924, 24.458800171000064 ], [ -110.36863507399994, 24.464158732000044 ], [ -110.377247216999933, 24.468128529000069 ], [ -110.384639893999918, 24.473656319000042 ], [ -110.389027364999947, 24.482282726000051 ], [ -110.391990390999922, 24.497767921000047 ], [ -110.387648583999919, 24.505600723000043 ], [ -110.396769581999934, 24.511183282000047 ], [ -110.395913752999945, 24.519119929000055 ], [ -110.382908520999933, 24.524046609000038 ], [ -110.376231639999901, 24.530767280000077 ], [ -110.385099181999919, 24.529389449000064 ], [ -110.395966055999907, 24.535026734000041 ], [ -110.394442926999943, 24.546094078000067 ], [ -110.405571107999947, 24.543804317000081 ], [ -110.407653291999907, 24.551281840000058 ], [ -110.403323784999941, 24.55907602800005 ], [ -110.412501875999908, 24.562579940000091 ], [ -110.415744972999903, 24.569601448000071 ], [ -110.400211374999913, 24.581266476000053 ], [ -110.397506631999931, 24.590805014000068 ], [ -110.386496620999935, 24.586863813000036 ], [ -110.380522833999919, 24.574957721000089 ], [ -110.374365565999938, 24.56683545900006 ], [ -110.363636354999926, 24.556947663000074 ], [ -110.360527078999894, 24.546743507000087 ], [ -110.363989419999939, 24.532488947000047 ], [ -110.345923495999898, 24.530394921000038 ], [ -110.324940558999913, 24.515855210000041 ], [ -110.315221546999908, 24.504558301000088 ], [ -110.305002407999893, 24.503159898000035 ], [ -110.302350180999895, 24.488769550000086 ], [ -110.295852753999895, 24.476886616000058 ], [ -110.287862608999944, 24.469741671000065 ], [ -110.292345736999948, 24.458185259000061 ], [ -110.306513016999929, 24.456491962000086 ], [ -110.31273352799991, 24.446682033000059 ], [ -110.307850714999915, 24.432684637000079 ], [ -110.317209438999896, 24.426214911000045 ], [ -110.322580532999893, 24.417303778000075 ], [ -110.3265047619999, 24.400748607000082 ], [ -110.348040078999929, 24.402450981000072 ], [ -110.348866339999915, 24.411444403000075 ], [ -110.352745937999941, 24.418000290000066 ], [ -110.348837274999937, 24.429574826000078 ], [ -110.355062646999897, 24.435071164000078 ], [ -110.363187344999915, 24.436372359000075 ], [ -110.370426477999899, 24.429677898000079 ] ] ], [ [ [ -111.798202347999904, 24.464035415000069 ], [ -111.775477275999947, 24.461988059000078 ], [ -111.753488735999895, 24.446966864000046 ], [ -111.724207777999936, 24.396167005000052 ], [ -111.706205178999937, 24.37981757600005 ], [ -111.694748679999918, 24.381188915000052 ], [ -111.692317498999898, 24.373939418000077 ], [ -111.699751638999942, 24.358923824000044 ], [ -111.693867092999938, 24.347602274000053 ], [ -111.701264453999897, 24.330945383000085 ], [ -111.710354545999905, 24.318345521000083 ], [ -111.708110696999938, 24.299854358000061 ], [ -111.738835006999921, 24.338117159000035 ], [ -111.758561165999936, 24.356101453000065 ], [ -111.807803391999926, 24.389074884000081 ], [ -111.845752119999929, 24.417814566000061 ], [ -111.871583285999918, 24.439098904000048 ], [ -111.908027334999929, 24.457385915000089 ], [ -111.914881727999898, 24.464710549000074 ], [ -111.926217436999934, 24.468124111000066 ], [ -111.940789894999909, 24.483586751000075 ], [ -111.975593874999902, 24.497832298000048 ], [ -112.001754172999938, 24.506312847000061 ], [ -112.006843724999896, 24.514400042000091 ], [ -111.988974326999937, 24.527653881000049 ], [ -111.971610830999907, 24.518536051000069 ], [ -111.960196135999922, 24.518320957000071 ], [ -111.904842240999926, 24.518864115000042 ], [ -111.881154444999936, 24.517606765000039 ], [ -111.864395353999896, 24.520478691000051 ], [ -111.85059021099994, 24.509819021000055 ], [ -111.837343290999911, 24.512756229000047 ], [ -111.838525550999918, 24.499991039000065 ], [ -111.830952803999935, 24.486254022000082 ], [ -111.821430530999919, 24.480471174000058 ], [ -111.818232291999948, 24.467621027000064 ], [ -111.798202347999904, 24.464035415000069 ] ] ], [ [ [ -82.114165818999936, 9.283270575000074 ], [ -82.130197719999899, 9.268255927000041 ], [ -82.138824022999927, 9.245306708000044 ], [ -82.143625454999949, 9.247137762000079 ], [ -82.154408331999946, 9.258368231000077 ], [ -82.153960740999935, 9.259182033000059 ], [ -82.151722785999937, 9.259914455000057 ], [ -82.150298631999931, 9.264349677000041 ], [ -82.150257941999939, 9.287258205000057 ], [ -82.154042120999918, 9.296291408000059 ], [ -82.163970506999931, 9.30219147300005 ], [ -82.163970506999931, 9.308417059000078 ], [ -82.150298631999931, 9.30219147300005 ], [ -82.159331834999932, 9.323146877000056 ], [ -82.174305792999917, 9.33038971600007 ], [ -82.192616339999915, 9.333889065000051 ], [ -82.211781378999945, 9.343166408000059 ], [ -82.211781378999945, 9.349351304000038 ], [ -82.206166144999941, 9.354193427000041 ], [ -82.200998501999948, 9.35618724200009 ], [ -82.196034308999913, 9.354803778000075 ], [ -82.191314256999931, 9.349351304000038 ], [ -82.182484503999945, 9.345851955000057 ], [ -82.174387173999946, 9.34406159100007 ], [ -82.166005011999914, 9.344956773000092 ], [ -82.15656490799995, 9.349351304000038 ], [ -82.14671790299991, 9.344631252000056 ], [ -82.123036261999914, 9.322658596000053 ], [ -82.097727016999897, 9.31118398600006 ], [ -82.085275844999899, 9.302679755000042 ], [ -82.074615037999934, 9.28851959800005 ], [ -82.09398352799991, 9.291245835000041 ], [ -82.114165818999936, 9.283270575000074 ] ] ], [ [ [ -79.118237902999908, 8.429110441000091 ], [ -79.105018183999903, 8.418740701000047 ], [ -79.094838019999941, 8.406480210000041 ], [ -79.090148768999939, 8.410278495000057 ], [ -79.087942970999904, 8.419543644000044 ], [ -79.082437647999939, 8.415996564000068 ], [ -79.086283909999906, 8.403453466000087 ], [ -79.078867673999923, 8.398554347000072 ], [ -79.080251867999948, 8.390929745000051 ], [ -79.084393131999946, 8.38249055700004 ], [ -79.092844204999949, 8.377183335000041 ], [ -79.112175363999938, 8.391497737000066 ], [ -79.130098166999915, 8.404869682000083 ], [ -79.118237902999908, 8.429110441000091 ] ] ], [ [ [ -82.343129035999937, 8.12335846600007 ], [ -82.33234615799995, 8.129706122000073 ], [ -82.320708787999934, 8.13031647300005 ], [ -82.318348761999914, 8.123968817000048 ], [ -82.319447394999941, 8.113104559000078 ], [ -82.318226691999939, 8.09992096600007 ], [ -82.336537238999938, 8.091864325000074 ], [ -82.347482876999948, 8.088283596000053 ], [ -82.362049933999913, 8.086859442000048 ], [ -82.359242316999939, 8.099025783000059 ], [ -82.352447068999936, 8.11204661700009 ], [ -82.343129035999937, 8.12335846600007 ] ] ], [ [ [ -79.104887160999908, 8.228778713000054 ], [ -79.108681894999904, 8.22392517600008 ], [ -79.109519565999904, 8.210469238000087 ], [ -79.122708963999912, 8.208981766000079 ], [ -79.140002596999921, 8.244395848000067 ], [ -79.136972714999899, 8.25743809800008 ], [ -79.130564049999919, 8.256690183000046 ], [ -79.129804721999903, 8.264141881000057 ], [ -79.125649834999933, 8.277552791000062 ], [ -79.129410938999911, 8.287243020000062 ], [ -79.124499671999899, 8.303261001000067 ], [ -79.112430808999932, 8.317408727000043 ], [ -79.104886923999914, 8.318517622000059 ], [ -79.100372740999944, 8.317396915000074 ], [ -79.094878709999932, 8.311753648000092 ], [ -79.09406490799995, 8.308498440000051 ], [ -79.087505018999934, 8.295776164000074 ], [ -79.083001288999924, 8.274186322000048 ], [ -79.075863760999937, 8.265991063000058 ], [ -79.070992048999926, 8.264492413000085 ], [ -79.065741008999908, 8.260760089000087 ], [ -79.069859950999899, 8.257050825000078 ], [ -79.080390841999929, 8.254828134000093 ], [ -79.09127787299991, 8.259680790000061 ], [ -79.103788038999937, 8.252959415000078 ], [ -79.104527957999949, 8.244402237000088 ], [ -79.098447140999951, 8.238471424000068 ], [ -79.098509926999952, 8.229879634000042 ], [ -79.104887160999908, 8.228778713000054 ] ] ], [ [ [ -81.547220925999909, 9.102740545000074 ], [ -81.541947594999897, 9.099070472000051 ], [ -81.537911337999901, 9.095094040000049 ], [ -81.53666944899993, 9.091423836000047 ], [ -81.533871900999941, 9.088669683000091 ], [ -81.53449179699993, 9.085917258000052 ], [ -81.538840968999921, 9.085920190000081 ], [ -81.543811262999952, 9.088369729000078 ], [ -81.552189354999939, 9.089596845000074 ], [ -81.56241366799992, 9.09082288400009 ], [ -81.567044062999912, 9.090822599000091 ], [ -81.571671307999907, 9.089598507000062 ], [ -81.572927660999937, 9.096020901000088 ], [ -81.575098658999934, 9.100606581000079 ], [ -81.577258588999939, 9.10458133800006 ], [ -81.575396136999927, 9.107638619000056 ], [ -81.568268647999901, 9.10824946200006 ], [ -81.565492825999911, 9.105496117000087 ], [ -81.559925119999946, 9.103965966000089 ], [ -81.55774703499992, 9.106106241000077 ], [ -81.553102241999909, 9.10579937600005 ], [ -81.547220925999909, 9.102740545000074 ] ] ], [ [ [ -79.57161263799992, 8.789178986000081 ], [ -79.57039255199993, 8.798575963000076 ], [ -79.563339603999907, 8.80463886800004 ], [ -79.556894653999905, 8.802516973000081 ], [ -79.553827177999949, 8.803426325000089 ], [ -79.553211499999918, 8.800395163000076 ], [ -79.555357465999919, 8.797970274000079 ], [ -79.55259222199993, 8.791908401000057 ], [ -79.547988696999937, 8.788877806000073 ], [ -79.541852668999923, 8.786756789000037 ], [ -79.541236750999929, 8.781302357000072 ], [ -79.543380957999943, 8.775544614000069 ], [ -79.547980846999906, 8.774028666000049 ], [ -79.551357553999935, 8.779179747000057 ], [ -79.555347572999949, 8.782815983000091 ], [ -79.56270948699995, 8.781299764000039 ], [ -79.569153707999931, 8.78311735300008 ], [ -79.57161263799992, 8.789178986000081 ] ] ], [ [ [ -78.893713354999932, 8.469273655000052 ], [ -78.889929614999915, 8.474136485000088 ], [ -78.88018061799994, 8.468460590000063 ], [ -78.869130011999914, 8.46165599200009 ], [ -78.862782355999911, 8.453680731000077 ], [ -78.858225063999953, 8.442938544000071 ], [ -78.855376756999931, 8.431341864000046 ], [ -78.854481574999909, 8.421087958000044 ], [ -78.854683346999934, 8.413287151000077 ], [ -78.842228961999922, 8.411064086000067 ], [ -78.835510272999898, 8.397995399000081 ], [ -78.83733826699995, 8.386865516000057 ], [ -78.845670493999933, 8.381269455000051 ], [ -78.847959188999937, 8.368606294000074 ], [ -78.834476484999925, 8.342810923000059 ], [ -78.843207130999929, 8.320457840000074 ], [ -78.852298044999941, 8.312268477000089 ], [ -78.852281255999912, 8.303331914000069 ], [ -78.858021613999938, 8.295843817000048 ], [ -78.87041456299994, 8.296650181000075 ], [ -78.875343353999938, 8.301494433000073 ], [ -78.882503159999942, 8.300386780000053 ], [ -78.889230923999946, 8.29913971600007 ], [ -78.896399369999926, 8.297429279000085 ], [ -78.899051896999936, 8.302641950000066 ], [ -78.901325136999901, 8.308967386000063 ], [ -78.904690625999933, 8.302649751000047 ], [ -78.912197316999936, 8.293727235000063 ], [ -78.920475972999952, 8.282565959000067 ], [ -78.920117176999952, 8.274001963000046 ], [ -78.922775145999935, 8.265446118000057 ], [ -78.912987238999904, 8.253881356000079 ], [ -78.911139844999923, 8.234147619000055 ], [ -78.90511446499994, 8.22929004100007 ], [ -78.89757411699992, 8.228897258000075 ], [ -78.897578898999939, 8.224426574000063 ], [ -78.903985470999942, 8.219221605000087 ], [ -78.917924441999901, 8.227084176000062 ], [ -78.928454176999935, 8.235667604000071 ], [ -78.926937611999904, 8.249817786000051 ], [ -78.933656070999916, 8.273271306000083 ], [ -78.940042924999943, 8.282589941000083 ], [ -78.957997199999909, 8.290432033000059 ], [ -78.964344855999911, 8.294826565000051 ], [ -78.969897972999945, 8.305098917000066 ], [ -78.965412144999902, 8.320765975000086 ], [ -78.958237339999926, 8.329105164000055 ], [ -78.954776936999906, 8.346514341000045 ], [ -78.958485480999911, 8.352850653000075 ], [ -78.96727762699993, 8.362430036000092 ], [ -78.969907833999912, 8.369891318000043 ], [ -78.965753005999943, 8.377316386000075 ], [ -78.961602310999922, 8.383618156000068 ], [ -78.9612179209999, 8.390315085000054 ], [ -78.965717357999949, 8.408223900000053 ], [ -78.964344855999911, 8.417669989000046 ], [ -78.974711849999949, 8.444368241000063 ], [ -78.97092155699994, 8.458449965000057 ], [ -78.958126855999922, 8.458806186000061 ], [ -78.949104439999928, 8.452789919000054 ], [ -78.908777396999938, 8.470040703000052 ], [ -78.899769660999937, 8.461615302000041 ], [ -78.896962042999917, 8.456691799000055 ], [ -78.895415818999936, 8.451849677000041 ], [ -78.892244474999927, 8.458046989000081 ], [ -78.893713354999932, 8.469273655000052 ] ] ], [ [ [ -82.241688605999911, 9.338080145000049 ], [ -82.245961066999939, 9.330064195000091 ], [ -82.259673631999931, 9.353176174000055 ], [ -82.280751105999911, 9.374701239000046 ], [ -82.328480597999942, 9.412054755000042 ], [ -82.301665818999936, 9.432318427000041 ], [ -82.285511847999942, 9.438869533000059 ], [ -82.266428188999896, 9.439357815000051 ], [ -82.238758917999917, 9.39874909100007 ], [ -82.231800910999937, 9.37335846600007 ], [ -82.245961066999939, 9.356838283000059 ], [ -82.245961066999939, 9.349351304000038 ], [ -82.241566535999937, 9.344549872000073 ], [ -82.240142381999931, 9.341945705000057 ], [ -82.241688605999911, 9.338080145000049 ] ] ], [ [ [ -82.638322820605822, 8.929478092015993 ], [ -82.638322820605822, 8.852291181705098 ], [ -82.582518794233337, 8.822882376510838 ], [ -82.506669828829772, 8.840633241675061 ], [ -82.343528750257974, 8.718609336805462 ], [ -82.205432385547255, 8.645645004874355 ], [ -82.162574893422516, 8.624459159900258 ], [ -82.081621851544753, 8.605626300383804 ], [ -81.993525895211192, 8.617396947384973 ], [ -81.917334797501709, 8.59385528653368 ], [ -81.819714953729871, 8.537349344041699 ], [ -81.776857461605147, 8.450219641547276 ], [ -81.71257122251977, 8.337157205670144 ], [ -81.579236801977316, 8.287682079453729 ], [ -81.441140437266597, 8.285325966167699 ], [ -81.393521000973593, 8.325377979779226 ], [ -81.333996706056496, 8.412535823121518 ], [ -81.279234355307679, 8.516157455646404 ], [ -81.262567552515307, 8.59620951873489 ], [ -81.233995891098829, 8.676244677771116 ], [ -81.243519777638781, 8.735083186365634 ], [ -81.266224149370885, 8.789234830781531 ], [ -81.280757715973479, 8.786440365024809 ], [ -81.266224148999925, 8.789234831000044 ], [ -81.213072785999941, 8.791808601000071 ], [ -81.17478467299992, 8.796765778000065 ], [ -81.130340235999938, 8.801736471000083 ], [ -81.087717251999948, 8.808742580000057 ], [ -81.079904751999948, 8.804836330000057 ], [ -81.070708787999934, 8.806830145000049 ], [ -81.061512824999909, 8.813177802000041 ], [ -81.053578253999945, 8.822414455000057 ], [ -80.97513893799993, 8.848088992000044 ], [ -80.898923209999907, 8.879635169000039 ], [ -80.881717073999937, 8.885697916000083 ], [ -80.844856945999936, 8.884479757000065 ], [ -80.822417772999927, 8.890692450000074 ], [ -80.812899456999901, 8.902669580000065 ], [ -80.804292363999934, 8.912369333000072 ], [ -80.783558722999942, 8.939195054000038 ], [ -80.772572394999941, 8.95343659100007 ], [ -80.762521938999896, 8.959540106000077 ], [ -80.759144660999937, 8.962713934000078 ], [ -80.755848761999914, 8.969794012000079 ], [ -80.75064042899993, 8.97687409100007 ], [ -80.741688605999911, 8.980047919000071 ], [ -80.726826289999906, 8.997221549000074 ], [ -80.703484622999952, 9.008107912000071 ], [ -80.667103644999941, 9.029730536000045 ], [ -80.653228318999936, 9.035305080000057 ], [ -80.637117868999951, 9.051671743000043 ], [ -80.57933726999994, 9.08068731700007 ], [ -80.506772714999897, 9.110891244000072 ], [ -80.408315861999938, 9.14226211600004 ], [ -80.292591925999943, 9.151353257000039 ], [ -80.277455206999946, 9.156398830000057 ], [ -80.24478105399993, 9.175116278000075 ], [ -80.234934048999946, 9.179266669000071 ], [ -80.199940558999913, 9.183172919000071 ], [ -80.162912563999896, 9.192938544000071 ], [ -80.129709438999896, 9.206203518000052 ], [ -80.100819464999915, 9.222316799000055 ], [ -80.065200701999913, 9.262480813000082 ], [ -80.026193813999896, 9.296616929000038 ], [ -80.000823381999908, 9.320515588000092 ], [ -79.99850467899995, 9.331796456000063 ], [ -79.978943743999935, 9.36335312600005 ], [ -79.953731057999903, 9.373433893000083 ], [ -79.947436411999945, 9.372848822000037 ], [ -79.943755662999934, 9.36359284100007 ], [ -79.945912238999938, 9.325873114000046 ], [ -79.943755662999934, 9.31586334800005 ], [ -79.938221808999913, 9.309149481000077 ], [ -79.929432745999918, 9.30414459800005 ], [ -79.919178839999915, 9.303168036000045 ], [ -79.909047003999945, 9.308417059000078 ], [ -79.901600714999915, 9.326646226000037 ], [ -79.900257941999939, 9.346828518000052 ], [ -79.894683397999927, 9.356431382000039 ], [ -79.874867316999939, 9.343166408000059 ], [ -79.877064581999946, 9.351629950000074 ], [ -79.879505988999938, 9.368801174000055 ], [ -79.881703253999945, 9.37726471600007 ], [ -79.879302537999934, 9.375433661000045 ], [ -79.874867316999939, 9.371079820000091 ], [ -79.868031378999945, 9.37726471600007 ], [ -79.880401583999912, 9.39464028000009 ], [ -79.871211531999904, 9.404204787000083 ], [ -79.85978611999991, 9.399083630000064 ], [ -79.840898126999946, 9.400709095000082 ], [ -79.818623143999901, 9.39103205400005 ], [ -79.800363735999952, 9.36078522300005 ], [ -79.792958136999914, 9.349351304000038 ], [ -79.796986456999946, 9.371283270000049 ], [ -79.802154100999928, 9.386664130000042 ], [ -79.802723761999914, 9.400580145000049 ], [ -79.792958136999914, 9.418198960000041 ], [ -79.778146938999896, 9.431586005000042 ], [ -79.74828040299991, 9.442531643000052 ], [ -79.731516079999949, 9.453029690000051 ], [ -79.729359503999945, 9.455959377000056 ], [ -79.726633266999897, 9.463364976000037 ], [ -79.724720831999946, 9.466701565000051 ], [ -79.721302863999938, 9.469224351000037 ], [ -79.714654536999944, 9.479844922000041 ], [ -79.705462690999923, 9.485459786000092 ], [ -79.690629719999947, 9.495799408000039 ], [ -79.6842831539999, 9.521478175000084 ], [ -79.677374585999928, 9.545607528000062 ], [ -79.6596830229999, 9.552373618000047 ], [ -79.651662453999904, 9.55969390000007 ], [ -79.656484815999931, 9.564962828000091 ], [ -79.66772035799994, 9.560802323000075 ], [ -79.676503058999913, 9.558417059000078 ], [ -79.682157668999935, 9.564526740000076 ], [ -79.675731972999927, 9.568706321000093 ], [ -79.66984326599993, 9.572886580000045 ], [ -79.664484856999934, 9.583370031000072 ], [ -79.650031054999943, 9.589606428000081 ], [ -79.638852935999921, 9.598508694000088 ], [ -79.630335196999908, 9.608473537000066 ], [ -79.612210227999924, 9.613666727000066 ], [ -79.596242733999929, 9.611521288000063 ], [ -79.576548929999944, 9.617789961000085 ], [ -79.550968549999936, 9.629292480000061 ], [ -79.532866990999935, 9.624335028000075 ], [ -79.52798417899993, 9.612453518000052 ], [ -79.522613084999932, 9.602850653000075 ], [ -79.522450324999909, 9.595282294000071 ], [ -79.532866990999935, 9.589544989000046 ], [ -79.532866990999935, 9.583319403000075 ], [ -79.523060675999943, 9.579046942000048 ], [ -79.522816535999937, 9.576727606000077 ], [ -79.519195115999935, 9.56907786700009 ], [ -79.51431230399993, 9.572495835000041 ], [ -79.510731574999909, 9.57453034100007 ], [ -79.507883266999897, 9.577378648000092 ], [ -79.504994269999941, 9.583319403000075 ], [ -79.498158331999946, 9.583319403000075 ], [ -79.492014126999948, 9.578680731000077 ], [ -79.483876105999911, 9.575018622000073 ], [ -79.463978644999941, 9.56907786700009 ], [ -79.463490363999938, 9.577704169000071 ], [ -79.456532355999911, 9.596380927000041 ], [ -79.451242641999897, 9.587388414000088 ], [ -79.444569464999915, 9.583807684000078 ], [ -79.437245245999918, 9.58470286700009 ], [ -79.429839647999927, 9.589544989000046 ], [ -79.391892219999932, 9.580501864000041 ], [ -79.336046023999927, 9.574359218000041 ], [ -79.272749655999917, 9.557021313000064 ], [ -79.2397089829999, 9.545515083000055 ], [ -79.193757228999914, 9.53960210200006 ], [ -79.175003644999947, 9.549403746000053 ], [ -79.168272036580447, 9.55139897896138 ], [ -79.175003644847465, 9.549403745860172 ], [ -79.193757228654974, 9.539602101989201 ], [ -79.193026863294676, 9.463796497117547 ], [ -79.177788644112127, 9.391640994937729 ], [ -79.115311943487285, 9.274356290374421 ], [ -79.013215872808118, 9.215699202404574 ], [ -78.873024253274181, 9.169067382909448 ], [ -78.72064205785523, 9.14349249105152 ], [ -78.698126908054462, 9.135768166841238 ], [ -78.724028329183938, 9.010741107177216 ], [ -78.699647178312162, 8.925112279498025 ], [ -78.637339791253765, 8.85017055894486 ], [ -78.614247200119976, 8.774603583000044 ], [ -78.621693488999938, 8.774603583000044 ], [ -78.623117641999897, 8.758490302000041 ], [ -78.619130011999914, 8.737860419000071 ], [ -78.619740363999938, 8.723537502000056 ], [ -78.634755011999914, 8.726223049000055 ], [ -78.651519334999932, 8.707953192000048 ], [ -78.682199673999946, 8.747748114000046 ], [ -78.709868943999936, 8.747300523000092 ], [ -78.729400193999936, 8.759344794000071 ], [ -78.749379035999937, 8.801825262000079 ], [ -78.765126105999911, 8.815578518000052 ], [ -78.765126105999911, 8.822414455000057 ], [ -78.757639126999948, 8.822414455000057 ], [ -78.757639126999948, 8.829250393000052 ], [ -78.772450324999909, 8.833563544000071 ], [ -78.781809048999946, 8.842840887000079 ], [ -78.789621548999946, 8.853908596000053 ], [ -78.799875454999949, 8.863348700000074 ], [ -78.791900193999936, 8.846665757000039 ], [ -78.790150519999941, 8.833563544000071 ], [ -78.796457485999952, 8.823472398000092 ], [ -78.812855597999942, 8.815578518000052 ], [ -78.827870245999918, 8.81313711100006 ], [ -78.838002081999946, 8.816961981000077 ], [ -78.857574022999927, 8.839789130000042 ], [ -78.864572719999899, 8.855617580000057 ], [ -78.868560350999928, 8.874904690000051 ], [ -78.873890753999945, 8.891180731000077 ], [ -79.005279100999928, 8.959540106000077 ], [ -79.057606574999909, 8.97101471600007 ], [ -79.082997199999909, 8.988836981000077 ], [ -79.087228969999899, 8.994330145000049 ], [ -79.088490363999938, 9.004095770000049 ], [ -79.085682745999918, 9.009751695000091 ], [ -79.081776495999918, 9.015326239000046 ], [ -79.079823370999918, 9.024725653000075 ], [ -79.079335089999915, 9.045396226000037 ], [ -79.080881313999953, 9.06281159100007 ], [ -79.088856574999909, 9.073797919000071 ], [ -79.10773678299995, 9.07562897300005 ], [ -79.10773678299995, 9.083075262000079 ], [ -79.086293097999942, 9.08462148600006 ], [ -79.069894985999952, 9.093329169000071 ], [ -79.058583136999914, 9.107163804000038 ], [ -79.052479620999918, 9.124009507000039 ], [ -79.046254035999937, 9.124009507000039 ], [ -79.03742428299995, 9.110500393000052 ], [ -79.027699347999942, 9.111029364000046 ], [ -79.011545376999948, 9.124009507000039 ], [ -78.991200324999909, 9.13117096600007 ], [ -78.982167120999918, 9.136419989000046 ], [ -78.977365688999953, 9.14516836100006 ], [ -78.983754035999937, 9.141994533000059 ], [ -78.997181769999941, 9.14093659100007 ], [ -79.005279100999928, 9.138332424000055 ], [ -79.01195227799991, 9.13312409100007 ], [ -79.024728969999899, 9.119370835000041 ], [ -79.028920050999943, 9.116603908000059 ], [ -79.036936001999948, 9.119614976000037 ], [ -79.039540167999917, 9.125921942000048 ], [ -79.042632615999935, 9.131089585000041 ], [ -79.052479620999918, 9.130845445000091 ], [ -79.058664516999897, 9.12563711100006 ], [ -79.070871548999946, 9.107489325000074 ], [ -79.076649542999917, 9.103583075000074 ], [ -79.079009568999936, 9.101467190000051 ], [ -79.082183397999927, 9.096747137000079 ], [ -79.087798631999931, 9.092027085000041 ], [ -79.097482876999948, 9.089911200000074 ], [ -79.106760219999899, 9.089422919000071 ], [ -79.114165818999936, 9.087551174000055 ], [ -79.119048631999931, 9.083197333000044 ], [ -79.120716925999943, 9.07562897300005 ], [ -79.114572719999899, 9.068793036000045 ], [ -79.101673956999946, 9.065008856000077 ], [ -79.089995897999927, 9.056382554000038 ], [ -79.087228969999899, 9.035305080000057 ], [ -79.091786261999914, 9.023016669000071 ], [ -79.102121548999946, 9.006008205000057 ], [ -79.116078253999945, 8.994126695000091 ], [ -79.131581183999913, 8.997463283000059 ], [ -79.138091600999928, 9.000799872000073 ], [ -79.16234290299991, 9.007391669000071 ], [ -79.163400844999899, 9.011786200000074 ], [ -79.16828365799995, 9.01984284100007 ], [ -79.173491990999935, 9.022528387000079 ], [ -79.17601477799991, 9.010728257000039 ], [ -79.192982550999943, 9.005194403000075 ], [ -79.273345506999931, 9.019273179000038 ], [ -79.29946855399993, 9.014146226000037 ], [ -79.305734829999949, 9.014146226000037 ], [ -79.305734829999949, 9.020982164000088 ], [ -79.33031165299991, 9.013413804000038 ], [ -79.386830206999946, 9.018866278000075 ], [ -79.409331834999932, 9.007391669000071 ], [ -79.41820227799991, 9.014146226000037 ], [ -79.427479620999918, 9.013373114000046 ], [ -79.437123175999943, 9.009588934000078 ], [ -79.454457160999937, 9.006293036000045 ], [ -79.466908331999946, 9.001654364000046 ], [ -79.474517381999931, 9.000555731000077 ], [ -79.482004360999952, 8.99835846600007 ], [ -79.484038865999935, 8.993719794000071 ], [ -79.48468990799995, 8.98899974200009 ], [ -79.487904425999943, 8.986883856000077 ], [ -79.491078253999945, 8.983465887000079 ], [ -79.519195115999935, 8.966376044000071 ], [ -79.521229620999918, 8.957424221000053 ], [ -79.520253058999913, 8.948879299000055 ], [ -79.522206183999913, 8.942287502000056 ], [ -79.532866990999935, 8.939113674000055 ], [ -79.515533006999931, 8.909979559000078 ], [ -79.511830206999946, 8.898138739000046 ], [ -79.524973110999952, 8.907294012000079 ], [ -79.541127081999946, 8.92328522300005 ], [ -79.554676886999914, 8.942084052000041 ], [ -79.560170050999943, 8.959540106000077 ], [ -79.566395636999914, 8.959540106000077 ], [ -79.565012173999946, 8.95376211100006 ], [ -79.563221808999913, 8.950018622000073 ], [ -79.560170050999943, 8.945298570000091 ], [ -79.560170050999943, 8.939113674000055 ], [ -79.566395636999914, 8.939113674000055 ], [ -79.559193488999938, 8.914292710000041 ], [ -79.563872850999928, 8.892767645000049 ], [ -79.578480597999942, 8.88226959800005 ], [ -79.601185675999943, 8.890692450000074 ], [ -79.646839972999942, 8.882635809000078 ], [ -79.661203579999949, 8.875230210000041 ], [ -79.655751105999911, 8.863348700000074 ], [ -79.655751105999911, 8.857123114000046 ], [ -79.666859503999945, 8.860825914000088 ], [ -79.673980272999927, 8.86554596600007 ], [ -79.680653449999909, 8.867621161000045 ], [ -79.690541144999941, 8.863348700000074 ], [ -79.693470831999946, 8.86664459800005 ], [ -79.694650844999899, 8.868312893000052 ], [ -79.697010870999918, 8.869208075000074 ], [ -79.703602667999917, 8.870184637000079 ], [ -79.703602667999917, 8.863348700000074 ], [ -79.700795050999943, 8.859930731000077 ], [ -79.699208136999914, 8.854803778000075 ], [ -79.696766730999911, 8.849676825000074 ], [ -79.713937954999949, 8.852606512000079 ], [ -79.730213995999918, 8.844305731000077 ], [ -79.743560350999928, 8.830064195000091 ], [ -79.752023891999897, 8.815578518000052 ], [ -79.756255662999934, 8.796291408000059 ], [ -79.752023891999897, 8.736761786000045 ], [ -79.749867316999939, 8.731024481000077 ], [ -79.745187954999949, 8.728013414000088 ], [ -79.74046790299991, 8.725978908000059 ], [ -79.738352016999897, 8.722805080000057 ], [ -79.739328579999949, 8.716498114000046 ], [ -79.741363084999932, 8.711127020000049 ], [ -79.744536912999934, 8.70571523600006 ], [ -79.746815558999913, 8.697943427000041 ], [ -79.750803188999953, 8.689601955000057 ], [ -79.756011522999927, 8.681586005000042 ], [ -79.76195227799991, 8.674709377000056 ], [ -79.76593990799995, 8.671820380000042 ], [ -79.778391079999949, 8.665838934000078 ], [ -79.791005011999914, 8.663234768000052 ], [ -79.791737433999913, 8.659491278000075 ], [ -79.790516730999911, 8.65501536700009 ], [ -79.792958136999914, 8.651068427000041 ], [ -79.810018632999913, 8.646601108000084 ], [ -79.826310674999945, 8.638520066000069 ], [ -79.813690615999917, 8.626059908000059 ], [ -79.779608045999908, 8.618409940000049 ], [ -79.747351025999933, 8.631258633000073 ], [ -79.717304992999914, 8.646310358000051 ], [ -79.705803937999917, 8.652550776000055 ], [ -79.702093589999947, 8.657320823000077 ], [ -79.697269139999946, 8.657323396000038 ], [ -79.69689726799993, 8.648887585000068 ], [ -79.700607138999942, 8.641550643000073 ], [ -79.734365124999897, 8.615498574000071 ], [ -79.774395956999911, 8.579550130000086 ], [ -79.793673171999899, 8.572207498000068 ], [ -79.826298354999949, 8.561552820000088 ], [ -79.864117993999912, 8.552357599000061 ], [ -79.871525425999948, 8.542819456000075 ], [ -79.86978105399993, 8.531805731000077 ], [ -79.87173417899993, 8.52415599200009 ], [ -79.874867316999939, 8.520697333000044 ], [ -79.879994269999941, 8.518622137000079 ], [ -79.891224738999938, 8.516302802000041 ], [ -79.895375128999945, 8.514553127000056 ], [ -79.910552537999934, 8.500474351000037 ], [ -79.917632615999935, 8.495428778000075 ], [ -79.926747199999909, 8.493394273000092 ], [ -79.932118292999917, 8.489162502000056 ], [ -79.941802537999934, 8.470404364000046 ], [ -79.946888800999943, 8.466131903000075 ], [ -79.948963995999918, 8.462307033000059 ], [ -79.970204230999911, 8.44407786700009 ], [ -80.040801561999899, 8.39797597900008 ], [ -80.080881313999896, 8.371771552000041 ], [ -80.125843878999945, 8.348618882000039 ], [ -80.19554602799991, 8.312933661000045 ], [ -80.224964972999942, 8.301052151000079 ], [ -80.272735154999907, 8.294826565000051 ], [ -80.281605597999942, 8.295925197000088 ], [ -80.294463670999903, 8.300441799000055 ], [ -80.300038214999915, 8.301052151000079 ], [ -80.30882727799991, 8.298651434000078 ], [ -80.326283331999946, 8.290309963000084 ], [ -80.33421790299991, 8.287990627000056 ], [ -80.361480272999927, 8.294826565000051 ], [ -80.374663865999935, 8.30337148600006 ], [ -80.380726691999939, 8.310370184000078 ], [ -80.375762498999904, 8.315252997000073 ], [ -80.3857722649999, 8.311346747000073 ], [ -80.386260545999903, 8.30695221600007 ], [ -80.384755011999914, 8.301581122000073 ], [ -80.388783331999946, 8.294826565000051 ], [ -80.407012498999904, 8.283026434000078 ], [ -80.470244920999903, 8.220648505000042 ], [ -80.478179490999935, 8.202337958000044 ], [ -80.47484290299991, 8.106472072000088 ], [ -80.476104295999903, 8.094875393000052 ], [ -80.478464321999923, 8.091376044000071 ], [ -80.484405076999906, 8.082546291000085 ], [ -80.468169725999928, 8.07485586100006 ], [ -80.460926886999914, 8.055731512000079 ], [ -80.4560847649999, 8.036200262000079 ], [ -80.447173631999931, 8.027289130000042 ], [ -80.432403123999904, 8.024237372000073 ], [ -80.394276495999918, 8.007635809000078 ], [ -80.382598436999899, 7.999335028000075 ], [ -80.348866339999915, 7.989284572000088 ], [ -80.327748175999943, 7.953314520000049 ], [ -80.313343878999945, 7.911444403000075 ], [ -80.300038214999915, 7.883327541000085 ], [ -80.204457160999937, 7.807562567000048 ], [ -80.143788214999915, 7.752752997000073 ], [ -80.052398240999935, 7.637111721000053 ], [ -80.005767381999931, 7.55227285400008 ], [ -79.993519660999937, 7.522772528000075 ], [ -79.994658982999908, 7.50344472900008 ], [ -80.010039842999902, 7.465236721000053 ], [ -80.017852342999902, 7.456813869000086 ], [ -80.030059373999904, 7.453924872000073 ], [ -80.056792772999927, 7.452541408000059 ], [ -80.064971482999908, 7.450995184000078 ], [ -80.135528123999904, 7.424627997000073 ], [ -80.198516404999907, 7.424709377000056 ], [ -80.210682745999918, 7.417792059000078 ], [ -80.222808397999927, 7.42336660400008 ], [ -80.249663865999935, 7.429632880000042 ], [ -80.259063279999907, 7.438259182000081 ], [ -80.265899217999902, 7.438259182000081 ], [ -80.274810350999928, 7.433864651000079 ], [ -80.30687415299991, 7.424627997000073 ], [ -80.30687415299991, 7.417792059000078 ], [ -80.2939753899999, 7.419256903000075 ], [ -80.283558722999942, 7.421820380000042 ], [ -80.274525519999941, 7.425685940000051 ], [ -80.265899217999902, 7.430812893000052 ], [ -80.259063279999907, 7.424627997000073 ], [ -80.330962693999936, 7.401190497000073 ], [ -80.357574022999927, 7.382025458000044 ], [ -80.361480272999927, 7.355739651000079 ], [ -80.34439042899993, 7.327419338000084 ], [ -80.347564256999931, 7.318264065000051 ], [ -80.372344529999907, 7.31476471600007 ], [ -80.379261847999942, 7.312770901000079 ], [ -80.387115037999934, 7.30805084800005 ], [ -80.3935847649999, 7.302394924000055 ], [ -80.396270311999899, 7.297674872000073 ], [ -80.398833787999934, 7.28664785400008 ], [ -80.405384894999941, 7.282782294000071 ], [ -80.414418097999942, 7.280340887000079 ], [ -80.424183722999942, 7.27374909100007 ], [ -80.428496873999904, 7.265448309000078 ], [ -80.428130662999934, 7.258490302000041 ], [ -80.429107225999928, 7.252346096000053 ], [ -80.437245245999918, 7.246486721000053 ], [ -80.444813605999911, 7.245876369000086 ], [ -80.463734503999945, 7.251654364000046 ], [ -80.474476691999939, 7.253322658000059 ], [ -80.596831834999932, 7.238063869000086 ], [ -80.604074673999946, 7.236721096000053 ], [ -80.71312415299991, 7.216457424000055 ], [ -80.793365037999934, 7.213568427000041 ], [ -80.813994920999903, 7.219142971000053 ], [ -80.820790167999917, 7.219142971000053 ], [ -80.825957811999899, 7.213324286000045 ], [ -80.8310847649999, 7.211371161000045 ], [ -80.836211717999902, 7.213324286000045 ], [ -80.841297980999911, 7.219142971000053 ], [ -80.848133917999917, 7.219142971000053 ], [ -80.861805792999917, 7.20571523600006 ], [ -80.873076951999906, 7.212551174000055 ], [ -80.889068162999934, 7.239040432000081 ], [ -80.894439256999931, 7.243434963000084 ], [ -80.901763475999928, 7.248114325000074 ], [ -80.910552537999934, 7.251776434000078 ], [ -80.920074022999927, 7.253322658000059 ], [ -80.929717576999906, 7.25649648600006 ], [ -80.930165167999917, 7.263576565000051 ], [ -80.925567186999899, 7.270575262000079 ], [ -80.920074022999927, 7.27374909100007 ], [ -80.916005011999914, 7.278143622000073 ], [ -80.917144334999932, 7.299627997000073 ], [ -80.916371222999942, 7.307928778000075 ], [ -80.9111628899999, 7.315008856000077 ], [ -80.899932420999903, 7.323513088000084 ], [ -80.895985480999911, 7.328395901000079 ], [ -80.892364061999899, 7.341742255000042 ], [ -80.891590949999909, 7.360174872000073 ], [ -80.895659959999932, 7.376613674000055 ], [ -80.921172654999907, 7.39203522300005 ], [ -80.920806443999936, 7.41079336100006 ], [ -80.910186326999906, 7.441677151000079 ], [ -80.9150691399999, 7.454657294000071 ], [ -80.951161261999914, 7.493475653000075 ], [ -80.954619920999903, 7.495510158000059 ], [ -80.962188279999907, 7.502468166000085 ], [ -80.966908331999946, 7.509914455000057 ], [ -80.954701300999943, 7.516913153000075 ], [ -80.952748175999943, 7.525458075000074 ], [ -80.951649542999917, 7.535589911000045 ], [ -80.947743292999917, 7.544094143000052 ], [ -80.9463191399999, 7.555690822000088 ], [ -80.95571855399993, 7.569647528000075 ], [ -80.96898352799991, 7.582058010000083 ], [ -80.979115363999938, 7.589056708000044 ], [ -80.979115363999938, 7.595892645000049 ], [ -80.971669074999909, 7.595892645000049 ], [ -80.971669074999909, 7.602728583000044 ], [ -81.020049607999908, 7.650539455000057 ], [ -81.02993730399993, 7.656073309000078 ], [ -81.037505662999934, 7.658270575000074 ], [ -81.041289842999902, 7.661688544000071 ], [ -81.039906378999945, 7.671047268000052 ], [ -81.035186326999906, 7.679958401000079 ], [ -81.027821417999917, 7.68618398600006 ], [ -81.017852342999902, 7.688421942000048 ], [ -81.005767381999931, 7.685329494000086 ], [ -81.010609503999945, 7.693915106000077 ], [ -81.021839972999942, 7.70266347900008 ], [ -81.034453904999907, 7.70929596600007 ], [ -81.043324347999942, 7.711981512000079 ], [ -81.044829881999931, 7.716701565000051 ], [ -81.026234503999945, 7.74673086100006 ], [ -81.037139451999906, 7.745998440000051 ], [ -81.046864386999914, 7.747219143000052 ], [ -81.054839647999927, 7.750026760000083 ], [ -81.061024542999917, 7.754177151000079 ], [ -81.057606574999909, 7.754950262000079 ], [ -81.054798956999946, 7.754828192000048 ], [ -81.053252732999908, 7.755926825000074 ], [ -81.053578253999945, 7.76040273600006 ], [ -81.076690232999908, 7.764797268000052 ], [ -81.086089647999927, 7.779120184000078 ], [ -81.085438605999911, 7.794338283000059 ], [ -81.078114386999914, 7.801336981000077 ], [ -81.07249915299991, 7.803534247000073 ], [ -81.067494269999941, 7.808172919000071 ], [ -81.060821092999902, 7.812892971000053 ], [ -81.050160285999937, 7.815008856000077 ], [ -81.037627732999908, 7.815008856000077 ], [ -81.02757727799991, 7.816799221000053 ], [ -81.021270311999899, 7.822699286000045 ], [ -81.020049607999908, 7.835516669000071 ], [ -81.026234503999945, 7.835516669000071 ], [ -81.048858201999906, 7.822699286000045 ], [ -81.055897589999915, 7.849391994000086 ], [ -81.053578253999945, 7.911200262000079 ], [ -81.0752253899999, 7.871283270000049 ], [ -81.090443488999938, 7.857855536000045 ], [ -81.101958787999934, 7.877101955000057 ], [ -81.108184373999904, 7.877101955000057 ], [ -81.105946417999917, 7.866400458000044 ], [ -81.102162238999938, 7.858587958000044 ], [ -81.096302863999938, 7.85305410400008 ], [ -81.087676561999899, 7.849188544000071 ], [ -81.087676561999899, 7.842311916000085 ], [ -81.13304602799991, 7.842311916000085 ], [ -81.142364061999899, 7.844427802000041 ], [ -81.154815232999908, 7.85382721600007 ], [ -81.167144334999932, 7.855983791000085 ], [ -81.1924128899999, 7.863348700000074 ], [ -81.197377081999946, 7.879055080000057 ], [ -81.199940558999913, 7.893622137000079 ], [ -81.218047654999907, 7.897528387000079 ], [ -81.208159959999932, 7.893459377000056 ], [ -81.205230272999927, 7.889919338000084 ], [ -81.204375779999907, 7.883327541000085 ], [ -81.217640753999945, 7.878973700000074 ], [ -81.215199347999942, 7.870998440000051 ], [ -81.197539842999902, 7.855983791000085 ], [ -81.180205857999908, 7.846869208000044 ], [ -81.177113410999937, 7.845729885000083 ], [ -81.178700324999909, 7.836859442000048 ], [ -81.181630011999914, 7.829657294000071 ], [ -81.183257615999935, 7.82367584800005 ], [ -81.16470292899993, 7.789007880000042 ], [ -81.174427863999938, 7.763006903000075 ], [ -81.196685350999928, 7.74172597900008 ], [ -81.218047654999907, 7.726263739000046 ], [ -81.222401495999918, 7.734401760000083 ], [ -81.223174607999908, 7.739203192000048 ], [ -81.221465623999904, 7.742702541000085 ], [ -81.218047654999907, 7.74673086100006 ], [ -81.218047654999907, 7.754177151000079 ], [ -81.232045050999943, 7.755031643000052 ], [ -81.245961066999939, 7.754177151000079 ], [ -81.245961066999939, 7.74673086100006 ], [ -81.2353816399999, 7.743841864000046 ], [ -81.229481574999909, 7.73781972900008 ], [ -81.218047654999907, 7.719427802000041 ], [ -81.231556769999941, 7.71438222900008 ], [ -81.237416144999941, 7.715114651000079 ], [ -81.245961066999939, 7.719427802000041 ], [ -81.238677537999934, 7.707464911000045 ], [ -81.231678839999915, 7.698919989000046 ], [ -81.225493943999936, 7.698919989000046 ], [ -81.212147589999915, 7.706122137000079 ], [ -81.197539842999902, 7.711981512000079 ], [ -81.193267381999931, 7.700751044000071 ], [ -81.197539842999902, 7.657375393000052 ], [ -81.195464647999927, 7.645697333000044 ], [ -81.195179816999939, 7.638861395000049 ], [ -81.197539842999902, 7.630072333000044 ], [ -81.201324022999927, 7.625189520000049 ], [ -81.213408982999908, 7.615423895000049 ], [ -81.218047654999907, 7.608954169000071 ], [ -81.225493943999936, 7.608954169000071 ], [ -81.234038865999935, 7.615261135000083 ], [ -81.266224738999938, 7.632391669000071 ], [ -81.273304816999939, 7.633490302000041 ], [ -81.278716600999928, 7.646063544000071 ], [ -81.291167772999927, 7.650661526000079 ], [ -81.314239061999899, 7.650539455000057 ], [ -81.396962042999917, 7.673529364000046 ], [ -81.424102342999902, 7.671047268000052 ], [ -81.428212042999917, 7.682562567000048 ], [ -81.434925910999937, 7.692653713000084 ], [ -81.442901170999903, 7.700466213000084 ], [ -81.450795050999943, 7.705145575000074 ], [ -81.473907029999907, 7.699408270000049 ], [ -81.503448045999903, 7.701971747000073 ], [ -81.525786912999934, 7.711452541000085 ], [ -81.527129686999899, 7.726263739000046 ], [ -81.518666144999941, 7.728908596000053 ], [ -81.499989386999914, 7.738674221000053 ], [ -81.488758917999917, 7.749212958000044 ], [ -81.528065558999913, 7.760565497000073 ], [ -81.539051886999914, 7.75735097900008 ], [ -81.540191209999932, 7.739935614000046 ], [ -81.563221808999913, 7.756293036000045 ], [ -81.574940558999913, 7.76040273600006 ], [ -81.574940558999913, 7.767238674000055 ], [ -81.568389451999906, 7.77602773600006 ], [ -81.573882615999935, 7.784328518000052 ], [ -81.583119269999941, 7.793402411000045 ], [ -81.588002081999946, 7.804470119000086 ], [ -81.586293097999942, 7.820868231000077 ], [ -81.581776495999918, 7.83156972900008 ], [ -81.567494269999941, 7.849188544000071 ], [ -81.567494269999941, 7.855983791000085 ], [ -81.574615037999934, 7.860663153000075 ], [ -81.581898566999939, 7.862494208000044 ], [ -81.588978644999941, 7.861110744000086 ], [ -81.595448370999918, 7.855983791000085 ], [ -81.601592576999906, 7.855983791000085 ], [ -81.609120245999918, 7.86281972900008 ], [ -81.609120245999918, 7.870266018000052 ], [ -81.599761522999927, 7.877834377000056 ], [ -81.599883592999902, 7.885036526000079 ], [ -81.608021613999938, 7.889837958000044 ], [ -81.622710740999935, 7.89008209800005 ], [ -81.619618292999917, 7.905340887000079 ], [ -81.618682420999903, 7.922023830000057 ], [ -81.612945115999935, 7.931423244000086 ], [ -81.595448370999918, 7.924872137000079 ], [ -81.598011847999942, 7.933783270000049 ], [ -81.602080857999908, 7.940008856000077 ], [ -81.61587480399993, 7.952175197000088 ], [ -81.611236131999931, 7.95962148600006 ], [ -81.612945115999935, 7.974188544000071 ], [ -81.609120245999918, 7.986354885000083 ], [ -81.62132727799991, 7.981350002000056 ], [ -81.627105272999927, 7.982814846000053 ], [ -81.628895636999914, 7.981838283000059 ], [ -81.628936326999906, 7.969265041000085 ], [ -81.624134894999941, 7.95538971600007 ], [ -81.622588670999903, 7.947943427000041 ], [ -81.625884568999936, 7.944728908000059 ], [ -81.633290167999917, 7.945868231000077 ], [ -81.638457811999899, 7.949245510000083 ], [ -81.641590949999909, 7.954657294000071 ], [ -81.642608201999906, 7.962103583000044 ], [ -81.645904100999928, 7.973089911000045 ], [ -81.663563605999911, 7.997300523000092 ], [ -81.670521613999938, 8.006781317000048 ], [ -81.684803839999915, 8.044623114000046 ], [ -81.691029425999943, 8.054632880000042 ], [ -81.697132941999939, 8.039129950000074 ], [ -81.698353644999941, 8.031032619000086 ], [ -81.697865363999938, 8.021063544000071 ], [ -81.708363410999937, 8.031317450000074 ], [ -81.708526170999903, 8.045843817000048 ], [ -81.710357225999928, 8.059841213000084 ], [ -81.725738084999932, 8.068264065000051 ], [ -81.725738084999932, 8.07571035400008 ], [ -81.717274542999917, 8.070827541000085 ], [ -81.709462042999917, 8.068630276000079 ], [ -81.702870245999918, 8.069973049000055 ], [ -81.697865363999938, 8.07571035400008 ], [ -81.691029425999943, 8.07571035400008 ], [ -81.687611456999946, 8.072780666000085 ], [ -81.685414191999939, 8.071600653000075 ], [ -81.677357550999943, 8.068264065000051 ], [ -81.711455857999908, 8.13031647300005 ], [ -81.733550584999932, 8.15766022300005 ], [ -81.743438279999907, 8.173163153000075 ], [ -81.746245897999927, 8.191799221000053 ], [ -81.752471482999908, 8.191799221000053 ], [ -81.758208787999934, 8.180609442000048 ], [ -81.760650193999936, 8.169582424000055 ], [ -81.757476365999935, 8.161159572000088 ], [ -81.746245897999927, 8.15766022300005 ], [ -81.752430792999917, 8.148993231000077 ], [ -81.767486131999931, 8.132757880000042 ], [ -81.774199998999904, 8.123480536000045 ], [ -81.780384894999941, 8.123480536000045 ], [ -81.798329230999911, 8.137111721000053 ], [ -81.876576300999943, 8.167873440000051 ], [ -81.885365363999938, 8.17328522300005 ], [ -81.927032029999907, 8.183172919000071 ], [ -81.941151495999918, 8.184963283000059 ], [ -81.95181230399993, 8.191433010000083 ], [ -81.947865363999938, 8.206244208000044 ], [ -81.931182420999903, 8.233343817000048 ], [ -81.943267381999931, 8.229641018000052 ], [ -81.956695115999935, 8.22101471600007 ], [ -81.967640753999945, 8.209051825000074 ], [ -81.972198045999903, 8.195502020000049 ], [ -81.978382941999939, 8.192531643000052 ], [ -81.992176886999914, 8.201117255000042 ], [ -82.013172980999911, 8.21906159100007 ], [ -82.027862107999908, 8.208278713000084 ], [ -82.060292120999918, 8.210272528000075 ], [ -82.093129035999937, 8.220363674000055 ], [ -82.109364386999914, 8.233343817000048 ], [ -82.115589972999942, 8.233343817000048 ], [ -82.117298956999946, 8.21515534100007 ], [ -82.142404751999948, 8.160060940000051 ], [ -82.144561326999906, 8.161891994000086 ], [ -82.148915167999917, 8.164089260000083 ], [ -82.150298631999931, 8.164496161000045 ], [ -82.150298631999931, 8.15766022300005 ], [ -82.156524217999902, 8.15766022300005 ], [ -82.147206183999913, 8.180934963000084 ], [ -82.147572394999941, 8.188299872000073 ], [ -82.156524217999902, 8.184963283000059 ], [ -82.155384894999941, 8.193182684000078 ], [ -82.153797980999911, 8.199286200000074 ], [ -82.150380011999914, 8.203314520000049 ], [ -82.143462693999936, 8.20538971600007 ], [ -82.143462693999936, 8.212917385000083 ], [ -82.15689042899993, 8.211737372000073 ], [ -82.174102342999902, 8.201727606000077 ], [ -82.187896287999934, 8.199245510000083 ], [ -82.196522589999915, 8.202175197000088 ], [ -82.209258592999902, 8.215521552000041 ], [ -82.219227667999917, 8.21906159100007 ], [ -82.219227667999917, 8.225897528000075 ], [ -82.214100714999915, 8.227443752000056 ], [ -82.209584113999938, 8.231146552000041 ], [ -82.204945441999939, 8.233343817000048 ], [ -82.216542120999918, 8.264227606000077 ], [ -82.217559373999904, 8.278225002000056 ], [ -82.211781378999945, 8.287990627000056 ], [ -82.211781378999945, 8.294826565000051 ], [ -82.217640753999945, 8.299343166000085 ], [ -82.218780076999906, 8.304348049000055 ], [ -82.216420050999943, 8.309759833000044 ], [ -82.211781378999945, 8.315252997000073 ], [ -82.210601365999935, 8.312648830000057 ], [ -82.210845506999931, 8.309881903000075 ], [ -82.209828253999945, 8.30805084800005 ], [ -82.204945441999939, 8.308498440000051 ], [ -82.209828253999945, 8.321844794000071 ], [ -82.208648240999935, 8.332098700000074 ], [ -82.200550910999937, 8.33930084800005 ], [ -82.184437628999945, 8.34320709800005 ], [ -82.207875128999945, 8.343939520000049 ], [ -82.220122850999928, 8.342962958000044 ], [ -82.225453253999945, 8.339504299000055 ], [ -82.241444464999915, 8.306708075000074 ], [ -82.242461717999902, 8.301052151000079 ], [ -82.26195227799991, 8.302801825000074 ], [ -82.277088995999918, 8.309271552000041 ], [ -82.284413214999915, 8.322211005000042 ], [ -82.280059373999904, 8.34320709800005 ], [ -82.296498175999943, 8.336208401000079 ], [ -82.313954230999911, 8.330837307000081 ], [ -82.331654425999943, 8.329779364000046 ], [ -82.348907029999907, 8.335760809000078 ], [ -82.347075975999928, 8.329169012000079 ], [ -82.344960089999915, 8.315008856000077 ], [ -82.342762824999909, 8.308498440000051 ], [ -82.358672654999907, 8.30609772300005 ], [ -82.387196417999917, 8.291449286000045 ], [ -82.400135870999918, 8.287990627000056 ], [ -82.418934699999909, 8.293036200000074 ], [ -82.433257615999935, 8.304348049000055 ], [ -82.435332811999899, 8.316107489000046 ], [ -82.417225714999915, 8.322780666000085 ], [ -82.417225714999915, 8.328924872000073 ], [ -82.425689256999931, 8.332302151000079 ], [ -82.430287238999938, 8.338161526000079 ], [ -82.431752081999946, 8.346218166000085 ], [ -82.430897589999915, 8.356268622000073 ], [ -82.441029425999943, 8.348700262000079 ], [ -82.442616339999915, 8.336330471000053 ], [ -82.447010870999918, 8.323553778000075 ], [ -82.465606248999904, 8.315252997000073 ], [ -82.465606248999904, 8.308498440000051 ], [ -82.461415167999917, 8.302923895000049 ], [ -82.457427537999934, 8.296047268000052 ], [ -82.4541316399999, 8.28851959800005 ], [ -82.452015753999945, 8.281154690000051 ], [ -82.470855272999927, 8.277126369000086 ], [ -82.477772589999915, 8.277411200000074 ], [ -82.486114061999899, 8.281154690000051 ], [ -82.511708136999914, 8.276434637000079 ], [ -82.552642381999931, 8.287380276000079 ], [ -82.622670050999943, 8.315252997000073 ], [ -82.658924933999913, 8.322780666000085 ], [ -82.698597785999937, 8.322821356000077 ], [ -82.738026495999918, 8.317450262000079 ], [ -82.808705206999946, 8.295681057000081 ], [ -82.839019334999932, 8.278509833000044 ], [ -82.862456834999932, 8.254055080000057 ], [ -82.87718665299991, 8.21906159100007 ], [ -82.879872199999909, 8.177883205000057 ], [ -82.872832811999899, 8.135891018000052 ], [ -82.849232550999943, 8.068264065000051 ], [ -82.849232550999943, 8.06203847900008 ], [ -82.862090623999904, 8.048895575000074 ], [ -82.8681941399999, 8.032375393000052 ], [ -82.876942511999914, 8.023871161000045 ], [ -82.897629258999899, 8.034748020000023 ], [ -82.911244269999941, 8.045355536000045 ], [ -82.909698045999903, 8.060614325000074 ], [ -82.902129686999899, 8.077460028000075 ], [ -82.897613084999932, 8.092800197000088 ], [ -82.900380011999914, 8.105047919000071 ], [ -82.968495245999918, 8.221218166000085 ], [ -82.992583787999934, 8.24640534100007 ], [ -83.116851365999935, 8.336127020000049 ], [ -83.150868292999917, 8.369289455000057 ], [ -83.121490037999934, 8.40493398600006 ], [ -83.116078253999945, 8.407782294000071 ], [ -83.110463019999941, 8.418036200000074 ], [ -83.099598761999914, 8.431341864000046 ], [ -83.092681443999936, 8.446682033000059 ], [ -83.099029100999928, 8.462713934000078 ], [ -83.131703253999945, 8.503200588000084 ], [ -83.137196417999917, 8.514553127000056 ], [ -83.1377253899999, 8.529323635000083 ], [ -83.130604620999918, 8.534491278000075 ], [ -83.118153449999909, 8.538153387000079 ], [ -83.102447068999936, 8.548041083000044 ], [ -83.114247199999909, 8.551784572000088 ], [ -83.143422003999945, 8.55023834800005 ], [ -83.157704230999911, 8.555487372000073 ], [ -83.165150519999941, 8.563747463000084 ], [ -83.185047980999911, 8.602687893000052 ], [ -83.181752081999946, 8.607855536000045 ], [ -83.180165167999917, 8.611354885000083 ], [ -83.178212042999917, 8.616970119000086 ], [ -83.171376105999911, 8.616970119000086 ], [ -83.161732550999943, 8.600734768000052 ], [ -83.158802863999938, 8.592800197000088 ], [ -83.157704230999911, 8.579413153000075 ], [ -83.153309699999909, 8.577175197000088 ], [ -83.123565232999908, 8.589016018000052 ], [ -83.123565232999908, 8.596462307000081 ], [ -83.137237107999908, 8.60219961100006 ], [ -83.151722785999937, 8.612860419000071 ], [ -83.164051886999914, 8.62563711100006 ], [ -83.171376105999911, 8.637477932000081 ], [ -83.178212042999917, 8.637477932000081 ], [ -83.18578040299991, 8.625189520000049 ], [ -83.203968878999945, 8.62445709800005 ], [ -83.224761522999927, 8.626857815000051 ], [ -83.240264451999906, 8.623806057000081 ], [ -83.247588670999903, 8.637233791000085 ], [ -83.259307420999903, 8.651312567000048 ], [ -83.273182745999918, 8.658474026000079 ], [ -83.287383592999902, 8.651068427000041 ], [ -83.319081183999913, 8.669582424000055 ], [ -83.32835852799991, 8.684597072000088 ], [ -83.322173631999931, 8.70571523600006 ], [ -83.329009568999936, 8.706203518000052 ], [ -83.335804816999939, 8.70571523600006 ], [ -83.331695115999935, 8.722072658000059 ], [ -83.345855272999927, 8.72992584800005 ], [ -83.366932745999918, 8.734279690000051 ], [ -83.383656378999945, 8.739813544000071 ], [ -83.389515753999945, 8.728094794000071 ], [ -83.394805467999902, 8.728949286000045 ], [ -83.4013972649999, 8.733710028000075 ], [ -83.411529100999928, 8.733669338000084 ], [ -83.416289842999902, 8.728298244000086 ], [ -83.417510545999903, 8.721258856000077 ], [ -83.421660936999899, 8.71515534100007 ], [ -83.435170050999943, 8.712551174000055 ], [ -83.468251105999911, 8.717474677000041 ], [ -83.481719529999907, 8.712591864000046 ], [ -83.486683722999942, 8.692694403000075 ], [ -83.479115363999938, 8.698431708000044 ], [ -83.479237433999913, 8.698879299000055 ], [ -83.473011847999942, 8.698879299000055 ], [ -83.437896287999934, 8.646429755000042 ], [ -83.433257615999935, 8.630519924000055 ], [ -83.41274980399993, 8.598456122000073 ], [ -83.404774542999917, 8.589016018000052 ], [ -83.391590949999909, 8.582302151000079 ], [ -83.354237433999913, 8.571071682000081 ], [ -83.339222785999937, 8.569159247000073 ], [ -83.325469529999907, 8.560980536000045 ], [ -83.312367316999939, 8.545070705000057 ], [ -83.299712693999936, 8.534369208000044 ], [ -83.287383592999902, 8.541815497000073 ], [ -83.286854620999918, 8.517157294000071 ], [ -83.288848436999899, 8.507025458000044 ], [ -83.294911261999914, 8.500270901000079 ], [ -83.294911261999914, 8.493434963000084 ], [ -83.279815232999908, 8.472927151000079 ], [ -83.273711717999902, 8.437933661000045 ], [ -83.276356574999909, 8.401556708000044 ], [ -83.287383592999902, 8.376735744000086 ], [ -83.309844529999907, 8.375921942000048 ], [ -83.346424933999913, 8.387600002000056 ], [ -83.380889451999906, 8.404120184000078 ], [ -83.397246873999904, 8.417669989000046 ], [ -83.391102667999917, 8.417669989000046 ], [ -83.386626756999931, 8.414129950000074 ], [ -83.382964647999927, 8.412502346000053 ], [ -83.36937415299991, 8.410915432000081 ], [ -83.388661261999914, 8.419501044000071 ], [ -83.396473761999914, 8.424587307000081 ], [ -83.404774542999917, 8.43195221600007 ], [ -83.404774542999917, 8.417669989000046 ], [ -83.462432420999903, 8.442694403000075 ], [ -83.482940232999908, 8.44562409100007 ], [ -83.544178839999915, 8.438259182000081 ], [ -83.561146613999938, 8.438177802000041 ], [ -83.575591600999928, 8.444973049000055 ], [ -83.5888972649999, 8.458563544000071 ], [ -83.613270636999914, 8.490016994000086 ], [ -83.7002253899999, 8.570339260000083 ], [ -83.705799933999913, 8.579413153000075 ], [ -83.710113084999932, 8.580511786000045 ], [ -83.730580206999946, 8.588812567000048 ], [ -83.736805792999917, 8.592718817000048 ], [ -83.739898240999935, 8.623806057000081 ], [ -83.709462042999917, 8.670355536000045 ], [ -83.702381964999915, 8.678412177000041 ], [ -83.686675584999932, 8.687689520000049 ], [ -83.675933397999927, 8.691799221000053 ], [ -83.671009894999941, 8.68891022300005 ], [ -83.667836066999939, 8.682928778000075 ], [ -83.660918748999904, 8.689846096000053 ], [ -83.636586066999939, 8.726752020000049 ], [ -83.630034959999932, 8.733669338000084 ], [ -83.642567511999914, 8.74953847900008 ], [ -83.627471482999908, 8.767401434000078 ], [ -83.600005662999934, 8.782049872000073 ], [ -83.575428839999915, 8.788275458000044 ], [ -83.575428839999915, 8.79446035400008 ], [ -83.597075975999928, 8.797023830000057 ], [ -83.607940232999908, 8.796047268000052 ], [ -83.615386522999927, 8.790106512000079 ], [ -83.626942511999914, 8.777736721000053 ], [ -83.638661261999914, 8.772284247000073 ], [ -83.642567511999914, 8.78188711100006 ], [ -83.637806769999941, 8.798854885000083 ], [ -83.623809373999904, 8.815578518000052 ], [ -83.599029100999928, 8.827541408000059 ], [ -83.587635870999918, 8.835353908000059 ], [ -83.582875128999945, 8.846625067000048 ], [ -83.589100714999915, 8.856756903000075 ], [ -83.602080857999908, 8.863796291000085 ], [ -83.613880988999938, 8.873236395000049 ], [ -83.616363084999932, 8.890692450000074 ], [ -83.597035285999937, 8.880886135000083 ], [ -83.587676561999899, 8.877997137000079 ], [ -83.575428839999915, 8.877630927000041 ], [ -83.581410285999937, 8.884955145000049 ], [ -83.588978644999941, 8.890529690000051 ], [ -83.603382941999939, 8.898138739000046 ], [ -83.609486456999946, 8.903143622000073 ], [ -83.612945115999935, 8.907782294000071 ], [ -83.618275519999941, 8.910956122000073 ], [ -83.630034959999932, 8.911769924000055 ], [ -83.617909308999913, 8.919012762000079 ], [ -83.619618292999917, 8.924261786000045 ], [ -83.626576300999943, 8.928249416000085 ], [ -83.630034959999932, 8.931667385000083 ], [ -83.625518357999908, 8.942653713000084 ], [ -83.620391404999907, 8.950832424000055 ], [ -83.613392706999946, 8.958075262000079 ], [ -83.603382941999939, 8.966376044000071 ], [ -83.629872199999909, 9.035345770000049 ], [ -83.634755011999914, 9.044094143000052 ], [ -83.651153123999904, 9.06195709800005 ], [ -83.657989061999899, 9.055202541000085 ], [ -83.680449998999904, 9.084133205000057 ], [ -83.700917120999918, 9.117865302000041 ], [ -83.72720292899993, 9.144313869000086 ], [ -83.767201300999943, 9.151393947000088 ], [ -83.764881964999915, 9.17719147300005 ], [ -83.786895311999899, 9.199245510000083 ], [ -83.817128058999913, 9.214504299000055 ], [ -83.839507615999935, 9.220282294000071 ], [ -83.918080206999946, 9.294745184000078 ], [ -83.995106574999909, 9.330226955000057 ], [ -84.007435675999943, 9.339748440000051 ], [ -84.103627081999946, 9.37726471600007 ], [ -84.109852667999917, 9.37726471600007 ], [ -84.116322394999941, 9.37258535400008 ], [ -84.121937628999945, 9.372626044000071 ], [ -84.126616990999935, 9.376898505000042 ], [ -84.130360480999911, 9.384711005000042 ], [ -84.144073045999903, 9.378851630000042 ], [ -84.152251756999931, 9.385321356000077 ], [ -84.161529100999928, 9.394720770000049 ], [ -84.178700324999909, 9.397772528000075 ], [ -84.167958136999914, 9.416205145000049 ], [ -84.182240363999938, 9.442206122000073 ], [ -84.208363410999937, 9.464992580000057 ], [ -84.233387824999909, 9.473456122000073 ], [ -84.233387824999909, 9.466701565000051 ], [ -84.224598761999914, 9.464992580000057 ], [ -84.218658006999931, 9.462551174000055 ], [ -84.205433722999942, 9.453029690000051 ], [ -84.231434699999909, 9.457546291000085 ], [ -84.272694464999915, 9.481594143000052 ], [ -84.298858201999906, 9.487127997000073 ], [ -84.324208136999914, 9.489081122000073 ], [ -84.457915818999936, 9.52602773600006 ], [ -84.483509894999941, 9.528102932000081 ], [ -84.495472785999937, 9.52602773600006 ], [ -84.508290167999917, 9.521999416000085 ], [ -84.521595831999946, 9.519313869000086 ], [ -84.535023566999939, 9.521307684000078 ], [ -84.546742316999939, 9.531073309000078 ], [ -84.550689256999931, 9.542873440000051 ], [ -84.555409308999913, 9.552394924000055 ], [ -84.569121873999904, 9.555446682000081 ], [ -84.566558397999927, 9.55141836100006 ], [ -84.56509355399993, 9.548407294000071 ], [ -84.562977667999917, 9.541164455000057 ], [ -84.579497850999928, 9.554348049000055 ], [ -84.616566535999937, 9.578070380000042 ], [ -84.623768683999913, 9.592962958000044 ], [ -84.627308722999942, 9.606716213000084 ], [ -84.636097785999937, 9.613348700000074 ], [ -84.647206183999913, 9.617702541000085 ], [ -84.657948370999918, 9.624335028000075 ], [ -84.661366339999915, 9.634466864000046 ], [ -84.659942186999899, 9.644924221000053 ], [ -84.662709113999938, 9.651678778000075 ], [ -84.67837480399993, 9.65102773600006 ], [ -84.674427863999938, 9.662380276000079 ], [ -84.675526495999918, 9.67328522300005 ], [ -84.678089972999942, 9.683539130000042 ], [ -84.67837480399993, 9.692572333000044 ], [ -84.672474738999938, 9.703802802000041 ], [ -84.655262824999909, 9.720770575000074 ], [ -84.648467576999906, 9.737697658000059 ], [ -84.641468878999945, 9.746120510000083 ], [ -84.634429490999935, 9.757025458000044 ], [ -84.631214972999942, 9.771429755000042 ], [ -84.634551561999899, 9.783392645000049 ], [ -84.642364061999899, 9.793768622000073 ], [ -84.657948370999918, 9.809271552000041 ], [ -84.698394334999932, 9.868841864000046 ], [ -84.709706183999913, 9.87759023600006 ], [ -84.725941535999937, 9.884466864000046 ], [ -84.723784959999932, 9.899603583000044 ], [ -84.709706183999913, 9.922552802000041 ], [ -84.734283006999931, 9.942572333000044 ], [ -84.738799607999908, 9.952297268000052 ], [ -84.733631964999915, 9.966945705000057 ], [ -84.762318488999938, 9.975653387000079 ], [ -84.850941535999937, 9.966945705000057 ], [ -84.850941535999937, 9.974391994000086 ], [ -84.838653123999904, 9.97915273600006 ], [ -84.82290605399993, 9.980861721000053 ], [ -84.788238084999932, 9.980617580000057 ], [ -84.788238084999932, 9.987453518000052 ], [ -84.820098436999899, 9.988959052000041 ], [ -84.848540818999936, 9.993963934000078 ], [ -84.874256964999915, 10.002630927000041 ], [ -84.898101365999935, 10.015326239000046 ], [ -84.928252732999908, 10.040106512000079 ], [ -84.932850714999915, 10.045477606000077 ], [ -84.939320441999939, 10.046942450000074 ], [ -84.952015753999945, 10.055446682000081 ], [ -84.960967576999906, 10.064886786000045 ], [ -84.956166144999941, 10.069362697000088 ], [ -84.97288977799991, 10.077948309000078 ], [ -85.01390540299991, 10.115993557000081 ], [ -85.035755988999938, 10.126735744000086 ], [ -85.046050584999932, 10.136135158000059 ], [ -85.052357550999943, 10.138251044000071 ], [ -85.057362433999913, 10.136013088000084 ], [ -85.061675584999932, 10.13226959800005 ], [ -85.067372199999909, 10.131415106000077 ], [ -85.076201951999906, 10.138251044000071 ], [ -85.070301886999914, 10.148871161000045 ], [ -85.068348761999914, 10.155666408000059 ], [ -85.072865363999938, 10.158758856000077 ], [ -85.076771613999938, 10.160589911000045 ], [ -85.089873826999906, 10.172390041000085 ], [ -85.107899542999917, 10.166571356000077 ], [ -85.175567186999899, 10.16555410400008 ], [ -85.193470831999946, 10.170111395000049 ], [ -85.209462042999917, 10.18117910400008 ], [ -85.234527147999927, 10.207098700000074 ], [ -85.234527147999927, 10.213324286000045 ], [ -85.228789842999902, 10.231594143000052 ], [ -85.246245897999927, 10.252630927000041 ], [ -85.289173956999946, 10.282253322000088 ], [ -85.283070441999939, 10.26203034100007 ], [ -85.254180467999902, 10.241156317000048 ], [ -85.247547980999911, 10.216742255000042 ], [ -85.244903123999904, 10.170355536000045 ], [ -85.238880988999938, 10.143133856000077 ], [ -85.227080857999908, 10.124579169000071 ], [ -85.240101691999939, 10.116278387000079 ], [ -85.238270636999914, 10.102443752000056 ], [ -85.226470506999931, 10.08938222900008 ], [ -85.195912238999938, 10.07876211100006 ], [ -85.185047980999911, 10.067084052000041 ], [ -85.171864386999914, 10.042059637000079 ], [ -85.165638800999943, 10.042059637000079 ], [ -85.157582160999937, 10.045355536000045 ], [ -85.154082811999899, 10.042669989000046 ], [ -85.15257727799991, 10.035834052000041 ], [ -85.161284959999932, 10.035183010000083 ], [ -85.170277472999942, 10.036322333000044 ], [ -85.178822394999941, 10.038845119000086 ], [ -85.186146613999938, 10.042059637000079 ], [ -85.186146613999938, 10.035834052000041 ], [ -85.167388475999928, 10.01939524900007 ], [ -85.144520636999914, 9.999335028000075 ], [ -85.083851691999939, 9.97492096600007 ], [ -85.076201951999906, 9.970648505000042 ], [ -85.069081183999913, 9.973415432000081 ], [ -85.053130662999934, 9.966945705000057 ], [ -85.014515753999945, 9.944973049000055 ], [ -84.996693488999938, 9.939276434000078 ], [ -84.9775691399999, 9.938788153000075 ], [ -84.959584113999938, 9.946478583000044 ], [ -84.947783982999908, 9.937160549000055 ], [ -84.922596808999913, 9.921454169000071 ], [ -84.911122199999909, 9.911688544000071 ], [ -84.911122199999909, 9.905462958000044 ], [ -84.931060350999928, 9.90070221600007 ], [ -84.930165167999917, 9.886297919000071 ], [ -84.918080206999946, 9.869533596000053 ], [ -84.90493730399993, 9.857082424000055 ], [ -84.913075324999909, 9.854315497000073 ], [ -84.920765753999945, 9.848944403000075 ], [ -84.932850714999915, 9.836615302000041 ], [ -84.918080206999946, 9.830023505000042 ], [ -84.90062415299991, 9.828070380000042 ], [ -84.864613410999937, 9.829169012000079 ], [ -84.864613410999937, 9.822943427000041 ], [ -84.878692186999899, 9.813544012000079 ], [ -84.896595831999946, 9.80609772300005 ], [ -84.912017381999931, 9.795843817000048 ], [ -84.91860917899993, 9.778265692000048 ], [ -84.922352667999917, 9.774196682000081 ], [ -84.945912238999938, 9.760891018000052 ], [ -84.950347459999932, 9.753566799000055 ], [ -84.955474412999934, 9.735134182000081 ], [ -84.959584113999938, 9.727362372000073 ], [ -84.990956183999913, 9.742743231000077 ], [ -85.007598436999899, 9.744086005000042 ], [ -85.014800584999932, 9.73078034100007 ], [ -85.010365363999938, 9.722601630000042 ], [ -84.994984503999945, 9.703273830000057 ], [ -84.997425910999937, 9.699408270000049 ], [ -85.029815232999908, 9.683742580000057 ], [ -85.035267706999946, 9.682399807000081 ], [ -85.038929816999939, 9.67727285400008 ], [ -85.062611456999946, 9.665309963000084 ], [ -85.067494269999941, 9.657375393000052 ], [ -85.089344855999911, 9.588568427000041 ], [ -85.098500128999945, 9.571071682000081 ], [ -85.110463019999941, 9.555446682000081 ], [ -85.11782792899993, 9.555446682000081 ], [ -85.145782029999907, 9.612616278000075 ], [ -85.229115363999938, 9.724391994000086 ], [ -85.234527147999927, 9.737331447000088 ], [ -85.238636847999942, 9.742010809000078 ], [ -85.247914191999939, 9.747748114000046 ], [ -85.272979295999903, 9.758002020000049 ], [ -85.275054490999935, 9.76593659100007 ], [ -85.274688279999907, 9.775051174000055 ], [ -85.275502081999946, 9.782009182000081 ], [ -85.299305792999917, 9.808010158000059 ], [ -85.332427537999934, 9.826605536000045 ], [ -85.439971482999908, 9.864528713000084 ], [ -85.449574347999942, 9.862494208000044 ], [ -85.4638972649999, 9.852606512000079 ], [ -85.470366990999935, 9.85024648600006 ], [ -85.480010545999903, 9.852484442000048 ], [ -85.493560350999928, 9.862250067000048 ], [ -85.50454667899993, 9.864528713000084 ], [ -85.510975714999915, 9.865057684000078 ], [ -85.513213670999903, 9.86664459800005 ], [ -85.514515753999945, 9.869655666000085 ], [ -85.518177863999938, 9.874172268000052 ], [ -85.525176561999899, 9.877386786000045 ], [ -85.530995245999918, 9.875881252000056 ], [ -85.534820115999935, 9.872707424000055 ], [ -85.535552537999934, 9.870754299000055 ], [ -85.592071092999902, 9.888739325000074 ], [ -85.619130011999914, 9.89288971600007 ], [ -85.625518357999908, 9.89679596600007 ], [ -85.630604620999918, 9.901556708000044 ], [ -85.638579881999931, 9.905462958000044 ], [ -85.649810350999928, 9.904974677000041 ], [ -85.657215949999909, 9.900539455000057 ], [ -85.663807745999918, 9.900091864000046 ], [ -85.672718878999945, 9.911688544000071 ], [ -85.665557420999903, 9.93032461100006 ], [ -85.676136847999942, 9.955511786000045 ], [ -85.778553839999915, 10.079901434000078 ], [ -85.784657355999911, 10.090887762000079 ], [ -85.792713995999918, 10.11782461100006 ], [ -85.805043097999942, 10.136664130000042 ], [ -85.844024217999902, 10.231024481000077 ], [ -85.847564256999931, 10.259344794000071 ], [ -85.851836717999902, 10.276556708000044 ], [ -85.857696092999902, 10.289089260000083 ], [ -85.843902147999927, 10.302435614000046 ], [ -85.838164842999902, 10.31203847900008 ], [ -85.840321417999917, 10.320135809000078 ], [ -85.861602342999902, 10.346991278000075 ], [ -85.874989386999914, 10.355047919000071 ], [ -85.867583787999934, 10.364894924000055 ], [ -85.85024980399993, 10.378485419000071 ], [ -85.83853105399993, 10.395453192000048 ], [ -85.830352342999902, 10.412014065000051 ], [ -85.813262498999904, 10.405300197000088 ], [ -85.803985154999907, 10.415920315000051 ], [ -85.796742316999939, 10.431423244000086 ], [ -85.775502081999946, 10.447292385000083 ], [ -85.783721482999908, 10.465236721000053 ], [ -85.798817511999914, 10.483954169000071 ], [ -85.80923417899993, 10.494533596000053 ], [ -85.80296790299991, 10.498806057000081 ], [ -85.800282355999911, 10.500270901000079 ], [ -85.795643683999913, 10.501369533000059 ], [ -85.795643683999913, 10.508205471000053 ], [ -85.80923417899993, 10.508205471000053 ], [ -85.80923417899993, 10.515041408000059 ], [ -85.797840949999909, 10.517157294000071 ], [ -85.790516730999911, 10.524115302000041 ], [ -85.781971808999913, 10.542995510000083 ], [ -85.775135870999918, 10.542995510000083 ], [ -85.761219855999911, 10.531805731000077 ], [ -85.741607225999928, 10.539821682000081 ], [ -85.721587693999936, 10.550930080000057 ], [ -85.706288214999915, 10.54913971600007 ], [ -85.700062628999945, 10.54913971600007 ], [ -85.70140540299991, 10.562282619000086 ], [ -85.697987433999913, 10.568630276000079 ], [ -85.692290818999936, 10.572088934000078 ], [ -85.687001105999911, 10.57648346600007 ], [ -85.677845831999946, 10.59210846600007 ], [ -85.674224412999934, 10.59125397300005 ], [ -85.661854620999918, 10.590114651000079 ], [ -85.631743943999936, 10.621161200000074 ], [ -85.634022589999915, 10.629461981000077 ], [ -85.63931230399993, 10.635809637000079 ], [ -85.652251756999931, 10.644720770000049 ], [ -85.693226691999939, 10.603786526000079 ], [ -85.694203253999945, 10.607082424000055 ], [ -85.694081183999913, 10.61001211100006 ], [ -85.695179816999939, 10.61163971600007 ], [ -85.700062628999945, 10.611232815000051 ], [ -85.700062628999945, 10.617458401000079 ], [ -85.688465949999909, 10.629950262000079 ], [ -85.681385870999918, 10.635199286000045 ], [ -85.672718878999945, 10.637884833000044 ], [ -85.679554816999939, 10.644720770000049 ], [ -85.680449998999904, 10.643825588000084 ], [ -85.681792772999927, 10.641913153000075 ], [ -85.683867967999902, 10.639797268000052 ], [ -85.687001105999911, 10.637884833000044 ], [ -85.684478318999936, 10.646185614000046 ], [ -85.683990037999934, 10.64907461100006 ], [ -85.672718878999945, 10.652167059000078 ], [ -85.672718878999945, 10.658392645000049 ], [ -85.679554816999939, 10.658392645000049 ], [ -85.679554816999939, 10.665838934000078 ], [ -85.662871873999904, 10.678981838000084 ], [ -85.659575975999928, 10.712958075000074 ], [ -85.665272589999915, 10.77883535400008 ], [ -85.680287238999938, 10.79633209800005 ], [ -85.713368292999917, 10.81085846600007 ], [ -85.746490037999934, 10.816188869000086 ], [ -85.761504686999899, 10.80609772300005 ], [ -85.767486131999931, 10.80609772300005 ], [ -85.795074022999927, 10.828640041000085 ], [ -85.803089972999942, 10.837184963000084 ], [ -85.798329230999911, 10.835638739000046 ], [ -85.792388475999928, 10.838324286000045 ], [ -85.789906378999945, 10.843898830000057 ], [ -85.795643683999913, 10.850856838000084 ], [ -85.80296790299991, 10.852484442000048 ], [ -85.822295701999906, 10.850612697000088 ], [ -85.830352342999902, 10.850856838000084 ], [ -85.859771287999934, 10.861761786000045 ], [ -85.882923956999946, 10.875148830000057 ], [ -85.908802863999938, 10.886419989000046 ], [ -85.946441209999932, 10.891140041000085 ], [ -85.946441209999932, 10.898586330000057 ], [ -85.923817511999914, 10.904201565000051 ], [ -85.88149980399993, 10.923163153000075 ], [ -85.857696092999902, 10.925930080000057 ], [ -85.861480272999927, 10.932074286000045 ], [ -85.864491339999915, 10.93585846600007 ], [ -85.869130011999914, 10.93813711100006 ], [ -85.878163214999915, 10.939601955000057 ], [ -85.878163214999915, 10.946356512000079 ], [ -85.828724738999938, 10.949286200000074 ], [ -85.816151495999918, 10.946356512000079 ], [ -85.810902472999942, 10.938666083000044 ], [ -85.812163865999935, 10.929714260000083 ], [ -85.814605272999927, 10.922267971000053 ], [ -85.812652147999927, 10.919094143000052 ], [ -85.808501756999931, 10.917181708000044 ], [ -85.795643683999913, 10.905462958000044 ], [ -85.789418097999942, 10.905462958000044 ], [ -85.781971808999913, 10.912868557000081 ], [ -85.781971808999913, 10.919094143000052 ], [ -85.793365037999934, 10.930243231000077 ], [ -85.782460089999915, 10.937445380000042 ], [ -85.761138475999928, 10.940578518000052 ], [ -85.740996873999904, 10.939601955000057 ], [ -85.734160936999899, 10.936428127000056 ], [ -85.725209113999938, 10.927679755000042 ], [ -85.717071092999902, 10.925930080000057 ], [ -85.710560675999943, 10.928290106000077 ], [ -85.707793748999904, 10.934027411000045 ], [ -85.708892381999931, 10.940822658000059 ], [ -85.713734503999945, 10.946356512000079 ], [ -85.713734503999945, 10.953802802000041 ], [ -85.698882615999935, 10.959255276000079 ], [ -85.694691535999937, 10.97024160400008 ], [ -85.698150193999936, 10.983221747000073 ], [ -85.706288214999915, 10.994818427000041 ], [ -85.71353105399993, 11.000026760000083 ], [ -85.730376756999931, 11.006903387000079 ], [ -85.737578904999907, 11.011867580000057 ], [ -85.746001756999931, 11.020656643000052 ], [ -85.746001756999931, 11.023016669000071 ], [ -85.740956183999913, 11.02407461100006 ], [ -85.734160936999899, 11.028957424000055 ], [ -85.718861456999946, 11.042914130000042 ], [ -85.7099910149999, 11.038112697000088 ], [ -85.699615037999934, 11.028631903000075 ], [ -85.679554816999939, 11.028957424000055 ], [ -85.667510545999903, 11.039862372000073 ], [ -85.670196092999902, 11.054388739000046 ], [ -85.681019660999937, 11.068386135000083 ], [ -85.693226691999939, 11.077337958000044 ], [ -85.701735565999883, 11.080880181000097 ], [ -85.702422654999907, 11.081203518000052 ], [ -85.752308722999942, 11.101711330000057 ], [ -85.77171790299991, 11.104681708000044 ], [ -85.78579667899993, 11.112250067000048 ], [ -85.793690558999913, 11.130031643000052 ], [ -85.803089972999942, 11.166083075000074 ], [ -85.8213191399999, 11.19281647300005 ], [ -85.928008592999902, 11.310736395000049 ], [ -85.936797654999907, 11.316961981000077 ], [ -85.941517706999946, 11.319118557000081 ], [ -85.956817186999899, 11.329779364000046 ], [ -85.960113084999932, 11.334011135000083 ], [ -85.994862433999913, 11.343654690000051 ], [ -86.010365363999938, 11.357977606000077 ], [ -86.043934699999909, 11.398098049000055 ], [ -86.070586717999902, 11.411688544000071 ], [ -86.104725714999915, 11.447292385000083 ], [ -86.148304816999939, 11.471747137000079 ], [ -86.16274980399993, 11.484523830000057 ], [ -86.16665605399993, 11.492621161000045 ], [ -86.176136847999942, 11.522406317000048 ], [ -86.207142706999946, 11.536037502000056 ], [ -86.24437415299991, 11.571600653000075 ], [ -86.336455857999908, 11.611354885000083 ], [ -86.352080857999908, 11.622626044000071 ], [ -86.365386522999927, 11.637966213000084 ], [ -86.376616990999935, 11.66946035400008 ], [ -86.496367967999902, 11.759426174000055 ], [ -86.515614386999914, 11.783107815000051 ], [ -86.542388475999928, 11.842352606000077 ], [ -86.553212042999917, 11.851345119000086 ], [ -86.563262498999904, 11.856634833000044 ], [ -86.589629686999899, 11.882839260000083 ], [ -86.605213995999918, 11.904689846000053 ], [ -86.622222459999932, 11.936102606000077 ], [ -86.625477667999917, 11.950995184000078 ], [ -86.630360480999911, 11.964911200000074 ], [ -86.641875779999907, 11.976507880000042 ], [ -86.666493292999917, 11.995306708000044 ], [ -86.689808722999942, 12.02407461100006 ], [ -86.7275691399999, 12.088283596000053 ], [ -86.762684699999909, 12.18227773600006 ], [ -86.772572394999941, 12.197414455000057 ], [ -86.79751542899993, 12.218532619000086 ], [ -87.002227342999902, 12.341376044000071 ], [ -87.015044725999928, 12.356838283000059 ], [ -87.071400519999941, 12.388698635000083 ], [ -87.101958787999934, 12.420965887000079 ], [ -87.171009894999941, 12.451442776000079 ], [ -87.173573370999918, 12.474514065000051 ], [ -87.162098761999914, 12.45962148600006 ], [ -87.142486131999931, 12.446844794000071 ], [ -87.119618292999917, 12.437689520000049 ], [ -87.097808397999927, 12.433539130000042 ], [ -87.122670050999943, 12.460353908000059 ], [ -87.135487433999913, 12.470485744000086 ], [ -87.149322068999936, 12.474514065000051 ], [ -87.157866990999935, 12.481024481000077 ], [ -87.180409308999913, 12.52297597900008 ], [ -87.186634894999941, 12.52297597900008 ], [ -87.17642167899993, 12.485907294000071 ], [ -87.192738410999937, 12.499904690000051 ], [ -87.218861456999946, 12.532253322000088 ], [ -87.238067186999899, 12.55023834800005 ], [ -87.250477667999917, 12.55532461100006 ], [ -87.312977667999917, 12.602809963000084 ], [ -87.321278449999909, 12.611232815000051 ], [ -87.325795050999943, 12.621608791000085 ], [ -87.331206834999932, 12.63898346600007 ], [ -87.334014451999906, 12.633571682000081 ], [ -87.341786261999914, 12.624090887000079 ], [ -87.344838019999941, 12.619167385000083 ], [ -87.454864061999899, 12.743801174000055 ], [ -87.467762824999909, 12.769964911000045 ], [ -87.463490363999938, 12.76516347900008 ], [ -87.459339972999942, 12.762396552000041 ], [ -87.447295701999906, 12.756293036000045 ], [ -87.447295701999906, 12.762518622000073 ], [ -87.452056443999936, 12.764186916000085 ], [ -87.460926886999914, 12.769964911000045 ], [ -87.460926886999914, 12.776190497000073 ], [ -87.463490363999938, 12.786322333000044 ], [ -87.480254686999899, 12.799994208000044 ], [ -87.502919074999909, 12.81195709800005 ], [ -87.522979295999903, 12.817165432000081 ], [ -87.522979295999903, 12.810939846000053 ], [ -87.496449347999942, 12.793850002000056 ], [ -87.482533331999946, 12.781195380000042 ], [ -87.482045050999943, 12.769964911000045 ], [ -87.492217576999906, 12.771389065000051 ], [ -87.506988084999932, 12.782416083000044 ], [ -87.529204881999931, 12.803493557000081 ], [ -87.646514451999906, 12.872381903000075 ], [ -87.6709285149999, 12.893500067000048 ], [ -87.685658331999946, 12.91828034100007 ], [ -87.685821092999902, 12.94757721600007 ], [ -87.6670222649999, 12.982245184000078 ], [ -87.638824022999927, 13.00649648600006 ], [ -87.609974738999938, 13.02407461100006 ], [ -87.588775193999936, 13.04633209800005 ], [ -87.583851691999939, 13.084662177000041 ], [ -87.577626105999911, 13.084662177000041 ], [ -87.580433722999942, 13.063177802000041 ], [ -87.583851691999939, 13.057318427000041 ], [ -87.572621222999942, 13.057318427000041 ], [ -87.559071417999917, 13.055568752000056 ], [ -87.547637498999904, 13.052150783000059 ], [ -87.542836066999939, 13.047430731000077 ], [ -87.5381160149999, 13.044501044000071 ], [ -87.5127253899999, 13.023220119000086 ], [ -87.506377732999908, 13.019680080000057 ], [ -87.488270636999914, 12.995917059000078 ], [ -87.483876105999911, 12.992621161000045 ], [ -87.471058722999942, 12.985052802000041 ], [ -87.467762824999909, 12.982245184000078 ], [ -87.466908331999946, 12.975734768000052 ], [ -87.46898352799991, 12.960638739000046 ], [ -87.467762824999909, 12.954291083000044 ], [ -87.435047980999911, 12.922390041000085 ], [ -87.392486131999931, 12.913397528000075 ], [ -87.289580857999908, 12.919582424000055 ], [ -87.289580857999908, 12.927028713000084 ], [ -87.341664191999939, 12.925726630000042 ], [ -87.367787238999938, 12.928534247000073 ], [ -87.379017706999946, 12.937567450000074 ], [ -87.368926561999899, 12.953558661000045 ], [ -87.320586717999902, 12.97719961100006 ], [ -87.314035610999952, 12.98155345300006 ], [ -87.313628709999932, 12.981838283000059 ], [ -87.303944464999915, 12.988470770000049 ], [ -87.300811326999906, 13.001247463000084 ], [ -87.293568488999938, 13.011053778000075 ], [ -87.282826300999943, 13.01821523600006 ], [ -87.269154425999943, 13.023220119000086 ], [ -87.269154425999943, 13.029445705000057 ], [ -87.296783006999931, 13.030340887000079 ], [ -87.316680467999902, 13.034206447000088 ], [ -87.331776495999918, 13.042669989000046 ], [ -87.344838019999941, 13.057318427000041 ], [ -87.351348436999899, 13.067206122000073 ], [ -87.352813279999907, 13.072536526000079 ], [ -87.351063605999911, 13.088405666000085 ], [ -87.344715949999909, 13.090765692000048 ], [ -87.314076300999943, 13.095404364000046 ], [ -87.303944464999915, 13.098334052000041 ], [ -87.361805792999917, 13.113348700000074 ], [ -87.394561326999906, 13.116848049000055 ], [ -87.4131160149999, 13.111354885000083 ], [ -87.419341600999928, 13.111354885000083 ], [ -87.42210852799991, 13.14992910400008 ], [ -87.43578040299991, 13.189398505000042 ], [ -87.455067511999914, 13.224310614000046 ], [ -87.474598761999914, 13.249172268000052 ], [ -87.480824347999942, 13.26516347900008 ], [ -87.482045050999943, 13.26593659100007 ], [ -87.484527147999927, 13.270086981000077 ], [ -87.490345831999946, 13.269720770000049 ], [ -87.496978318999936, 13.268337307000081 ], [ -87.501942511999914, 13.269598700000074 ], [ -87.508900519999941, 13.278631903000075 ], [ -87.512237107999908, 13.286688544000071 ], [ -87.510487433999913, 13.294948635000083 ], [ -87.501942511999914, 13.304388739000046 ], [ -87.493438279999907, 13.309759833000044 ], [ -87.476673956999946, 13.317328192000048 ], [ -87.467762824999909, 13.324896552000041 ], [ -87.447783982999908, 13.352565822000088 ], [ -87.440419074999909, 13.359035549000055 ], [ -87.426909959999932, 13.356024481000077 ], [ -87.411122199999909, 13.359808661000045 ], [ -87.379017706999946, 13.372015692000048 ], [ -87.380401170999903, 13.380438544000071 ], [ -87.380360480999911, 13.386297919000071 ], [ -87.379017706999946, 13.393133856000077 ], [ -87.393788214999915, 13.406439520000049 ], [ -87.40062415299991, 13.411159572000088 ], [ -87.409779425999943, 13.413031317000048 ], [ -87.429839647999927, 13.409369208000044 ], [ -87.437774217999902, 13.411037502000056 ], [ -87.447295701999906, 13.420477606000077 ], [ -87.464385545999903, 13.408270575000074 ], [ -87.469634568999936, 13.40298086100006 ], [ -87.474598761999914, 13.393133856000077 ], [ -87.476429816999939, 13.379706122000073 ], [ -87.473052537999934, 13.372463283000059 ], [ -87.472279425999943, 13.367010809000078 ], [ -87.482045050999943, 13.359035549000055 ], [ -87.488270636999914, 13.358303127000056 ], [ -87.522979295999903, 13.359035549000055 ], [ -87.538604295999903, 13.355292059000078 ], [ -87.547596808999913, 13.35500722900008 ], [ -87.557158982999908, 13.359035549000055 ], [ -87.557158982999908, 13.36587148600006 ], [ -87.542836066999939, 13.36587148600006 ], [ -87.542836066999939, 13.372015692000048 ], [ -87.561797654999907, 13.376003322000088 ], [ -87.581328904999907, 13.382879950000074 ], [ -87.598866339999915, 13.384344794000071 ], [ -87.611805792999917, 13.372015692000048 ], [ -87.618560350999928, 13.372015692000048 ], [ -87.616729295999903, 13.381862697000088 ], [ -87.605580206999946, 13.406805731000077 ], [ -87.619252081999946, 13.412014065000051 ], [ -87.622425910999937, 13.423000393000052 ], [ -87.618560350999928, 13.451198635000083 ], [ -87.624012824999909, 13.46625397300005 ], [ -87.636463995999918, 13.463690497000073 ], [ -87.650380011999914, 13.452297268000052 ], [ -87.660145636999914, 13.44094472900008 ], [ -87.650990363999938, 13.412543036000045 ], [ -87.665679490999935, 13.386013088000084 ], [ -87.692779100999928, 13.366481838000084 ], [ -87.720977342999902, 13.359035549000055 ], [ -87.738880988999938, 13.362372137000079 ], [ -87.762237107999908, 13.376369533000059 ], [ -87.781361456999946, 13.382595119000086 ], [ -87.782948370999918, 13.389431057000081 ], [ -87.782948370999918, 13.396266994000086 ], [ -87.786488410999937, 13.399359442000048 ], [ -87.796254035999937, 13.39984772300005 ], [ -87.803008592999902, 13.401393947000088 ], [ -87.817168748999904, 13.40656159100007 ], [ -87.817860480999911, 13.406805731000077 ], [ -87.825713670999903, 13.411281643000052 ], [ -87.830677863999938, 13.419501044000071 ], [ -87.838286912999934, 13.44094472900008 ], [ -87.866444464999915, 13.393337307000081 ], [ -87.873768683999913, 13.365261135000083 ], [ -87.855376756999931, 13.352809963000084 ], [ -87.843617316999939, 13.348456122000073 ], [ -87.810414191999939, 13.317409572000088 ], [ -87.791533982999908, 13.304958401000079 ], [ -87.789906378999945, 13.299099026000079 ], [ -87.789906378999945, 13.287014065000051 ], [ -87.798085089999915, 13.265651760000083 ], [ -87.817982550999943, 13.250392971000053 ], [ -87.892323370999918, 13.213893947000088 ], [ -87.912464972999942, 13.198187567000048 ], [ -87.916005011999914, 13.182196356000077 ], [ -87.892933722999942, 13.166571356000077 ], [ -87.928212042999917, 13.158636786000045 ], [ -88.066029425999943, 13.167873440000051 ], [ -88.098378058999913, 13.174017645000049 ], [ -88.105213995999918, 13.174017645000049 ], [ -88.121937628999945, 13.167547919000071 ], [ -88.208282029999907, 13.160427151000079 ], [ -88.300892706999946, 13.174221096000053 ], [ -88.324940558999913, 13.166571356000077 ], [ -88.337757941999939, 13.170843817000048 ], [ -88.352284308999913, 13.174017645000049 ], [ -88.352284308999913, 13.180243231000077 ], [ -88.329701300999943, 13.181708075000074 ], [ -88.328114386999914, 13.197088934000078 ], [ -88.340199347999942, 13.216131903000075 ], [ -88.3584285149999, 13.228664455000057 ], [ -88.354481574999909, 13.220892645000049 ], [ -88.342559373999904, 13.204657294000071 ], [ -88.337920701999906, 13.194525458000044 ], [ -88.3740535149999, 13.195705471000053 ], [ -88.391753709999932, 13.193915106000077 ], [ -88.406849738999938, 13.187689520000049 ], [ -88.397206183999913, 13.183620510000083 ], [ -88.389393683999913, 13.184759833000044 ], [ -88.379994269999941, 13.187404690000051 ], [ -88.36587480399993, 13.187689520000049 ], [ -88.36587480399993, 13.180243231000077 ], [ -88.389149542999917, 13.170843817000048 ], [ -88.414824998999904, 13.171576239000046 ], [ -88.434844529999907, 13.183661200000074 ], [ -88.441029425999943, 13.208197333000044 ], [ -88.431182420999903, 13.203884182000081 ], [ -88.427357550999943, 13.201361395000049 ], [ -88.413685675999943, 13.215033270000049 ], [ -88.413685675999943, 13.221218166000085 ], [ -88.430775519999941, 13.228786526000079 ], [ -88.449574347999942, 13.254584052000041 ], [ -88.462147589999915, 13.262233791000085 ], [ -88.458770311999899, 13.247748114000046 ], [ -88.453114386999914, 13.235907294000071 ], [ -88.450184699999909, 13.225368557000081 ], [ -88.454701300999943, 13.215033270000049 ], [ -88.469227667999917, 13.223089911000045 ], [ -88.511504686999899, 13.233465887000079 ], [ -88.529774542999917, 13.242946682000081 ], [ -88.546294725999928, 13.271755276000079 ], [ -88.553985154999907, 13.276434637000079 ], [ -88.565703904999907, 13.277370510000083 ], [ -88.5986628899999, 13.283880927000041 ], [ -88.613392706999946, 13.283880927000041 ], [ -88.653920050999943, 13.276434637000079 ], [ -88.710438605999911, 13.274969794000071 ], [ -88.722767706999946, 13.269598700000074 ], [ -88.716053839999915, 13.264349677000041 ], [ -88.708729620999918, 13.260524807000081 ], [ -88.70140540299991, 13.259344794000071 ], [ -88.694854295999903, 13.262233791000085 ], [ -88.666615363999938, 13.255764065000051 ], [ -88.586333787999934, 13.264227606000077 ], [ -88.577381964999915, 13.262844143000052 ], [ -88.564483201999906, 13.256008205000057 ], [ -88.557484503999945, 13.249579169000071 ], [ -88.545033331999946, 13.234767971000053 ], [ -88.536610480999911, 13.228664455000057 ], [ -88.536610480999911, 13.221218166000085 ], [ -88.55532792899993, 13.224310614000046 ], [ -88.568959113999938, 13.226833401000079 ], [ -88.5986628899999, 13.235500393000052 ], [ -88.5986628899999, 13.228664455000057 ], [ -88.516713019999941, 13.212225653000075 ], [ -88.473907029999907, 13.198635158000059 ], [ -88.454701300999943, 13.180243231000077 ], [ -88.461699998999904, 13.16828034100007 ], [ -88.479603644999941, 13.171210028000075 ], [ -88.499541795999903, 13.181423244000086 ], [ -88.512684699999909, 13.191107489000046 ], [ -88.527455206999946, 13.198431708000044 ], [ -88.785674607999908, 13.245266018000052 ], [ -88.81663977799991, 13.25930410400008 ], [ -89.064808722999942, 13.372015692000048 ], [ -89.183501756999931, 13.443060614000046 ], [ -89.251454230999911, 13.472316799000055 ], [ -89.32485917899993, 13.489325262000079 ], [ -89.358998175999943, 13.489325262000079 ], [ -89.38499915299991, 13.495306708000044 ], [ -89.527066724999941, 13.494173340000089 ], [ -89.587790098999903, 13.508942124000043 ], [ -89.616352566999922, 13.514382675000093 ], [ -89.67976587499993, 13.534732428000041 ], [ -89.713127605999944, 13.527996506000079 ], [ -89.80804823099993, 13.526857633000077 ], [ -89.823296528999947, 13.537140191000049 ], [ -89.833376673999908, 13.573887876000072 ], [ -89.837147589999915, 13.596828518000052 ], [ -89.849662051999928, 13.606876111000076 ], [ -89.870262593999939, 13.619275773000084 ], [ -89.951318273999902, 13.664110063000066 ], [ -90.021170746999928, 13.695175041000084 ], [ -90.098306575132682, 13.731404008980572 ], [ -90.09832812399992, 13.731414130000076 ], [ -90.245553207999933, 13.79072571100005 ], [ -90.401159453999924, 13.858588018000091 ], [ -90.500208785999916, 13.894699659000082 ], [ -90.580412887999898, 13.913267343000086 ], [ -90.638018794999937, 13.922358034000069 ], [ -90.707277735999924, 13.928888581000081 ], [ -90.784614825999938, 13.921538447000046 ], [ -90.79624657599993, 13.918160508000085 ], [ -90.910333200999901, 13.911135082000044 ], [ -91.043740423999907, 13.913584837000087 ], [ -91.165760870999918, 13.926703192000048 ], [ -91.316461251999897, 13.955679359000044 ], [ -91.551869269999941, 14.05727773600006 ], [ -91.637115037999934, 14.104437567000048 ], [ -91.762557670999911, 14.180174112000088 ], [ -91.908192511999914, 14.28384023600006 ], [ -92.049590623999904, 14.408026434000078 ], [ -92.246256503999888, 14.546279476000095 ], [ -92.250762498999904, 14.550726630000042 ], [ -92.305938279999907, 14.615057684000078 ], [ -92.382069464999915, 14.684637762000079 ], [ -92.507842576999906, 14.807074286000045 ], [ -92.69985917899993, 14.999090887000079 ], [ -92.82485917899993, 15.135646877000056 ], [ -92.840606248999904, 15.161159572000088 ], [ -92.840443488999938, 15.18195221600007 ], [ -92.824004686999899, 15.172796942000048 ], [ -92.780873175999943, 15.15884023600006 ], [ -92.77212480399993, 15.150336005000042 ], [ -92.77017167899993, 15.131740627000056 ], [ -92.764027472999942, 15.112941799000055 ], [ -92.753163214999915, 15.098415432000081 ], [ -92.737416144999941, 15.092596747000073 ], [ -92.748158331999946, 15.112982489000046 ], [ -92.756337042999917, 15.154120184000078 ], [ -92.768422003999945, 15.171454169000071 ], [ -92.7822566399999, 15.179877020000049 ], [ -92.80296790299991, 15.188299872000073 ], [ -92.824330206999946, 15.192694403000075 ], [ -92.840443488999938, 15.188788153000075 ], [ -92.843169725999928, 15.205877997000073 ], [ -92.854033982999908, 15.20852285400008 ], [ -92.859730597999942, 15.201320705000057 ], [ -92.846669074999909, 15.188788153000075 ], [ -92.86351477799991, 15.191107489000046 ], [ -92.923003709999932, 15.237209377000056 ], [ -92.963775193999936, 15.253810940000051 ], [ -92.983143683999913, 15.265570380000042 ], [ -92.998199022999927, 15.293972072000088 ], [ -93.078114386999914, 15.348659572000088 ], [ -93.170033331999946, 15.448879299000055 ], [ -93.188099738999938, 15.477565822000088 ], [ -93.199615037999934, 15.490993557000081 ], [ -93.228627081999946, 15.501857815000051 ], [ -93.470814581999946, 15.70071035400008 ], [ -93.488148566999939, 15.708929755000042 ], [ -93.656035936999899, 15.839260158000059 ], [ -93.759185350999928, 15.906154690000051 ], [ -93.943389451999906, 16.010565497000073 ], [ -93.931182420999903, 16.016058661000045 ], [ -93.907093878999945, 16.014431057000081 ], [ -93.895619269999941, 16.017401434000078 ], [ -93.889068162999934, 16.006415106000077 ], [ -93.878041144999941, 16.00539785400008 ], [ -93.865386522999927, 16.012152411000045 ], [ -93.854033982999908, 16.02484772300005 ], [ -93.873931443999936, 16.048529364000046 ], [ -93.885243292999917, 16.070827541000085 ], [ -93.898101365999935, 16.088934637000079 ], [ -93.922963019999941, 16.09992096600007 ], [ -94.042632615999935, 16.12531159100007 ], [ -94.073760545999903, 16.14093659100007 ], [ -94.083607550999943, 16.148871161000045 ], [ -94.102650519999941, 16.164129950000074 ], [ -94.116363084999932, 16.17914459800005 ], [ -94.122181769999941, 16.192450262000079 ], [ -94.127837693999936, 16.220851955000057 ], [ -94.142445441999939, 16.226752020000049 ], [ -94.162261522999927, 16.219671942000048 ], [ -94.183623826999906, 16.209173895000049 ], [ -94.224232550999943, 16.203558661000045 ], [ -94.266713019999941, 16.215277411000045 ], [ -94.229172923615494, 16.708844783317033 ], [ -94.229305533365178, 16.794049919525982 ], [ -94.212331485398096, 16.852947370746339 ], [ -94.265375385295243, 16.940244309617992 ], [ -94.280227677266467, 16.968657839408909 ], [ -94.392680745048523, 17.007212181263583 ], [ -95.091136296944867, 17.102169091179118 ], [ -95.097103735683319, 17.218105493430464 ], [ -95.120443051638048, 17.280921553377492 ], [ -95.145904123588693, 17.32751318090634 ], [ -95.177730463527027, 17.361942876985701 ], [ -95.25623543537489, 17.382192619047569 ], [ -95.30079231128849, 17.408513934434762 ], [ -95.32837513923505, 17.479360158535709 ], [ -95.256898484123838, 17.548408678099911 ], [ -95.293366165303141, 17.608456968430225 ], [ -95.387784307120128, 17.635124649817694 ], [ -95.489628594922777, 17.594679229117176 ], [ -95.723021754470352, 17.511737825495796 ], [ -95.886396966153697, 17.505667452321358 ], [ -95.956414914017998, 17.574453121667172 ], [ -95.954293158022097, 17.659387547861336 ], [ -95.930953842067368, 17.754385704775931 ], [ -95.920345062087904, 17.86548973829807 ], [ -95.916101550096116, 17.968451473708832 ], [ -95.930953842067368, 18.079421420338488 ], [ -95.973388961985108, 18.113707053328341 ], [ -96.225877925495766, 18.117740216284766 ], [ -96.514436740936489, 18.099590251739823 ], [ -96.57384590882134, 18.095556671004907 ], [ -96.505949716953296, 18.192336957407214 ], [ -96.569602396829922, 18.444116356000148 ], [ -96.6035504927641, 18.494428158336646 ], [ -96.71388180455024, 18.540701969773238 ], [ -96.866648236254179, 18.524608150896452 ], [ -96.923935648143171, 18.403856300722101 ], [ -96.968492524056771, 18.299136138985329 ], [ -96.95364023208559, 18.164114909417879 ], [ -96.941645288758579, 18.107114103184635 ], [ -96.985744946410648, 18.104017403116249 ], [ -97.031805722974156, 18.088321808142542 ], [ -97.119581919821613, 18.060231449262947 ], [ -97.158690126337802, 18.030483820912448 ], [ -97.181285978991667, 17.976760094633295 ], [ -97.180416907735747, 17.932942491874456 ], [ -97.146523128754978, 17.884151647877534 ], [ -97.130879846148517, 17.843620243226759 ], [ -97.130010774892583, 17.803079606760356 ], [ -97.136094273684009, 17.760874465310568 ], [ -97.047790570225061, 17.657233854128034 ], [ -97.020608155705219, 17.662167462822971 ], [ -97.299088630165485, 17.611616852176144 ], [ -97.428383136164882, 17.551569611268409 ], [ -97.31058361249552, 17.606279134952594 ], [ -97.46922693908661, 17.810956407133418 ], [ -97.634723906765885, 17.936156194657535 ], [ -97.806586142432764, 18.065301859028089 ], [ -97.870238822309389, 18.125806263513635 ], [ -97.863873554321756, 18.196368305817167 ], [ -97.810829654424552, 18.254812371336673 ], [ -97.768394534506797, 18.303165010626234 ], [ -97.562584202905668, 18.248767344167906 ], [ -97.528636106971462, 18.21652364896654 ], [ -97.439522355144192, 18.194352643265614 ], [ -97.191276903625308, 18.158066734024835 ], [ -97.117015443769276, 18.174194736241269 ], [ -97.06184978787617, 18.248767344167906 ], [ -97.025779935946105, 18.4038563007222 ], [ -97.068215055863845, 18.480342341320728 ], [ -97.080945591839182, 18.514548744756279 ], [ -97.18278987964176, 18.578918711697199 ], [ -97.373747919271665, 18.715624122385194 ], [ -97.577436494876892, 18.737727875855704 ], [ -97.615628102802859, 18.9345242237032 ], [ -97.670793758695922, 18.990709300477707 ], [ -97.717472390605451, 19.070940803564049 ], [ -97.723837658593126, 19.111042005674495 ], [ -97.94025677017369, 19.363455305387383 ], [ -98.018761742021482, 19.443505117982653 ], [ -98.126971297811764, 19.495516343665983 ], [ -98.192745733684291, 19.473513631463224 ], [ -98.228815585614413, 19.409488761355785 ], [ -98.281859485511546, 19.377466865188868 ], [ -98.394312553293602, 19.343436702462437 ], [ -98.532226693026303, 19.365457030537883 ], [ -98.578905324935818, 19.323415643909247 ], [ -98.651045028796048, 19.285368875081634 ], [ -98.687114880726099, 19.315406533392249 ], [ -98.742280536619219, 19.377466865188868 ], [ -98.771985120561638, 19.509516512512548 ], [ -98.810176728487605, 19.525515221418722 ], [ -98.871707652368315, 19.525515221418722 ], [ -99.005378280109298, 19.459510349534863 ], [ -99.13904890785021, 19.30739703045499 ], [ -99.243014951648661, 19.17518369868451 ], [ -99.319398167500651, 19.084977329176706 ], [ -99.338493971463606, 19.038852853161913 ], [ -99.302424119533555, 18.90040262821547 ], [ -99.153901199821391, 18.822097396887891 ], [ -98.952334380212079, 18.707585677345083 ], [ -98.7571328285904, 18.560817111363676 ], [ -98.644679760808344, 18.536678657134985 ], [ -98.483426305120915, 18.524608150896576 ], [ -98.349755677379989, 18.514548744756279 ], [ -98.19698924567605, 18.419961453623316 ], [ -98.090901445881713, 18.325322129159407 ], [ -98.158797637750112, 18.252797385650958 ], [ -98.165162905737674, 18.176210631760984 ], [ -98.279737729515574, 18.170162875350066 ], [ -98.360364457359282, 18.143953510541134 ], [ -98.453721721178383, 18.091522997479689 ], [ -98.606488152882321, 18.075387375829621 ], [ -98.706210684688998, 18.093539845840013 ], [ -98.86746414037647, 18.226600445755899 ], [ -98.935360332244869, 18.343448570213202 ], [ -98.999013012121495, 18.421974491760757 ], [ -99.130561883866534, 18.478329987243782 ], [ -99.145414175837729, 18.586963250535209 ], [ -99.230284415673225, 18.693517479627566 ], [ -99.416998943311341, 18.743755670427255 ], [ -99.616444006924809, 18.743755670427255 ], [ -99.82225433852588, 18.745764887469306 ], [ -100.028064670126952, 18.711604947613267 ], [ -100.064134522057074, 18.653316190900409 ], [ -100.064134522057074, 18.574896299893723 ], [ -100.015334134151644, 18.502476676669804 ], [ -99.898637554377814, 18.490403757340371 ], [ -99.807402046554657, 18.510524816672671 ], [ -99.692827222776742, 18.562828495156896 ], [ -99.605835226945317, 18.586963250535209 ], [ -99.506112695138597, 18.582941028583598 ], [ -99.465799331216786, 18.538690325296702 ], [ -99.498752854027884, 18.450351103420047 ], [ -99.739108025436991, 18.28654531133083 ], [ -99.951283625025781, 18.204682667433538 ], [ -100.001012281179413, 18.163736904591804 ], [ -100.057371424820133, 17.987245618435409 ], [ -100.143567762153083, 17.917861331816297 ], [ -100.239709830716748, 17.990398802402787 ], [ -100.259601293178207, 18.103875829579803 ], [ -100.196611662050287, 18.154286518063852 ], [ -100.176720199588829, 18.261360913380198 ], [ -100.176720199588829, 18.330609204092386 ], [ -100.236394586973177, 18.355783533283432 ], [ -100.3424823867676, 18.475311411843148 ], [ -100.422048236613335, 18.377808061351754 ], [ -100.481722623997697, 18.330609204092386 ], [ -100.475092136510554, 18.258212606678846 ], [ -100.554657986356318, 17.927324427857322 ], [ -100.58781042379205, 17.797951782827813 ], [ -100.541397011382045, 17.662167462823227 ], [ -100.541397011382045, 17.576855090313408 ], [ -100.574549448817777, 17.406109740755809 ], [ -100.650800054919969, 17.279528687248657 ], [ -100.780018683999913, 17.180446682000081 ], [ -100.833892381999931, 17.19875722900008 ], [ -100.900030659999913, 17.217139055000075 ], [ -100.955613702999926, 17.236859073000062 ], [ -101.008239833999937, 17.252975908000053 ], [ -101.042814466999914, 17.270202205000089 ], [ -101.059028658999921, 17.264237103000085 ], [ -101.065104986999927, 17.276008235000063 ], [ -101.053698969999914, 17.282743480000079 ], [ -101.055083787999934, 17.302639065000051 ], [ -101.07332806799991, 17.320846334000066 ], [ -101.105081975999894, 17.350309737000089 ], [ -101.171820129999901, 17.389791402000071 ], [ -101.182245177999903, 17.412536007000085 ], [ -101.263091600999928, 17.456203518000052 ], [ -101.346428524999908, 17.485192260000076 ], [ -101.393764353999927, 17.506277118000071 ], [ -101.455773482999916, 17.526338059000068 ], [ -101.456838236999943, 17.53735030200005 ], [ -101.443189283999914, 17.539348579000091 ], [ -101.440703904999907, 17.557155666000085 ], [ -101.448669892999931, 17.570327239000051 ], [ -101.458140201999925, 17.583342949000041 ], [ -101.496490838999932, 17.614406361000079 ], [ -101.525866466999901, 17.618392867000068 ], [ -101.55314003399991, 17.611375722000048 ], [ -101.557319554999935, 17.625390196000069 ], [ -101.569897574999914, 17.62538393300008 ], [ -101.579347770999902, 17.636367233000044 ], [ -101.595127523999906, 17.635342863000062 ], [ -101.599337254999909, 17.653338538000071 ], [ -101.615086737999945, 17.660323159000086 ], [ -101.644487155999911, 17.668293558000073 ], [ -101.6476665429999, 17.70528382100008 ], [ -101.671889515999908, 17.740270089000092 ], [ -101.69819797699995, 17.757255543000042 ], [ -101.745539772999905, 17.792204006000077 ], [ -101.756337042999917, 17.816839911000045 ], [ -101.770910540999921, 17.829232578000074 ], [ -101.773027287999923, 17.848224967000078 ], [ -101.811061034999909, 17.890259920000062 ], [ -101.856183628999929, 17.909494918000064 ], [ -101.870911746999923, 17.915455892000068 ], [ -101.9319627779999, 17.950341514000058 ], [ -101.989877479999905, 17.974750847000053 ], [ -102.036732550999943, 17.990668036000045 ], [ -102.100477197999908, 17.982327023000039 ], [ -102.10987181999991, 17.965296239000054 ], [ -102.129799442999911, 17.951220542000044 ], [ -102.145492583999896, 17.934168580000062 ], [ -102.162280396999904, 17.925101619000088 ], [ -102.175915216999897, 17.917046981000055 ], [ -102.190628782999909, 17.915988111000047 ], [ -102.229592779999905, 17.93283249600006 ], [ -102.288590772999896, 17.961586612000076 ], [ -102.420765753999945, 17.997992255000042 ], [ -102.475081777999947, 18.01777694000009 ], [ -102.514033286999904, 18.020574393000061 ], [ -102.597246635999909, 18.049051098000064 ], [ -102.691273566999939, 18.056708075000074 ], [ -102.742298956999946, 18.066961981000077 ], [ -102.879424607999908, 18.122137762000079 ], [ -102.973156750999919, 18.166219266000041 ], [ -103.0244441399999, 18.185817776000079 ], [ -103.059731178999925, 18.187544996000042 ], [ -103.113468559999944, 18.192098239000074 ], [ -103.125223007999921, 18.206007525000075 ], [ -103.140939685999911, 18.201865421000036 ], [ -103.221245369999906, 18.234141987000044 ], [ -103.239116902999911, 18.231980999000086 ], [ -103.291900170999895, 18.249476381000079 ], [ -103.308735473999945, 18.259273287000042 ], [ -103.343666994999921, 18.270956281000053 ], [ -103.36164018799991, 18.26682016400008 ], [ -103.379681483999946, 18.278645593000078 ], [ -103.424161771999934, 18.303190434000044 ], [ -103.498399655999947, 18.333482650000064 ], [ -103.523140580999893, 18.37623900400007 ], [ -103.575103318999936, 18.492254950000074 ], [ -103.610951300999943, 18.531154690000051 ], [ -103.619252081999946, 18.536932684000078 ], [ -103.629025162999937, 18.547985243000085 ], [ -103.644016228999931, 18.558888698000089 ], [ -103.662171474999923, 18.570743295000057 ], [ -103.693041489999928, 18.588434127000085 ], [ -103.706736842999931, 18.591220790000079 ], [ -103.710019870999929, 18.601175565000062 ], [ -103.686228437999944, 18.628552100000036 ], [ -103.700174578999906, 18.654327414000079 ], [ -103.734350684999924, 18.682946300000083 ], [ -103.794276920999948, 18.741248337000059 ], [ -103.953177503999939, 18.84927311000007 ], [ -103.979977026999904, 18.874937644000056 ], [ -104.090728318999936, 18.928290106000077 ], [ -104.180605762999903, 18.971381044000054 ], [ -104.241244327999937, 18.991548012000067 ], [ -104.272095355999909, 19.00211132000004 ], [ -104.294437337999909, 19.00978783700009 ], [ -104.315707126999939, 19.016495807000069 ], [ -104.331668067999942, 19.022256479000077 ], [ -104.329012039999895, 19.053298894000079 ], [ -104.30685922899994, 19.056648802000041 ], [ -104.299607507999895, 19.06575494100008 ], [ -104.304102066999917, 19.081682405000038 ], [ -104.328721096999914, 19.099297143000058 ], [ -104.340392564999945, 19.101121934000048 ], [ -104.350805578999939, 19.090964509000059 ], [ -104.356162811999923, 19.094884229000058 ], [ -104.354332326999895, 19.111912810000092 ], [ -104.368187294999927, 19.117704483000068 ], [ -104.38613870599994, 19.115432845000043 ], [ -104.3934260609999, 19.108322420000036 ], [ -104.390002428999935, 19.093372238000086 ], [ -104.398432989999947, 19.091243324000061 ], [ -104.405988137999941, 19.100129920000086 ], [ -104.415801561999899, 19.105658270000049 ], [ -104.427016591999916, 19.091804806000084 ], [ -104.439547943999912, 19.081607217000055 ], [ -104.451577050999902, 19.104426119000038 ], [ -104.486439581999946, 19.11867910400008 ], [ -104.503814256999931, 19.129665432000081 ], [ -104.592559373999904, 19.149603583000044 ], [ -104.636016404999907, 19.159369208000044 ], [ -104.672963019999941, 19.176581122000073 ], [ -104.683990037999934, 19.183498440000051 ], [ -104.688750779999907, 19.194118557000081 ], [ -104.691924607999908, 19.207586981000077 ], [ -104.700103318999936, 19.210353908000059 ], [ -104.71117102799991, 19.209377346000053 ], [ -104.72288977799991, 19.211493231000077 ], [ -104.730336066999939, 19.218085028000075 ], [ -104.731434699999909, 19.223781643000052 ], [ -104.733550584999932, 19.228461005000042 ], [ -104.744007941999939, 19.23196035400008 ], [ -104.750843878999945, 19.231512762000079 ], [ -104.778106248999904, 19.225165106000077 ], [ -104.799672003999945, 19.224554755000042 ], [ -104.806914842999902, 19.229071356000077 ], [ -104.804839647999927, 19.255886135000083 ], [ -104.799102342999902, 19.283107815000051 ], [ -104.80142167899993, 19.294745184000078 ], [ -104.815703904999907, 19.299627997000073 ], [ -104.825835740999935, 19.297552802000041 ], [ -104.841908331999946, 19.28860097900008 ], [ -104.849517381999931, 19.28656647300005 ], [ -104.859120245999918, 19.288112697000088 ], [ -104.866200324999909, 19.289984442000048 ], [ -104.872588670999903, 19.288356838000084 ], [ -104.880523240999935, 19.279120184000078 ], [ -104.957875128999945, 19.318060614000046 ], [ -104.993641730999911, 19.342189846000053 ], [ -105.017119920999903, 19.368475653000075 ], [ -105.028716600999928, 19.414862372000073 ], [ -105.039336717999902, 19.435614325000074 ], [ -105.070098436999899, 19.447780666000085 ], [ -105.070464647999927, 19.456244208000044 ], [ -105.065541144999941, 19.475002346000053 ], [ -105.068104620999918, 19.485419012000079 ], [ -105.074126756999931, 19.493109442000048 ], [ -105.080922003999945, 19.499416408000059 ], [ -105.085967576999906, 19.505682684000078 ], [ -105.087710059999949, 19.561072501000069 ], [ -105.116919830999905, 19.585563520000051 ], [ -105.130157029999907, 19.586452541000085 ], [ -105.142852342999902, 19.583034572000088 ], [ -105.151844855999911, 19.584173895000049 ], [ -105.170684373999904, 19.602240302000041 ], [ -105.18968665299991, 19.614935614000046 ], [ -105.250762498999904, 19.666083075000074 ], [ -105.298329230999911, 19.718573309000078 ], [ -105.351673956999946, 19.804470119000086 ], [ -105.381459113999938, 19.834051825000074 ], [ -105.388417120999918, 19.852362372000073 ], [ -105.3994441399999, 19.865057684000078 ], [ -105.428618943999936, 19.88930898600006 ], [ -105.441558397999927, 19.906439520000049 ], [ -105.466664191999939, 19.950344143000052 ], [ -105.52562415299991, 20.031927802000041 ], [ -105.531646287999934, 20.050604559000078 ], [ -105.533802863999938, 20.061794338000084 ], [ -105.54320227799991, 20.080511786000045 ], [ -105.545318162999934, 20.091620184000078 ], [ -105.545318162999934, 20.135687567000048 ], [ -105.553212042999917, 20.20148346600007 ], [ -105.558949347999942, 20.21820709800005 ], [ -105.566680467999902, 20.227362372000073 ], [ -105.583973761999914, 20.23773834800005 ], [ -105.593129035999937, 20.24555084800005 ], [ -105.608794725999928, 20.27289459800005 ], [ -105.628570115999935, 20.299994208000044 ], [ -105.655651771999942, 20.31318116500006 ], [ -105.6753734589999, 20.352666101000068 ], [ -105.690237048999904, 20.384866143000067 ], [ -105.698681424999904, 20.406910593000077 ], [ -105.683094855999911, 20.423651434000078 ], [ -105.575591600999928, 20.48773834800005 ], [ -105.530804634999924, 20.49319459600008 ], [ -105.460438605999911, 20.492621161000045 ], [ -105.446034308999913, 20.496283270000049 ], [ -105.429188605999911, 20.505926825000074 ], [ -105.359730597999942, 20.512477932000081 ], [ -105.328734368999903, 20.513738192000062 ], [ -105.300952380999945, 20.531843742000092 ], [ -105.287039432999904, 20.549929315000043 ], [ -105.266719036999916, 20.557583699000077 ], [ -105.255360480999911, 20.57062409100007 ], [ -105.243641730999911, 20.583563544000071 ], [ -105.236805792999917, 20.602443752000056 ], [ -105.23429574499994, 20.636126945000058 ], [ -105.253669802999923, 20.656139256000074 ], [ -105.283801131999894, 20.670049756000083 ], [ -105.310223369999903, 20.727212975000043 ], [ -105.341525836999949, 20.75463932200006 ], [ -105.361561242999926, 20.762750917000062 ], [ -105.369586023999943, 20.755008383000074 ], [ -105.388360354999918, 20.739463262000072 ], [ -105.410907416999919, 20.733998547000056 ], [ -105.441971561999935, 20.748710403000075 ], [ -105.478329422999934, 20.751480598000057 ], [ -105.514122337999936, 20.770333116000074 ], [ -105.532875343999933, 20.756447104000074 ], [ -105.544895595999947, 20.768096240000091 ], [ -105.535139390999916, 20.778437288000077 ], [ -105.523583232999897, 20.789655700000083 ], [ -105.514485322999917, 20.78811999900006 ], [ -105.504448109999942, 20.784905964000075 ], [ -105.486534771999914, 20.79622291700008 ], [ -105.475493943999936, 20.820379950000074 ], [ -105.466442730999916, 20.834674219000078 ], [ -105.459603827999899, 20.855950046000089 ], [ -105.45528530699994, 20.867022744000053 ], [ -105.449086066999939, 20.873073635000083 ], [ -105.439926180999919, 20.871435320000046 ], [ -105.424918981999895, 20.889572686000065 ], [ -105.403940964999947, 20.928942248000055 ], [ -105.370869740999922, 20.954080460000057 ], [ -105.358237851999945, 20.957733546000043 ], [ -105.3512222519999, 20.970605032000037 ], [ -105.334254864999934, 20.985321139000064 ], [ -105.325591600999928, 21.002956447000088 ], [ -105.318714972999942, 21.017401434000078 ], [ -105.309681769999941, 21.030666408000059 ], [ -105.29884992399991, 21.034280200000069 ], [ -105.291457056999946, 21.026713996000069 ], [ -105.279644656999949, 21.026044217000049 ], [ -105.270558674999904, 21.025322774000074 ], [ -105.249972304999915, 21.043563637000091 ], [ -105.234326939999903, 21.06096569500005 ], [ -105.230333350999899, 21.090671234000069 ], [ -105.232631828999899, 21.116901262000056 ], [ -105.239248279999913, 21.131198091000044 ], [ -105.229700867999895, 21.155067233000068 ], [ -105.2329364819999, 21.182952219000072 ], [ -105.216080872999896, 21.204378830000053 ], [ -105.225700313999937, 21.283876130000067 ], [ -105.243138396999939, 21.342063624000048 ], [ -105.230498826999906, 21.388617255000042 ], [ -105.2197566399999, 21.407497463000084 ], [ -105.202898429999948, 21.434747136000055 ], [ -105.184966600999928, 21.443019924000055 ], [ -105.186634894999941, 21.453395901000079 ], [ -105.195830857999908, 21.472683010000083 ], [ -105.200062628999945, 21.492865302000041 ], [ -105.207864426999947, 21.505802134000078 ], [ -105.217559373999904, 21.517238674000055 ], [ -105.230082140999912, 21.524914638000041 ], [ -105.243765794999945, 21.527245425000046 ], [ -105.249886185999912, 21.514455050000038 ], [ -105.263503836999917, 21.513401466000062 ], [ -105.281035936999899, 21.528387762000079 ], [ -105.319638436999924, 21.545545502000039 ], [ -105.391387498999904, 21.58930084800005 ], [ -105.41407821699994, 21.601113012000042 ], [ -105.448417454999912, 21.631031866000058 ], [ -105.462906370999917, 21.671449576000043 ], [ -105.549386775999949, 21.830182474000082 ], [ -105.632263597999895, 21.955736959000092 ], [ -105.648774935999938, 21.992321970000091 ], [ -105.657260882999935, 22.04725290500005 ], [ -105.647663856999941, 22.190607774000057 ], [ -105.655031639999947, 22.256298129000072 ], [ -105.68209154199991, 22.346777266000061 ], [ -105.706221282999934, 22.421368276000067 ], [ -105.720082160999937, 22.472927151000079 ], [ -105.732696092999902, 22.504055080000057 ], [ -105.716664191999939, 22.514186916000085 ], [ -105.723540818999936, 22.528387762000079 ], [ -105.732451951999906, 22.541449286000045 ], [ -105.741932745999918, 22.546087958000044 ], [ -105.750762498999904, 22.53461334800005 ], [ -105.757598436999899, 22.53461334800005 ], [ -105.766957160999937, 22.59048086100006 ], [ -105.800160285999937, 22.638454494000086 ], [ -105.881133592999902, 22.712795315000051 ], [ -105.925445115999935, 22.766140041000085 ], [ -105.942534959999932, 22.781683661000045 ], [ -105.984486456999946, 22.805975653000075 ], [ -105.990996873999904, 22.812079169000071 ], [ -105.992909308999913, 22.815375067000048 ], [ -105.997181769999941, 22.81867096600007 ], [ -106.001616990999935, 22.823187567000048 ], [ -106.004017706999946, 22.830104885000083 ], [ -105.984120245999918, 22.856756903000075 ], [ -105.997792120999918, 22.854518947000088 ], [ -106.010161912999934, 22.848944403000075 ], [ -106.021514451999906, 22.840643622000073 ], [ -106.031971808999913, 22.830104885000083 ], [ -106.220326300999943, 23.051947333000044 ], [ -106.22874915299991, 23.05805084800005 ], [ -106.2471003899999, 23.064032294000071 ], [ -106.257842576999906, 23.069037177000041 ], [ -106.277333136999914, 23.083685614000046 ], [ -106.370838995999918, 23.183986721000053 ], [ -106.388213670999903, 23.192572333000044 ], [ -106.400176561999899, 23.19009023600006 ], [ -106.410064256999931, 23.183661200000074 ], [ -106.419341600999928, 23.179877020000049 ], [ -106.429798956999946, 23.185126044000071 ], [ -106.431752081999946, 23.193182684000078 ], [ -106.429798956999946, 23.230414130000042 ], [ -106.435170050999943, 23.244289455000057 ], [ -106.470733201999906, 23.294989325000074 ], [ -106.486927863999938, 23.307684637000079 ], [ -106.489369269999941, 23.314520575000074 ], [ -106.476958787999934, 23.322292385000083 ], [ -106.478505011999914, 23.328395901000079 ], [ -106.481312628999945, 23.333929755000042 ], [ -106.4853816399999, 23.338934637000079 ], [ -106.48656165299991, 23.339911200000074 ], [ -106.522816535999937, 23.407538153000075 ], [ -106.535633917999917, 23.418524481000077 ], [ -106.552723761999914, 23.423529364000046 ], [ -106.571400519999941, 23.435329494000086 ], [ -106.611846482999908, 23.46906159100007 ], [ -106.616485154999907, 23.473944403000075 ], [ -106.621571417999917, 23.480617580000057 ], [ -106.632476365999935, 23.504787502000056 ], [ -106.640410936999899, 23.516546942000048 ], [ -106.666533982999908, 23.52875397300005 ], [ -106.681426561999899, 23.545436916000085 ], [ -106.703521287999934, 23.57680898600006 ], [ -106.732574022999927, 23.606512762000079 ], [ -106.750599738999938, 23.618923244000086 ], [ -106.793242967999902, 23.63235097900008 ], [ -106.804066535999937, 23.65265534100007 ], [ -106.813384568999936, 23.699652411000045 ], [ -106.826527472999942, 23.717718817000048 ], [ -106.8447566399999, 23.735541083000044 ], [ -106.860991990999935, 23.755153713000084 ], [ -106.873321092999902, 23.79828522300005 ], [ -106.902007615999935, 23.846625067000048 ], [ -107.035878058999913, 23.98078034100007 ], [ -107.084868943999936, 24.01508209800005 ], [ -107.10415605399993, 24.02179596600007 ], [ -107.116932745999918, 24.029201565000051 ], [ -107.169667120999918, 24.076442776000079 ], [ -107.312977667999917, 24.16632721600007 ], [ -107.377756313999896, 24.206854559000078 ], [ -107.388783331999946, 24.217352606000077 ], [ -107.392893032999893, 24.241156317000048 ], [ -107.404286261999914, 24.252508856000077 ], [ -107.443430141999897, 24.268255927000041 ], [ -107.480865037999934, 24.293402411000045 ], [ -107.54320227799991, 24.346584377000056 ], [ -107.775013800999943, 24.477443752000056 ], [ -107.792347785999937, 24.494045315000051 ], [ -107.799672003999945, 24.512152411000045 ], [ -107.796742316999939, 24.522650458000044 ], [ -107.789906378999945, 24.523016669000071 ], [ -107.78189042899993, 24.518011786000045 ], [ -107.775461391999897, 24.512152411000045 ], [ -107.772531704999949, 24.507554429000038 ], [ -107.771473761999914, 24.502386786000045 ], [ -107.77171790299991, 24.491034247000073 ], [ -107.769154425999943, 24.489325262000079 ], [ -107.690541144999941, 24.44953034100007 ], [ -107.680165167999917, 24.446966864000046 ], [ -107.541493292999917, 24.365057684000078 ], [ -107.52603105399993, 24.358221747000073 ], [ -107.514881964999915, 24.351996161000045 ], [ -107.498036261999914, 24.343939520000049 ], [ -107.508900519999941, 24.352606512000079 ], [ -107.538441535999937, 24.369370835000041 ], [ -107.553293423999946, 24.378078518000052 ], [ -107.549672003999945, 24.387884833000044 ], [ -107.530751105999911, 24.380113023000035 ], [ -107.498036261999914, 24.357611395000049 ], [ -107.49673417899993, 24.360825914000088 ], [ -107.493031378999945, 24.366766669000071 ], [ -107.491810675999943, 24.370591539000088 ], [ -107.495106574999909, 24.370794989000046 ], [ -107.50218665299991, 24.370184637000079 ], [ -107.505482550999943, 24.370591539000088 ], [ -107.495106574999909, 24.382228908000059 ], [ -107.485096808999913, 24.389878648000035 ], [ -107.478260870999918, 24.400091864000046 ], [ -107.477528449999909, 24.419094143000052 ], [ -107.481800910999937, 24.432847398000035 ], [ -107.519195115999935, 24.511379299000055 ], [ -107.529693162999934, 24.521918036000045 ], [ -107.546457485999895, 24.528957424000055 ], [ -107.563384568999936, 24.530666408000059 ], [ -107.579416469999899, 24.527573960000041 ], [ -107.592640753999945, 24.520086981000077 ], [ -107.601673956999946, 24.50844961100006 ], [ -107.587554490999935, 24.505438544000071 ], [ -107.560902472999942, 24.514960028000075 ], [ -107.553293423999946, 24.50844961100006 ], [ -107.557525193999936, 24.499497789000088 ], [ -107.584095831999946, 24.47492096600007 ], [ -107.594227667999917, 24.467474677000041 ], [ -107.624134894999941, 24.458482164000088 ], [ -107.642201300999943, 24.470200914000088 ], [ -107.656849738999938, 24.489081122000073 ], [ -107.676747199999909, 24.501613674000055 ], [ -107.696441209999932, 24.490139065000051 ], [ -107.704090949999909, 24.487941799000055 ], [ -107.711740688999896, 24.489203192000048 ], [ -107.718820766999897, 24.492377020000049 ], [ -107.739125128999945, 24.50726959800005 ], [ -107.745025193999936, 24.515855210000041 ], [ -107.747222459999932, 24.52212148600006 ], [ -107.74828040299991, 24.53546784100007 ], [ -107.751861131999931, 24.542547919000071 ], [ -107.758168097999942, 24.547796942000048 ], [ -107.772694464999915, 24.552923895000049 ], [ -107.779164191999939, 24.556219794000071 ], [ -107.82054602799991, 24.59516022300005 ], [ -107.832875128999945, 24.598700262000079 ], [ -107.848052537999934, 24.590318101000037 ], [ -107.867095506999931, 24.608221747000073 ], [ -107.889027472999942, 24.62376536700009 ], [ -107.912709113999938, 24.634670315000051 ], [ -107.936838344999899, 24.638820705000057 ], [ -107.932484503999945, 24.628241278000075 ], [ -107.924794074999909, 24.620998440000051 ], [ -107.909535285999937, 24.610825914000088 ], [ -107.878529425999943, 24.579820054000038 ], [ -107.861683722999942, 24.56712474200009 ], [ -107.819081183999913, 24.544419664000088 ], [ -107.806507941999939, 24.528957424000055 ], [ -107.833892381999931, 24.535223700000074 ], [ -107.908558722999942, 24.577866929000038 ], [ -107.995187954999949, 24.648382880000042 ], [ -108.004709438999896, 24.661810614000046 ], [ -108.008615688999896, 24.677232164000088 ], [ -108.013172980999911, 24.713853257000039 ], [ -108.018869594999899, 24.730861721000053 ], [ -108.027943488999938, 24.748928127000056 ], [ -108.038929816999939, 24.763251044000071 ], [ -108.050119594999899, 24.769110419000071 ], [ -108.054514126999948, 24.772284247000073 ], [ -108.058705206999946, 24.779364325000074 ], [ -108.060292120999918, 24.786444403000075 ], [ -108.056630011999914, 24.789618231000077 ], [ -108.045725063999896, 24.788478908000059 ], [ -108.036203579999949, 24.785223700000074 ], [ -108.018788214999915, 24.775336005000042 ], [ -108.011057094999899, 24.768540757000039 ], [ -107.994862433999913, 24.758042710000041 ], [ -107.978871222999942, 24.756984768000052 ], [ -107.971587693999936, 24.77875397300005 ], [ -107.976307745999918, 24.796779690000051 ], [ -107.987538214999915, 24.814601955000057 ], [ -108.001210089999915, 24.828924872000073 ], [ -108.013172980999911, 24.836818752000056 ], [ -108.000843878999945, 24.847642320000091 ], [ -107.999501105999911, 24.86359284100007 ], [ -108.005726691999939, 24.898871161000045 ], [ -108.004261847999942, 24.914618231000077 ], [ -107.999867316999939, 24.927639065000051 ], [ -107.985218878999945, 24.95343659100007 ], [ -107.996571417999917, 24.967840887000079 ], [ -108.036122199999909, 24.998480536000045 ], [ -108.048695441999939, 25.001450914000088 ], [ -108.049183722999942, 24.982611395000049 ], [ -108.036488410999937, 24.929103908000059 ], [ -108.033802863999938, 24.923773505000042 ], [ -108.032338019999941, 24.917954820000091 ], [ -108.032378709999932, 24.90501536700009 ], [ -108.038807745999918, 24.872992255000042 ], [ -108.041127081999946, 24.838364976000037 ], [ -108.044178839999915, 24.827622789000088 ], [ -108.050119594999899, 24.823146877000056 ], [ -108.056630011999914, 24.82367584800005 ], [ -108.061350063999896, 24.825588283000059 ], [ -108.065419074999909, 24.82884349200009 ], [ -108.070301886999914, 24.833685614000046 ], [ -108.077748175999943, 24.837795315000051 ], [ -108.080799933999913, 24.832953192000048 ], [ -108.082915818999936, 24.825873114000046 ], [ -108.087635870999918, 24.823146877000056 ], [ -108.124379035999937, 24.844549872000073 ], [ -108.155588344999899, 24.883002020000049 ], [ -108.234120245999918, 25.028387762000079 ], [ -108.257801886999914, 25.056341864000046 ], [ -108.293120897999927, 25.083807684000078 ], [ -108.312611456999946, 25.09243398600006 ], [ -108.322255011999914, 25.099514065000051 ], [ -108.327870245999918, 25.111151434000078 ], [ -108.306263800999943, 25.111314195000091 ], [ -108.283802863999938, 25.106838283000059 ], [ -108.266184048999946, 25.096869208000044 ], [ -108.258941209999932, 25.08038971600007 ], [ -108.19749915299991, 25.014878648000035 ], [ -108.186390753999945, 24.986558335000041 ], [ -108.183257615999935, 24.981390692000048 ], [ -108.177479620999918, 24.980698960000041 ], [ -108.171376105999911, 24.98314036700009 ], [ -108.166330532999893, 24.986314195000091 ], [ -108.163400844999899, 24.987616278000075 ], [ -108.144357876999948, 24.975775458000044 ], [ -108.139149542999917, 24.973944403000075 ], [ -108.130604620999918, 24.976792710000041 ], [ -108.127756313999896, 24.984198309000078 ], [ -108.128651495999918, 25.00531647300005 ], [ -108.132476365999935, 25.019354559000078 ], [ -108.141916469999899, 25.019191799000055 ], [ -108.153309699999909, 25.016302802000041 ], [ -108.163400844999899, 25.022365627000056 ], [ -108.162587042999917, 25.028509833000044 ], [ -108.15257727799991, 25.045884507000039 ], [ -108.14907792899993, 25.05023834800005 ], [ -108.140695766999897, 25.057684637000079 ], [ -108.136789516999897, 25.059963283000059 ], [ -108.133168097999942, 25.056382554000038 ], [ -108.125559048999946, 25.046576239000046 ], [ -108.105539516999897, 25.026922919000071 ], [ -108.089019334999932, 25.019517320000091 ], [ -108.046701626999948, 25.014878648000035 ], [ -108.013172980999911, 25.001898505000042 ], [ -108.004750128999945, 25.009507554000038 ], [ -108.001698370999918, 25.020982164000088 ], [ -108.003529425999943, 25.031439520000049 ], [ -108.106922980999911, 25.116929429000038 ], [ -108.119536912999934, 25.123480536000045 ], [ -107.955698401999925, 25.38014929100007 ], [ -107.586848848999978, 25.785952550000037 ], [ -107.591145791999963, 25.944939426000076 ], [ -107.69856935699994, 26.065253819000073 ], [ -107.737241839999953, 26.254319293000027 ], [ -107.793102093999934, 26.409009227000066 ], [ -108.029433936999951, 26.593777759000023 ], [ -108.175529984999969, 26.774249348000069 ], [ -108.338813803999969, 26.920345397000062 ], [ -108.54936399199994, 27.160974182000064 ], [ -108.721241695999979, 27.341445771000046 ], [ -108.923197997999964, 27.491838763000029 ], [ -109.052106275999947, 27.659419524000036 ], [ -109.322813659999952, 27.865672769000067 ], [ -109.615005756999949, 27.934423850000034 ], [ -109.597817985999924, 28.067629071000056 ], [ -109.623599642, 28.162161808000057 ], [ -109.627896584999959, 28.346930340000025 ], [ -109.705241550999958, 28.458650848000051 ], [ -109.795477345999984, 28.50591721600005 ], [ -109.915791738999985, 28.52740192900006 ], [ -110.186499122999976, 28.52740192900006 ], [ -110.384158481999961, 28.518808044000011 ], [ -110.573223956999968, 28.480135561000061 ], [ -110.68494446399994, 28.437166135000034 ], [ -110.822446627999966, 28.35982116800005 ], [ -110.895494651999968, 28.235209833000042 ], [ -110.929870192999928, 28.089113784000062 ], [ -110.955393032999893, 27.936468817000048 ], [ -110.975941535999937, 27.952134507000039 ], [ -110.999256964999915, 27.964056708000044 ], [ -111.021021836999921, 27.961886265000089 ], [ -111.040561320999927, 27.955910476000042 ], [ -111.059145689999923, 27.937017087000072 ], [ -111.087448422999898, 27.936204641000074 ], [ -111.105025249999926, 27.935372175000055 ], [ -111.102087924999921, 27.94483826700008 ], [ -111.095236472999943, 27.951711511000042 ], [ -111.1039952779999, 27.962050585000043 ], [ -111.118644310999912, 27.969824937000055 ], [ -111.128443255999912, 27.968989087000068 ], [ -111.142592843999921, 27.984057328000063 ], [ -111.17179953099992, 27.99008703800007 ], [ -111.183473949999893, 28.006418425000049 ], [ -111.198070165999923, 28.02186669300005 ], [ -111.220463743999915, 28.044274 ], [ -111.250662023999894, 28.052012803000082 ], [ -111.263337588999946, 28.07351772800007 ], [ -111.281835904999923, 28.091529312000091 ], [ -111.300371777999942, 28.129349264000041 ], [ -111.332648271999915, 28.160407105000047 ], [ -111.340443488999938, 28.205267645000049 ], [ -111.349354620999918, 28.215765692000048 ], [ -111.352447068999936, 28.216538804000038 ], [ -111.366769985999895, 28.215765692000048 ], [ -111.372792120999918, 28.217718817000048 ], [ -111.375599738999938, 28.222316799000055 ], [ -111.377308722999942, 28.227932033000059 ], [ -111.384836391999897, 28.24164459800005 ], [ -111.388335740999935, 28.263373114000046 ], [ -111.394113735999895, 28.273830471000053 ], [ -111.438832160999937, 28.308498440000051 ], [ -111.451771613999938, 28.32562897300005 ], [ -111.458322719999899, 28.347235419000071 ], [ -111.452056443999936, 28.35883209800005 ], [ -111.442290818999936, 28.369289455000057 ], [ -111.43814042899993, 28.387111721000053 ], [ -111.473500128999945, 28.381048895000049 ], [ -111.516224738999938, 28.393784898000035 ], [ -111.586204025999905, 28.415414668000039 ], [ -111.649541033999924, 28.444398917000058 ], [ -111.673672163999925, 28.452284864000035 ], [ -111.697796946999915, 28.457520444000068 ], [ -111.708354096999926, 28.460141185000055 ], [ -111.723638109999911, 28.50120129700008 ], [ -111.741943196999898, 28.539617281000062 ], [ -111.760609503999945, 28.583970445000091 ], [ -111.920399542999917, 28.720038153000075 ], [ -111.940072155999928, 28.746447444000069 ], [ -111.949379798999928, 28.756513934000054 ], [ -111.945082484999944, 28.763422516000048 ], [ -111.93290793299991, 28.763408887000082 ], [ -111.921447259999923, 28.767792578000069 ], [ -111.90353532599994, 28.779704056000071 ], [ -111.894357876999948, 28.780666408000059 ], [ -111.88735917899993, 28.770900783000059 ], [ -111.882313605999911, 28.760809637000079 ], [ -111.876372850999928, 28.752834377000056 ], [ -111.867054816999939, 28.749579169000071 ], [ -111.861195441999939, 28.753241278000075 ], [ -111.857492641999897, 28.762274481000077 ], [ -111.856027798999946, 28.773627020000049 ], [ -111.857085740999935, 28.784369208000044 ], [ -111.868234829999949, 28.803127346000053 ], [ -111.776367884999942, 28.935611477000055 ], [ -111.793555655999967, 29.051628927000014 ], [ -111.90527616299994, 29.150458607000068 ], [ -112.051372212, 29.116083066000037 ], [ -112.170918195999946, 29.047161802000062 ], [ -112.173087584999905, 29.070372575000079 ], [ -112.186017461999938, 29.074745442000051 ], [ -112.183871996999926, 29.08415728600005 ], [ -112.17383930099993, 29.098593563000065 ], [ -112.164947068999936, 29.109930731000077 ], [ -112.166127081999946, 29.120428778000075 ], [ -112.177468909999902, 29.140602336000086 ], [ -112.194752794999943, 29.157518750000065 ], [ -112.191147641999919, 29.166919730000075 ], [ -112.209136522999927, 29.180975653000075 ], [ -112.227040167999917, 29.188421942000048 ], [ -112.213584152999942, 29.227754780000055 ], [ -112.211424803999932, 29.252807880000034 ], [ -112.224465065999937, 29.280427663000069 ], [ -112.239453327999911, 29.315336646000048 ], [ -112.263473881999914, 29.329980488000047 ], [ -112.314001748999942, 29.330542532000038 ], [ -112.323347682999895, 29.326753219000068 ], [ -112.330527549999942, 29.321086728000068 ], [ -112.332142706999946, 29.316351630000042 ], [ -112.329457160999937, 29.308254299000055 ], [ -112.333078579999949, 29.296535549000055 ], [ -112.341297980999911, 29.300930080000057 ], [ -112.356760219999899, 29.318793036000045 ], [ -112.393889440999942, 29.332826061000048 ], [ -112.41122409299993, 29.344728143000054 ], [ -112.419822299999908, 29.37590965000004 ], [ -112.407378709999932, 29.404364325000074 ], [ -112.385365363999938, 29.443182684000078 ], [ -112.377837693999936, 29.462795315000051 ], [ -112.377753811999924, 29.485729055000036 ], [ -112.387149966999914, 29.498274969000079 ], [ -112.408037089999937, 29.502706999000054 ], [ -112.419598590999897, 29.510208876000036 ], [ -112.430452376999938, 29.520222293000074 ], [ -112.42909280899994, 29.541564114000039 ], [ -112.431996222999942, 29.56118398600006 ], [ -112.466623501999948, 29.585638739000046 ], [ -112.505971709999926, 29.616918785000053 ], [ -112.530873175999943, 29.676011460000041 ], [ -112.535878058999913, 29.68821849200009 ], [ -112.543771938999896, 29.698228257000039 ], [ -112.560475967999935, 29.696341251000035 ], [ -112.580189581999946, 29.718003648000035 ], [ -112.587025519999941, 29.732652085000041 ], [ -112.595814581999946, 29.771307684000078 ], [ -112.610259568999936, 29.791896877000056 ], [ -112.626535610999895, 29.809881903000075 ], [ -112.637928839999915, 29.825873114000046 ], [ -112.658314581999946, 29.88344961100006 ], [ -112.669455230999915, 29.89762272300004 ], [ -112.686350063999896, 29.907782294000071 ], [ -112.693382408999923, 29.903178992000051 ], [ -112.709345234999944, 29.909995156000036 ], [ -112.729577368999912, 29.903012034000085 ], [ -112.746287020999944, 29.910465452000039 ], [ -112.751471716999902, 29.924263526000061 ], [ -112.739265808999903, 29.941248914000084 ], [ -112.744487548999928, 29.958832783000048 ], [ -112.73600160299992, 29.987754070000051 ], [ -112.730458136999914, 30.013373114000046 ], [ -112.737945115999935, 30.028021552000041 ], [ -112.746937628999945, 30.041693427000041 ], [ -112.75881512299992, 30.059180580000088 ], [ -112.759611890999906, 30.076086279000037 ], [ -112.752765086999943, 30.129403427000057 ], [ -112.753235969999935, 30.185882953000089 ], [ -112.76429326199991, 30.211519729000088 ], [ -112.779616681999926, 30.229884284000036 ], [ -112.795753592999915, 30.246732371000064 ], [ -112.808948969999904, 30.258582947000036 ], [ -112.828784312999915, 30.269181114000048 ], [ -112.836790207999911, 30.269763903000069 ], [ -112.846263184999941, 30.271593642000084 ], [ -112.854915128999949, 30.262755919000085 ], [ -112.860789660999899, 30.268998923000083 ], [ -112.848594483999932, 30.288529738000079 ], [ -112.846646651999947, 30.319285425000089 ], [ -112.847743160999926, 30.361345324000069 ], [ -112.856027798999946, 30.400580145000049 ], [ -112.870676235999895, 30.428534247000073 ], [ -112.915395622999938, 30.475129516000038 ], [ -112.986543486999892, 30.532351902000073 ], [ -113.04125758899994, 30.608531018000065 ], [ -113.079894854999907, 30.670441074000053 ], [ -113.113859727999909, 30.78117956400007 ], [ -113.128840603999947, 30.812439603000087 ], [ -113.110907948999909, 30.843332534000069 ], [ -113.099940558999947, 30.906834639000067 ], [ -113.097359181999934, 30.946007914000063 ], [ -113.099921411999901, 30.979240707000088 ], [ -113.130782954999916, 31.05054715700004 ], [ -113.130960831999914, 31.064989647000061 ], [ -113.12291450999993, 31.066933307000056 ], [ -113.11619285799992, 31.056936244000042 ], [ -113.112390375999894, 31.045662567000079 ], [ -113.104080487999909, 31.025008694000064 ], [ -113.089819625999894, 30.993121915000074 ], [ -113.083187103999933, 30.98940785800005 ], [ -113.076771613999938, 30.997056382000039 ], [ -113.055897589999915, 31.03070709800005 ], [ -113.053799304999927, 31.078891088000034 ], [ -113.053524677999917, 31.123423225000067 ], [ -113.048722936999923, 31.156691667000075 ], [ -113.069422169999939, 31.172218187000055 ], [ -113.091744370999947, 31.20215244700006 ], [ -113.116869497999915, 31.217645212000036 ], [ -113.145496279999918, 31.219293245000074 ], [ -113.143942334999906, 31.209906639000053 ], [ -113.128473322999923, 31.203138636000062 ], [ -113.116676993999931, 31.197588884000083 ], [ -113.120993817999931, 31.190025639000055 ], [ -113.138672422999946, 31.195533275000059 ], [ -113.155635420999943, 31.204797162000034 ], [ -113.197046393999926, 31.225187791000053 ], [ -113.208648240999935, 31.248439846000053 ], [ -113.221994594999899, 31.26040273600006 ], [ -113.232899542999917, 31.288031317000048 ], [ -113.245838995999918, 31.286932684000078 ], [ -113.261708136999914, 31.280585028000075 ], [ -113.275990363999938, 31.278265692000048 ], [ -113.26431230399993, 31.262844143000052 ], [ -113.252023891999897, 31.256048895000049 ], [ -113.237863735999895, 31.251776434000078 ], [ -113.229348899999934, 31.245095622000065 ], [ -113.241444378999915, 31.241239754000048 ], [ -113.278391079999892, 31.25063711100006 ], [ -113.434024154999918, 31.276236063000056 ], [ -113.481858102999922, 31.286450397000067 ], [ -113.548947900999906, 31.295700208000085 ], [ -113.558464181999909, 31.315613273000054 ], [ -113.585378565999918, 31.323163873000055 ], [ -113.62226888899994, 31.325583966000067 ], [ -113.6434923999999, 31.341774799000063 ], [ -113.636883768999894, 31.347576984000057 ], [ -113.618394894999938, 31.344939871000065 ], [ -113.609306007999919, 31.352915131000088 ], [ -113.619618292999917, 31.381781317000048 ], [ -113.635831926999913, 31.434851190000074 ], [ -113.634675824999931, 31.465626586000042 ], [ -113.659576662999939, 31.497539584000037 ], [ -113.713587832999906, 31.531902301000059 ], [ -113.757544799999948, 31.549214858000084 ], [ -113.77458153099991, 31.563314466000065 ], [ -113.803987381999946, 31.564353007000079 ], [ -113.848866833999921, 31.584509310000044 ], [ -113.875721808999913, 31.596747137000079 ], [ -113.884877081999946, 31.61469147300005 ], [ -113.912993943999936, 31.604641018000052 ], [ -113.926177537999934, 31.601467190000051 ], [ -113.939523891999897, 31.600409247000073 ], [ -113.957834438999896, 31.61595286700009 ], [ -113.962513800999943, 31.655218817000048 ], [ -113.977691209999932, 31.663072007000039 ], [ -113.980376756999931, 31.650295315000051 ], [ -113.979888475999928, 31.595933335000041 ], [ -113.981068488999938, 31.586737372000073 ], [ -113.974029100999928, 31.579087632000039 ], [ -113.966786261999914, 31.577053127000056 ], [ -113.961415167999917, 31.578111070000034 ], [ -113.960031704999892, 31.579901434000078 ], [ -113.950998501999948, 31.568019924000055 ], [ -113.954701300999943, 31.565659898000035 ], [ -113.962880011999914, 31.562892971000053 ], [ -113.979668756999899, 31.545206483000072 ], [ -113.982767298999931, 31.53228497200007 ], [ -113.992739983999911, 31.527129052000078 ], [ -114.005302787999938, 31.52550970100009 ], [ -114.01040605399993, 31.51626211100006 ], [ -114.015004035999937, 31.510728257000039 ], [ -114.018788214999915, 31.504055080000057 ], [ -114.028942246999918, 31.491539208000063 ], [ -114.071400519999941, 31.492010809000078 ], [ -114.117873026999916, 31.492307933000063 ], [ -114.159012721999943, 31.494508617000065 ], [ -114.208887877999928, 31.512283403000083 ], [ -114.231950143999939, 31.53048824800004 ], [ -114.259816686999898, 31.53859757400005 ], [ -114.287844805999896, 31.552430480000055 ], [ -114.298132734999911, 31.561551984000062 ], [ -114.312082485999895, 31.575873114000046 ], [ -114.324664492999943, 31.582552049000071 ], [ -114.327480394999895, 31.594665150000083 ], [ -114.360540948999926, 31.608374101000038 ], [ -114.412542493999922, 31.635259168000061 ], [ -114.432125943999893, 31.646343159000082 ], [ -114.448136483999917, 31.648910226000055 ], [ -114.461228691999906, 31.667259179000041 ], [ -114.494263154999942, 31.677366307000057 ], [ -114.540679294999904, 31.717235522000067 ], [ -114.58471181099992, 31.76075482400006 ], [ -114.603911912999934, 31.765326239000046 ], [ -114.677235480999911, 31.764064846000053 ], [ -114.686838344999899, 31.765529690000051 ], [ -114.695912238999938, 31.771063544000071 ], [ -114.714426235999895, 31.78851959800005 ], [ -114.717518683999913, 31.792222398000035 ], [ -114.727040167999917, 31.795477606000077 ], [ -114.746978318999936, 31.81000397300005 ], [ -114.758859829999892, 31.813299872000073 ], [ -114.79360917899993, 31.816555080000057 ], [ -114.803537563999896, 31.819525458000044 ], [ -114.816965298999946, 31.830471096000053 ], [ -114.842600063999896, 31.861517645000049 ], [ -114.855051235999895, 31.86790599200009 ], [ -114.875721808999913, 31.872951565000051 ], [ -114.86105704, 31.963752866000053 ], [ -114.907807775, 32.024253818000041 ], [ -114.993059115999969, 32.054504294000019 ], [ -115.130561279999952, 32.03525399100004 ], [ -115.218562664, 31.994003342000028 ], [ -115.270813485999938, 31.919752174000042 ], [ -115.292813831999979, 31.867501352000019 ], [ -115.232312879999924, 31.765749751000044 ], [ -115.125061192999979, 31.732749232000057 ], [ -115.03155972199994, 31.743749405000077 ], [ -114.943558337999931, 31.782250011000023 ], [ -114.888460661433456, 31.855918946602099 ], [ -114.870017821999909, 31.839946936000047 ], [ -114.85617742699992, 31.822230324000088 ], [ -114.849436001999948, 31.80609772300005 ], [ -114.835031704999892, 31.801906643000052 ], [ -114.827992316999939, 31.78978099200009 ], [ -114.815988735999895, 31.719142971000053 ], [ -114.807443813999896, 31.698309637000079 ], [ -114.792958136999914, 31.679266669000071 ], [ -114.780629035999937, 31.655829169000071 ], [ -114.788644985999895, 31.63617584800005 ], [ -114.823963995999918, 31.600409247000073 ], [ -114.841135219999899, 31.566839911000045 ], [ -114.852910271999917, 31.526606337000089 ], [ -114.852310481999893, 31.38942978700004 ], [ -114.875198572999921, 31.328701516000081 ], [ -114.872627455999918, 31.272666801000071 ], [ -114.88378307499994, 31.182244539000067 ], [ -114.888677902999916, 31.162892087000046 ], [ -114.884043052999914, 31.120715433000044 ], [ -114.863904429999934, 31.089673226000059 ], [ -114.838165413999945, 31.066614429000083 ], [ -114.813470958999915, 31.049985552000066 ], [ -114.814930811999943, 31.042799895000087 ], [ -114.832915818999936, 31.027411200000074 ], [ -114.832386847999942, 31.006659247000073 ], [ -114.821766730999911, 30.988959052000041 ], [ -114.803537563999896, 30.976629950000074 ], [ -114.736335892999932, 30.949346628000058 ], [ -114.720258899999919, 30.941097776000049 ], [ -114.716764554999941, 30.935448835000045 ], [ -114.714899781999918, 30.928336923000074 ], [ -114.710451772999932, 30.918416053000044 ], [ -114.709095831999946, 30.884955145000049 ], [ -114.707915818999936, 30.874212958000044 ], [ -114.704601545999935, 30.858455784000057 ], [ -114.709197463999942, 30.844058200000063 ], [ -114.703937171999939, 30.83485963600009 ], [ -114.696859359999905, 30.819984637000061 ], [ -114.700581799999895, 30.774816066000085 ], [ -114.695196301999943, 30.761302603000047 ], [ -114.687241675999928, 30.744994342000041 ], [ -114.693654113999912, 30.736264899000048 ], [ -114.705468172999929, 30.711718878000056 ], [ -114.696445189999906, 30.687496928000087 ], [ -114.691891401999897, 30.670999803000086 ], [ -114.69847440399991, 30.637211563000051 ], [ -114.684326072999909, 30.606765191000079 ], [ -114.661824911999929, 30.574336929000083 ], [ -114.649646129999894, 30.554560873000071 ], [ -114.648547660999895, 30.543856783000081 ], [ -114.646066860999895, 30.534491278000075 ], [ -114.645253058999913, 30.524115302000041 ], [ -114.640288865999935, 30.513006903000075 ], [ -114.630598638999913, 30.494874103000086 ], [ -114.630206742999917, 30.480577456000049 ], [ -114.638055326999904, 30.463267685000062 ], [ -114.636636325999916, 30.441838472000086 ], [ -114.629520163999928, 30.42480280500007 ], [ -114.634549254999911, 30.396789634000072 ], [ -114.640602111999897, 30.375214558000039 ], [ -114.635313702999895, 30.364561504000051 ], [ -114.643962956999928, 30.313731103000066 ], [ -114.651519334999932, 30.296454169000071 ], [ -114.652699347999942, 30.288275458000044 ], [ -114.650949673999946, 30.277004299000055 ], [ -114.640116324999894, 30.263756544000046 ], [ -114.644768145999933, 30.250026874000071 ], [ -114.651582300999905, 30.228483867000079 ], [ -114.655301531999896, 30.21339781800009 ], [ -114.665733130999911, 30.199568176000071 ], [ -114.660302304999902, 30.183252241000048 ], [ -114.652644087999931, 30.174826159000077 ], [ -114.642173867999929, 30.155028462000075 ], [ -114.630686001999948, 30.144517320000034 ], [ -114.630783091999945, 30.132384926000043 ], [ -114.624600824999902, 30.117495341000051 ], [ -114.604533326999899, 30.110741383000061 ], [ -114.596550757999921, 30.089450043000056 ], [ -114.580377514999896, 30.072604697000088 ], [ -114.581434183999932, 30.05111713000008 ], [ -114.558145309999929, 30.017630054000051 ], [ -114.54429788099992, 29.991680126000063 ], [ -114.533132086999899, 29.967950990000077 ], [ -114.481306312999948, 29.947299237000038 ], [ -114.472698421999894, 29.918973981000079 ], [ -114.4593406219999, 29.91011513400008 ], [ -114.427719345999947, 29.907295114000078 ], [ -114.416835507999906, 29.89119658900006 ], [ -114.408794843999942, 29.880942001000051 ], [ -114.415096888999926, 29.854766497000071 ], [ -114.403028014999904, 29.832824062000043 ], [ -114.396297151999931, 29.827228182000056 ], [ -114.403192394999905, 29.826841662000049 ], [ -114.408633897999948, 29.821374160000062 ], [ -114.409438521999903, 29.815433021000047 ], [ -114.398257178999927, 29.809706831000085 ], [ -114.396080708999932, 29.805173136000064 ], [ -114.395817553999905, 29.796110630000044 ], [ -114.392240010999899, 29.783011607000049 ], [ -114.381251283999916, 29.774451764000048 ], [ -114.371096957999896, 29.770169518000046 ], [ -114.363144179999892, 29.772064434000072 ], [ -114.3532632269999, 29.768017999000051 ], [ -114.345851348999929, 29.758730986000046 ], [ -114.345849397999928, 29.751586387000089 ], [ -114.33954217999991, 29.74472279400004 ], [ -114.322525640999913, 29.741100531000086 ], [ -114.3041387909999, 29.741566686000056 ], [ -114.297043423999924, 29.742350247000047 ], [ -114.288811095999904, 29.748292832000061 ], [ -114.287961256999893, 29.753019733000087 ], [ -114.286060857999928, 29.756618538000055 ], [ -114.292342343999906, 29.757059515000037 ], [ -114.293985225999904, 29.761344352000037 ], [ -114.292886628999895, 29.766585621000047 ], [ -114.28552387499991, 29.76568218400007 ], [ -114.283020619999945, 29.769933403000039 ], [ -114.280539844999907, 29.772066592000044 ], [ -114.278650293999931, 29.770426838000049 ], [ -114.273716377999904, 29.770190263000075 ], [ -114.271214983999926, 29.77206841800006 ], [ -114.265776824999932, 29.769246516000067 ], [ -114.263303839999935, 29.764716623000083 ], [ -114.260246890999895, 29.76539764000006 ], [ -114.257550188999915, 29.760431100000062 ], [ -114.253947642999947, 29.762067783000077 ], [ -114.243477970999948, 29.762985342000036 ], [ -114.235905165999895, 29.758599799000081 ], [ -114.227683986999921, 29.750007879000066 ], [ -114.221102259999896, 29.749059239000076 ], [ -114.220291017999898, 29.746404531000053 ], [ -114.208484613999929, 29.744775323000056 ], [ -114.203309720999926, 29.739734056000088 ], [ -114.200322360999905, 29.727354191000074 ], [ -114.196234769999933, 29.721877324000047 ], [ -114.1904749549999, 29.719973314000072 ], [ -114.187205703999894, 29.714262681000037 ], [ -114.183315339999922, 29.712833956000054 ], [ -114.181708774999947, 29.709500576000039 ], [ -114.178931788999932, 29.707592270000077 ], [ -114.175372409999909, 29.704731150000043 ], [ -114.170148931999904, 29.702341677000049 ], [ -114.164948137999943, 29.700193872000057 ], [ -114.160567429999901, 29.692328264000082 ], [ -114.157832632999941, 29.690420938000045 ], [ -114.152333612999939, 29.69255421400004 ], [ -114.150406920999899, 29.693979758000069 ], [ -114.142604564999942, 29.690668948000052 ], [ -114.141251989999944, 29.682821113000045 ], [ -114.132615637999947, 29.676567534000071 ], [ -114.13201136899994, 29.670936835000077 ], [ -114.126580977999936, 29.670359856000061 ], [ -114.118708601999913, 29.662991220000038 ], [ -114.112374989999921, 29.656055207000065 ], [ -114.111222682999937, 29.653061758000035 ], [ -114.097386072999939, 29.647965692000071 ], [ -114.090202577999946, 29.642441610000049 ], [ -114.082225695999909, 29.640981993000082 ], [ -114.062655752999945, 29.62931622800005 ], [ -114.059388610999918, 29.616669048000063 ], [ -114.056386536999923, 29.612137577000055 ], [ -114.050378296999895, 29.605218922000063 ], [ -114.046275929999922, 29.59637626600005 ], [ -114.032590007999943, 29.594428926000035 ], [ -114.030395803999909, 29.593208578000088 ], [ -114.027680569999916, 29.587264548000064 ], [ -114.023048441999947, 29.584202874000084 ], [ -114.022508965999918, 29.581341168000051 ], [ -114.01486293499994, 29.57795358900006 ], [ -114.005573949999928, 29.576748600000087 ], [ -113.994333518999895, 29.576981853000063 ], [ -113.981287263999945, 29.567895576000069 ], [ -113.974193584999909, 29.556943620000084 ], [ -113.965524058999904, 29.546708029000058 ], [ -113.958064599999943, 29.54023562000009 ], [ -113.952003403999925, 29.53877545000006 ], [ -113.943134597999915, 29.524751897000044 ], [ -113.930501614999912, 29.520161322000035 ], [ -113.92247687999992, 29.512402578000035 ], [ -113.910877522999897, 29.500628559000063 ], [ -113.897464381999896, 29.485649941000077 ], [ -113.880316807999918, 29.477049733000058 ], [ -113.865047415999925, 29.463655595000034 ], [ -113.850323560999925, 29.458786835000069 ], [ -113.838665294999942, 29.456602332000045 ], [ -113.831948928999907, 29.450170392000075 ], [ -113.832674001999919, 29.435245228000042 ], [ -113.824752658999898, 29.429886443000044 ], [ -113.813107042999945, 29.428236665000043 ], [ -113.803888111999925, 29.424445129000048 ], [ -113.796631523999906, 29.416436904000079 ], [ -113.787386412999922, 29.414768583000068 ], [ -113.770866493999904, 29.407756444000086 ], [ -113.680839961999936, 29.315998444000058 ], [ -113.648516853999922, 29.293960740000045 ], [ -113.636330875999931, 29.282178761000068 ], [ -113.631579100999943, 29.263960920000045 ], [ -113.624869241999932, 29.258601734000081 ], [ -113.623075660999916, 29.252714105000052 ], [ -113.638481333999948, 29.240484145000039 ], [ -113.647320520999926, 29.228004951000059 ], [ -113.656557338999903, 29.218440144000056 ], [ -113.65533690299992, 29.20732339500006 ], [ -113.646118096999942, 29.202034654000045 ], [ -113.63834952499991, 29.198636264000072 ], [ -113.641377554999906, 29.183833347000075 ], [ -113.632231001999912, 29.173680200000035 ], [ -113.628547618999903, 29.175265809000052 ], [ -113.624917920999906, 29.169906257000036 ], [ -113.624364398999944, 29.162424688000044 ], [ -113.613964710999937, 29.162374683000053 ], [ -113.608449844999939, 29.163416270000084 ], [ -113.608517435999943, 29.154337611000074 ], [ -113.602051691999918, 29.140883879000057 ], [ -113.591054021999923, 29.129121034000036 ], [ -113.579373613999906, 29.126417711000045 ], [ -113.570880685999896, 29.115163004000067 ], [ -113.564329165999936, 29.091634348000071 ], [ -113.547400572999948, 29.065372281000066 ], [ -113.535883837999904, 29.051420258000064 ], [ -113.539641832999905, 29.039615325000057 ], [ -113.5500342549999, 29.03860904600009 ], [ -113.556217231999938, 29.027955902000087 ], [ -113.561717738999903, 29.023672457000089 ], [ -113.563598550999927, 29.014041636000059 ], [ -113.561865175999912, 29.000146323000081 ], [ -113.549743403999912, 28.993182009000066 ], [ -113.54498766699993, 28.975526763000062 ], [ -113.546938498999907, 28.958981665000067 ], [ -113.555473362999919, 28.955259039000055 ], [ -113.557875556999932, 28.948253316000034 ], [ -113.546486330999926, 28.933322377000081 ], [ -113.540495648999922, 28.920487058000049 ], [ -113.533886003999896, 28.906565173000047 ], [ -113.526006512999913, 28.901184722000039 ], [ -113.524853686999904, 28.891565685000046 ], [ -113.504770648999909, 28.889319670000077 ], [ -113.481537759999924, 28.893398388000037 ], [ -113.477229254999941, 28.898159433000046 ], [ -113.479029024999932, 28.90190909800009 ], [ -113.472212675999913, 28.915174921000073 ], [ -113.483147017999897, 28.921696566000037 ], [ -113.487972788999912, 28.930302828000038 ], [ -113.480619316999935, 28.933431489000043 ], [ -113.483019915999932, 28.939342175000036 ], [ -113.478693027999896, 28.946247890000052 ], [ -113.473187247999931, 28.947796431000086 ], [ -113.462221135999926, 28.946654498000044 ], [ -113.450063970999906, 28.942290453000055 ], [ -113.440231061999896, 28.95133313000008 ], [ -113.434664594999902, 28.959873562000041 ], [ -113.426217559999941, 28.949139258000059 ], [ -113.428789621999897, 28.934712853000065 ], [ -113.413052099999902, 28.922322388000055 ], [ -113.406285366999896, 28.927115752000077 ], [ -113.405622305999941, 28.932984210000086 ], [ -113.387870989999897, 28.93980408200008 ], [ -113.383030979999944, 28.935499448000087 ], [ -113.386735093999903, 28.930719804000034 ], [ -113.391024084999913, 28.928613701000074 ], [ -113.394227154999896, 28.913138573000083 ], [ -113.367439284999932, 28.907096091000085 ], [ -113.368099139999913, 28.901762658000052 ], [ -113.379120647999912, 28.900213080000071 ], [ -113.380417932999933, 28.89327594100007 ], [ -113.37251178899993, 28.886313569000038 ], [ -113.368324310999924, 28.877743557000088 ], [ -113.359215245999906, 28.873942552000074 ], [ -113.365971388999924, 28.868652111000074 ], [ -113.367288991999942, 28.85851929100005 ], [ -113.367461775999914, 28.845178073000056 ], [ -113.370632815999898, 28.837205767000057 ], [ -113.365290188999893, 28.823844166000072 ], [ -113.35184894899993, 28.818386459000067 ], [ -113.354475925999907, 28.800274136000041 ], [ -113.332493792999912, 28.800621422000063 ], [ -113.309970576999945, 28.802063611000051 ], [ -113.302035884999896, 28.808953568000049 ], [ -113.291005533999908, 28.819009772000072 ], [ -113.285434024999915, 28.825897953000037 ], [ -113.268491092999909, 28.832179781000036 ], [ -113.260386064999921, 28.840106827000056 ], [ -113.234099018999927, 28.83562315000006 ], [ -113.220263467999928, 28.824842538000041 ], [ -113.214158872999917, 28.817311735000089 ], [ -113.211843059999921, 28.802874366000083 ], [ -113.202662656999905, 28.798512799000036 ], [ -113.19604389299991, 28.792052096000077 ], [ -113.199879392999947, 28.77981460500007 ], [ -113.191401238999902, 28.772794082000075 ], [ -113.19037758199994, 28.759452771000042 ], [ -113.194240514999933, 28.744019945000048 ], [ -113.181988983999929, 28.715733758000056 ], [ -113.175859700999922, 28.713513219000049 ], [ -113.169892198999946, 28.69151906400009 ], [ -113.156045968999933, 28.657625721000045 ], [ -113.132354267999915, 28.64130317200005 ], [ -113.126991715999907, 28.627869492000059 ], [ -113.1316091999999, 28.604583012000035 ], [ -113.120982885999922, 28.578888678000055 ], [ -113.116293579999933, 28.565513819000046 ], [ -113.111657378999894, 28.545722047000083 ], [ -113.114286691999894, 28.528135410000061 ], [ -113.102970240999923, 28.504583284000034 ], [ -113.082498574999931, 28.493182379000075 ], [ -113.080723423999927, 28.486809703000063 ], [ -113.063236165999911, 28.479690770000047 ], [ -113.039617251999914, 28.476230324000085 ], [ -113.036098091999918, 28.466607144000079 ], [ -113.001638772999911, 28.455578548000062 ], [ -112.971268368999915, 28.456328013000075 ], [ -112.930454068999893, 28.466580271000055 ], [ -112.902361800999927, 28.475341649000086 ], [ -112.885558967999941, 28.463433553000073 ], [ -112.886895497999944, 28.455982926000047 ], [ -112.876003602999901, 28.450512122000077 ], [ -112.875484478999908, 28.445175240000083 ], [ -112.881709697999895, 28.437256879000074 ], [ -112.879938481999943, 28.434580870000048 ], [ -112.867778013999896, 28.432283916000074 ], [ -112.862246815999924, 28.434876226000085 ], [ -112.857884265999928, 28.441223928000056 ], [ -112.846304023999949, 28.441077049000057 ], [ -112.847057051999911, 28.430400821000035 ], [ -112.844741646999921, 28.422386547000087 ], [ -112.851492066999924, 28.417096718000039 ], [ -112.858393380999928, 28.40384421400006 ], [ -112.854198083999904, 28.397904676000053 ], [ -112.849531985999931, 28.382344540000076 ], [ -112.853981567999938, 28.368510023000056 ], [ -112.870301946999916, 28.330779120000045 ], [ -112.874260493999941, 28.307856184000059 ], [ -112.8688666729999, 28.299726410000062 ], [ -112.87212638099993, 28.283739528000069 ], [ -112.864957736999941, 28.271832495000069 ], [ -112.853063645999896, 28.260047718000067 ], [ -112.839224514999898, 28.252418250000062 ], [ -112.837847481999916, 28.243550708000043 ], [ -112.805016636999937, 28.210680251000042 ], [ -112.800273719999893, 28.203683743000056 ], [ -112.791826907999905, 28.201475361000064 ], [ -112.786455795999927, 28.19607740400005 ], [ -112.793808910999928, 28.190265680000039 ], [ -112.79571921999991, 28.183888823000075 ], [ -112.798972439999943, 28.16843829600009 ], [ -112.803899518999913, 28.162607920000085 ], [ -112.807706362999909, 28.150914709000062 ], [ -112.811770571999944, 28.120539654000083 ], [ -112.801389521999909, 28.085751805000086 ], [ -112.798427601999947, 28.081451504000086 ], [ -112.791215886999908, 28.078168021000067 ], [ -112.789558122999892, 28.067474823000055 ], [ -112.796956273999911, 28.057951230000072 ], [ -112.803700324999909, 28.045721747000073 ], [ -112.805409308999913, 28.032049872000073 ], [ -112.799362776999942, 28.017423908000069 ], [ -112.785676802999944, 28.002865940000049 ], [ -112.768760998999937, 28.002127270000074 ], [ -112.760362202999943, 27.997756250000066 ], [ -112.761169065999923, 27.984430036000049 ], [ -112.756584687999919, 27.968385500000068 ], [ -112.757255267999938, 27.963031241000067 ], [ -112.76610996799991, 27.938125142000047 ], [ -112.762164150999922, 27.919976643000041 ], [ -112.761725836999915, 27.907640291000064 ], [ -112.76302542399992, 27.901244906000045 ], [ -112.761921149999921, 27.893727370000079 ], [ -112.766799427999899, 27.890589222000074 ], [ -112.768750372999932, 27.880418553000084 ], [ -112.773217562999946, 27.863902157000041 ], [ -112.758387027999902, 27.846107019000044 ], [ -112.742824389999896, 27.837394733000053 ], [ -112.738603073999911, 27.82957627400009 ], [ -112.725440414999923, 27.822488923000037 ], [ -112.724180813999908, 27.827303216000075 ], [ -112.719370634999905, 27.826180209000086 ], [ -112.719450593999909, 27.819208769000056 ], [ -112.712993246999929, 27.806302205000065 ], [ -112.716085565999947, 27.80045468600008 ], [ -112.715129159999947, 27.783898672000078 ], [ -112.705608237999911, 27.777407574000051 ], [ -112.708750664999911, 27.767281714000035 ], [ -112.703531282999904, 27.754959928000062 ], [ -112.692868078999936, 27.742555740000057 ], [ -112.678863084999932, 27.728583075000074 ], [ -112.670342106999897, 27.717730224000036 ], [ -112.663154352999925, 27.71497417900008 ], [ -112.657828742999925, 27.708503498000084 ], [ -112.648762786999896, 27.710528211000053 ], [ -112.64334127099994, 27.710461831000089 ], [ -112.63681321699994, 27.703974955000035 ], [ -112.632746340999915, 27.694317683000065 ], [ -112.623220438999908, 27.687261564000039 ], [ -112.621123707999914, 27.678078158000062 ], [ -112.599626250999904, 27.666613031000054 ], [ -112.598007758999927, 27.654297399000086 ], [ -112.566737065999916, 27.641440690000081 ], [ -112.543965832999902, 27.640752276000057 ], [ -112.528322515999946, 27.636730044000046 ], [ -112.515753427999925, 27.628983948000041 ], [ -112.497755161999919, 27.624407509000036 ], [ -112.485215195999899, 27.620019726000066 ], [ -112.47869482099992, 27.614038085000061 ], [ -112.466822045999947, 27.605989652000062 ], [ -112.456129753999903, 27.597824209000066 ], [ -112.418331001999945, 27.589890091000086 ], [ -112.403441925999914, 27.580606076000038 ], [ -112.373106449999909, 27.56409536600006 ], [ -112.354713572999913, 27.547323351000045 ], [ -112.353207193999935, 27.533942855000078 ], [ -112.332995611999934, 27.516593396000076 ], [ -112.323767609999948, 27.494574088000036 ], [ -112.319050478999941, 27.45928183500007 ], [ -112.320572129999903, 27.443835574000047 ], [ -112.309530658999904, 27.422317218000046 ], [ -112.299012027999936, 27.405066796000085 ], [ -112.301863362999939, 27.392880697000066 ], [ -112.297324723999907, 27.381062106000059 ], [ -112.287012881999942, 27.365820285000041 ], [ -112.270758519999902, 27.357595669000091 ], [ -112.265235248999943, 27.341979668000079 ], [ -112.258043924999924, 27.330599016000065 ], [ -112.241707877999943, 27.326584052000044 ], [ -112.236121600999923, 27.314723295000078 ], [ -112.230242593999947, 27.291104420000067 ], [ -112.217685164999921, 27.283397535000063 ], [ -112.207002118999924, 27.261130164000065 ], [ -112.195579221999935, 27.250129257000083 ], [ -112.202760645999945, 27.230588670000088 ], [ -112.2076565509999, 27.22586418700007 ], [ -112.211405131999925, 27.218450645000075 ], [ -112.2127636969999, 27.210462858000085 ], [ -112.194385667999939, 27.19895536000007 ], [ -112.181426961999932, 27.187016804000052 ], [ -112.169660939999915, 27.17562982600009 ], [ -112.164947068999936, 27.166815497000073 ], [ -112.154936892999899, 27.162046299000053 ], [ -112.133955235999906, 27.16007058200006 ], [ -112.114534376999927, 27.142147339000076 ], [ -112.088939376999917, 27.131560293000064 ], [ -112.067862189999914, 27.133851711000091 ], [ -112.064373184999909, 27.12845043100009 ], [ -112.054259800999944, 27.124002316000087 ], [ -112.011168123999937, 27.116831402000059 ], [ -111.993584507999913, 27.096208304000072 ], [ -111.959941255999922, 27.095590478000076 ], [ -111.950372303999927, 27.093275544000051 ], [ -111.951738229999933, 27.085276192000038 ], [ -111.946452953999938, 27.079294951000065 ], [ -111.944253939999896, 27.069626075000087 ], [ -111.957588105999946, 27.064527002000091 ], [ -111.970151987999941, 27.067982150000034 ], [ -111.986605976999897, 27.055968315000086 ], [ -112.003128114999924, 27.035743279000087 ], [ -112.011987693999913, 27.014497603000052 ], [ -112.014735105999932, 26.99849793900006 ], [ -112.017160610999895, 26.978501695000091 ], [ -112.001454230999911, 26.952215887000079 ], [ -111.983387824999909, 26.940904039000088 ], [ -111.973947719999899, 26.936916408000059 ], [ -111.971424933999913, 26.92804596600007 ], [ -111.957356306999941, 26.910975596000071 ], [ -111.951795044999926, 26.892183984000042 ], [ -111.941747176999911, 26.886665623000056 ], [ -111.915598062999948, 26.87819769500004 ], [ -111.910042893999901, 26.858882292000089 ], [ -111.870716925999943, 26.828070380000042 ], [ -111.863359555999921, 26.805189837000057 ], [ -111.860701139999946, 26.790189540000085 ], [ -111.861446337999894, 26.783795461000068 ], [ -111.872398155999917, 26.776523094000083 ], [ -111.876810121999938, 26.76645783400005 ], [ -111.877629443999922, 26.756325443000037 ], [ -111.890207485999895, 26.762925523000035 ], [ -111.905181443999936, 26.734279690000051 ], [ -111.900114155999916, 26.714559432000044 ], [ -111.885975714999915, 26.711167710000041 ], [ -111.863509438999927, 26.693051648000051 ], [ -111.853050342999893, 26.677335726000081 ], [ -111.848580912999921, 26.663902722000046 ], [ -111.847106767999946, 26.655421526000055 ], [ -111.843102837999936, 26.645158610000067 ], [ -111.82461311499992, 26.639946536000082 ], [ -111.81168619999994, 26.628998638000041 ], [ -111.798227025999893, 26.612647085000049 ], [ -111.784275068999932, 26.571795806000068 ], [ -111.761799474999918, 26.553561570000056 ], [ -111.73581048199992, 26.539683596000089 ], [ -111.71455205399991, 26.551538640000047 ], [ -111.676792838999916, 26.581858923000084 ], [ -111.680070244999911, 26.593675962000077 ], [ -111.692413016999922, 26.603013730000043 ], [ -111.714608612999939, 26.629706987000077 ], [ -111.742877703999909, 26.652758829000049 ], [ -111.7570640859999, 26.659438916000056 ], [ -111.766890672999921, 26.676219181000079 ], [ -111.794121459999928, 26.690113248000046 ], [ -111.807421266999938, 26.715524999000081 ], [ -111.814584774999901, 26.714577386000087 ], [ -111.816189410999925, 26.722615469000061 ], [ -111.813610977999929, 26.731114451000053 ], [ -111.817003348999947, 26.73918651200006 ], [ -111.816702386999907, 26.766478085000074 ], [ -111.822236156999907, 26.778824536000059 ], [ -111.823291856999901, 26.792198666000047 ], [ -111.828683800999897, 26.808293115000083 ], [ -111.82364059799994, 26.820474768000054 ], [ -111.831644482999934, 26.828640878000044 ], [ -111.836904018999917, 26.834612744000083 ], [ -111.836703569999941, 26.843154749000064 ], [ -111.840148868999904, 26.849626261000083 ], [ -111.845976252999947, 26.856675718000076 ], [ -111.845115883999938, 26.867876480000064 ], [ -111.8521677089999, 26.873878785000045 ], [ -111.851419317999898, 26.880274807000035 ], [ -111.833969662999948, 26.883165419000079 ], [ -111.826603192999926, 26.890510923000079 ], [ -111.818073396999921, 26.89623316400008 ], [ -111.795091088999925, 26.884027951000064 ], [ -111.79235385699991, 26.875419651000072 ], [ -111.768130561999897, 26.86268218400005 ], [ -111.745229364999943, 26.844098924000036 ], [ -111.729076264999946, 26.822432899000034 ], [ -111.721082058999912, 26.806267109000089 ], [ -111.680124220999915, 26.778759020000052 ], [ -111.66733722999993, 26.78055093100005 ], [ -111.6628385489999, 26.768699070000082 ], [ -111.656490624999947, 26.758929361000071 ], [ -111.648875867999948, 26.752936608000084 ], [ -111.647831192999945, 26.746479980000061 ], [ -111.625894620999929, 26.739700568000046 ], [ -111.623063458999923, 26.733213602000035 ], [ -111.608286709999902, 26.726508451000086 ], [ -111.608420140999897, 26.721133913000074 ], [ -111.584741307999934, 26.71214750200005 ], [ -111.572302843999921, 26.70763775100005 ], [ -111.570090117999939, 26.700650711000037 ], [ -111.560054941999908, 26.695653004000064 ], [ -111.564271417999919, 26.671157594000078 ], [ -111.566027527999893, 26.649299624000037 ], [ -111.563040316999945, 26.625754082000071 ], [ -111.569080044999907, 26.576233743000046 ], [ -111.564771594999911, 26.558000735000064 ], [ -111.548895265999931, 26.548600160000035 ], [ -111.524619419999908, 26.540620121000075 ], [ -111.503651495999918, 26.533107815000051 ], [ -111.482411261999914, 26.528509833000044 ], [ -111.474726709999914, 26.531034909000084 ], [ -111.472808051999948, 26.535799007000037 ], [ -111.460221133999937, 26.53766896500008 ], [ -111.461030287999904, 26.529677131000085 ], [ -111.455791289999922, 26.524761843000078 ], [ -111.442238039999893, 26.517526 ], [ -111.448912935999942, 26.513936419000061 ], [ -111.454530247999912, 26.505522992000067 ], [ -111.455675670999938, 26.486354034000044 ], [ -111.468247403999897, 26.46643627800006 ], [ -111.466431641999918, 26.440147032000084 ], [ -111.468866814999899, 26.419503693000081 ], [ -111.461559603999945, 26.400057229000083 ], [ -111.43814042899993, 26.385972398000035 ], [ -111.428485461999912, 26.382623873000057 ], [ -111.423834909999925, 26.377154358000041 ], [ -111.422774155999946, 26.371778583000037 ], [ -111.433074565999902, 26.367970202000038 ], [ -111.432384622999905, 26.360874588000058 ], [ -111.422968172999902, 26.350371924000058 ], [ -111.406422359999908, 26.344437607000089 ], [ -111.393656465999925, 26.330011249000052 ], [ -111.387946945999943, 26.31416570500005 ], [ -111.384790895999913, 26.299881134000088 ], [ -111.381924685999934, 26.277072565000083 ], [ -111.393223450999926, 26.277997341000059 ], [ -111.397449067999901, 26.252214582000079 ], [ -111.388150544999917, 26.24269012600007 ], [ -111.387485951999906, 26.234812349000038 ], [ -111.375823082999943, 26.212549508000052 ], [ -111.379663185999902, 26.200054110000053 ], [ -111.375720807999926, 26.18345217500007 ], [ -111.364520641999945, 26.176120365000088 ], [ -111.358725676999939, 26.162611475000062 ], [ -111.359197732999917, 26.143760379000071 ], [ -111.350946578999924, 26.126319104000061 ], [ -111.34177324399991, 26.110419525000054 ], [ -111.32203732499994, 26.098183177000067 ], [ -111.323219601999938, 26.086442515000044 ], [ -111.318337671999927, 26.073736881000059 ], [ -111.319482783999945, 26.06356014000005 ], [ -111.325744123999925, 26.058970419000048 ], [ -111.327794955999934, 26.048014418000037 ], [ -111.340291726999908, 26.038863111000069 ], [ -111.344941029999916, 26.028751273000069 ], [ -111.337510076999934, 26.012859448000086 ], [ -111.337328392999893, 25.987698037000087 ], [ -111.34730720999994, 25.974555364000082 ], [ -111.360259568999936, 25.964097398000035 ], [ -111.355119568999896, 25.944840968000051 ], [ -111.349354620999918, 25.92609284100007 ], [ -111.339019334999932, 25.908433335000041 ], [ -111.335764126999948, 25.899400132000039 ], [ -111.332546796999907, 25.884906769000054 ], [ -111.338890057999947, 25.873077970000054 ], [ -111.333871692999935, 25.865937369000051 ], [ -111.331028164999907, 25.837357703000066 ], [ -111.323369336999917, 25.832578891000082 ], [ -111.317839048999929, 25.833631856000068 ], [ -111.315740593999919, 25.836201611000035 ], [ -111.308719097999926, 25.831294614000058 ], [ -111.300156136999931, 25.821149225000056 ], [ -111.297454103999939, 25.816458971000088 ], [ -111.291923226999927, 25.812265834000073 ], [ -111.296760973999938, 25.807459515000062 ], [ -111.301077361999944, 25.80789537600009 ], [ -111.305737559999898, 25.812208769000051 ], [ -111.306880579999927, 25.817424033000066 ], [ -111.31539405299992, 25.820033626000054 ], [ -111.314425414999903, 25.815138064000053 ], [ -111.310670274999893, 25.800984754000069 ], [ -111.309295758999895, 25.789260052000088 ], [ -111.307115977999899, 25.779207115000077 ], [ -111.302340292999929, 25.771518295000078 ], [ -111.289418096999896, 25.764196377000076 ], [ -111.278322505999938, 25.75065943900006 ], [ -111.262894305999907, 25.74589037700008 ], [ -111.255638021999914, 25.741656787000068 ], [ -111.24733494499992, 25.731119748000083 ], [ -111.244281674999911, 25.723302812000043 ], [ -111.23660637699993, 25.719808552000075 ], [ -111.231986516999939, 25.723769159000085 ], [ -111.225005248999935, 25.724353272000087 ], [ -111.212532834999934, 25.701567166000075 ], [ -111.215183852999928, 25.694985539000072 ], [ -111.212258843999905, 25.682742801000074 ], [ -111.2069457529999, 25.668234098000084 ], [ -111.200373120999927, 25.654047170000069 ], [ -111.19999452199994, 25.639297878000036 ], [ -111.196571652999921, 25.630370620000065 ], [ -111.191744341999936, 25.61482905400004 ], [ -111.183225002999905, 25.602614556000049 ], [ -111.172384382999894, 25.594971869000062 ], [ -111.1639584589999, 25.573333115000082 ], [ -111.150927083999932, 25.57042483400005 ], [ -111.145702041999925, 25.566220635000036 ], [ -111.145072462999906, 25.558811150000054 ], [ -111.137769609999907, 25.544283596000071 ], [ -111.128967911999894, 25.539309113000058 ], [ -111.123896178999928, 25.53032225600009 ], [ -111.113801678999948, 25.525650048000045 ], [ -111.103591226999924, 25.525409575000083 ], [ -111.099804036999899, 25.529385405000085 ], [ -111.096217543999899, 25.525973789000091 ], [ -111.076626276999946, 25.52476807000005 ], [ -111.069453302999932, 25.532353302000047 ], [ -111.067486673999895, 25.529721777000077 ], [ -111.073851421999905, 25.521747241000071 ], [ -111.071937165999941, 25.517271013000084 ], [ -111.063412749999941, 25.515221955000072 ], [ -111.059197233999896, 25.51955262000007 ], [ -111.054247993999923, 25.520904451000035 ], [ -111.048652023999921, 25.516276281000046 ], [ -111.041722712999899, 25.516087634000087 ], [ -111.039126361999934, 25.520859563000045 ], [ -111.035452262999911, 25.520775411000045 ], [ -111.031868900999939, 25.51773533800008 ], [ -111.019256291999909, 25.515249937000078 ], [ -111.014626991999933, 25.505915940000079 ], [ -111.022222638999949, 25.498709334000068 ], [ -111.014877138999907, 25.483782587000064 ], [ -111.014654755999914, 25.47750239800007 ], [ -111.02054602599992, 25.472861603000069 ], [ -111.019220670999914, 25.461747136000042 ], [ -111.026272974999927, 25.458611932000053 ], [ -111.025388863999922, 25.447153397000079 ], [ -111.020259601999896, 25.440738810000084 ], [ -111.013441395999905, 25.424029543000074 ], [ -111.003817009999921, 25.416713064000078 ], [ -111.000874522999936, 25.392673350000052 ], [ -110.996699232999902, 25.382637924000051 ], [ -110.982299711999929, 25.359417908000069 ], [ -110.979544631999943, 25.342369421000058 ], [ -110.972013202999904, 25.335186286000067 ], [ -110.955807880999942, 25.328375369000071 ], [ -110.956562800999905, 25.322690210000076 ], [ -110.947389432999898, 25.315447737000056 ], [ -110.94353495699994, 25.30758148700005 ], [ -110.946850133999931, 25.305421921000061 ], [ -110.947453941999925, 25.298009961000048 ], [ -110.94067347899994, 25.29382645600009 ], [ -110.934261502999902, 25.291140982000059 ], [ -110.936773142999925, 25.288979937000079 ], [ -110.938539201999902, 25.284203510000054 ], [ -110.934660920999931, 25.277843736000079 ], [ -110.938473443999897, 25.273128494000048 ], [ -110.9425078189999, 25.273553124000045 ], [ -110.947315526999944, 25.26181430400004 ], [ -110.945912238999938, 25.255113023000035 ], [ -110.938475507999897, 25.245782520000091 ], [ -110.940018306999946, 25.234345591000078 ], [ -110.932023664999917, 25.215313087000084 ], [ -110.922815537999895, 25.210301929000082 ], [ -110.915174876999913, 25.191988308000077 ], [ -110.908416808999903, 25.186659156000076 ], [ -110.906093441999928, 25.182161566000048 ], [ -110.912711338999941, 25.177878763000081 ], [ -110.910873438999943, 25.16015513800005 ], [ -110.904450659999895, 25.143012755000086 ], [ -110.893360971999925, 25.131662635000055 ], [ -110.88010739899994, 25.12652946500009 ], [ -110.880993722999904, 25.123970090000057 ], [ -110.874230024999918, 25.118998902000044 ], [ -110.875160459999904, 25.114967077000074 ], [ -110.873673366999924, 25.110499902000072 ], [ -110.868143165999925, 25.105186235000076 ], [ -110.867930654999896, 25.098906733000035 ], [ -110.864042032999919, 25.092902661000039 ], [ -110.861615420999897, 25.079188502000079 ], [ -110.847525527999949, 25.073668406000081 ], [ -110.846447291999937, 25.068879012000082 ], [ -110.829473367999924, 25.064698630000066 ], [ -110.823572172999945, 25.058328327000083 ], [ -110.826738562999935, 25.048018056000046 ], [ -110.821691810999937, 25.041048241000055 ], [ -110.814231622999898, 25.033190174000083 ], [ -110.802083127999936, 25.031351138000048 ], [ -110.794464272999903, 25.030599309000081 ], [ -110.793828959999928, 25.034389542000042 ], [ -110.790454412999907, 25.036795205000089 ], [ -110.783366196999907, 25.032748908000087 ], [ -110.779543966999938, 25.026462549000087 ], [ -110.757790510999939, 25.012238703000037 ], [ -110.759710417999941, 25.006549 ], [ -110.757326106999926, 25.003472592000037 ], [ -110.758336804999942, 24.997222811000086 ], [ -110.751118248999944, 24.993705256000055 ], [ -110.749214693999932, 24.98726582900008 ], [ -110.748772356999893, 24.97392480600007 ], [ -110.747240892999912, 24.963790281000058 ], [ -110.7344792479999, 24.952262771000051 ], [ -110.727903153999932, 24.940858099000081 ], [ -110.718208084999901, 24.930105998000045 ], [ -110.719186615999945, 24.924158737000084 ], [ -110.710809336999944, 24.920442592000086 ], [ -110.70536822999992, 24.921015192000084 ], [ -110.701629259999947, 24.917408268000088 ], [ -110.698632283999927, 24.914527744000054 ], [ -110.700242938999907, 24.912812595000048 ], [ -110.705710498999906, 24.911541904000046 ], [ -110.708514816999923, 24.90880644300006 ], [ -110.704321315999948, 24.906952197000066 ], [ -110.704504086999918, 24.901702002000036 ], [ -110.690532973999893, 24.891886380000074 ], [ -110.690710267999918, 24.886989246000041 ], [ -110.683868453999935, 24.882959352000057 ], [ -110.687462875999927, 24.879905020000081 ], [ -110.687977395999894, 24.875019167000062 ], [ -110.684306572999901, 24.868264539000052 ], [ -110.682855110999924, 24.865423333000081 ], [ -110.684341097999948, 24.857073424000077 ], [ -110.678756542999906, 24.849910789000091 ], [ -110.674719361999905, 24.843142748000048 ], [ -110.674172084999896, 24.836833253000066 ], [ -110.673650768999948, 24.829828839000072 ], [ -110.667299544999935, 24.822994179000091 ], [ -110.665168688999927, 24.816258035000089 ], [ -110.664182415999903, 24.810975559000042 ], [ -110.661543740999946, 24.808795350000082 ], [ -110.658832297999936, 24.809071516000074 ], [ -110.6569723799999, 24.806918217000089 ], [ -110.66068410999992, 24.799661726000068 ], [ -110.661684099999945, 24.793042481000043 ], [ -110.660298041999908, 24.789180078000072 ], [ -110.663892201999943, 24.775693905000082 ], [ -110.664524203999918, 24.76472117600008 ], [ -110.679135142999939, 24.747766965000039 ], [ -110.687208480999914, 24.730660767000074 ], [ -110.691037298999902, 24.719232213000055 ], [ -110.688437622999913, 24.710239002000037 ], [ -110.693983365999941, 24.699878561000048 ], [ -110.709120278999933, 24.697604311000077 ], [ -110.723527531999935, 24.681177848000061 ], [ -110.729313773999934, 24.662464433000082 ], [ -110.732979113999932, 24.638413615000047 ], [ -110.739313618999915, 24.621252694000077 ], [ -110.738802906999922, 24.601292125000043 ], [ -110.739802038999926, 24.588196111000059 ], [ -110.735173044999897, 24.570233039000072 ], [ -110.732611056999929, 24.560709437000071 ], [ -110.738585197999896, 24.55457229600006 ], [ -110.734872229999894, 24.544500973000083 ], [ -110.728647994999903, 24.522280589000047 ], [ -110.728855354999894, 24.515989407000063 ], [ -110.721720145999939, 24.504776451000055 ], [ -110.687200188999896, 24.466038831000049 ], [ -110.685699022999927, 24.454169012000079 ], [ -110.684360735999917, 24.44425082500004 ], [ -110.69211348999994, 24.435499643000071 ], [ -110.692486543999905, 24.423956403000091 ], [ -110.68874080899991, 24.415469539000071 ], [ -110.693595781999932, 24.407715844000052 ], [ -110.686437419999947, 24.39809297700009 ], [ -110.681499192999922, 24.390615316000037 ], [ -110.683507713999916, 24.381732926000041 ], [ -110.678601850999939, 24.373202029000083 ], [ -110.681849134999936, 24.360659657000042 ], [ -110.655231058999902, 24.328967275000082 ], [ -110.653678192999905, 24.323143650000077 ], [ -110.638426488999926, 24.314865990000044 ], [ -110.641474824999932, 24.309167794000075 ], [ -110.628443937999918, 24.284665595000035 ], [ -110.615115328999934, 24.269087751000086 ], [ -110.609889757999895, 24.253724964000071 ], [ -110.598030113999926, 24.247097888000042 ], [ -110.5810012419999, 24.240310912000041 ], [ -110.576885164999908, 24.225514130000079 ], [ -110.564987772999928, 24.219922452000048 ], [ -110.56235863899991, 24.21250286500009 ], [ -110.539622694999935, 24.203989020000051 ], [ -110.511586066999939, 24.195746161000045 ], [ -110.485707160999937, 24.190130927000041 ], [ -110.452855918999944, 24.182615512000041 ], [ -110.402088995999918, 24.175523179000038 ], [ -110.349354620999918, 24.176743882000039 ], [ -110.330189581999946, 24.17719147300005 ], [ -110.325195193999946, 24.175709083000072 ], [ -110.327148216999944, 24.169464141000049 ], [ -110.337814653999942, 24.160845986000083 ], [ -110.352420981999899, 24.154973178000091 ], [ -110.369309868999949, 24.149692956000081 ], [ -110.378935098999932, 24.154709877000073 ], [ -110.403838539999924, 24.167526581000061 ], [ -110.432428585999901, 24.173617081000089 ], [ -110.43377937799994, 24.167880681000042 ], [ -110.425396866999904, 24.160277785000062 ], [ -110.429377956999929, 24.145168147000049 ], [ -110.421038185999919, 24.136519105000048 ], [ -110.417302906999907, 24.128009113000076 ], [ -110.422763945999918, 24.120304374000057 ], [ -110.416836620999902, 24.108575691000055 ], [ -110.392693890999908, 24.106242929000075 ], [ -110.370558172999893, 24.113467250000042 ], [ -110.36085696899994, 24.111082928000087 ], [ -110.350380956999913, 24.11445597800008 ], [ -110.349524136999946, 24.122307478000039 ], [ -110.348596469999904, 24.13226072100008 ], [ -110.347186565999948, 24.139573845000086 ], [ -110.343030525999893, 24.143129078000072 ], [ -110.324104546999934, 24.157282286000054 ], [ -110.3061342499999, 24.176715521000062 ], [ -110.300810708999904, 24.217041665000067 ], [ -110.312186505999932, 24.218409801000064 ], [ -110.310732135999899, 24.228354515000035 ], [ -110.309885495999936, 24.237264481000068 ], [ -110.318325455999911, 24.241185814000062 ], [ -110.324567754999919, 24.24504780400008 ], [ -110.32159915099993, 24.248640057000046 ], [ -110.320752909999896, 24.256490334000091 ], [ -110.322139259999915, 24.265455974000076 ], [ -110.327789752999934, 24.267722026000058 ], [ -110.329900262999899, 24.257282129000089 ], [ -110.336258645999919, 24.25589169400007 ], [ -110.339001727999914, 24.274881183000048 ], [ -110.334748548999926, 24.281057492000059 ], [ -110.338576060999912, 24.286947840000039 ], [ -110.334205246999943, 24.296275783000056 ], [ -110.338053853999895, 24.301641027000073 ], [ -110.336007034999909, 24.310511445000088 ], [ -110.33927957599991, 24.315859706000083 ], [ -110.324846832999924, 24.315964730000076 ], [ -110.321218649999935, 24.320587082000088 ], [ -110.329197386999908, 24.323446282000077 ], [ -110.332470260999912, 24.328794744000049 ], [ -110.323577015999945, 24.335366192000038 ], [ -110.309064951999915, 24.337570435000089 ], [ -110.301346332999913, 24.343648649000045 ], [ -110.296997347999934, 24.351931580000041 ], [ -110.276237186999936, 24.350801266000076 ], [ -110.249851084999932, 24.345818524000038 ], [ -110.246199865999927, 24.350445393000086 ], [ -110.232613392999895, 24.343205646000058 ], [ -110.228845398999908, 24.335734064000064 ], [ -110.235350306999919, 24.332243562000087 ], [ -110.236384444999942, 24.320184181000059 ], [ -110.230842234999898, 24.313189894000061 ], [ -110.21971967199994, 24.310163291000038 ], [ -110.211399066999945, 24.300419437000073 ], [ -110.200000235999937, 24.296919312000057 ], [ -110.192155855999943, 24.290353900000071 ], [ -110.183914044999938, 24.279612874000065 ], [ -110.183699561999902, 24.269626624000068 ], [ -110.176520187999927, 24.260442942000054 ], [ -110.172760333999918, 24.252975845000037 ], [ -110.145991097999911, 24.245907456000054 ], [ -110.1359249919999, 24.237716017000082 ], [ -110.125918650999893, 24.227948046000051 ], [ -110.117353349999917, 24.226113625000039 ], [ -110.100412406999908, 24.21716146600005 ], [ -110.087230551999937, 24.215752725000073 ], [ -110.083897968999906, 24.212493301000052 ], [ -110.077140143999941, 24.208578556000077 ], [ -110.073409971999922, 24.201035169000079 ], [ -110.062581362999936, 24.198124319000044 ], [ -110.0588517999999, 24.190630484000053 ], [ -110.046347094999931, 24.185588287000087 ], [ -110.031672229999913, 24.177080524000075 ], [ -110.0181381189999, 24.169279489000076 ], [ -110.006985326999938, 24.158826143000056 ], [ -110.002610944999901, 24.137087741000073 ], [ -109.996632547999923, 24.128611152000076 ], [ -109.998252370999921, 24.115413683000043 ], [ -109.993859501999907, 24.110659351000038 ], [ -109.988629374999903, 24.065737051000042 ], [ -109.987651835999941, 24.04631887700009 ], [ -109.974160276999896, 24.038575986000069 ], [ -109.952916100999914, 24.037894511000047 ], [ -109.931409217999942, 24.029305440000087 ], [ -109.890279501999942, 24.037453886000037 ], [ -109.852925709999909, 24.050979706000078 ], [ -109.835310987999947, 24.05987216300008 ], [ -109.82828804299993, 24.062799557000062 ], [ -109.827368150999916, 24.056989437000084 ], [ -109.825464555999929, 24.04694522200009 ], [ -109.82179551999991, 24.037895010000057 ], [ -109.81109289099993, 24.032289537000054 ], [ -109.803443974999936, 24.022060036000084 ], [ -109.804931285999942, 24.013700952000079 ], [ -109.809680689999936, 24.010175745000083 ], [ -109.811185690999935, 24.001295581000079 ], [ -109.824910194999916, 23.989131978000046 ], [ -109.830665223999915, 23.989313980000077 ], [ -109.833103666999932, 23.985721631000047 ], [ -109.832228812999915, 23.977827905000083 ], [ -109.836340871999937, 23.961677483000074 ], [ -109.839057709999906, 23.951788613000076 ], [ -109.837321939999924, 23.938086676000069 ], [ -109.83005, 23.918961044000071 ], [ -109.823963995999918, 23.910386460000041 ], [ -109.815377356999932, 23.905835740000043 ], [ -109.808614354999918, 23.90246108000008 ], [ -109.804760071999908, 23.897572783000044 ], [ -109.797352667999917, 23.891506252000056 ], [ -109.793568488999938, 23.888739325000074 ], [ -109.785817584999904, 23.882216090000043 ], [ -109.772777998999914, 23.87755896300007 ], [ -109.74087480399993, 23.84251536700009 ], [ -109.721913214999915, 23.826320705000057 ], [ -109.711835794999899, 23.807786234000048 ], [ -109.698442817999933, 23.798428157000046 ], [ -109.710272498999927, 23.775182892000089 ], [ -109.71132210199994, 23.748969669000076 ], [ -109.704497850999928, 23.724269924000055 ], [ -109.694203253999945, 23.688950914000088 ], [ -109.696320631999924, 23.66552013800009 ], [ -109.679825130999916, 23.648164954000038 ], [ -109.660081912999942, 23.640126025000086 ], [ -109.642592651999905, 23.633232246000091 ], [ -109.636000764999949, 23.62618186900005 ], [ -109.621837110999934, 23.622015963000081 ], [ -109.608732443999941, 23.619986334000089 ], [ -109.585086524999895, 23.609192748000055 ], [ -109.577401274999943, 23.601044866000052 ], [ -109.566668098999912, 23.596988404000058 ], [ -109.541090256999894, 23.591361439000082 ], [ -109.524018723999916, 23.588134580000087 ], [ -109.517353731999947, 23.582637004000048 ], [ -109.514421421999941, 23.570454 ], [ -109.498716606999949, 23.564193532000047 ], [ -109.476458898999908, 23.560204887000054 ], [ -109.468015878999893, 23.555138226000054 ], [ -109.467952044999947, 23.54812267300008 ], [ -109.476774360999912, 23.538987847000044 ], [ -109.477948975999936, 23.525434874000041 ], [ -109.468358933999923, 23.503872469000044 ], [ -109.443734358999905, 23.474550606000037 ], [ -109.426315601999931, 23.458513309000068 ], [ -109.423241502999929, 23.439432773000078 ], [ -109.427808228999936, 23.42299093400004 ], [ -109.42706540599994, 23.409930794000047 ], [ -109.414317079999933, 23.405944876000035 ], [ -109.413624654999921, 23.391696740000043 ], [ -109.416653246999942, 23.38113237500005 ], [ -109.428556397999898, 23.37443305700009 ], [ -109.426425716999915, 23.363695656000061 ], [ -109.427171183999917, 23.345946645000083 ], [ -109.423751503999938, 23.335158168000078 ], [ -109.425984830999937, 23.312715084000047 ], [ -109.425648566999939, 23.29718659100007 ], [ -109.433745897999927, 23.284979559000078 ], [ -109.437652147999927, 23.281317450000074 ], [ -109.438384568999936, 23.271307684000078 ], [ -109.436675584999932, 23.250392971000053 ], [ -109.437652147999927, 23.240383205000057 ], [ -109.442250128999945, 23.230617580000057 ], [ -109.451627943999938, 23.213409279000075 ], [ -109.453837636999936, 23.202270627000075 ], [ -109.462961391999897, 23.19476959800005 ], [ -109.47484290299991, 23.177964585000041 ], [ -109.494203272999926, 23.151730649000058 ], [ -109.504915891999929, 23.144919023000057 ], [ -109.516177243999948, 23.125282931000072 ], [ -109.525883031999911, 23.121642359000077 ], [ -109.531672267999909, 23.108207006000043 ], [ -109.566146701999912, 23.094967829000041 ], [ -109.577143967999916, 23.081713563000051 ], [ -109.607599393999919, 23.081166444000075 ], [ -109.627142798999898, 23.071412215000066 ], [ -109.672143203999894, 23.056103844000063 ], [ -109.694544772999905, 23.040804457000036 ], [ -109.713176320999935, 23.031050315000073 ], [ -109.717191082999932, 23.016811990000065 ], [ -109.712383191999947, 23.007791566000037 ], [ -109.731519007999907, 22.987542751000035 ], [ -109.758578849999935, 22.98446544300009 ], [ -109.803376984999943, 22.956122423000068 ], [ -109.806009819999929, 22.936069701000065 ], [ -109.824158493999903, 22.919920368000078 ], [ -109.836705232999918, 22.909939941000061 ], [ -109.851063605999911, 22.899969794000071 ], [ -109.859120245999918, 22.897772528000075 ], [ -109.884968704999949, 22.897214056000053 ], [ -109.901738961999911, 22.889677279000068 ], [ -109.902909271999931, 22.881673934000048 ], [ -109.895378362999907, 22.874202959000058 ], [ -109.934523222999928, 22.872302374000071 ], [ -109.954496450999898, 22.87215511800008 ], [ -109.965551409999932, 22.878142711000066 ], [ -109.978431413999942, 22.881775402000073 ], [ -109.99965906299991, 22.894442213000048 ], [ -110.027479256999925, 22.916159029000085 ], [ -110.043374545999939, 22.931879038000091 ], [ -110.060017581999944, 22.950816487000054 ], [ -110.07835852799991, 22.980658270000049 ], [ -110.081898566999939, 22.990220445000091 ], [ -110.08994766099994, 23.010914975000048 ], [ -110.098379910999938, 23.017562399000042 ], [ -110.10679680699991, 23.048194121000051 ], [ -110.107593440999949, 23.075454753000088 ], [ -110.151575223999941, 23.226266827000074 ], [ -110.160480530999905, 23.292108040000073 ], [ -110.167259852999905, 23.321086283000056 ], [ -110.178245116999904, 23.330218908000063 ], [ -110.185723306999932, 23.340053627000088 ], [ -110.209598392999908, 23.378440434000083 ], [ -110.216015384999935, 23.393849697000064 ], [ -110.229486537999946, 23.407075367000061 ], [ -110.234636989999899, 23.426069079000058 ], [ -110.266839603999927, 23.478260650000038 ], [ -110.277799113999947, 23.488175823000063 ], [ -110.307362343999898, 23.541032370000039 ], [ -110.35390745299992, 23.580785918000061 ], [ -110.404396346999931, 23.608645611000043 ], [ -110.523986450999928, 23.658460456000057 ], [ -110.577343147999898, 23.681560456000057 ], [ -110.647517664999896, 23.733900839000057 ], [ -110.753311225999937, 23.839107342000091 ], [ -110.815787947999922, 23.908745668000051 ], [ -110.851633266999897, 23.940375067000048 ], [ -110.869554245999893, 23.951764128000036 ], [ -110.880872389999922, 23.953662259000055 ], [ -110.88333528599992, 23.966502989000048 ], [ -110.894453681999948, 23.976404645000059 ], [ -110.931711391999897, 24.014960028000075 ], [ -110.953837809999925, 24.030837235000035 ], [ -110.987235234999901, 24.057347751000066 ], [ -111.010011223999925, 24.071446481000066 ], [ -111.016622038999913, 24.085213902000078 ], [ -111.039714268999944, 24.10418492000008 ], [ -111.082749850999903, 24.130840387000035 ], [ -111.107674837999923, 24.147442066000053 ], [ -111.138751691999914, 24.163386826000078 ], [ -111.174152485999912, 24.181031536000091 ], [ -111.227440934999947, 24.217471852000074 ], [ -111.280751105999911, 24.242987372000073 ], [ -111.444444757999918, 24.324391423000066 ], [ -111.449590315999899, 24.330119099000058 ], [ -111.437324042999933, 24.327432971000064 ], [ -111.359748755999931, 24.290321719000076 ], [ -111.374375835999899, 24.305914751000046 ], [ -111.41234290299991, 24.325262762000079 ], [ -111.444945073999918, 24.339625712000043 ], [ -111.4607048499999, 24.343196048000038 ], [ -111.478055173999905, 24.354804107000064 ], [ -111.486381380999944, 24.374213889000089 ], [ -111.522591979999902, 24.404638722000072 ], [ -111.541687844999899, 24.415463338000052 ], [ -111.5653659809999, 24.419181170000059 ], [ -111.595577617999936, 24.442235301000039 ], [ -111.619424807999906, 24.473136650000072 ], [ -111.62908477499991, 24.508529205000059 ], [ -111.649362468999925, 24.541738674000044 ], [ -111.653499646999933, 24.552218829000083 ], [ -111.645685295999897, 24.548059494000086 ], [ -111.634251136999922, 24.547823389000087 ], [ -111.647081359999902, 24.562484596000047 ], [ -111.667840735999903, 24.576507460000073 ], [ -111.679030018999924, 24.586333593000063 ], [ -111.695627407999893, 24.587144273000035 ], [ -111.695237640999949, 24.571470255000065 ], [ -111.685927788999948, 24.556889028000057 ], [ -111.698780879999902, 24.535561715000085 ], [ -111.725952227999926, 24.539306414000066 ], [ -111.737199036999925, 24.54673419900007 ], [ -111.748743787999899, 24.542169326000078 ], [ -111.765539989999922, 24.538508444000058 ], [ -111.788307817999907, 24.542159594000054 ], [ -111.803145453999946, 24.546450916000083 ], [ -111.782508566999923, 24.527655185000071 ], [ -111.761714510999923, 24.51524893900006 ], [ -111.781119381999929, 24.512440268000091 ], [ -111.791545381999924, 24.517443727000057 ], [ -111.801321268999914, 24.51284271500009 ], [ -111.812908100999948, 24.505879613000047 ], [ -111.819686265999906, 24.516404126000054 ], [ -111.821019752999916, 24.534014953000053 ], [ -111.818994567999937, 24.545166021000057 ], [ -111.814883569999893, 24.569866631000082 ], [ -111.834743268999944, 24.621425576000036 ], [ -111.848924172999943, 24.653685574000065 ], [ -111.866146994999895, 24.669216855000059 ], [ -111.885900292999906, 24.689602256000057 ], [ -111.906296704999932, 24.713611438000044 ], [ -111.929201442999897, 24.730469754000069 ], [ -111.941596571999924, 24.744224981000059 ], [ -111.938179580999929, 24.748322727000073 ], [ -111.916001950999942, 24.73351318400006 ], [ -111.912219551999897, 24.73658333700007 ], [ -111.912928626999928, 24.743776108000077 ], [ -111.932850714999915, 24.75617096600007 ], [ -111.952788865999935, 24.77484772300005 ], [ -111.968129035999937, 24.794419664000088 ], [ -111.974191860999895, 24.809393622000073 ], [ -111.977040167999917, 24.825995184000078 ], [ -111.984730597999942, 24.847154039000088 ], [ -111.995676235999895, 24.865790106000077 ], [ -112.008371548999946, 24.874579169000071 ], [ -111.999826626999948, 24.845648505000042 ], [ -111.995838995999918, 24.819403387000079 ], [ -111.987660285999937, 24.796698309000078 ], [ -111.966704881999931, 24.778306382000039 ], [ -111.972523566999939, 24.77570221600007 ], [ -111.988433397999927, 24.764715887000079 ], [ -111.982736782999893, 24.760199286000045 ], [ -111.972401495999918, 24.74876536700009 ], [ -111.966704881999931, 24.744208075000074 ], [ -111.975656704999949, 24.741156317000048 ], [ -111.983550584999932, 24.74282461100006 ], [ -111.990061001999948, 24.748521226000037 ], [ -111.994699673999946, 24.757879950000074 ], [ -112.011626756999931, 24.739447333000044 ], [ -112.025257941999939, 24.755560614000046 ], [ -112.043080206999946, 24.805650132000039 ], [ -112.033762173999946, 24.81195709800005 ], [ -112.029286261999914, 24.820217190000051 ], [ -112.029896613999938, 24.829820054000038 ], [ -112.035633917999917, 24.840399481000077 ], [ -112.051258917999917, 24.830064195000091 ], [ -112.054514126999948, 24.81712474200009 ], [ -112.049305792999917, 24.78579336100006 ], [ -112.047542217999933, 24.765129620000039 ], [ -112.043053712999892, 24.753465898000059 ], [ -112.063588019999941, 24.751654364000046 ], [ -112.078114386999914, 24.762152411000045 ], [ -112.088042772999927, 24.773382880000042 ], [ -112.094309048999946, 24.787176825000074 ], [ -112.097727016999897, 24.805650132000039 ], [ -112.095773891999897, 24.836004950000074 ], [ -112.097727016999897, 24.846625067000048 ], [ -112.103505011999914, 24.853013414000088 ], [ -112.110951300999943, 24.854315497000073 ], [ -112.116851365999935, 24.857082424000055 ], [ -112.124214732999917, 24.874045774000081 ], [ -112.113392706999946, 24.878892320000091 ], [ -112.095773891999897, 24.893784898000035 ], [ -112.090240037999934, 24.901190497000073 ], [ -112.096831834999932, 24.923488674000055 ], [ -112.100656704999949, 24.927313544000071 ], [ -112.103911912999934, 24.932196356000077 ], [ -112.103505011999914, 24.940415757000039 ], [ -112.099476691999939, 24.944810289000088 ], [ -112.08617102799991, 24.953273830000057 ], [ -112.082386847999942, 24.960272528000075 ], [ -112.083851691999939, 24.966945705000057 ], [ -112.093739386999914, 24.980210679000038 ], [ -112.096058722999942, 24.991359768000052 ], [ -112.096920952999938, 24.999608758000079 ], [ -112.104170806999946, 25.007872679000059 ], [ -112.110373776999893, 25.002610667000056 ], [ -112.120242163999933, 24.988123979000079 ], [ -112.119568001999937, 24.970645316000059 ], [ -112.129786307999893, 24.959129086000075 ], [ -112.137277798999946, 24.946112372000073 ], [ -112.131334048999918, 24.927151651000088 ], [ -112.123023162999914, 24.909326969000062 ], [ -112.13361967599991, 24.889896771000053 ], [ -112.144931271999894, 24.874094379000041 ], [ -112.15583112999991, 24.875437767000051 ], [ -112.160872236999921, 24.893257184000049 ], [ -112.157562979999909, 24.907430275000081 ], [ -112.153862344999936, 24.931819231000077 ], [ -112.162205455999924, 24.93909044500009 ], [ -112.163286834999894, 24.942719486000044 ], [ -112.165803135999909, 24.953934792000041 ], [ -112.160333555999898, 24.959527890000061 ], [ -112.147237140999948, 24.961147297000082 ], [ -112.141755964999902, 24.970367296000063 ], [ -112.149004713999943, 24.979616087000068 ], [ -112.142426697999895, 24.990483385000061 ], [ -112.13072995999994, 25.009254805000069 ], [ -112.123363292999898, 25.038267207000047 ], [ -112.12807866299994, 25.046380979000048 ], [ -112.120752974999903, 25.062188891000062 ], [ -112.122175890999927, 25.073402313000088 ], [ -112.132368336999946, 25.073426677000043 ], [ -112.132713254999942, 25.080021508000073 ], [ -112.142525312999908, 25.085978837000084 ], [ -112.138115344999903, 25.100476214000082 ], [ -112.135537108999927, 25.110692130000075 ], [ -112.140227754999898, 25.125871403000076 ], [ -112.1383537399999, 25.144335639000076 ], [ -112.130621345999941, 25.172027650000075 ], [ -112.117746548999946, 25.199448960000041 ], [ -112.099761522999927, 25.22406647300005 ], [ -112.084117729999946, 25.243583568000076 ], [ -112.077870594999922, 25.258735367000043 ], [ -112.076682474999927, 25.290387096000075 ], [ -112.074688455999933, 25.344067736000056 ], [ -112.074227940999947, 25.372746603000053 ], [ -112.08624760999993, 25.377724715000056 ], [ -112.086932435999927, 25.390585037000051 ], [ -112.081034918999933, 25.407714161000058 ], [ -112.072611132999896, 25.41659221000009 ], [ -112.070724992999942, 25.433733344000075 ], [ -112.070697324999912, 25.441318252000087 ], [ -112.083097511999938, 25.443995402000041 ], [ -112.074291716999937, 25.456501440000068 ], [ -112.048352566999938, 25.46641487800008 ], [ -112.030778445999943, 25.473614549000047 ], [ -112.042464471999892, 25.47760594600004 ], [ -112.067313378999927, 25.475699486000053 ], [ -112.079372601999921, 25.471117378000088 ], [ -112.084450125999922, 25.481021014000078 ], [ -112.074941771999931, 25.486598933000039 ], [ -112.062570766999897, 25.494696356000077 ], [ -112.063628709999932, 25.513251044000071 ], [ -112.067044145999944, 25.550208094000084 ], [ -112.072078692999924, 25.571333464000077 ], [ -112.06471728899993, 25.591713450000043 ], [ -112.063133376999929, 25.625334205000058 ], [ -112.070978191999927, 25.684037544000091 ], [ -112.075994096999921, 25.713400290000038 ], [ -112.081449678999945, 25.720681661000071 ], [ -112.089516630999924, 25.715430734000051 ], [ -112.088477264999938, 25.698934203000078 ], [ -112.087025519999941, 25.59320709800005 ], [ -112.092251741999917, 25.549298610000051 ], [ -112.096400024999923, 25.510726956000042 ], [ -112.104090330999895, 25.504153664000057 ], [ -112.105149240999936, 25.515697431000035 ], [ -112.10397835099991, 25.538779142000067 ], [ -112.099769421999895, 25.595179037000037 ], [ -112.101911295999912, 25.728014313000074 ], [ -112.108712383999944, 25.784145291000073 ], [ -112.130953168999895, 25.816505326000083 ], [ -112.139628183999946, 25.857525108000061 ], [ -112.159686357999931, 25.890531301000067 ], [ -112.178941962999943, 25.955174832000068 ], [ -112.1982823539999, 25.995105533000071 ], [ -112.22024480999994, 26.015300589000049 ], [ -112.23851477799991, 26.040838934000078 ], [ -112.264149542999917, 26.054103908000059 ], [ -112.292872818999911, 26.049711527000056 ], [ -112.308745897999927, 26.06976959800005 ], [ -112.312896287999934, 26.101996161000045 ], [ -112.321156378999945, 26.131008205000057 ], [ -112.343495245999918, 26.178127346000053 ], [ -112.379058397999927, 26.220282294000071 ], [ -112.402699347999942, 26.240220445000091 ], [ -112.442738410999937, 26.260728257000039 ], [ -112.452951626999948, 26.262925523000035 ], [ -112.465321417999917, 26.25812409100007 ], [ -112.472564256999931, 26.247870184000078 ], [ -112.481312628999945, 26.238104559000078 ], [ -112.49828040299991, 26.23501211100006 ], [ -112.556792772999927, 26.272365627000056 ], [ -112.555816209999932, 26.276353257000039 ], [ -112.554554816999939, 26.290920315000051 ], [ -112.559966600999928, 26.30109284100007 ], [ -112.573353644999941, 26.293036200000074 ], [ -112.590168298999913, 26.287845357000037 ], [ -112.604893046999905, 26.297977382000056 ], [ -112.612782355999911, 26.316310940000051 ], [ -112.617095506999931, 26.319728908000059 ], [ -112.633615688999896, 26.321112372000073 ], [ -112.676258917999917, 26.319281317000048 ], [ -112.689116990999935, 26.322739976000037 ], [ -112.728363436999928, 26.370227227000044 ], [ -112.755096971999933, 26.387062145000073 ], [ -112.786065528999927, 26.404706531000045 ], [ -112.805292859999895, 26.417705090000084 ], [ -112.830358293999893, 26.435268437000047 ], [ -112.862904102999948, 26.463448394000068 ], [ -112.903037413999925, 26.493197105000036 ], [ -112.953357982999933, 26.518493545000069 ], [ -112.955962693999936, 26.529120184000078 ], [ -112.956532355999911, 26.531195380000042 ], [ -112.957102016999897, 26.535549221000053 ], [ -112.958648240999935, 26.540228583000044 ], [ -112.962228969999899, 26.543402411000045 ], [ -112.967762824999909, 26.54437897300005 ], [ -112.987049933999913, 26.543402411000045 ], [ -113.003651495999918, 26.549750067000048 ], [ -113.018137173999946, 26.564276434000078 ], [ -113.044003053999916, 26.585463600000082 ], [ -113.060716442999933, 26.599117770000078 ], [ -113.058926688999918, 26.611881542000049 ], [ -113.060373501999948, 26.628729559000078 ], [ -113.056223110999895, 26.639471747000073 ], [ -113.057036912999934, 26.650213934000078 ], [ -113.063628709999932, 26.656805731000077 ], [ -113.076893683999913, 26.674994208000044 ], [ -113.087635870999918, 26.689886786000045 ], [ -113.103382941999939, 26.708929755000042 ], [ -113.115793423999946, 26.717189846000053 ], [ -113.126535610999895, 26.730414130000042 ], [ -113.137277798999946, 26.746975002000056 ], [ -113.143055792999917, 26.757717190000051 ], [ -113.143055792999917, 26.770086981000077 ], [ -113.140533006999931, 26.781683661000045 ], [ -113.12564042899993, 26.789129950000074 ], [ -113.119048631999931, 26.794094143000052 ], [ -113.128163214999915, 26.798244533000059 ], [ -113.136382615999935, 26.799017645000049 ], [ -113.149647589999915, 26.794907945000091 ], [ -113.163685675999943, 26.789129950000074 ], [ -113.166981574999909, 26.777533270000049 ], [ -113.170318162999934, 26.765122789000088 ], [ -113.185210740999935, 26.762640692000048 ], [ -113.19595292899993, 26.760199286000045 ], [ -113.191802537999934, 26.751125393000052 ], [ -113.192616339999915, 26.743638414000088 ], [ -113.205881313999896, 26.738674221000053 ], [ -113.215809699999909, 26.74445221600007 ], [ -113.224029100999928, 26.755194403000075 ], [ -113.229847785999937, 26.766791083000044 ], [ -113.231516079999892, 26.780829169000071 ], [ -113.238148566999939, 26.786607164000088 ], [ -113.231516079999892, 26.791571356000077 ], [ -113.212513800999943, 26.79242584800005 ], [ -113.204213019999941, 26.799872137000079 ], [ -113.189320441999939, 26.808986721000053 ], [ -113.181060350999928, 26.81476471600007 ], [ -113.169504360999895, 26.827134507000039 ], [ -113.16038977799991, 26.839544989000046 ], [ -113.146351691999939, 26.846991278000075 ], [ -113.137277798999946, 26.85773346600007 ], [ -113.131459113999938, 26.875921942000048 ], [ -113.124582485999895, 26.886297919000071 ], [ -113.126210089999915, 26.937892971000053 ], [ -113.131418423999946, 26.955145575000074 ], [ -113.145741339999915, 26.970119533000059 ], [ -113.163807745999918, 26.974798895000049 ], [ -113.179351365999935, 26.966945705000057 ], [ -113.192544136999913, 26.945060148000039 ], [ -113.196406759999945, 26.883465684000043 ], [ -113.204221101999906, 26.853463499000043 ], [ -113.232411261999914, 26.829331773000035 ], [ -113.244740363999938, 26.837103583000044 ], [ -113.257964647999927, 26.824652411000045 ], [ -113.263783331999946, 26.811468817000048 ], [ -113.263783331999946, 26.802313544000071 ], [ -113.264556443999936, 26.794094143000052 ], [ -113.262928839999915, 26.785834052000041 ], [ -113.263783331999946, 26.774237372000073 ], [ -113.265417442999933, 26.75996867200007 ], [ -113.270544002999941, 26.752474040000038 ], [ -113.285772307999935, 26.749550769000052 ], [ -113.325270431999911, 26.776833426000053 ], [ -113.363970584999947, 26.795067743000061 ], [ -113.400990363999938, 26.802679755000042 ], [ -113.419563576999906, 26.805843165000056 ], [ -113.448232264999945, 26.804462017000048 ], [ -113.470986483999923, 26.804554152000037 ], [ -113.5038871779999, 26.793415760000073 ], [ -113.518345129999943, 26.769428706000042 ], [ -113.526478644999941, 26.753607489000046 ], [ -113.542307094999899, 26.742092190000051 ], [ -113.542965967999919, 26.71919600700005 ], [ -113.554839647999927, 26.71820709800005 ], [ -113.574148562999937, 26.705038979000051 ], [ -113.597675304999939, 26.709627805000082 ], [ -113.637137675999895, 26.725530915000036 ], [ -113.665842251999948, 26.769435940000051 ], [ -113.725209113999938, 26.799994208000044 ], [ -113.734038865999935, 26.813788153000075 ], [ -113.737294074999909, 26.828680731000077 ], [ -113.75413977799991, 26.860581773000035 ], [ -113.791489677999948, 26.92004632600009 ], [ -113.816388137999922, 26.94896938800008 ], [ -113.851247815999898, 26.967914275000055 ], [ -113.878660207999928, 26.983500183000046 ], [ -113.909901495999918, 26.992336330000057 ], [ -113.959767075999935, 26.997984165000048 ], [ -113.974739229999898, 26.993548188000091 ], [ -113.973518719999902, 26.980216155000051 ], [ -113.984120245999918, 26.976263739000046 ], [ -113.993885870999918, 26.971828518000052 ], [ -114.005197719999899, 26.977443752000056 ], [ -114.049540312999909, 27.017985091000071 ], [ -114.063628709999932, 27.050767320000091 ], [ -114.084413053999924, 27.075748010000041 ], [ -114.114369269999941, 27.105454820000091 ], [ -114.147043423999946, 27.123480536000045 ], [ -114.181955532999893, 27.139634507000039 ], [ -114.209183285999927, 27.14233824900009 ], [ -114.23656165299991, 27.153306382000039 ], [ -114.274083245999918, 27.148897894000072 ], [ -114.290295614999934, 27.146540328000071 ], [ -114.293999284999927, 27.12546160900007 ], [ -114.320245179999915, 27.145496995000087 ], [ -114.350819464999915, 27.165757554000038 ], [ -114.395149232999927, 27.182913648000067 ], [ -114.421405139999933, 27.166457302000083 ], [ -114.435143183999912, 27.176367458000072 ], [ -114.428334113999938, 27.188055731000077 ], [ -114.430490688999896, 27.19790273600006 ], [ -114.429798956999946, 27.208929755000042 ], [ -114.444535869999925, 27.214356291000058 ], [ -114.463368292999917, 27.222479559000078 ], [ -114.475893826999936, 27.217653590000054 ], [ -114.487541872999941, 27.238097781000079 ], [ -114.48689046699991, 27.281644124000081 ], [ -114.484445766999897, 27.324286200000074 ], [ -114.491566535999937, 27.362697658000059 ], [ -114.50646073799993, 27.406184127000074 ], [ -114.529164191999939, 27.426906643000052 ], [ -114.537831183999913, 27.43390534100007 ], [ -114.563343878999945, 27.448635158000059 ], [ -114.581077698999934, 27.450845063000088 ], [ -114.596586434999892, 27.477189362000047 ], [ -114.631888174999915, 27.488772567000069 ], [ -114.681094225999914, 27.507628890000035 ], [ -114.71575247699991, 27.521904491000043 ], [ -114.734229126999935, 27.521251508000034 ], [ -114.748890753999945, 27.547308661000045 ], [ -114.752105272999927, 27.55304596600007 ], [ -114.766184048999946, 27.569403387000079 ], [ -114.769398566999939, 27.574652411000045 ], [ -114.781730112999924, 27.602757451000059 ], [ -114.805719256999907, 27.621042742000043 ], [ -114.830385898999907, 27.631132388000083 ], [ -114.83879971999994, 27.628357350000044 ], [ -114.844865710999898, 27.616063557000075 ], [ -114.85567270699994, 27.622137059000067 ], [ -114.861885731999905, 27.630958901000042 ], [ -114.875819330999946, 27.643824269000049 ], [ -114.872011878999899, 27.649294652000037 ], [ -114.858097639999926, 27.63915318700009 ], [ -114.848878460999913, 27.640564808000079 ], [ -114.844471808999913, 27.659654039000088 ], [ -114.847645636999914, 27.67133209800005 ], [ -114.853342251999948, 27.681626695000091 ], [ -114.86156165299991, 27.689886786000045 ], [ -114.872425910999937, 27.695054429000038 ], [ -114.886586066999939, 27.694891669000071 ], [ -114.892404751999948, 27.687323309000078 ], [ -114.897531704999892, 27.678290106000077 ], [ -114.899805398999945, 27.664122211000063 ], [ -114.912148489999936, 27.66950057400004 ], [ -114.932195195999896, 27.676193309000041 ], [ -114.939304913999933, 27.700669451000067 ], [ -114.950964362999912, 27.716258811000046 ], [ -114.974110480999911, 27.724107164000088 ], [ -114.9887088239999, 27.726853978000065 ], [ -115.001726330999929, 27.71593090500005 ], [ -115.011041285999909, 27.728108086000077 ], [ -115.022684265999942, 27.740290592000065 ], [ -115.03362639799991, 27.759293089000039 ], [ -115.034583061999911, 27.77905848000006 ], [ -115.0463103969999, 27.795381771000052 ], [ -115.049508541999899, 27.80831244500007 ], [ -115.052886522999927, 27.822088934000078 ], [ -115.056752081999946, 27.824774481000077 ], [ -115.083823479999921, 27.851054038000086 ], [ -115.055897589999915, 27.860256252000056 ], [ -115.041470229999902, 27.856781707000039 ], [ -115.022860367999897, 27.844617793000054 ], [ -115.014257435999923, 27.830346771000052 ], [ -114.966451179999922, 27.826466694000089 ], [ -114.923404503999905, 27.836275496000042 ], [ -114.884054305999939, 27.830456545000061 ], [ -114.868640636999942, 27.830553734000091 ], [ -114.847800845999927, 27.825215872000058 ], [ -114.840015620999907, 27.81230250100009 ], [ -114.819193986999949, 27.809006011000065 ], [ -114.786089597999933, 27.815328708000038 ], [ -114.764470469999935, 27.810672990000057 ], [ -114.739771081999947, 27.806713604000038 ], [ -114.723568385999897, 27.806800852000038 ], [ -114.718947443999923, 27.796561740000072 ], [ -114.708985254999902, 27.791792963000034 ], [ -114.692002119999927, 27.787788434000049 ], [ -114.669594040999925, 27.787915749000035 ], [ -114.638346075999948, 27.779745623000053 ], [ -114.604457277999927, 27.77440888600006 ], [ -114.571420831999944, 27.782077595000089 ], [ -114.530645613999923, 27.787640384000042 ], [ -114.499057143999948, 27.774071481000078 ], [ -114.463490363999938, 27.788763739000046 ], [ -114.432850714999915, 27.800279039000088 ], [ -114.404774542999917, 27.817694403000075 ], [ -114.394032355999911, 27.82843659100007 ], [ -114.381312579999928, 27.836503220000054 ], [ -114.365101691999939, 27.850775458000044 ], [ -114.345204230999911, 27.863185940000051 ], [ -114.334462042999917, 27.86977773600006 ], [ -114.325347459999932, 27.874701239000046 ], [ -114.316273566999939, 27.874701239000046 ], [ -114.303863084999932, 27.872259833000044 ], [ -114.298085089999915, 27.868109442000048 ], [ -114.297271287999934, 27.860663153000075 ], [ -114.294789191999939, 27.852443752000056 ], [ -114.290638800999943, 27.833400783000059 ], [ -114.295643683999913, 27.817694403000075 ], [ -114.30142167899993, 27.801947333000044 ], [ -114.308013475999928, 27.789536851000037 ], [ -114.312163865999935, 27.779689846000053 ], [ -114.304758266999897, 27.764797268000052 ], [ -114.282378709999932, 27.735825914000088 ], [ -114.261708136999914, 27.726752020000049 ], [ -114.240223761999914, 27.706040757000039 ], [ -114.223703579999892, 27.696966864000046 ], [ -114.195627407999893, 27.69204336100006 ], [ -114.176584438999896, 27.679632880000042 ], [ -114.150949673999946, 27.669663804000038 ], [ -114.136057094999899, 27.657294012000079 ], [ -114.126128709999932, 27.643255927000041 ], [ -114.119496222999942, 27.635809637000079 ], [ -114.120350714999915, 27.625881252000056 ], [ -114.112049933999913, 27.620917059000078 ], [ -114.102935350999928, 27.620917059000078 ], [ -114.105458136999914, 27.610174872000073 ], [ -114.102935350999928, 27.60187409100007 ], [ -114.093861456999946, 27.607652085000041 ], [ -114.082346157999893, 27.614243882000039 ], [ -114.07485917899993, 27.622544664000088 ], [ -114.074045376999948, 27.629136460000041 ], [ -114.056711391999897, 27.641546942000048 ], [ -114.047596808999913, 27.653143622000073 ], [ -114.043446417999917, 27.668036200000074 ], [ -114.050038214999915, 27.673814195000091 ], [ -114.057484503999945, 27.669663804000038 ], [ -114.059966600999928, 27.676255601000037 ], [ -114.063303188999896, 27.679632880000042 ], [ -114.064930792999917, 27.682928778000075 ], [ -114.071603969999899, 27.679632880000042 ], [ -114.078195766999897, 27.68040599200009 ], [ -114.079823370999918, 27.686224677000041 ], [ -114.07485917899993, 27.690375067000048 ], [ -114.066558397999927, 27.69204336100006 ], [ -114.055043097999942, 27.694484768000052 ], [ -114.048410610999895, 27.691148179000038 ], [ -114.046742316999939, 27.684556382000039 ], [ -114.042591925999943, 27.679632880000042 ], [ -114.030181443999936, 27.682928778000075 ], [ -114.021107550999943, 27.679632880000042 ], [ -114.020334438999896, 27.67133209800005 ], [ -114.012033657999893, 27.665513414000088 ], [ -113.994699673999946, 27.65892161700009 ], [ -113.968169725999928, 27.654771226000037 ], [ -113.953277147999927, 27.655666408000059 ], [ -113.950021938999896, 27.659735419000071 ], [ -113.942534959999932, 27.669663804000038 ], [ -113.935943162999934, 27.678778387000079 ], [ -113.931019660999937, 27.687892971000053 ], [ -113.917795376999948, 27.696966864000046 ], [ -113.914458787999934, 27.710191148000035 ], [ -113.918568488999938, 27.719305731000077 ], [ -113.929351365999935, 27.726752020000049 ], [ -113.94009355399993, 27.728420315000051 ], [ -113.944203253999945, 27.734198309000078 ], [ -113.959095831999946, 27.740790106000077 ], [ -113.969064907999893, 27.742417710000041 ], [ -113.973988410999937, 27.744940497000073 ], [ -113.975656704999892, 27.752386786000045 ], [ -113.98306230399993, 27.757310289000088 ], [ -113.987212693999936, 27.75649648600006 ], [ -113.993804490999935, 27.749904690000051 ], [ -114.002919074999909, 27.750677802000041 ], [ -114.015288865999935, 27.749009507000039 ], [ -114.021107550999943, 27.748236395000049 ], [ -114.025257941999939, 27.749904690000051 ], [ -114.036854620999918, 27.768052476000037 ], [ -114.045074022999927, 27.783758856000077 ], [ -114.050038214999915, 27.792059637000079 ], [ -114.059152798999946, 27.801174221000053 ], [ -114.066558397999927, 27.803656317000048 ], [ -114.069081183999913, 27.799505927000041 ], [ -114.064930792999917, 27.790432033000059 ], [ -114.056711391999897, 27.775539455000057 ], [ -114.057484503999945, 27.764797268000052 ], [ -114.049224412999934, 27.759833075000074 ], [ -114.042591925999943, 27.750677802000041 ], [ -114.038482225999928, 27.739162502000056 ], [ -114.041818813999896, 27.732489325000074 ], [ -114.049224412999934, 27.732489325000074 ], [ -114.050892706999946, 27.726752020000049 ], [ -114.051747199999909, 27.720119533000059 ], [ -114.055816209999932, 27.720933335000041 ], [ -114.062489386999914, 27.725083726000037 ], [ -114.072377081999946, 27.725083726000037 ], [ -114.079823370999918, 27.719305731000077 ], [ -114.091420050999943, 27.711859442000048 ], [ -114.104603644999941, 27.707709052000041 ], [ -114.117054816999939, 27.709377346000053 ], [ -114.125314907999893, 27.71430084800005 ], [ -114.131947394999941, 27.723456122000073 ], [ -114.140980597999942, 27.730861721000053 ], [ -114.142689581999946, 27.742417710000041 ], [ -114.145985480999911, 27.755682684000078 ], [ -114.153431769999941, 27.765570380000042 ], [ -114.161691860999895, 27.774644273000035 ], [ -114.172434048999946, 27.788763739000046 ], [ -114.173247850999928, 27.803656317000048 ], [ -114.174916144999941, 27.816066799000055 ], [ -114.173247850999928, 27.82680898600006 ], [ -114.166615363999938, 27.834214585000041 ], [ -114.161691860999895, 27.844956773000035 ], [ -114.145985480999911, 27.863959052000041 ], [ -114.134388800999943, 27.877183335000041 ], [ -114.13109290299991, 27.888820705000057 ], [ -114.135243292999917, 27.89288971600007 ], [ -114.144357876999948, 27.894598700000074 ], [ -114.149281378999945, 27.895412502000056 ], [ -114.150949673999946, 27.898667710000041 ], [ -114.143462693999936, 27.902818101000037 ], [ -114.136870897999927, 27.906154690000051 ], [ -114.135243292999917, 27.911932684000078 ], [ -114.13931230399993, 27.915228583000044 ], [ -114.148426886999914, 27.918524481000077 ], [ -114.154204881999931, 27.923529364000046 ], [ -114.158355272999927, 27.930121161000045 ], [ -114.154204881999931, 27.936712958000044 ], [ -114.153431769999941, 27.945013739000046 ], [ -114.161691860999895, 27.949164130000042 ], [ -114.168324347999942, 27.950832424000055 ], [ -114.177398240999935, 27.945868231000077 ], [ -114.178212042999917, 27.938421942000048 ], [ -114.182362433999913, 27.930975653000075 ], [ -114.190581834999932, 27.92845286700009 ], [ -114.198068813999896, 27.922674872000073 ], [ -114.208811001999948, 27.917710679000038 ], [ -114.220366990999935, 27.91937897300005 ], [ -114.239409959999932, 27.911932684000078 ], [ -114.247670050999943, 27.901190497000073 ], [ -114.256743943999936, 27.892075914000088 ], [ -114.267693744999917, 27.886901287000057 ], [ -114.276451566999924, 27.901147773000048 ], [ -114.27378964299993, 27.916593688000034 ], [ -114.270451418999926, 27.92966307800009 ], [ -114.261708136999914, 27.944159247000073 ], [ -114.253488735999895, 27.952460028000075 ], [ -114.233631964999915, 27.968166408000059 ], [ -114.226958787999934, 27.980536200000074 ], [ -114.211293097999942, 27.995428778000075 ], [ -114.207020636999914, 27.999986070000091 ], [ -114.185658331999946, 28.022691148000035 ], [ -114.155100063999896, 28.062445380000042 ], [ -114.134388800999943, 28.083929755000042 ], [ -114.119868489999931, 28.085949775000074 ], [ -114.11381156099992, 28.06040695300004 ], [ -114.117183907999902, 28.043179942000052 ], [ -114.135365806999914, 28.031295451000062 ], [ -114.146133337999913, 28.021789660000081 ], [ -114.149494888999925, 28.013474461000044 ], [ -114.150836367999943, 28.004566200000056 ], [ -114.138714142999902, 27.988534887000071 ], [ -114.130635814999948, 27.971907196000075 ], [ -114.129960616999938, 27.96121693200007 ], [ -114.106402190999916, 27.927951567000036 ], [ -114.094298995999907, 27.957650688000058 ], [ -114.091602766999927, 27.976062463000062 ], [ -114.095638811999947, 27.996258391000083 ], [ -114.107081423999944, 28.013484002000041 ], [ -114.117854026999908, 28.01110710100005 ], [ -114.123241629999939, 28.016451491000055 ], [ -114.121223577999899, 28.022984960000088 ], [ -114.108430894999913, 28.030708416000039 ], [ -114.094287435999945, 28.024176268000076 ], [ -114.077457131999893, 28.009324405000086 ], [ -114.068036125999924, 27.99565965100004 ], [ -114.055238004999921, 28.007536667000068 ], [ -114.039736361999928, 28.027729815000043 ], [ -114.037709191999909, 28.037234640000065 ], [ -114.046465382999941, 28.038425827000083 ], [ -114.057914203999928, 28.04199331600006 ], [ -114.07003059199991, 28.055065106000086 ], [ -114.085519446999911, 28.05684845400009 ], [ -114.099667336999914, 28.055064041000037 ], [ -114.101007367999898, 28.071104546000072 ], [ -114.101670176999903, 28.099027745000058 ], [ -114.105709301999923, 28.111503506000076 ], [ -114.113120564999917, 28.120412927000075 ], [ -114.110422329999892, 28.125230210000041 ], [ -114.105694612999912, 28.134681592000049 ], [ -114.090162644999907, 28.156094875000065 ], [ -114.078667286999917, 28.176320572000066 ], [ -114.069875302999947, 28.193571201000054 ], [ -114.057484503999945, 28.206284898000035 ], [ -114.061634894999941, 28.212103583000044 ], [ -114.064930792999917, 28.223618882000039 ], [ -114.069935675999943, 28.239406643000052 ], [ -114.078195766999897, 28.246771552000041 ], [ -114.088937954999892, 28.246771552000041 ], [ -114.098783322999907, 28.238653168000042 ], [ -114.109854080999924, 28.241791231000036 ], [ -114.117369631999907, 28.250848444000042 ], [ -114.124882888999934, 28.255725035000069 ], [ -114.118561173999922, 28.269303182000044 ], [ -114.110597318999908, 28.28621991600005 ], [ -114.099290541999949, 28.307129428000053 ], [ -114.081174382999905, 28.342968946000042 ], [ -114.060762475999923, 28.404697378000037 ], [ -114.049418136999918, 28.432574824000085 ], [ -114.042591925999943, 28.45844147300005 ], [ -114.050892706999946, 28.474188544000071 ], [ -114.064321624999934, 28.479447901000071 ], [ -114.071495970999933, 28.486944187000063 ], [ -114.069005917999903, 28.504102774000046 ], [ -114.068226691999939, 28.518011786000045 ], [ -114.077300584999932, 28.523830471000053 ], [ -114.083119269999941, 28.532049872000073 ], [ -114.086415167999917, 28.541164455000057 ], [ -114.09634355399993, 28.551906643000052 ], [ -114.110422329999892, 28.561835028000075 ], [ -114.127797003999945, 28.562648830000057 ], [ -114.147990766999897, 28.560773251000057 ], [ -114.160125821999941, 28.566186918000085 ], [ -114.157583568999939, 28.582221889000039 ], [ -114.154967270999919, 28.601041279000071 ], [ -114.157269997999947, 28.625672197000085 ], [ -114.165842251999948, 28.646958726000037 ], [ -114.174916144999941, 28.657700914000088 ], [ -114.183990037999934, 28.661851304000038 ], [ -114.207753058999913, 28.661444403000075 ], [ -114.235340949999909, 28.660060940000051 ], [ -114.246157976999939, 28.653317288000039 ], [ -114.271751199999926, 28.658801351000079 ], [ -114.273060675999943, 28.673081773000035 ], [ -114.269154425999943, 28.675116278000075 ], [ -114.271706233999907, 28.684466972000052 ], [ -114.275341987999923, 28.696240946000046 ], [ -114.298307723999926, 28.703820338000071 ], [ -114.314059875999931, 28.726333475000047 ], [ -114.346922525999901, 28.730754736000051 ], [ -114.346870081999896, 28.748911288000045 ], [ -114.34802032999994, 28.763867369000081 ], [ -114.361371336999923, 28.77780281400004 ], [ -114.362049933999913, 28.795111395000049 ], [ -114.370920376999948, 28.813177802000041 ], [ -114.391645824999898, 28.806778586000064 ], [ -114.407282303999921, 28.839983903000075 ], [ -114.402316782999947, 28.860248671000079 ], [ -114.419298505999905, 28.878479626000058 ], [ -114.437582284999905, 28.877507454000067 ], [ -114.439941669999939, 28.894610312000054 ], [ -114.459395822999909, 28.910713 ], [ -114.476633266999897, 28.92914459800005 ], [ -114.501942511999914, 28.932562567000048 ], [ -114.515939907999893, 28.929673570000091 ], [ -114.523060675999943, 28.925360419000071 ], [ -114.52993730399993, 28.925523179000038 ], [ -114.542831956999919, 28.934394031000068 ], [ -114.548920178999936, 28.951515414000085 ], [ -114.556304490999935, 28.970282294000071 ], [ -114.561214727999925, 28.980400083000063 ], [ -114.575021938999896, 28.97923411700009 ], [ -114.591633127999899, 28.965404173000081 ], [ -114.603764537999893, 28.997609376000071 ], [ -114.602528449999909, 29.030340887000079 ], [ -114.608306443999936, 29.046210028000075 ], [ -114.618153449999909, 29.063055731000077 ], [ -114.623361782999893, 29.080511786000045 ], [ -114.631418423999946, 29.09446849200009 ], [ -114.659535285999937, 29.103013414000088 ], [ -114.689036054999917, 29.113135089000082 ], [ -114.704926797999917, 29.096113213000081 ], [ -114.722010329999932, 29.117504618000055 ], [ -114.727894660999937, 29.141180731000077 ], [ -114.734934048999946, 29.15180084800005 ], [ -114.739816860999895, 29.175523179000038 ], [ -114.743804490999935, 29.187567450000074 ], [ -114.752308722999942, 29.19281647300005 ], [ -114.785313044999896, 29.194160130000057 ], [ -114.829352681999922, 29.231593020000048 ], [ -114.851396061999935, 29.258299975000057 ], [ -114.879465298999946, 29.287665106000077 ], [ -114.9248390059999, 29.330969118000041 ], [ -114.972035285999937, 29.377752997000073 ], [ -115.104237433999913, 29.418890692000048 ], [ -115.187123175999943, 29.428615627000056 ], [ -115.232289191999939, 29.490057684000078 ], [ -115.28572166999993, 29.529885232000083 ], [ -115.371449347999942, 29.55695221600007 ], [ -115.423565240999892, 29.595688954000082 ], [ -115.451964275999899, 29.620106179000061 ], [ -115.477447068999936, 29.626450914000088 ], [ -115.498583186999895, 29.611401236000063 ], [ -115.519154425999943, 29.62726471600007 ], [ -115.536122199999909, 29.635158596000053 ], [ -115.548085089999915, 29.653387762000079 ], [ -115.572625241999901, 29.668723250000085 ], [ -115.593704829999922, 29.69217307100007 ], [ -115.622053392999931, 29.695295584000064 ], [ -115.697564329999921, 29.755825783000034 ], [ -115.695252026999924, 29.777200286000038 ], [ -115.68801295399993, 29.801772610000057 ], [ -115.685767184999918, 29.830640624000068 ], [ -115.690744594999899, 29.851752020000049 ], [ -115.694776967999928, 29.869225027000084 ], [ -115.699898842999914, 29.898013849000051 ], [ -115.720814581999946, 29.920803127000056 ], [ -115.728911912999934, 29.935126044000071 ], [ -115.744292772999927, 29.947495835000041 ], [ -115.762521938999896, 29.953802802000041 ], [ -115.807484503999945, 29.956203518000052 ], [ -115.81118730399993, 29.968003648000035 ], [ -115.790394660999937, 30.038072007000039 ], [ -115.783272168999929, 30.092637823000075 ], [ -115.790394660999937, 30.12376536700009 ], [ -115.792551235999895, 30.12954336100006 ], [ -115.801909959999932, 30.143133856000077 ], [ -115.804066535999937, 30.151434637000079 ], [ -115.803212042999917, 30.163031317000048 ], [ -115.797230597999942, 30.195786851000037 ], [ -115.798329230999911, 30.240301825000074 ], [ -115.80728105399993, 30.284125067000048 ], [ -115.825908094999932, 30.317710644000044 ], [ -115.837303008999925, 30.346467032000078 ], [ -115.865966637999918, 30.368713728000046 ], [ -115.898326861999919, 30.386661940000067 ], [ -115.932932094999899, 30.400213934000078 ], [ -115.975412563999896, 30.401271877000056 ], [ -115.947336391999897, 30.423407294000071 ], [ -115.937001105999911, 30.435126044000071 ], [ -115.93382727799991, 30.449652411000045 ], [ -115.940256313999896, 30.463364976000037 ], [ -115.954701300999943, 30.479559637000079 ], [ -115.972482876999948, 30.49282461100006 ], [ -115.989084438999896, 30.497463283000059 ], [ -115.980132615999935, 30.482570705000057 ], [ -115.970570441999939, 30.470851955000057 ], [ -115.963286912999934, 30.458685614000046 ], [ -115.961740688999896, 30.442206122000073 ], [ -115.971866871999907, 30.434206691000043 ], [ -115.982997821999902, 30.431989539000085 ], [ -115.989282003999904, 30.44048646400006 ], [ -116.002674933999913, 30.449652411000045 ], [ -116.010243292999917, 30.44367096600007 ], [ -116.015126105999911, 30.434475002000056 ], [ -116.014637824999909, 30.426011460000041 ], [ -116.00609290299991, 30.422308661000045 ], [ -115.996449347999942, 30.410549221000053 ], [ -115.991363084999932, 30.388617255000042 ], [ -115.979784791999919, 30.359355827000059 ], [ -116.004548985999918, 30.359164572000054 ], [ -116.012330527999893, 30.392249560000039 ], [ -116.028981279999925, 30.441271407000045 ], [ -116.049254001999941, 30.479593016000081 ], [ -116.031117316999939, 30.627142645000049 ], [ -116.036854620999918, 30.730210679000038 ], [ -116.054839647999927, 30.783677476000037 ], [ -116.057932094999899, 30.802476304000038 ], [ -116.068023240999935, 30.813177802000041 ], [ -116.105644313999903, 30.818813746000046 ], [ -116.152076213999919, 30.857815507000055 ], [ -116.175774033999915, 30.860147233000077 ], [ -116.201283331999946, 30.891587632000039 ], [ -116.218576626999948, 30.913153387000079 ], [ -116.226185675999943, 30.926459052000041 ], [ -116.249745245999918, 30.956773179000038 ], [ -116.268177863999938, 30.963812567000048 ], [ -116.307312632999924, 30.954091310000081 ], [ -116.335445820999894, 30.956339556000046 ], [ -116.340362532999904, 30.989260414000057 ], [ -116.326120018999916, 31.027449096000055 ], [ -116.318109096999933, 31.089660714000047 ], [ -116.309437628999945, 31.148504950000074 ], [ -116.341542120999918, 31.219549872000073 ], [ -116.454139513999905, 31.338544165000087 ], [ -116.497629360999895, 31.406805731000077 ], [ -116.508208787999934, 31.419338283000059 ], [ -116.514149542999917, 31.422796942000048 ], [ -116.530100063999896, 31.440334377000056 ], [ -116.538929816999939, 31.447251695000034 ], [ -116.552357550999943, 31.452093817000048 ], [ -116.572132941999939, 31.466864325000074 ], [ -116.585519985999895, 31.47134023600006 ], [ -116.59593665299991, 31.477850653000075 ], [ -116.599517381999931, 31.483872789000088 ], [ -116.601958787999934, 31.491156317000048 ], [ -116.609120245999918, 31.50141022300005 ], [ -116.646962042999917, 31.528387762000079 ], [ -116.652211066999939, 31.537909247000073 ], [ -116.675607876999948, 31.552639065000051 ], [ -116.681060350999928, 31.566310940000051 ], [ -116.677235480999911, 31.577785549000055 ], [ -116.681060350999928, 31.577297268000052 ], [ -116.667632615999935, 31.580023505000042 ], [ -116.644520636999914, 31.57953522300005 ], [ -116.664173956999946, 31.601141669000071 ], [ -116.661936001999948, 31.616441148000035 ], [ -116.655751105999911, 31.632473049000055 ], [ -116.648060675999943, 31.659165757000039 ], [ -116.655100063999896, 31.677964585000041 ], [ -116.668527798999946, 31.697007554000038 ], [ -116.675363735999895, 31.70258209800005 ], [ -116.690174933999913, 31.708156643000052 ], [ -116.715323268999896, 31.71098380400008 ], [ -116.74117687599994, 31.738533860000075 ], [ -116.750380804999907, 31.752360311000075 ], [ -116.708811001999948, 31.744208075000074 ], [ -116.678822394999941, 31.726996161000045 ], [ -116.661284959999932, 31.72337474200009 ], [ -116.643625454999892, 31.734279690000051 ], [ -116.630441860999895, 31.752834377000056 ], [ -116.619626772999936, 31.771738378000066 ], [ -116.612598333999927, 31.801026872000079 ], [ -116.610001727999929, 31.822600523000062 ], [ -116.611818564999908, 31.842879924000044 ], [ -116.619699673999946, 31.857570705000057 ], [ -116.65692572599994, 31.86390121800008 ], [ -116.676382839999917, 31.868764541000075 ], [ -116.694725319999918, 31.890039683000055 ], [ -116.718788817999894, 31.901189162000037 ], [ -116.735278011999924, 31.903483287000086 ], [ -116.754768356999932, 31.909641021000084 ], [ -116.756011522999927, 31.934556382000039 ], [ -116.757923956999946, 31.965033270000049 ], [ -116.769886847999942, 31.977769273000035 ], [ -116.803863084999932, 31.978705145000049 ], [ -116.842274542999917, 31.986517645000049 ], [ -116.865386522999927, 32.013006903000075 ], [ -116.875314907999893, 32.034491278000075 ], [ -116.878651495999918, 32.069240627000056 ], [ -116.886870897999927, 32.132025458000044 ], [ -116.905100063999896, 32.17837148600006 ], [ -116.922678188999896, 32.21938711100006 ], [ -116.933420376999948, 32.233791408000059 ], [ -116.948312954999892, 32.247015692000048 ], [ -116.966664191999939, 32.25657786700009 ], [ -117.009877081999946, 32.26508209800005 ], [ -117.024973110999895, 32.276922919000071 ], [ -117.073475714999915, 32.36945221600007 ], [ -117.088612433999913, 32.40493398600006 ], [ -117.107289191999939, 32.437648830000057 ], [ -117.118397589999915, 32.45453522300005 ], [ -117.121245897999927, 32.471909898000035 ], [ -117.123384619999911, 32.490564937000045 ], [ -117.124526759999924, 32.512923819000036 ], [ -117.124149853999938, 32.524119343000052 ], [ -117.12512148894416, 32.53166949000402 ], [ -117.04422054099993, 32.537420756000117 ], [ -116.970736653999879, 32.542975973000026 ], [ -116.897201090999886, 32.54853118900003 ], [ -116.823639688999904, 32.554086406000053 ], [ -116.750104126999915, 32.559667460000057 ], [ -116.676542724999933, 32.565222677000079 ], [ -116.603007161999955, 32.570803732000073 ], [ -116.529471598999876, 32.576333110000078 ], [ -116.455961873999897, 32.581888326000083 ], [ -116.382426310999918, 32.58746938100002 ], [ -116.308890747999854, 32.593024597000024 ], [ -116.235329345999858, 32.59855397500003 ], [ -116.161742106999867, 32.60416086900004 ], [ -116.088232381999887, 32.609664408000057 ], [ -116.014748494999921, 32.615271302000068 ], [ -115.941212931999942, 32.620826518000072 ], [ -115.867599853999934, 32.626407573000094 ], [ -115.794064290999955, 32.631962789000013 ], [ -115.720528727999877, 32.637518006 ], [ -115.647019002999912, 32.643073222000041 ], [ -115.573535115999846, 32.648654277000034 ], [ -115.499922037999937, 32.654209493000039 ], [ -115.426386474999859, 32.659764710000061 ], [ -115.35285091199988, 32.665345765000083 ], [ -115.279289510999888, 32.670823466000073 ], [ -115.205805623999922, 32.676456197000093 ], [ -115.132270060999943, 32.681985575000098 ], [ -115.058734496999961, 32.68756663 ], [ -114.985198934999886, 32.693121847000029 ], [ -114.911611694999891, 32.698702902000051 ], [ -114.838076131999912, 32.704206442000029 ], [ -114.764540568999934, 32.709839173000077 ], [ -114.724284627999893, 32.71283640500009 ], [ -114.723871216999882, 32.711518657000013 ], [ -114.73120926999988, 32.686636454000066 ], [ -114.739477498999918, 32.669066468 ], [ -114.751156371999897, 32.652219951000106 ], [ -114.758804484999871, 32.644830221000106 ], [ -114.781542113999947, 32.628061218000042 ], [ -114.786813110999887, 32.621033224000129 ], [ -114.802677774999893, 32.594497375000017 ], [ -114.794202839999897, 32.574111024000089 ], [ -114.795546427999867, 32.55222605400003 ], [ -114.809447388999928, 32.511324158000022 ], [ -114.822108114999963, 32.500239563000022 ], [ -114.819373117999888, 32.499363302000077 ], [ -114.816785441999926, 32.498534241000058 ], [ -114.78014685099987, 32.487242940000087 ], [ -114.370921183999883, 32.360687358000106 ], [ -113.961695516999896, 32.234131775000023 ], [ -113.552444010999892, 32.107602031000042 ], [ -113.143218342999901, 31.981046448000043 ], [ -112.733966837999915, 31.854542542000061 ], [ -112.324715331999911, 31.727986959000091 ], [ -112.033974380621061, 31.638079187973691 ], [ -112.023012389999948, 31.460494949000061 ], [ -112.028512477, 31.298242396000045 ], [ -111.981761741999932, 31.185490623000064 ], [ -111.830509361999972, 31.078238935000055 ], [ -111.728757760999926, 31.028738156000024 ], [ -111.552754991999947, 31.078238935000055 ], [ -111.48125386699995, 31.168990363000034 ], [ -111.407002698999975, 31.295492353000043 ], [ -111.248863687999901, 31.392141826000042 ], [ -111.19744563799992, 31.375553690000046 ], [ -111.145924235999928, 31.359068909000044 ], [ -111.094454508999945, 31.342532451000054 ], [ -111.06711767599991, 31.333644104000044 ], [ -111.006268677999884, 31.327184550000098 ], [ -110.948752807999952, 31.327184550000098 ], [ -110.906068074999865, 31.327236227000085 ], [ -110.863357503999865, 31.327236227000085 ], [ -110.820595255999933, 31.327236227000085 ], [ -110.777884684999933, 31.327236227000085 ], [ -110.735199950999927, 31.327236227000085 ], [ -110.692437703999914, 31.327236227000085 ], [ -110.649727132999914, 31.327236227000085 ], [ -110.606964884999897, 31.327236227000085 ], [ -110.564280151999895, 31.327236227000085 ], [ -110.521595418999894, 31.327236227000085 ], [ -110.478859008999891, 31.327236227000085 ], [ -110.436174276999893, 31.327236227000085 ], [ -110.393489542999887, 31.327236227000085 ], [ -110.350753132999884, 31.327236227000085 ], [ -110.30801672399987, 31.327236227000085 ], [ -110.26522863799994, 31.327236227000085 ], [ -110.222543905999942, 31.327236227000085 ], [ -110.179807495999924, 31.327236227000085 ], [ -110.137071085999921, 31.327236227000085 ], [ -110.094386352999919, 31.327236227000085 ], [ -110.051701619999918, 31.327236227000085 ], [ -110.008965210999904, 31.327236227000085 ], [ -109.966280477999916, 31.327236227000085 ], [ -109.923595743999911, 31.327287903000112 ], [ -109.880807658999885, 31.327339580000043 ], [ -109.838122924999894, 31.327339580000043 ], [ -109.795334839999867, 31.327339580000043 ], [ -109.752650105999876, 31.327339580000043 ], [ -109.70996537299996, 31.327339580000043 ], [ -109.667177287999934, 31.327339580000043 ], [ -109.624492553999943, 31.327339580000043 ], [ -109.581807820999941, 31.327339580000043 ], [ -109.539071411999927, 31.327339580000043 ], [ -109.496386677999936, 31.327339580000043 ], [ -109.453650268999922, 31.327339580000043 ], [ -109.410913858999919, 31.327339580000043 ], [ -109.368229125999918, 31.327339580000043 ], [ -109.325518554999917, 31.327339580000043 ], [ -109.282782145999903, 31.327339580000043 ], [ -109.240071574999902, 31.327339580000043 ], [ -109.197361003999887, 31.327391256000041 ], [ -109.154598755999871, 31.327391256000041 ], [ -109.111914022999969, 31.327391256000041 ], [ -109.069203450999879, 31.327391256000041 ], [ -109.047430462999856, 31.327391256000041 ], [ -109.026492879999864, 31.327391256000041 ], [ -108.983730631999947, 31.327391256000041 ], [ -108.968281966999896, 31.327391256000041 ], [ -108.94104589899986, 31.327391256000041 ], [ -108.898335327999945, 31.327391256000041 ], [ -108.85562475699993, 31.327391256000041 ], [ -108.812914185999929, 31.327391256000041 ], [ -108.770177775999926, 31.327391256000041 ], [ -108.727467203999922, 31.327391256000041 ], [ -108.684756632999907, 31.327391256000041 ], [ -108.642020222999903, 31.327391256000041 ], [ -108.599309651999903, 31.327391256000041 ], [ -108.556547403999886, 31.327391256000041 ], [ -108.513836832999871, 31.327391256000041 ], [ -108.471152099999884, 31.327391256000041 ], [ -108.428441528999969, 31.327391256000041 ], [ -108.385730957999868, 31.327391256000041 ], [ -108.343020385999864, 31.327391256000041 ], [ -108.300335652999962, 31.327391256000041 ], [ -108.257573404999846, 31.327391256000041 ], [ -108.214811157999918, 31.327442932000068 ], [ -108.214862833999931, 31.334470927000055 ], [ -108.214862833999931, 31.341550598000097 ], [ -108.214862833999931, 31.348526917000086 ], [ -108.214862833999931, 31.355554911000084 ], [ -108.214862833999931, 31.36263458300003 ], [ -108.214862833999931, 31.369662578000131 ], [ -108.214862833999931, 31.376638896000131 ], [ -108.214862833999931, 31.383718567000059 ], [ -108.214862833999931, 31.390798239000063 ], [ -108.214862833999931, 31.397826233000089 ], [ -108.214862833999931, 31.404802552000078 ], [ -108.214862833999931, 31.411882223000092 ], [ -108.214862833999931, 31.418910218000107 ], [ -108.214862833999931, 31.425938213000038 ], [ -108.214862833999931, 31.432966208000025 ], [ -108.214914510999861, 31.440045878000049 ], [ -108.214966186999874, 31.447073873000065 ], [ -108.214966186999874, 31.45410186800008 ], [ -108.214966186999874, 31.461129862000078 ], [ -108.214966186999874, 31.468157857000094 ], [ -108.214966186999874, 31.475237529000097 ], [ -108.214966186999874, 31.482213847000097 ], [ -108.214966186999874, 31.489241842000027 ], [ -108.214966186999874, 31.496321513000041 ], [ -108.214966186999874, 31.503401184000055 ], [ -108.214966186999874, 31.510377503000072 ], [ -108.214966186999874, 31.517405498000059 ], [ -108.214966186999874, 31.524485169000101 ], [ -108.214966186999874, 31.531461487000101 ], [ -108.214966186999874, 31.538489482 ], [ -108.214966186999874, 31.54556915300013 ], [ -108.214966186999874, 31.552597148000032 ], [ -108.215017863999975, 31.559625143000048 ], [ -108.215017863999975, 31.566653138000063 ], [ -108.215017863999975, 31.573732808000088 ], [ -108.215017863999975, 31.580760803000075 ], [ -108.215017863999975, 31.587788798000091 ], [ -108.215017863999975, 31.594816793000106 ], [ -108.215017863999975, 31.601844788 ], [ -108.215017863999975, 31.608872782000034 ], [ -108.215017863999975, 31.615952454000038 ], [ -108.215017863999975, 31.622980449000053 ], [ -108.215017863999975, 31.630008443000079 ], [ -108.215017863999975, 31.637036438000067 ], [ -108.215017863999975, 31.644064433 ], [ -108.215017863999975, 31.651092428000098 ], [ -108.215017863999975, 31.658172099000026 ], [ -108.215069539999902, 31.665148418000015 ], [ -108.215121216999904, 31.672176412000042 ], [ -108.215121216999904, 31.679256084000045 ], [ -108.215121216999904, 31.68628407900006 ], [ -108.215121216999904, 31.693312073000058 ], [ -108.215121216999904, 31.7003917440001 ], [ -108.215121216999904, 31.707419739 ], [ -108.215121216999904, 31.714396057 ], [ -108.215121216999904, 31.721475728000101 ], [ -108.215121216999904, 31.728555400000047 ], [ -108.215121216999904, 31.735583395000063 ], [ -108.215121216999904, 31.742559713000063 ], [ -108.215121216999904, 31.749639384000076 ], [ -108.215121216999904, 31.756667379000092 ], [ -108.215121216999904, 31.763695374000079 ], [ -108.215121216999904, 31.770723369 ], [ -108.215121216999904, 31.777751364000025 ], [ -108.18928299999989, 31.777699687000094 ], [ -108.163341430999935, 31.777648010000078 ], [ -108.137503214999924, 31.777544657000064 ], [ -108.111613321999883, 31.777544657000064 ], [ -108.085723428999941, 31.777389629000098 ], [ -108.059885213999934, 31.777389629000098 ], [ -108.033995320999892, 31.777337952 ], [ -108.008105428999869, 31.777234599000067 ], [ -107.982215535999927, 31.777182923000069 ], [ -107.956377319999902, 31.777131246000053 ], [ -107.930487427999964, 31.777079569000122 ], [ -107.904597534999937, 31.777027893000096 ], [ -107.878759317999922, 31.776924541000071 ], [ -107.852869425999884, 31.776924541000071 ], [ -107.826979532999943, 31.776872864000083 ], [ -107.801141316999932, 31.77676951100004 ], [ -107.775251424999894, 31.776717835000042 ], [ -107.749361531999867, 31.776666158000111 ], [ -107.723471639999929, 31.776614482000085 ], [ -107.697633423999903, 31.776562805000097 ], [ -107.671743530999962, 31.776459453000072 ], [ -107.645853638999938, 31.776459453000072 ], [ -107.619963745999897, 31.776407776000056 ], [ -107.594073852999955, 31.776304423000013 ], [ -107.568183960999932, 31.7762527470001 ], [ -107.542294067999904, 31.776201070000084 ], [ -107.516404175999867, 31.776149394000086 ], [ -107.490565958999937, 31.77609771700007 ], [ -107.46467606599991, 31.77599436500013 ], [ -107.438786173999873, 31.775942689000104 ], [ -107.412896281999934, 31.7758393350001 ], [ -107.387032226999906, 31.775787659000073 ], [ -107.361142333999879, 31.775787659000073 ], [ -107.335252441999856, 31.775684306000059 ], [ -107.309414225999916, 31.775632629000128 ], [ -107.283524332999889, 31.775529277000103 ], [ -107.257634440999951, 31.775477601 ], [ -107.231796224999925, 31.775425924000089 ], [ -107.205906331999898, 31.775374248000062 ], [ -107.180016439999875, 31.775374248000062 ], [ -107.154126546999933, 31.775219218000117 ], [ -107.128288329999904, 31.775167541000101 ], [ -107.102398437999881, 31.775167541000101 ], [ -107.076508544999939, 31.775064189 ], [ -107.050670328999914, 31.775012513000078 ], [ -107.024780436999976, 31.774960836000062 ], [ -106.998890543999948, 31.774909160000036 ], [ -106.973000651999911, 31.774857483000019 ], [ -106.947110758999884, 31.77475413000009 ], [ -106.921220865999942, 31.774702453000074 ], [ -106.895330973999918, 31.774702453000074 ], [ -106.869441080999877, 31.774599101000049 ], [ -106.843602864999951, 31.774547425000051 ], [ -106.817712972999928, 31.774495748000035 ], [ -106.791823079999887, 31.774444072 ], [ -106.765933187999863, 31.774392395000106 ], [ -106.740094970999934, 31.774289042000063 ], [ -106.714205077999907, 31.774237366000065 ], [ -106.688315185999869, 31.774237366000065 ], [ -106.662476969999943, 31.774134014000126 ], [ -106.636587076999916, 31.774082337000024 ], [ -106.610697184999879, 31.773978984000095 ], [ -106.584858968999953, 31.773927307000079 ], [ -106.558969075999926, 31.773875631000053 ], [ -106.517188679999961, 31.773823954000036 ], [ -106.506052409999938, 31.770258281000068 ], [ -106.50142524799989, 31.766343684 ], [ -106.492797404999934, 31.759044495000026 ], [ -106.473134521999896, 31.755065409000039 ], [ -106.428951172999902, 31.75847605400007 ], [ -106.391769979999893, 31.745918681000049 ], [ -106.358490356999951, 31.717548320000063 ], [ -106.331308553999875, 31.682149963000128 ], [ -106.312291626999894, 31.648611959000036 ], [ -106.286298380999938, 31.580140687000025 ], [ -106.2747486989999, 31.56262237600005 ], [ -106.23265824399995, 31.519937643000063 ], [ -106.222891398999906, 31.504589742000078 ], [ -106.218731444999975, 31.494616191 ], [ -106.217439534999926, 31.488725077000069 ], [ -106.21542415499988, 31.483919170000078 ], [ -106.2092488199999, 31.477304586000074 ], [ -106.174470581999856, 31.46025136300004 ], [ -106.164316162999896, 31.447797343000062 ], [ -106.141113444999888, 31.439167379000097 ], [ -106.09938472499995, 31.428883769000024 ], [ -106.06530411899989, 31.410952047000038 ], [ -106.04626135299992, 31.404647522000047 ], [ -106.021146606999892, 31.40216705300007 ], [ -106.004739338999926, 31.396947734000051 ], [ -105.961201945999903, 31.371006165 ], [ -105.948515381999954, 31.361239319000035 ], [ -105.941771606999922, 31.352350973000043 ], [ -105.934562743999962, 31.335504456000038 ], [ -105.928051513999904, 31.326461080000101 ], [ -105.908802042999866, 31.317004293000124 ], [ -105.8971490079999, 31.309511211000071 ], [ -105.896993978999959, 31.305997213000026 ], [ -105.880147461999883, 31.300881246000031 ], [ -105.861983194999937, 31.288375550000055 ], [ -105.784830281999888, 31.21101593000013 ], [ -105.777853963999888, 31.192722474000064 ], [ -105.768190470999869, 31.180010071000098 ], [ -105.692277791999928, 31.137635396000078 ], [ -105.675224568999909, 31.131950989000032 ], [ -105.668041544999951, 31.127868551000049 ], [ -105.643805297999876, 31.103683980000071 ], [ -105.623496459999856, 31.090351461000054 ], [ -105.605874796999871, 31.081928203000061 ], [ -105.590940307999901, 31.071437887000101 ], [ -105.578641316999949, 31.052162577000061 ], [ -105.565722208999944, 31.016660868000102 ], [ -105.5559553639999, 31.002604879 ], [ -105.530788940999869, 30.991701152000033 ], [ -105.496682495999892, 30.95650950100007 ], [ -105.415550496999941, 30.902455954000075 ], [ -105.376173055999942, 30.859564514000041 ], [ -105.363770711999877, 30.850366109000035 ], [ -105.334315144999962, 30.843803202000046 ], [ -105.277005981999906, 30.819411926000029 ], [ -105.270753133999904, 30.814347636000051 ], [ -105.265843872999966, 30.808404847000034 ], [ -105.259487670999945, 30.802978821000053 ], [ -105.249049032999906, 30.798844706000025 ], [ -105.243984741999839, 30.799103089000099 ], [ -105.23985062699991, 30.801531881000059 ], [ -105.232874308999911, 30.809128316000042 ], [ -105.229256958999926, 30.810213522000126 ], [ -105.218249878999941, 30.806802877000095 ], [ -105.212100382999964, 30.805717672000085 ], [ -105.204917358999921, 30.802410381000087 ], [ -105.195305542999904, 30.787940980000073 ], [ -105.185125284999941, 30.784633688000085 ], [ -105.174789998999927, 30.783961894000086 ], [ -105.167296916999902, 30.781171367000027 ], [ -105.162697712999943, 30.774918518000035 ], [ -105.160889037999951, 30.764118144000108 ], [ -105.15778845299991, 30.765720113000029 ], [ -105.153240926999885, 30.763187969000043 ], [ -105.14042517099989, 30.750475566 ], [ -105.133603882999935, 30.757916972000103 ], [ -105.08704341699989, 30.709806214000039 ], [ -105.068129842999852, 30.70267486600001 ], [ -105.049474650999883, 30.699264221000064 ], [ -105.027977254999939, 30.690117493000102 ], [ -105.008495239999945, 30.676991679000125 ], [ -104.995782837999897, 30.661747132000087 ], [ -104.992940633999922, 30.6514635220001 ], [ -104.991648722999869, 30.640301412000056 ], [ -104.98911657799988, 30.629552714000042 ], [ -104.982760375999945, 30.620716044000048 ], [ -104.972735148999931, 30.61802887 ], [ -104.941057495999928, 30.61404978500012 ], [ -104.934339559999898, 30.610535787000074 ], [ -104.928241739999933, 30.59952870700009 ], [ -104.89816605699987, 30.569401347000095 ], [ -104.886590535999929, 30.551883037000025 ], [ -104.884006714999927, 30.541857809000092 ], [ -104.882146362999919, 30.520928854000104 ], [ -104.879717570999858, 30.51085194900007 ], [ -104.863026082999923, 30.502377015 ], [ -104.859253703999897, 30.497261048 ], [ -104.859615438999896, 30.491111552000021 ], [ -104.86524816999993, 30.479897767000082 ], [ -104.866695109999924, 30.47302480000009 ], [ -104.864473022999917, 30.462017721 ], [ -104.854654500999942, 30.448736877 ], [ -104.85243241399985, 30.438866679000043 ], [ -104.853620972999877, 30.423983866000086 ], [ -104.85501623599994, 30.417472636000113 ], [ -104.853259236999875, 30.412149964000079 ], [ -104.844939330999907, 30.401039530000062 ], [ -104.837549601999896, 30.394063212000063 ], [ -104.824268757999889, 30.387190247 ], [ -104.81827429199987, 30.380523987000075 ], [ -104.816000528999851, 30.371997376000067 ], [ -104.814967000999872, 30.360576884000054 ], [ -104.812899943999909, 30.350706686000066 ], [ -104.807732300999902, 30.346417541 ], [ -104.788767048999944, 30.335927226000067 ], [ -104.774142619999878, 30.311587627000037 ], [ -104.761688598999896, 30.284199117000085 ], [ -104.749389608999948, 30.264458721000054 ], [ -104.74215490799989, 30.259859518 ], [ -104.724584920999902, 30.252211406000114 ], [ -104.715231486999869, 30.243994853000075 ], [ -104.6958528239999, 30.208441467000014 ], [ -104.681564290999916, 30.192938538000092 ], [ -104.678670410999928, 30.170355937000082 ], [ -104.68047908599992, 30.134130758000126 ], [ -104.684639037999943, 30.111134746000076 ], [ -104.698591674999946, 30.075271301000029 ], [ -104.701588907999863, 30.055324199000026 ], [ -104.699108438999886, 30.031449687000034 ], [ -104.68047908599992, 29.976465963000081 ], [ -104.680117349999918, 29.967784322000043 ], [ -104.682468628999871, 29.952126363000062 ], [ -104.68047908599992, 29.942307841000016 ], [ -104.676525838999851, 29.936830140000026 ], [ -104.663477539999903, 29.923084208 ], [ -104.660635335999928, 29.918433330000127 ], [ -104.656346191999958, 29.908201396000052 ], [ -104.637587646999876, 29.887995911000061 ], [ -104.623764200999915, 29.841487122000032 ], [ -104.619681762999903, 29.833063864000039 ], [ -104.601207437999889, 29.814770407000069 ], [ -104.583585774999904, 29.802574768000042 ], [ -104.570279093999972, 29.787511089000063 ], [ -104.561390747999866, 29.745420634000098 ], [ -104.543665731999852, 29.716430156000044 ], [ -104.537102824999877, 29.702115784000043 ], [ -104.535190795999938, 29.687853088000068 ], [ -104.535035766999911, 29.677802022000051 ], [ -104.530824137999872, 29.667905986000065 ], [ -104.516638957999902, 29.654315084000061 ], [ -104.469380859999958, 29.62540212 ], [ -104.455221517999917, 29.613387350000053 ], [ -104.45206925499987, 29.607108664000023 ], [ -104.448555257999914, 29.597677714000056 ], [ -104.444007731999875, 29.589202779000075 ], [ -104.437832397999898, 29.585430399000032 ], [ -104.430442667999884, 29.582794902000032 ], [ -104.349026448999865, 29.537578024000041 ], [ -104.338484456999907, 29.524012960000064 ], [ -104.320604411999938, 29.532255351000103 ], [ -104.292750813999874, 29.532823792000059 ], [ -104.267170979999918, 29.526570943000038 ], [ -104.251022094999939, 29.508587545000054 ], [ -104.227147583999852, 29.493032939000031 ], [ -104.218698486999955, 29.489829 ], [ -104.212290608999908, 29.484661357000064 ], [ -104.194513915999977, 29.448927104000049 ], [ -104.161647705999954, 29.41675852500002 ], [ -104.139788573999908, 29.400583802000099 ], [ -104.105423746999875, 29.385675150000068 ], [ -104.057312988999911, 29.339037171000101 ], [ -104.019149943999935, 29.320330303 ], [ -103.928121907999909, 29.293019308000098 ], [ -103.864120646999908, 29.281366272000028 ], [ -103.794176595999915, 29.277593893000088 ], [ -103.783660441999942, 29.274803365000039 ], [ -103.774229492999893, 29.267516989000072 ], [ -103.769423584999885, 29.257543437000052 ], [ -103.777717651999936, 29.235296733000027 ], [ -103.77076717199995, 29.229844869000132 ], [ -103.759062459999967, 29.226847637 ], [ -103.749476481999864, 29.222971904000062 ], [ -103.702476766999894, 29.187857768000114 ], [ -103.673124552999923, 29.173569235000045 ], [ -103.584990396999871, 29.154655660000103 ], [ -103.558015299999937, 29.156205953000025 ], [ -103.550237996999925, 29.154655660000103 ], [ -103.541711385999918, 29.1488162240001 ], [ -103.538223226999961, 29.142408345000078 ], [ -103.535587727999939, 29.135121969000082 ], [ -103.529748291999866, 29.126776225000029 ], [ -103.478536946999853, 29.082050273000064 ], [ -103.43569718499991, 29.061121318000076 ], [ -103.423604899999916, 29.057865702000086 ], [ -103.414639037999891, 29.05241383900001 ], [ -103.386630411999874, 29.02879771 ], [ -103.37208349699992, 29.023733419000038 ], [ -103.360533813999893, 29.029831238000085 ], [ -103.351671305999886, 29.039417217000093 ], [ -103.342602091999908, 29.041225892000071 ], [ -103.330483968999914, 29.023733419000038 ], [ -103.324799560999878, 29.026808167000056 ], [ -103.309994262999865, 29.031174825000036 ], [ -103.311514475999871, 29.026042538000027 ], [ -103.316247111999942, 29.010065002000104 ], [ -103.301545166999858, 29.002365214000022 ], [ -103.241755534999911, 29.003502096000133 ], [ -103.187107706999953, 28.990221253000115 ], [ -103.147988647999938, 28.985105286000035 ], [ -103.122770548999881, 28.996474101000032 ], [ -103.109205484999904, 29.023371684000026 ], [ -103.104683797999968, 29.057865702000086 ], [ -103.095356201999934, 29.060294495000065 ], [ -103.091532144999903, 29.057865702000086 ], [ -103.085589355999886, 29.075719910000046 ], [ -103.080757609999878, 29.08520253600004 ], [ -103.072541055999935, 29.091403707000026 ], [ -103.032621012999897, 29.110213928000022 ], [ -103.024275268999915, 29.116156718000028 ], [ -103.015826171999919, 29.126776225000029 ], [ -102.988385986999873, 29.177134908000099 ], [ -102.969756632999903, 29.192844543000078 ], [ -102.947535766999877, 29.182018331000037 ], [ -102.942264770999941, 29.190209046000049 ], [ -102.896892862999906, 29.220284730000046 ], [ -102.869866088999871, 29.22478057900004 ], [ -102.858781493999857, 29.229147237000049 ], [ -102.867954060999949, 29.240386862 ], [ -102.892138630999924, 29.254391175000094 ], [ -102.899709228999967, 29.263899638000069 ], [ -102.899399169999896, 29.276095276 ], [ -102.885498209999909, 29.314800924000011 ], [ -102.885188151999927, 29.333378601000064 ], [ -102.883069417999948, 29.343765564000066 ], [ -102.876971598999901, 29.350871073000107 ], [ -102.864956827999933, 29.359526876000061 ], [ -102.859866699999941, 29.361154683 ], [ -102.853872233999923, 29.360999655000072 ], [ -102.846560018999938, 29.361748963000068 ], [ -102.837671671999914, 29.36632232700002 ], [ -102.838033406999912, 29.370533956000045 ], [ -102.845578165999967, 29.384719137 ], [ -102.844544636999885, 29.390532736000083 ], [ -102.835191202999852, 29.4038394170001 ], [ -102.834984497999898, 29.415699158000038 ], [ -102.838705200999897, 29.426938782000079 ], [ -102.841133992999872, 29.438307597000076 ], [ -102.839066935999895, 29.451950175000079 ], [ -102.833950968999915, 29.461355286000028 ], [ -102.8273105479999, 29.470502014000104 ], [ -102.795477864999867, 29.544270122000071 ], [ -102.786512003999917, 29.550497131000057 ], [ -102.780750081999955, 29.558248597000059 ], [ -102.785891886999948, 29.571813660000046 ], [ -102.776460937999886, 29.575947774000056 ], [ -102.774083821999938, 29.579616801000057 ], [ -102.77966487699986, 29.59230336600011 ], [ -102.767598429999879, 29.597290141000073 ], [ -102.761345580999972, 29.603413798000034 ], [ -102.751759602999883, 29.620156962000081 ], [ -102.75165624999994, 29.622456564000103 ], [ -102.735507364999961, 29.649509176000052 ], [ -102.731269897999908, 29.650594381000062 ], [ -102.726748209999883, 29.664495341000119 ], [ -102.6977577319999, 29.709557190000069 ], [ -102.694708821999967, 29.72061594700007 ], [ -102.693623617999975, 29.729400940000048 ], [ -102.691039794999881, 29.736816508000075 ], [ -102.683469197999926, 29.743715312000049 ], [ -102.676053629999913, 29.744490458000072 ], [ -102.638743245999962, 29.743715312000049 ], [ -102.621224934999915, 29.747280986000121 ], [ -102.58530981499986, 29.764695944000053 ], [ -102.566757975999906, 29.77105214400008 ], [ -102.562882242999947, 29.769346822000031 ], [ -102.558308879999913, 29.759089050000043 ], [ -102.553141235999917, 29.756737773000097 ], [ -102.546578328999928, 29.757874654000105 ], [ -102.543348551999941, 29.760122579000026 ], [ -102.541539876999948, 29.762473857000046 ], [ -102.531127075999933, 29.769915263000073 ], [ -102.523065551999935, 29.782317607000053 ], [ -102.515288248999923, 29.7847205610001 ], [ -102.406095947999859, 29.777279155000073 ], [ -102.404132242999921, 29.780793152000015 ], [ -102.38005102599989, 29.811385600000037 ], [ -102.376588704999847, 29.82148834200008 ], [ -102.374547485999884, 29.848101705000104 ], [ -102.370723429999941, 29.857765198000052 ], [ -102.363230346999913, 29.8642764290001 ], [ -102.351060547999907, 29.866601868000132 ], [ -102.339769246999936, 29.870632629000042 ], [ -102.330234944999944, 29.888926087000087 ], [ -102.321010701999938, 29.893938700000078 ], [ -102.302174641999926, 29.889391174000124 ], [ -102.289022990999854, 29.878125712000056 ], [ -102.27618139699986, 29.86954742500005 ], [ -102.258275513999891, 29.873474833 ], [ -102.25344376599989, 29.855284729000076 ], [ -102.23977534999996, 29.849135234000087 ], [ -102.203679362999949, 29.846138001000085 ], [ -102.157248087999847, 29.824537252000098 ], [ -102.145646728999893, 29.815700582000105 ], [ -102.109344034999921, 29.802109681000033 ], [ -102.014595295999882, 29.810998027000025 ], [ -101.987930256999846, 29.805184428000061 ], [ -101.972246460999969, 29.818181051000082 ], [ -101.957053588999941, 29.814046936000054 ], [ -101.942661702999942, 29.803608297000025 ], [ -101.929613403999895, 29.797717183000103 ], [ -101.920156616999918, 29.798182271000044 ], [ -101.910880696999911, 29.799887594000026 ], [ -101.902379923999902, 29.803246562000126 ], [ -101.895455281999915, 29.808620911000091 ], [ -101.887419596999933, 29.812289938000092 ], [ -101.877523559999943, 29.81084299700008 ], [ -101.857602294999921, 29.805184428000061 ], [ -101.824090128999927, 29.805184428000061 ], [ -101.812695474999927, 29.812031556000093 ], [ -101.805977539999901, 29.811928203 ], [ -101.802980305999895, 29.801437887000034 ], [ -101.794531209999889, 29.795856832000098 ], [ -101.63221553599989, 29.775651347000021 ], [ -101.58028072099988, 29.781568298000039 ], [ -101.564906982999901, 29.78647756000008 ], [ -101.553977416999928, 29.796683655000052 ], [ -101.549765787999888, 29.815700582000105 ], [ -101.54645849699989, 29.820144755000015 ], [ -101.539172119999904, 29.817974345000025 ], [ -101.531911580999932, 29.811101380000068 ], [ -101.528604289999933, 29.801437887000034 ], [ -101.530516317999869, 29.79647694900008 ], [ -101.539688883999943, 29.779191182000076 ], [ -101.542892822999917, 29.77105214400008 ], [ -101.521808838999888, 29.765936178000075 ], [ -101.505763306999924, 29.773894348000042 ], [ -101.490286214999927, 29.785547384000026 ], [ -101.470907552999861, 29.791516012000031 ], [ -101.462432617999951, 29.78893219000004 ], [ -101.455688843999923, 29.775909729 ], [ -101.446102864999915, 29.77105214400008 ], [ -101.43509578499993, 29.770121969000016 ], [ -101.424217895999874, 29.771413880000082 ], [ -101.414011799999898, 29.774411113 ], [ -101.405097615999878, 29.77844187400008 ], [ -101.409309244999918, 29.765781149000034 ], [ -101.406544555999872, 29.752887879000056 ], [ -101.399619914999889, 29.740718079000132 ], [ -101.383367675999878, 29.718497213 ], [ -101.376623901999935, 29.70064300500006 ], [ -101.364350749999915, 29.676665141000043 ], [ -101.357684489999897, 29.667440898000038 ], [ -101.349028686999944, 29.660102845000026 ], [ -101.336238769999881, 29.654315084000061 ], [ -101.309780435999883, 29.654547628000032 ], [ -101.301072957999921, 29.649509176000052 ], [ -101.302726603999957, 29.6338512170001 ], [ -101.310865641999882, 29.612767233000071 ], [ -101.312157551999931, 29.597858581000125 ], [ -101.300969604999892, 29.594137878000097 ], [ -101.283580484999874, 29.607806295000032 ], [ -101.258775797999917, 29.620156962000081 ], [ -101.233919433999873, 29.622663269000057 ], [ -101.219010782999916, 29.610286764000094 ], [ -101.21777054899988, 29.58419016500001 ], [ -101.226478027999946, 29.554450378000027 ], [ -101.222783162999946, 29.540781962000025 ], [ -101.212861287999942, 29.531583558000094 ], [ -101.201776692999928, 29.530653382000068 ], [ -101.191415567999925, 29.528147075000064 ], [ -101.18270808899986, 29.522359314000099 ], [ -101.163561971999854, 29.501301168000069 ], [ -101.134778197999935, 29.487658590000066 ], [ -101.067960571999976, 29.469494324000053 ], [ -101.037781535999883, 29.460063375000075 ], [ -101.029616658999956, 29.442984315000032 ], [ -101.025947631999955, 29.414355571000058 ], [ -101.022175252999929, 29.400480449 ], [ -101.016232462999923, 29.390067648000056 ], [ -101.00806758599991, 29.380585023 ], [ -100.998300740999952, 29.372471822000065 ], [ -100.987397013999896, 29.36632232700002 ], [ -100.914739949999856, 29.337047628000064 ], [ -100.891227172999947, 29.318547465000037 ], [ -100.871796834999969, 29.296455791000128 ], [ -100.86389034099993, 29.290616353000033 ], [ -100.816089640999849, 29.270772604000044 ], [ -100.796142537999927, 29.257672628000094 ], [ -100.783171753999895, 29.243074036000039 ], [ -100.762087768999962, 29.208657532000061 ], [ -100.770097616999948, 29.187289327000073 ], [ -100.762501180999976, 29.17377594 ], [ -100.709739542999856, 29.135561218000092 ], [ -100.706845662999868, 29.13018687000006 ], [ -100.702039754999944, 29.123649800000081 ], [ -100.690825968999903, 29.121014303000052 ], [ -100.678165242999867, 29.119412334000017 ], [ -100.668966837999875, 29.116208394000054 ], [ -100.660853637999963, 29.102669169000066 ], [ -100.652223673999913, 29.044817404000057 ], [ -100.632793334999931, 29.005155742000071 ], [ -100.628917602999891, 28.984330140000012 ], [ -100.637909301999926, 28.962884420000094 ], [ -100.6307779549999, 28.956683248 ], [ -100.626695515999884, 28.948337504000037 ], [ -100.624783487999963, 28.93776967400008 ], [ -100.624318399999936, 28.924721375000033 ], [ -100.618840698999946, 28.917925924000073 ], [ -100.606955119999924, 28.910122782000045 ], [ -100.594966186999869, 28.899322408000032 ], [ -100.589540161999892, 28.883457743000108 ], [ -100.586542927999872, 28.879788717000011 ], [ -100.571763468999862, 28.873199972000023 ], [ -100.566234090999856, 28.869789327 ], [ -100.563340210999868, 28.86208953900011 ], [ -100.569696410999896, 28.849609681000018 ], [ -100.566234090999856, 28.842504171000073 ], [ -100.559671183999882, 28.839377747000029 ], [ -100.741819284999949, 28.875454280000042 ], [ -101.085574692999941, 28.793812371000062 ], [ -101.128544118999969, 28.634825494000033 ], [ -101.064089979999949, 28.437166135000034 ], [ -100.892212275999938, 28.35552422500006 ], [ -100.694552916999953, 28.35552422500006 ], [ -100.552753810999945, 28.394196709000017 ], [ -100.419548589999977, 28.50591721600005 ], [ -100.493938761999914, 28.708377991000035 ], [ -100.481381388999907, 28.686053773000069 ], [ -100.444897826999892, 28.643782450000074 ], [ -100.446189738999934, 28.626496684000088 ], [ -100.434820922999862, 28.619132793000077 ], [ -100.411463175999899, 28.609314270000127 ], [ -100.401437947999881, 28.602260437000027 ], [ -100.397097127999899, 28.59272613500012 ], [ -100.39875077399995, 28.568644918000061 ], [ -100.39776892099988, 28.557586162000078 ], [ -100.384229695999906, 28.53717397100003 ], [ -100.364024210999915, 28.524797465000049 ], [ -100.322631388999866, 28.51040557900005 ], [ -100.351621867999938, 28.496711325000021 ], [ -100.356789510999945, 28.489321595000021 ], [ -100.355549275999905, 28.478185323 ], [ -100.348314575999936, 28.470252991000038 ], [ -100.340201375999939, 28.464258525 ], [ -100.336325643999885, 28.458574117000055 ], [ -100.331674764999917, 28.422013041000028 ], [ -100.322631388999866, 28.386898906000098 ], [ -100.293899291999949, 28.3534125770001 ], [ -100.278551391999898, 28.33108835900002 ], [ -100.277931274999915, 28.314887797000026 ], [ -100.284339152999863, 28.29651682500004 ], [ -100.275089071999858, 28.277241516000103 ], [ -100.257932494999892, 28.260524191000044 ], [ -100.240724243999907, 28.2496979780001 ], [ -100.21281896999993, 28.245072938000064 ], [ -100.205946004999959, 28.242876689000056 ], [ -100.202948771999857, 28.234427592000074 ], [ -100.201191772999962, 28.220345764000044 ], [ -100.197626098999905, 28.207168274000068 ], [ -100.189202839999908, 28.201328838000066 ], [ -100.172873087999875, 28.198538310000018 ], [ -100.074894572999952, 28.154406637000122 ], [ -100.05649776199995, 28.137921855000045 ], [ -100.048901326999896, 28.115959371000073 ], [ -100.048022826999855, 28.102523499000128 ], [ -100.045077270999855, 28.095288799000073 ], [ -100.031538045999881, 28.081801250000083 ], [ -100.017585408999892, 28.070949199000054 ], [ -100.010195678999878, 28.068882141000088 ], [ -100.010505737999949, 28.063611145000053 ], [ -100.01350297099988, 28.056970724000038 ], [ -100.014123087999849, 28.050459493000076 ], [ -100.007456827999931, 28.033561300000073 ], [ -100.000583862999875, 28.020409648000012 ], [ -99.991127075999898, 28.007800599000078 ], [ -99.976605997999854, 27.992452698000122 ], [ -99.961852376999843, 27.987491760000083 ], [ -99.940716715999898, 27.983254293000115 ], [ -99.928288533999918, 27.975761210000073 ], [ -99.939683187999918, 27.961085104000105 ], [ -99.929916341999871, 27.946331482000076 ], [ -99.91433589699993, 27.928244731000078 ], [ -99.896765909999957, 27.91292266900011 ], [ -99.881340495999964, 27.906463115000051 ], [ -99.878808349999886, 27.901838074000082 ], [ -99.88268408299993, 27.891580302000094 ], [ -99.891288208999867, 27.87602569600007 ], [ -99.888006754999878, 27.864811910000029 ], [ -99.880203613999953, 27.859230856000025 ], [ -99.870927693999931, 27.854476624000128 ], [ -99.863357096999977, 27.845665792000133 ], [ -99.861858479999881, 27.83607981400003 ], [ -99.864726522999945, 27.814324036000116 ], [ -99.863357096999977, 27.804660543000082 ], [ -99.858241129999897, 27.803523662000075 ], [ -99.844779418999934, 27.793575949000072 ], [ -99.832971354999927, 27.782181295000086 ], [ -99.832919677999911, 27.77675526900002 ], [ -99.808166666999881, 27.772414449000038 ], [ -99.806962776999924, 27.771423010000078 ], [ -99.795428426999919, 27.761924134000068 ], [ -99.786850138999895, 27.748488261000134 ], [ -99.774576985999957, 27.735827535000098 ], [ -99.76519771399991, 27.731176657000034 ], [ -99.74734350599995, 27.726009013000024 ], [ -99.740444702999881, 27.722159119000068 ], [ -99.736310587999952, 27.713606669000043 ], [ -99.734036824999933, 27.702031148000017 ], [ -99.730652018999919, 27.691825053000045 ], [ -99.723055582999862, 27.687380880000021 ], [ -99.710673654999894, 27.670116197000098 ], [ -99.705692301999932, 27.663170471000043 ], [ -99.700369629999898, 27.659191386000074 ], [ -99.664738729999911, 27.659398092000018 ], [ -99.658692585999873, 27.654023743000053 ], [ -99.648641519999842, 27.636918843000032 ], [ -99.644869140999916, 27.632733052000091 ], [ -99.633526163999932, 27.633068950000066 ], [ -99.612442178999899, 27.643636780000051 ], [ -99.600169026999964, 27.64642730700011 ], [ -99.590247151999876, 27.642060649000101 ], [ -99.578232381999911, 27.622811178000077 ], [ -99.572263753999977, 27.618470358000096 ], [ -99.5550296629999, 27.613509420000057 ], [ -99.53503088399988, 27.604827779000104 ], [ -99.515006265999929, 27.5886013800001 ], [ -99.507203124999904, 27.573770244000073 ], [ -99.507073934999966, 27.533436788000088 ], [ -99.510071166999893, 27.510518291000082 ], [ -99.509502726999926, 27.500027974000105 ], [ -99.503689128999866, 27.495583802000013 ], [ -99.48828955199987, 27.494653626000073 ], [ -99.480408894999925, 27.4907778930001 ], [ -99.476429809999857, 27.482509664000062 ], [ -99.472915812999901, 27.468298645000104 ], [ -99.473639281999894, 27.463802796000081 ], [ -99.472915812999901, 27.426647441000071 ], [ -99.475706339999945, 27.414761862000049 ], [ -99.48462052399988, 27.391765849000095 ], [ -99.487721110999914, 27.3718704220001 ], [ -99.492888753999921, 27.358847961000052 ], [ -99.494025634999929, 27.348202617000069 ], [ -99.497591308999901, 27.338797506000034 ], [ -99.514799560999876, 27.321795960000102 ], [ -99.52136246799995, 27.311253967000127 ], [ -99.493198811999903, 27.30128041600004 ], [ -99.486584228999902, 27.297611389000039 ], [ -99.484878906999938, 27.294820862000066 ], [ -99.482941039999915, 27.286707663000058 ], [ -99.480408894999925, 27.283297018000027 ], [ -99.468962565999917, 27.278232727000059 ], [ -99.466120361999941, 27.276527405000095 ], [ -99.451831827999868, 27.261179504000026 ], [ -99.440902262999899, 27.244798075000077 ], [ -99.434029297999928, 27.226969706000133 ], [ -99.431988077999875, 27.207591044000068 ], [ -99.435786295999904, 27.18841908800006 ], [ -99.450333211999862, 27.145165914000088 ], [ -99.452451945999925, 27.125012106000028 ], [ -99.45017818299992, 27.120464579 ], [ -99.445734008999906, 27.114728496000041 ], [ -99.441419026999938, 27.107493795000082 ], [ -99.439403645999889, 27.098347067000091 ], [ -99.442039143999907, 27.089613749000094 ], [ -99.461727864999943, 27.056954244000039 ], [ -99.443744466999959, 27.034578349000057 ], [ -99.439868733999916, 27.028945618000122 ], [ -99.424650024999977, 27.017886862000026 ], [ -99.41604589899994, 27.014889628 ], [ -99.407312581999875, 27.014527893000022 ], [ -99.399328572999906, 27.012667542000102 ], [ -99.39279150499992, 27.004761048000049 ], [ -99.390156005999913, 26.993598938000034 ], [ -99.39036271199987, 26.973135071000073 ], [ -99.38617692099993, 26.962231344000102 ], [ -99.376849324999895, 26.953756409 ], [ -99.336980956999952, 26.924765930000021 ], [ -99.325973877999871, 26.911536763000029 ], [ -99.293960327999869, 26.876293437000058 ], [ -99.279671793999896, 26.859653625000036 ], [ -99.262799438999906, 26.844047343000099 ], [ -99.248278361999866, 26.827097473 ], [ -99.234093179999903, 26.783637594000069 ], [ -99.221354939999941, 26.735733541000073 ], [ -99.181124837999917, 26.629900208000024 ], [ -99.178385986999871, 26.613673808 ], [ -99.171280476999939, 26.563961080000084 ], [ -99.164872599999896, 26.540448303000105 ], [ -99.140946410999902, 26.531404928000043 ], [ -99.115108194999962, 26.525617167000078 ], [ -99.102990071999884, 26.51207794200009 ], [ -99.091492065999958, 26.484017639000072 ], [ -99.089373332999884, 26.471150208000083 ], [ -99.093739990999964, 26.459781393000085 ], [ -99.102524983999857, 26.446965637000105 ], [ -99.10890702399989, 26.434253235000043 ], [ -99.106426554999913, 26.423039450000104 ], [ -99.085497599999925, 26.407639872000018 ], [ -99.066351480999927, 26.40474599300002 ], [ -99.047644612999946, 26.406968079000038 ], [ -99.027878377999883, 26.406244609000041 ], [ -99.022994954999945, 26.403350729000053 ], [ -99.016432047999871, 26.394462383000032 ], [ -99.010515095999949, 26.392602031000123 ], [ -99.004055541999904, 26.39384226500006 ], [ -98.986950643999947, 26.400095114000052 ], [ -98.962843587999899, 26.399526673000096 ], [ -98.954136108999933, 26.393945618000103 ], [ -98.945376953999954, 26.378287659000037 ], [ -98.929899861999857, 26.392240295000036 ], [ -98.893028727999933, 26.36784902 ], [ -98.870213581999934, 26.372138163000059 ], [ -98.860524251999905, 26.366298727000085 ], [ -98.850834920999958, 26.364076640000079 ], [ -98.842334147999864, 26.365833639000058 ], [ -98.836081298999957, 26.372138163000059 ], [ -98.825022542999946, 26.366453756000041 ], [ -98.817322753999875, 26.368520813000075 ], [ -98.810294759999948, 26.372448222000045 ], [ -98.801328898999913, 26.372138163000059 ], [ -98.795851196999934, 26.368314108000035 ], [ -98.780839192999849, 26.351674296000013 ], [ -98.746396850999901, 26.332140605000106 ], [ -98.735932372999855, 26.320048320000112 ], [ -98.739911458999927, 26.303253479000048 ], [ -98.726217203999909, 26.304390360000056 ], [ -98.713168904999861, 26.30335683300008 ], [ -98.701412516999966, 26.299119365000124 ], [ -98.691464803999878, 26.290231019000103 ], [ -98.704254720999927, 26.276640117000014 ], [ -98.702239338999902, 26.271627503000062 ], [ -98.693325154999883, 26.270542298000052 ], [ -98.685289469999901, 26.26847524 ], [ -98.664696411999898, 26.250646871000058 ], [ -98.653663492999897, 26.244290670000041 ], [ -98.640563517999936, 26.241810201000064 ], [ -98.58162654599991, 26.262274068000025 ], [ -98.552791096999897, 26.248321431000122 ], [ -98.521526855999895, 26.240931702000026 ], [ -98.492949788999937, 26.230596415000022 ], [ -98.472382568999933, 26.207652079000084 ], [ -98.456543741999837, 26.225945536000054 ], [ -98.428845174999907, 26.217728984000118 ], [ -98.397193359999903, 26.201140849000112 ], [ -98.369339762999942, 26.194009502000071 ], [ -98.37727209499991, 26.17364898700005 ], [ -98.37727209499991, 26.163572083000091 ], [ -98.365774088999871, 26.16016143800006 ], [ -98.339264078999889, 26.159851380000092 ], [ -98.333037068999971, 26.15303009000003 ], [ -98.30980851299995, 26.121094056000047 ], [ -98.300429240999932, 26.111430562000024 ], [ -98.222656209999883, 26.075412089000039 ], [ -98.185061604999873, 26.065231832000066 ], [ -98.150231689999913, 26.063681539000058 ], [ -98.103102783999901, 26.074947001000012 ], [ -98.083310710999939, 26.07091624000013 ], [ -98.075145833999898, 26.046628317000042 ], [ -98.065456502999979, 26.042184143000028 ], [ -98.044165812999893, 26.048798726000101 ], [ -98.013056599999942, 26.063681539000058 ], [ -97.999233153999882, 26.06430165600004 ], [ -97.941665609999944, 26.056808574000101 ], [ -97.878181111999908, 26.063733215000084 ], [ -97.802010050999911, 26.063733215000084 ], [ -97.782321329999945, 26.058617249000079 ], [ -97.78030594899991, 26.043217672000097 ], [ -97.766947590999877, 26.039651998000025 ], [ -97.67961442099994, 26.034639385000062 ], [ -97.65987402399989, 26.030660299000075 ], [ -97.641451374999889, 26.02249542300008 ], [ -97.622641154999968, 26.009059550000117 ], [ -97.61305517699995, 25.995985413000071 ], [ -97.604786946999923, 25.97996571900002 ], [ -97.594322468999877, 25.966374818000119 ], [ -97.565176961999867, 25.954747620000049 ], [ -97.520270141999845, 25.912786357000059 ], [ -97.502209228999845, 25.90188263 ], [ -97.486318725999922, 25.895733134000025 ], [ -97.469420532999919, 25.89294260700008 ], [ -97.448259032999971, 25.892322490000097 ], [ -97.441308553999903, 25.884932760000098 ], [ -97.435727498999967, 25.869274801000032 ], [ -97.425418050999866, 25.854857076000101 ], [ -97.404179036999892, 25.85139475600009 ], [ -97.399889892999937, 25.855115459000089 ], [ -97.399476481999926, 25.861161601000035 ], [ -97.397822835999875, 25.86581248 ], [ -97.389890503999908, 25.865657451000047 ], [ -97.383120890999891, 25.860541484000052 ], [ -97.380123657999974, 25.853203431000068 ], [ -97.376015381999935, 25.846743877 ], [ -97.365990152999927, 25.843901673000047 ], [ -97.34573299199991, 25.852221578000112 ], [ -97.345164550999868, 25.871703593000106 ], [ -97.352270060999899, 25.894492899000099 ], [ -97.355112263999871, 25.912786357000059 ], [ -97.351107340999874, 25.918419088000078 ], [ -97.328447224999934, 25.933301900000046 ], [ -97.31098059099989, 25.92208811400009 ], [ -97.28764868199994, 25.928651021000078 ], [ -97.269200194999939, 25.944360657000047 ], [ -97.266357991999939, 25.960638733000067 ], [ -97.253051309999933, 25.963480937000028 ], [ -97.204940551999869, 25.960638733000067 ], [ -97.139271613999938, 25.965806382000039 ], [ -97.167469855999911, 25.828599351000037 ], [ -97.157338019999941, 25.789536851000037 ], [ -97.164458787999934, 25.769517320000091 ], [ -97.165150519999941, 25.723334052000041 ], [ -97.174427863999938, 25.704169012000079 ], [ -97.186268683999913, 25.68695709800005 ], [ -97.198150193999936, 25.646673895000049 ], [ -97.224964972999942, 25.584418036000045 ], [ -97.261545376999948, 25.49945709800005 ], [ -97.319447394999941, 25.389960028000075 ], [ -97.458973761999914, 25.179388739000046 ], [ -97.555205858499932, 24.847621974500044 ], [ -97.651437954999949, 24.515855210000041 ], [ -97.707997199999909, 24.083889065000051 ], [ -97.711740688999896, 24.04913971600007 ], [ -97.716664191999939, 24.00812409100007 ], [ -97.725209113999938, 23.805650132000039 ], [ -97.733306443999936, 23.788397528000075 ], [ -97.750965949999909, 23.781927802000041 ], [ -97.822092251999948, 23.788397528000075 ], [ -97.822092251999948, 23.782212632000039 ], [ -97.794422980999911, 23.782619533000059 ], [ -97.772857225999928, 23.780096747000073 ], [ -97.758859829999949, 23.769029039000088 ], [ -97.753814256999931, 23.743719794000071 ], [ -97.760609503999945, 23.651922919000071 ], [ -97.753814256999931, 23.651922919000071 ], [ -97.746937628999945, 23.67914459800005 ], [ -97.742095506999931, 23.745184637000079 ], [ -97.733306443999936, 23.774807033000059 ], [ -97.722238735999895, 23.739325262000079 ], [ -97.741810675999943, 23.536363023000035 ], [ -97.75812740799995, 23.440375067000048 ], [ -97.768544074999909, 23.26007721600007 ], [ -97.742339647999927, 22.972072658000059 ], [ -97.753814256999931, 22.849310614000046 ], [ -97.752674933999913, 22.907049872000073 ], [ -97.753895636999914, 22.923244533000059 ], [ -97.764475063999896, 22.912014065000051 ], [ -97.794789191999939, 22.808335679000038 ], [ -97.802398240999935, 22.793768622000073 ], [ -97.835764126999948, 22.76117584800005 ], [ -97.839019334999932, 22.753729559000078 ], [ -97.838246222999942, 22.73969147300005 ], [ -97.843169725999928, 22.733303127000056 ], [ -97.849964972999942, 22.732367255000042 ], [ -97.876698370999918, 22.739447333000044 ], [ -97.857411261999914, 22.718573309000078 ], [ -97.855051235999895, 22.698553778000075 ], [ -97.889393683999913, 22.625433661000045 ], [ -97.89321855399993, 22.610256252000056 ], [ -97.890980597999942, 22.596096096000053 ], [ -97.881988084999932, 22.587876695000091 ], [ -97.870106574999909, 22.587713934000078 ], [ -97.858387824999909, 22.593451239000046 ], [ -97.850005662999934, 22.602932033000059 ], [ -97.849273240999935, 22.613226630000042 ], [ -97.853342251999948, 22.643947658000059 ], [ -97.850005662999934, 22.657538153000075 ], [ -97.839955206999946, 22.670314846000053 ], [ -97.83429928299995, 22.669745184000078 ], [ -97.831369594999899, 22.659735419000071 ], [ -97.829579230999911, 22.643866278000075 ], [ -97.830067511999914, 22.616400458000044 ], [ -97.850005662999934, 22.53461334800005 ], [ -97.820057745999918, 22.433294989000046 ], [ -97.822092251999948, 22.404282945000091 ], [ -97.817779100999928, 22.390692450000074 ], [ -97.856049579085209, 22.388745591351199 ], [ -97.938930672674601, 22.434718140318243 ], [ -98.197519684673395, 22.532741995573279 ], [ -98.340075165647107, 22.489865100082795 ], [ -98.641762346312362, 22.459230609378004 ], [ -98.741219658619585, 22.434718140318243 ], [ -98.834046483439664, 22.434718140318243 ], [ -98.950080014464788, 22.514367811620982 ], [ -99.102581226669216, 22.541928171019887 ], [ -99.15562512656642, 22.502116998458867 ], [ -99.206847609850215, 22.438997761561048 ], [ -99.242186316999934, 22.554651714000038 ], [ -99.298046570999972, 22.76949884400004 ], [ -99.306640455999954, 22.885516294000062 ], [ -99.512893700999953, 22.98864291600006 ], [ -99.594535610999969, 22.98864291600006 ], [ -99.740631658999973, 22.945673490000047 ], [ -99.852352166999978, 22.812468270000053 ], [ -99.891024649999963, 22.619105853000061 ], [ -99.895321592999935, 22.430040378000054 ], [ -99.856649108999989, 22.292538215000025 ], [ -99.762116371999966, 22.26675655900004 ], [ -99.646193458501159, 22.345175000857918 ], [ -99.617894426061966, 22.266653137974444 ], [ -99.591994084315274, 22.11316783919073 ], [ -99.462601503553813, 22.108557193829139 ], [ -99.44414261999998, 22.034721659000073 ], [ -99.332422111999946, 21.978861405000021 ], [ -99.276561857999965, 21.991752233000046 ], [ -99.306640455999954, 22.103472741000072 ], [ -99.272264915999969, 22.146442167000021 ], [ -99.306640455999954, 22.20659936300007 ], [ -99.341015996999943, 22.249568789000033 ], [ -99.439845676999923, 22.21949019100003 ], [ -99.445179414153259, 22.209489433895712 ], [ -99.441772102184572, 22.237887426290872 ], [ -99.493572785677912, 22.324166819110101 ], [ -99.429350204604305, 22.407309493361975 ], [ -99.405470135999963, 22.399961780000062 ], [ -99.234652358367953, 22.399961780000062 ], [ -99.221930001437912, 22.302889516349985 ], [ -99.152309882822792, 22.112591953980651 ], [ -99.129103176617818, 21.949714294480547 ], [ -99.142364151592091, 21.81743095045422 ], [ -99.148994639079234, 21.675783069049718 ], [ -99.122472689130689, 21.567914137542072 ], [ -99.084639693629512, 21.536634131562636 ], [ -99.086290171958126, 21.373846187083927 ], [ -99.075861316887156, 21.347136901015308 ], [ -99.024586112788128, 21.336613724444483 ], [ -98.946369699755749, 21.339851705357798 ], [ -98.847295576581331, 21.332566147783826 ], [ -98.802972942529649, 21.300181515752246 ], [ -98.793413158714571, 21.24268121937617 ], [ -98.840343006534013, 21.191641037706589 ], [ -98.871629571746965, 21.160035895498915 ], [ -98.91524608540341, 21.154413119585588 ], [ -99.048322621465445, 21.146814434517715 ], [ -99.116218813333901, 21.137948809249824 ], [ -99.322623236613794, 21.129082653565966 ], [ -99.471994858724329, 21.130349279702713 ], [ -99.489647868610092, 21.160745059276444 ], [ -99.439404686627483, 21.211390820426605 ], [ -99.451626001163788, 21.359429847735328 ], [ -99.542606898267451, 21.382191840065854 ], [ -99.595565927924781, 21.36954672561362 ], [ -99.665091628398017, 21.330947085850511 ], [ -99.686818409795904, 21.285606101967517 ], [ -99.707676119937872, 21.219188725157203 ], [ -99.758082252780966, 21.190830733826651 ], [ -99.79545231678533, 21.202984825452585 ], [ -99.867585231026354, 21.22323942214782 ], [ -99.909246334356808, 21.198731007121491 ], [ -99.960847440176778, 21.168343029368256 ], [ -100.027385708207873, 21.107548354038745 ], [ -100.05590210879258, 21.035322326403755 ], [ -100.054544184955219, 20.998562299526416 ], [ -100.026027784370498, 20.926283455704855 ], [ -99.993437612273667, 20.859045512363686 ], [ -99.929615191917321, 20.800663666290358 ], [ -99.868402531435976, 20.723804746400155 ], [ -99.831844675626769, 20.633007817052675 ], [ -99.842708066325713, 20.55292498490671 ], [ -99.841350142488352, 20.461350340020463 ], [ -99.883445781446767, 20.392633486173807 ], [ -99.854929380862032, 20.370994054883898 ], [ -99.820981284927782, 20.370994054883898 ], [ -99.713705301775718, 20.365901982800359 ], [ -99.579270841876308, 20.344258802605328 ], [ -99.505942954658394, 20.311151604721715 ], [ -99.493721640122089, 20.266573040788462 ], [ -99.524953888381532, 20.220707438881242 ], [ -99.640377414557861, 20.213061856007954 ], [ -99.685188901190998, 20.19012285393195 ], [ -99.75987471224623, 20.149334067805363 ], [ -99.834560523301505, 20.151883679351084 ], [ -99.869866543073073, 20.167180474144558 ], [ -99.895667095983072, 20.205415897480183 ], [ -99.949984049477777, 20.213061856007954 ], [ -99.9947955361109, 20.196495137902577 ], [ -100.038249098906704, 20.204141534545194 ], [ -100.06676549949141, 20.250012024421135 ], [ -100.110219062287172, 20.340439103064018 ], [ -100.191694492529308, 20.401542957426226 ], [ -100.251443141373485, 20.420632946290226 ], [ -100.322055180916607, 20.481704990393844 ], [ -100.388593448947702, 20.523677925244407 ], [ -100.429331164068742, 20.519862679120493 ], [ -100.445626250117144, 20.500785022458683 ], [ -100.452415869303991, 20.461350340020463 ], [ -100.432047011743464, 20.400270207360055 ], [ -100.402172687321311, 20.355717334665513 ], [ -100.379087982086062, 20.289500760881648 ], [ -100.34513988615187, 20.262751424602776 ], [ -100.258253978120337, 20.237301440815646 ], [ -100.233079343229122, 20.186433779799067 ], [ -100.199926905793376, 20.108624283211206 ], [ -100.117045812203983, 20.037005358111745 ], [ -100.157491785875806, 19.960866672195074 ], [ -100.174465833842916, 19.918980950017353 ], [ -100.229631489735993, 19.851142448285913 ], [ -100.308136461583842, 19.77329197735812 ], [ -100.322988753555009, 19.669432188911223 ], [ -100.290822932657335, 19.563105950224177 ], [ -100.46192133616573, 19.559267298559796 ], [ -100.528799085156166, 19.559507216965876 ], [ -100.586086497045088, 19.549510314354691 ], [ -100.609425812999874, 19.511516437715859 ], [ -100.603060545012227, 19.419494311406197 ], [ -100.628521616962885, 19.361453555659185 ], [ -100.704904832814819, 19.313404194441844 ], [ -100.766435756695572, 19.147124775171459 ], [ -100.662469712897092, 19.143115967859668 ], [ -100.552138401110881, 19.1130468107031 ], [ -100.465146405279484, 19.115051591422965 ], [ -100.418467773369969, 19.173179648234477 ], [ -100.380276165443988, 19.25732875488298 ], [ -100.402172687321539, 19.304433414936632 ], [ -100.290822932657335, 19.323655911160415 ], [ -100.263579585670172, 19.297384600151464 ], [ -100.231753245731838, 19.239300430932417 ], [ -100.146883005896342, 19.185203585254978 ], [ -100.011090622159571, 19.189211369192641 ], [ -100.025942914130766, 19.095002690584515 ], [ -100.08535208201566, 18.880327850091039 ], [ -100.068378034048493, 18.816072404273502 ], [ -100.028064670126668, 18.775900272529846 ], [ -99.994116574192475, 18.781926703290178 ], [ -99.955924966266494, 18.800004702005623 ], [ -99.894394042385741, 18.834146734214517 ], [ -99.813767314541977, 18.916460717122213 ], [ -99.807402046554344, 18.976664806422722 ], [ -99.826497850517356, 19.082972184050575 ], [ -99.851958922468015, 19.151133485100967 ], [ -99.879541750414504, 19.203237844549633 ], [ -99.894394042385741, 19.26734363427148 ], [ -99.826497850517356, 19.269346536733583 ], [ -99.73526234269417, 19.287371557174271 ], [ -99.620687518916199, 19.289374214770799 ], [ -99.546426059060138, 19.231287206855708 ], [ -99.467921087212346, 19.201234135556266 ], [ -99.35546801943029, 19.203237844549633 ], [ -99.249380219635867, 19.209248825085531 ], [ -99.209066855714042, 19.25933177969728 ], [ -99.213310367705802, 19.309399442971088 ], [ -99.259988999615331, 19.335428573596442 ], [ -99.351224507438502, 19.343436702462348 ], [ -99.363955043413839, 19.393478600786299 ], [ -99.321519923496083, 19.449507264847785 ], [ -99.249380219635867, 19.505516587906857 ], [ -99.470042843208191, 19.503516588508916 ], [ -99.588861178977936, 19.515516213913269 ], [ -99.663122638833968, 19.56950349990532 ], [ -99.599469958957272, 19.653447775593285 ], [ -99.487016891175273, 19.725365076972452 ], [ -99.402146651339748, 19.759314785091302 ], [ -99.319398167500111, 19.815216197254887 ], [ -99.298343558401783, 19.921435360706486 ], [ -99.327022909846988, 20.010470509547584 ], [ -99.287045632074879, 20.091293661234388 ], [ -99.20100757773919, 20.184311103716567 ], [ -99.121053022194985, 20.223459756732723 ], [ -99.057610820513162, 20.245476545683324 ], [ -98.98721604878402, 20.251184092896356 ], [ -98.966358338641996, 20.216935664952953 ], [ -98.975049051201211, 20.15902237016871 ], [ -98.9863469775281, 20.079866651799865 ], [ -98.983739763760354, 20.036599715066806 ], [ -98.955929483571069, 20.008837290043875 ], [ -98.893356353145094, 19.986787167943437 ], [ -98.857724431652571, 19.994954239903297 ], [ -98.793032940040291, 20.020524643611651 ], [ -98.733284291196114, 20.072826383002194 ], [ -98.638229622580312, 20.193946255593787 ], [ -98.463057447559819, 20.355717334665513 ], [ -98.441439300068907, 20.427199355203911 ], [ -98.39277130973764, 20.489896975037873 ], [ -98.362353815780608, 20.518387425126303 ], [ -98.27892297521268, 20.53629299517765 ], [ -98.231124056137389, 20.576979675384166 ], [ -98.22590962860184, 20.624162638187059 ], [ -98.221564272322325, 20.659133675513385 ], [ -98.235068948920741, 20.706503830965687 ], [ -98.190623977687707, 20.68311760472967 ], [ -98.143945345778207, 20.724796979255462 ], [ -98.071805641918019, 20.802171090832175 ], [ -97.963596086127765, 20.871575619219144 ], [ -97.870238822308721, 20.879505526761331 ], [ -97.798099118448505, 20.81208798188575 ], [ -97.72808117058419, 20.804154521221559 ], [ -97.609262834814501, 20.802171090832175 ], [ -97.535001374958483, 20.726781425461365 ], [ -97.505296791016065, 20.69304230455711 ], [ -97.464983427094182, 20.691057416529798 ], [ -97.399208991221641, 20.722812507043731 ], [ -97.365260895287449, 20.776384122752585 ], [ -97.361017383295675, 20.861662646288757 ], [ -97.316460507382018, 20.921130670170985 ], [ -97.268137173999946, 20.927883205000057 ], [ -97.197173631999931, 20.810207424000055 ], [ -97.187001105999911, 20.77680084800005 ], [ -97.177845831999946, 20.759466864000046 ], [ -97.311538033471436, 20.730829615073823 ], [ -97.335980662544046, 20.710508199005623 ], [ -97.376718377665085, 20.657151520689251 ], [ -97.416098168948764, 20.608860282020306 ], [ -97.459551731744597, 20.585980138997389 ], [ -97.557322248035064, 20.58089519654947 ], [ -97.618428820716616, 20.608860282020306 ], [ -97.712125565495057, 20.635549440030321 ], [ -97.800390614923955, 20.624111802340181 ], [ -97.845202101557106, 20.591064911950685 ], [ -97.862855111442897, 20.527493076264861 ], [ -97.868286806792355, 20.434630766724297 ], [ -97.888655664352868, 20.364628938527996 ], [ -97.918529988774964, 20.312425089506664 ], [ -97.97692071378178, 20.274215990787017 ], [ -97.99728957134235, 20.224530089410674 ], [ -98.133336565798601, 20.068521715095372 ], [ -98.156675881753401, 20.020684126600155 ], [ -98.150310613765768, 19.976820214313523 ], [ -98.095144957872648, 19.948900456666681 ], [ -98.027248766004249, 19.901026527498537 ], [ -98.02088349801663, 19.829188482506947 ], [ -98.008152962041237, 19.683417243160196 ], [ -97.995422426065915, 19.609482429629608 ], [ -97.969961354115256, 19.555508530267094 ], [ -97.940256770172837, 19.53751321362892 ], [ -97.878725846292099, 19.525515221418598 ], [ -97.819316678407233, 19.491516072923424 ], [ -97.762029266518326, 19.447506573892746 ], [ -97.700498342637559, 19.393478600786171 ], [ -97.64957619873627, 19.383471450541805 ], [ -97.607141078818543, 19.383471450541805 ], [ -97.50529679101588, 19.395479957014196 ], [ -97.409817771200935, 19.387474384451917 ], [ -97.324947531365439, 19.381469946686998 ], [ -97.259173095492898, 19.301389645808644 ], [ -97.237955535534041, 19.197226644360377 ], [ -97.189155147628668, 19.157146367365801 ], [ -97.14672002771087, 19.131088961802849 ], [ -97.123380711756127, 19.070940803563921 ], [ -97.106406663789045, 18.990709300477477 ], [ -97.089432615821949, 18.96462572632775 ], [ -97.167937587669797, 18.908431865371423 ], [ -97.235833779538183, 18.848203202065122 ], [ -97.276147143460065, 18.787952918495336 ], [ -97.25705133949711, 18.74576488746909 ], [ -97.148841783706843, 18.705576006405455 ], [ -97.104284907793172, 18.679448113047819 ], [ -97.080945591838386, 18.601040279501575 ], [ -97.046997495904193, 18.570873793190767 ], [ -96.957883744076938, 18.613105377974485 ], [ -96.866648236253766, 18.621148301653268 ], [ -96.747829900484064, 18.623158973139997 ], [ -96.656594392660892, 18.657336748651478 ], [ -96.650229124673203, 18.705576006405455 ], [ -96.773290972434722, 18.733709226625109 ], [ -96.870891748245526, 18.775900272529846 ], [ -96.9430314521057, 18.860250666229852 ], [ -96.972736036048119, 18.928503271809227 ], [ -96.953640232085107, 18.942551821926006 ], [ -96.932422672126222, 18.996728006748732 ], [ -96.849674188286599, 18.96462572632775 ], [ -96.779656240422355, 18.880327850090911 ], [ -96.68842073259917, 18.852219119566737 ], [ -96.637498588697881, 18.856234940960707 ], [ -96.616281028739024, 18.942551821926006 ], [ -96.629011564714332, 19.024812423914501 ], [ -96.675690196623847, 19.062919397940938 ], [ -96.773290972434665, 19.099012665136723 ], [ -96.836943652311291, 19.159150612744281 ], [ -96.856039456274303, 19.205241529136973 ], [ -96.866648236253766, 19.307397030454887 ], [ -96.858161212270147, 19.411489920628217 ], [ -96.91332686816321, 19.475514001545882 ], [ -96.972736036048119, 19.525515221418598 ], [ -96.996075352002848, 19.597489793219292 ], [ -96.996075352002848, 19.679421637935377 ], [ -97.004562375986396, 19.775288619072779 ], [ -97.030023447937111, 19.875088765809824 ], [ -97.03638871592473, 19.944911516543911 ], [ -97.070336811858937, 19.984796379962596 ], [ -97.140354759723238, 20.022677650308985 ], [ -97.214616219579312, 20.058556752778976 ], [ -97.323759348007755, 20.144234719827367 ], [ -97.255863156139284, 20.204141534545066 ], [ -97.220557136367731, 20.279311081573844 ], [ -97.243641841602994, 20.31497202764416 ], [ -97.268084470675603, 20.342985579915005 ], [ -97.240925993928244, 20.373540027914501 ], [ -97.020643900696598, 20.502919863641168 ], [ -97.00031490799995, 20.485744533000059 ], [ -96.959868943999936, 20.464829820000091 ], [ -96.940337693999936, 20.449164130000042 ], [ -96.925648566999939, 20.410345770000049 ], [ -96.910878058999913, 20.392808335000041 ], [ -96.883615688999896, 20.368475653000075 ], [ -96.814808722999942, 20.290432033000059 ], [ -96.753285285999937, 20.240790106000077 ], [ -96.734283006999931, 20.22101471600007 ], [ -96.721547003999945, 20.192694403000075 ], [ -96.71157792899993, 20.182440497000073 ], [ -96.701161261999914, 20.173976955000057 ], [ -96.695220506999931, 20.170477606000077 ], [ -96.684437628999945, 20.16673411700009 ], [ -96.67601477799991, 20.157863674000055 ], [ -96.641102667999917, 20.10024648600006 ], [ -96.575103318999936, 20.026434637000079 ], [ -96.509877081999946, 19.929754950000074 ], [ -96.456125454999949, 19.868801174000055 ], [ -96.44009355399993, 19.837713934000078 ], [ -96.405140753999945, 19.741848049000055 ], [ -96.393666144999941, 19.654120184000078 ], [ -96.36001542899993, 19.536851304000038 ], [ -96.349232550999943, 19.519354559000078 ], [ -96.315500454999949, 19.482245184000078 ], [ -96.310292120999918, 19.462958075000074 ], [ -96.320708787999934, 19.438828843000067 ], [ -96.319162563999896, 19.424709377000056 ], [ -96.304798956999946, 19.391994533000059 ], [ -96.298451300999943, 19.35415273600006 ], [ -96.290353969999899, 19.332586981000077 ], [ -96.278309699999909, 19.314601955000057 ], [ -96.254505988999938, 19.301459052000041 ], [ -96.171620245999918, 19.234116929000038 ], [ -96.157378709999932, 19.225165106000077 ], [ -96.131947394999941, 19.235907294000071 ], [ -96.122141079999949, 19.222072658000059 ], [ -96.118723110999895, 19.198472398000035 ], [ -96.112416144999941, 19.180121161000045 ], [ -96.102894660999937, 19.165838934000078 ], [ -96.088490363999938, 19.115301825000074 ], [ -96.077381964999915, 19.096096096000053 ], [ -96.061431443999936, 19.078517971000053 ], [ -96.04124915299991, 19.065659898000035 ], [ -96.017160610999895, 19.060614325000074 ], [ -95.991200324999909, 19.061021226000037 ], [ -95.977162238999938, 19.058254299000055 ], [ -95.970326300999943, 19.046087958000044 ], [ -95.956288214999915, 18.975816148000035 ], [ -95.941761847999942, 18.938950914000088 ], [ -95.923695441999939, 18.90766022300005 ], [ -95.903553839999915, 18.881903387000079 ], [ -95.867746548999946, 18.849107164000088 ], [ -95.844349738999938, 18.833400783000059 ], [ -95.824370897999927, 18.826646226000037 ], [ -95.808257615999935, 18.82453034100007 ], [ -95.786040818999936, 18.818833726000037 ], [ -95.765207485999895, 18.810451565000051 ], [ -95.752756313999896, 18.799994208000044 ], [ -95.751210089999915, 18.792792059000078 ], [ -95.752756313999896, 18.765814520000049 ], [ -95.777902798999946, 18.778509833000044 ], [ -95.824574347999942, 18.813299872000073 ], [ -95.879505988999938, 18.828517971000053 ], [ -95.914784308999913, 18.862494208000044 ], [ -95.937652147999927, 18.868231512000079 ], [ -95.958851691999939, 18.856390692000048 ], [ -95.936512824999909, 18.838364976000037 ], [ -95.900990363999938, 18.822333075000074 ], [ -95.882435675999943, 18.81704336100006 ], [ -95.872914191999939, 18.798773505000042 ], [ -95.850697394999941, 18.779852606000077 ], [ -95.807362433999913, 18.752142645000049 ], [ -95.807362433999913, 18.744696356000077 ], [ -95.824208136999914, 18.745266018000052 ], [ -95.851307745999918, 18.75617096600007 ], [ -95.866322394999941, 18.758978583000044 ], [ -95.877308722999942, 18.752386786000045 ], [ -95.873036261999914, 18.737860419000071 ], [ -95.861887173999946, 18.72337474200009 ], [ -95.852040167999917, 18.716782945000091 ], [ -95.835845506999931, 18.717596747000073 ], [ -95.824330206999946, 18.720119533000059 ], [ -95.801136847999942, 18.731024481000077 ], [ -95.797759568999936, 18.735052802000041 ], [ -95.79718990799995, 18.739488023000035 ], [ -95.794178839999915, 18.743231512000079 ], [ -95.78343665299991, 18.744696356000077 ], [ -95.774728969999899, 18.744045315000051 ], [ -95.669300910999937, 18.714341539000088 ], [ -95.646880662999934, 18.710598049000055 ], [ -95.628407355999911, 18.700344143000052 ], [ -95.606434699999909, 18.681057033000059 ], [ -95.585031704999949, 18.669663804000038 ], [ -95.568348761999914, 18.683294989000046 ], [ -95.608265753999945, 18.70766836100006 ], [ -95.674305792999917, 18.729396877000056 ], [ -95.728382941999939, 18.757228908000059 ], [ -95.732818162999934, 18.799994208000044 ], [ -95.664173956999946, 18.751044012000079 ], [ -95.583607550999943, 18.721665757000039 ], [ -95.495187954999949, 18.70734284100007 ], [ -95.364735480999911, 18.703273830000057 ], [ -95.275257941999939, 18.709906317000048 ], [ -95.208363410999937, 18.708644924000055 ], [ -95.190052863999938, 18.705145575000074 ], [ -95.173003709999932, 18.69672272300005 ], [ -95.138091600999928, 18.667059637000079 ], [ -95.05142167899993, 18.612250067000048 ], [ -95.038400844999899, 18.59796784100007 ], [ -95.033314581999946, 18.577134507000039 ], [ -95.024240688999896, 18.564032294000071 ], [ -95.002552863999938, 18.55540599200009 ], [ -94.871937628999945, 18.535834052000041 ], [ -94.855051235999895, 18.527899481000077 ], [ -94.807850714999915, 18.523627020000049 ], [ -94.786936001999948, 18.511948960000041 ], [ -94.769195115999935, 18.483343817000048 ], [ -94.73859615799995, 18.406805731000077 ], [ -94.718006964999915, 18.374823309000078 ], [ -94.652740037999934, 18.313788153000075 ], [ -94.628285285999937, 18.285345770000049 ], [ -94.580881313999896, 18.189846096000053 ], [ -94.575021938999896, 18.188299872000073 ], [ -94.543324347999942, 18.166205145000049 ], [ -94.530873175999943, 18.160630601000037 ], [ -94.50023352799991, 18.157619533000059 ], [ -94.466949022999927, 18.144232489000046 ], [ -94.438465949999909, 18.14720286700009 ], [ -94.410064256999931, 18.153550523000092 ], [ -94.388417120999918, 18.15570709800005 ], [ -94.35415605399993, 18.168524481000077 ], [ -94.207142706999946, 18.189642645000049 ], [ -94.134877081999946, 18.207993882000039 ], [ -94.11164303299995, 18.220851955000057 ], [ -94.084584113999938, 18.232245184000078 ], [ -94.007801886999914, 18.248439846000053 ], [ -93.991810675999943, 18.262152411000045 ], [ -93.972564256999931, 18.27212148600006 ], [ -93.861480272999927, 18.306545315000051 ], [ -93.868316209999932, 18.295803127000056 ], [ -93.877512173999946, 18.286525783000059 ], [ -93.88540605399993, 18.276068427000041 ], [ -93.888783331999946, 18.262152411000045 ], [ -93.878285285999937, 18.256903387000079 ], [ -93.798207160999937, 18.267482815000051 ], [ -93.781117316999939, 18.272772528000075 ], [ -93.767445441999939, 18.281195380000042 ], [ -93.759103969999899, 18.292222398000092 ], [ -93.758859829999949, 18.30149974200009 ], [ -93.763498501999948, 18.308254299000055 ], [ -93.766753709999932, 18.314846096000053 ], [ -93.762521938999896, 18.323919989000046 ], [ -93.75617428299995, 18.329291083000044 ], [ -93.744007941999939, 18.336004950000074 ], [ -93.73859615799995, 18.340643622000073 ], [ -93.725209113999938, 18.337103583000044 ], [ -93.710601365999935, 18.339585679000038 ], [ -93.696400519999941, 18.346177476000037 ], [ -93.683949347999942, 18.35492584800005 ], [ -93.677561001999948, 18.336411851000037 ], [ -93.657215949999909, 18.333319403000075 ], [ -93.592844204999949, 18.344956773000092 ], [ -93.581206834999932, 18.356268622000073 ], [ -93.56663977799991, 18.389064846000053 ], [ -93.57640540299991, 18.411851304000038 ], [ -93.58031165299991, 18.41632721600007 ], [ -93.588734503999945, 18.415350653000075 ], [ -93.602609829999949, 18.411037502000056 ], [ -93.61554928299995, 18.404974677000041 ], [ -93.621245897999927, 18.398993231000077 ], [ -93.632679816999939, 18.390448309000078 ], [ -93.703846808999913, 18.36859772300005 ], [ -93.710072394999941, 18.363348700000074 ], [ -93.718739386999914, 18.35187409100007 ], [ -93.72492428299995, 18.347479559000078 ], [ -93.769032355999911, 18.340643622000073 ], [ -93.803456183999913, 18.317084052000041 ], [ -93.814116990999935, 18.312079169000071 ], [ -93.825428839999915, 18.311468817000048 ], [ -93.836822068999936, 18.30931224200009 ], [ -93.847808397999927, 18.299709377000056 ], [ -93.839588995999918, 18.318548895000049 ], [ -93.820790167999917, 18.327541408000059 ], [ -93.801869269999941, 18.333685614000046 ], [ -93.79320227799991, 18.34406159100007 ], [ -93.781971808999913, 18.35297272300005 ], [ -93.596669074999909, 18.419907945000091 ], [ -93.552357550999943, 18.429388739000046 ], [ -93.444691535999937, 18.441799221000053 ], [ -93.305531378999945, 18.437933661000045 ], [ -93.155751105999911, 18.443060614000046 ], [ -93.155751105999911, 18.436835028000075 ], [ -93.165679490999935, 18.421535549000055 ], [ -93.173085089999915, 18.413641669000071 ], [ -93.183094855999911, 18.40892161700009 ], [ -93.17837480399993, 18.400376695000091 ], [ -93.17642167899993, 18.37767161700009 ], [ -93.170033331999946, 18.36859772300005 ], [ -93.16047115799995, 18.368963934000078 ], [ -93.145253058999913, 18.37445709800005 ], [ -93.130360480999911, 18.382228908000059 ], [ -93.121652798999946, 18.389064846000053 ], [ -93.122547980999911, 18.373968817000048 ], [ -93.133859829999949, 18.354885158000059 ], [ -93.135324673999946, 18.340643622000073 ], [ -93.128488735999895, 18.340643622000073 ], [ -93.114125128999945, 18.36163971600007 ], [ -93.107329881999931, 18.36859772300005 ], [ -93.114816860999895, 18.374823309000078 ], [ -93.094797329999949, 18.378119208000044 ], [ -93.088368292999917, 18.392767645000049 ], [ -93.09593665299991, 18.408880927000041 ], [ -93.118234829999949, 18.41632721600007 ], [ -93.139393683999913, 18.42023346600007 ], [ -93.137603318999936, 18.428859768000052 ], [ -93.121937628999945, 18.437933661000045 ], [ -93.101144985999895, 18.443060614000046 ], [ -92.939769649999903, 18.445740928000077 ], [ -92.894322820594667, 18.456721931752426 ], [ -92.90320803593545, 18.355531808148111 ], [ -92.915938571910758, 18.113707053328341 ], [ -92.905329791931294, 17.867509170385311 ], [ -92.807729016120476, 17.782673295252543 ], [ -92.68466716835897, 17.742261082248685 ], [ -92.567970588585155, 17.754385704775803 ], [ -92.43217820484837, 17.867509170385311 ], [ -92.410960644889499, 17.992669059967444 ], [ -92.410960644889499, 18.121773286352404 ], [ -92.421569424868892, 18.244737209217014 ], [ -92.474613324766096, 18.343448570212946 ], [ -92.521291956675626, 18.436065098992817 ], [ -92.57009234458107, 18.516560673310671 ], [ -92.588978644999941, 18.624904690000051 ], [ -92.48614402599992, 18.648482672000057 ], [ -92.405140413999902, 18.671062566000046 ], [ -92.292713995999918, 18.676825262000079 ], [ -92.186756964999915, 18.686224677000041 ], [ -92.060132643999907, 18.701617217000091 ], [ -91.979308766999907, 18.698430251000048 ], [ -91.948060072999908, 18.691224950000048 ], [ -91.920806443999936, 18.661932684000078 ], [ -91.866932745999918, 18.62836334800005 ], [ -91.860422329999949, 18.62181224200009 ], [ -91.860422329999949, 18.609808661000045 ], [ -91.866566535999937, 18.59837474200009 ], [ -91.876616990999935, 18.59015534100007 ], [ -91.888295050999943, 18.587632554000038 ], [ -91.883656378999945, 18.594305731000077 ], [ -91.880848761999914, 18.601304429000038 ], [ -91.892648891999897, 18.596625067000048 ], [ -91.905100063999896, 18.594427802000041 ], [ -91.932362433999913, 18.593898830000057 ], [ -91.942534959999932, 18.59837474200009 ], [ -91.940663214999915, 18.608872789000088 ], [ -91.937245245999918, 18.62055084800005 ], [ -91.942941860999895, 18.628648179000038 ], [ -91.950184699999909, 18.62954336100006 ], [ -91.956288214999915, 18.627386786000045 ], [ -91.976063605999911, 18.611558335000041 ], [ -91.98070227799991, 18.611273505000042 ], [ -91.985340949999909, 18.613836981000077 ], [ -91.99445553299995, 18.615627346000053 ], [ -92.008208787999934, 18.612982489000046 ], [ -92.011382615999935, 18.607367255000042 ], [ -92.005034959999932, 18.602362372000073 ], [ -91.990712042999917, 18.601304429000038 ], [ -91.990712042999917, 18.593898830000057 ], [ -92.003570115999935, 18.590236721000053 ], [ -92.016468878999945, 18.589667059000078 ], [ -92.028472459999932, 18.593085028000075 ], [ -92.039133266999897, 18.601304429000038 ], [ -92.037261522999927, 18.595445054000038 ], [ -92.036691860999895, 18.591050523000092 ], [ -92.03538977799991, 18.586737372000073 ], [ -92.031646287999934, 18.58079661700009 ], [ -92.039906378999945, 18.574204820000091 ], [ -92.046009894999941, 18.566636460000041 ], [ -92.050160285999937, 18.557603257000039 ], [ -92.052805141999897, 18.546698309000078 ], [ -92.047759568999936, 18.550726630000042 ], [ -92.031646287999934, 18.560370184000078 ], [ -92.013742641999897, 18.54633209800005 ], [ -92.003895636999914, 18.54173411700009 ], [ -91.990712042999917, 18.539252020000049 ], [ -91.968617316999939, 18.545721747000073 ], [ -91.955189581999946, 18.547674872000073 ], [ -91.949126756999931, 18.543036200000074 ], [ -91.942616339999915, 18.529974677000041 ], [ -91.926625128999945, 18.51829661700009 ], [ -91.906727667999917, 18.509711005000042 ], [ -91.888295050999943, 18.505764065000051 ], [ -91.915028449999909, 18.525580145000049 ], [ -91.942982550999943, 18.541978257000039 ], [ -91.964182094999899, 18.562323309000078 ], [ -91.970285610999895, 18.593898830000057 ], [ -91.950062628999945, 18.58429596600007 ], [ -91.938832160999937, 18.575262762000079 ], [ -91.926258917999917, 18.572333075000074 ], [ -91.901966925999943, 18.58079661700009 ], [ -91.915028449999909, 18.560370184000078 ], [ -91.901356574999909, 18.555731512000079 ], [ -91.888172980999911, 18.548163153000075 ], [ -91.878163214999915, 18.537990627000056 ], [ -91.874012824999909, 18.525580145000049 ], [ -91.888295050999943, 18.532416083000044 ], [ -91.88931230399993, 18.529242255000042 ], [ -91.889068162999934, 18.52680084800005 ], [ -91.890044725999928, 18.525458075000074 ], [ -91.894520636999914, 18.525580145000049 ], [ -91.876942511999914, 18.51439036700009 ], [ -91.837228969999899, 18.503241278000075 ], [ -91.826283331999946, 18.491441148000092 ], [ -91.829090949999909, 18.47728099200009 ], [ -91.854237433999913, 18.448309637000079 ], [ -91.860422329999949, 18.433172919000071 ], [ -91.852284308999913, 18.420152085000041 ], [ -91.833973761999914, 18.402777411000045 ], [ -91.814279751999948, 18.388657945000091 ], [ -91.802072719999899, 18.385646877000056 ], [ -91.792347785999937, 18.401556708000044 ], [ -91.796498175999943, 18.415920315000051 ], [ -91.806019660999937, 18.431219794000071 ], [ -91.812611456999946, 18.450506903000075 ], [ -91.804432745999918, 18.442206122000073 ], [ -91.794545050999943, 18.437323309000078 ], [ -91.78343665299991, 18.435614325000074 ], [ -91.771595831999946, 18.436835028000075 ], [ -91.782093878999945, 18.450140692000048 ], [ -91.796498175999943, 18.462632554000038 ], [ -91.805165167999917, 18.475897528000075 ], [ -91.798329230999911, 18.491441148000092 ], [ -91.772816535999937, 18.478501695000091 ], [ -91.711740688999896, 18.462795315000051 ], [ -91.682240363999938, 18.450506903000075 ], [ -91.663563605999911, 18.456203518000052 ], [ -91.618153449999909, 18.445257880000042 ], [ -91.592884894999941, 18.443060614000046 ], [ -91.544422980999911, 18.449164130000042 ], [ -91.521311001999948, 18.455064195000091 ], [ -91.504058397999927, 18.464178778000075 ], [ -91.50259355399993, 18.449693101000037 ], [ -91.495838995999918, 18.439601955000057 ], [ -91.486480272999927, 18.436428127000056 ], [ -91.477406378999945, 18.443060614000046 ], [ -91.475412563999896, 18.454657294000071 ], [ -91.482492641999897, 18.48468659100007 ], [ -91.483631964999915, 18.498277085000041 ], [ -91.49046790299991, 18.498277085000041 ], [ -91.492014126999948, 18.492865302000041 ], [ -91.495838995999918, 18.485174872000073 ], [ -91.497303839999915, 18.477769273000092 ], [ -91.50804602799991, 18.47719961100006 ], [ -91.534047003999945, 18.465806382000039 ], [ -91.538889126999948, 18.47101471600007 ], [ -91.534047003999945, 18.480861721000053 ], [ -91.511626756999931, 18.505275783000059 ], [ -91.504058397999927, 18.511948960000041 ], [ -91.480458136999914, 18.524318752000056 ], [ -91.423817511999914, 18.544338283000059 ], [ -91.394886847999942, 18.560370184000078 ], [ -91.379302537999934, 18.554836330000057 ], [ -91.36164303299995, 18.558010158000059 ], [ -91.345041469999899, 18.565619208000044 ], [ -91.332834438999896, 18.573431708000044 ], [ -91.324086066999939, 18.58429596600007 ], [ -91.307240363999938, 18.615383205000057 ], [ -91.301747199999909, 18.62181224200009 ], [ -91.26821855399993, 18.619126695000091 ], [ -91.251332160999937, 18.619696356000077 ], [ -91.244007941999939, 18.625189520000049 ], [ -91.236154751999948, 18.63540273600006 ], [ -91.197010870999918, 18.646389065000051 ], [ -91.181996222999942, 18.65656159100007 ], [ -91.199126756999931, 18.663234768000052 ], [ -91.212310350999928, 18.661322333000044 ], [ -91.237212693999936, 18.649115302000041 ], [ -91.284820115999935, 18.636704820000091 ], [ -91.298654751999948, 18.628648179000038 ], [ -91.266428188999896, 18.704291083000044 ], [ -91.265533006999931, 18.735663153000075 ], [ -91.285633917999917, 18.765814520000049 ], [ -91.302357550999943, 18.780951239000046 ], [ -91.310617641999897, 18.784491278000075 ], [ -91.32258053299995, 18.785630601000037 ], [ -91.332590298999946, 18.782904364000046 ], [ -91.336659308999913, 18.776597398000035 ], [ -91.339670376999948, 18.769924221000053 ], [ -91.346506313999896, 18.765814520000049 ], [ -91.367014126999948, 18.771226304000038 ], [ -91.395375128999945, 18.806586005000042 ], [ -91.41470292899993, 18.813625393000052 ], [ -91.401112433999913, 18.837388414000088 ], [ -91.380726691999939, 18.859442450000074 ], [ -91.35773678299995, 18.87563711100006 ], [ -91.311105923999946, 18.890814520000049 ], [ -91.280506964999915, 18.912014065000051 ], [ -91.253041144999941, 18.937079169000071 ], [ -91.237212693999936, 18.957586981000077 ], [ -91.083006610962855, 18.739234844668257 ], [ -91.000125517373462, 18.377808061351523 ], [ -90.97360356742486, 18.151136275622637 ], [ -90.91061393629694, 18.103875829579557 ], [ -90.691807849221021, 18.037689795089442 ], [ -90.615557243118843, 17.829514762405594 ], [ -90.516099930811635, 17.775854374864302 ], [ -90.34370725614572, 17.775854374864302 ], [ -90.141477387787702, 17.835826687632991 ], [ -89.829844475891704, 17.829514762405594 ], [ -89.408808520457782, 17.756911564422495 ], [ -89.405493276714211, 17.535764394050137 ], [ -89.385601814252752, 17.276363043237797 ], [ -89.365710351791265, 17.228871860143087 ], [ -89.269568283227613, 17.219372157357608 ], [ -89.163480483433247, 17.232038319214897 ], [ -88.987772565023846, 17.194037230621049 ], [ -88.938043908870199, 17.364980481011745 ], [ -88.885000008972995, 17.668485291645627 ], [ -88.817451917697724, 17.790652048705446 ], [ -88.636149525470955, 17.982909898486206 ], [ -88.355336066999939, 18.317084052000041 ], [ -88.360829230999911, 18.308254299000055 ], [ -88.357980923999946, 18.303697007000039 ], [ -88.35024980399993, 18.304185289000088 ], [ -88.341420050999943, 18.310248114000046 ], [ -88.324574347999942, 18.328314520000049 ], [ -88.291411912999934, 18.351141669000071 ], [ -88.275746222999942, 18.358221747000073 ], [ -88.259144660999937, 18.361151434000078 ], [ -88.236805792999917, 18.35814036700009 ], [ -88.207753058999913, 18.344631252000056 ], [ -88.194650844999899, 18.340643622000073 ], [ -88.173410610999952, 18.343736070000091 ], [ -88.143137173999946, 18.363755601000037 ], [ -88.108509894999941, 18.373928127000056 ], [ -88.096750454999949, 18.375433661000045 ], [ -88.091542120999918, 18.37173086100006 ], [ -88.093495245999918, 18.357611395000049 ], [ -88.099029100999928, 18.34837474200009 ], [ -88.118885870999918, 18.333807684000078 ], [ -88.141713019999941, 18.324448960000041 ], [ -88.146148240999935, 18.320217190000051 ], [ -88.146473761999914, 18.309271552000041 ], [ -88.139271613999938, 18.30695221600007 ], [ -88.130523240999935, 18.310451565000051 ], [ -88.123036261999914, 18.322333075000074 ], [ -88.114857550999943, 18.327826239000046 ], [ -88.104644334999932, 18.332098700000074 ], [ -88.094960089999915, 18.333807684000078 ], [ -88.091664191999939, 18.328355210000041 ], [ -88.083566860999952, 18.210109768000052 ], [ -88.091542120999918, 18.118394273000092 ], [ -88.094797329999949, 18.102769273000092 ], [ -88.108794725999928, 18.07884349200009 ], [ -88.112049933999913, 18.063177802000041 ], [ -88.149647589999915, 17.97134023600006 ], [ -88.166737433999913, 17.960150458000044 ], [ -88.166859503999945, 17.959947007000039 ], [ -88.208322719999899, 17.881984768000052 ], [ -88.202259894999941, 17.856146552000041 ], [ -88.214344855999911, 17.773098049000055 ], [ -88.238758917999917, 17.690375067000048 ], [ -88.246693488999938, 17.673651434000078 ], [ -88.272694464999915, 17.64398834800005 ], [ -88.283192511999914, 17.62563711100006 ], [ -88.287709113999938, 17.60423411700009 ], [ -88.283314581999946, 17.580267645000049 ], [ -88.271229620999918, 17.568101304000038 ], [ -88.235585089999915, 17.550726630000042 ], [ -88.228138800999943, 17.535589911000045 ], [ -88.218576626999948, 17.527289130000042 ], [ -88.176665818999936, 17.52024974200009 ], [ -88.167307094999899, 17.51203034100007 ], [ -88.179351365999935, 17.492621161000045 ], [ -88.205148891999897, 17.492865302000041 ], [ -88.23078365799995, 17.496527411000045 ], [ -88.242339647999927, 17.487494208000044 ], [ -88.244943813999896, 17.471991278000075 ], [ -88.260229691174843, 17.423064435021338 ], [ -88.286284959999932, 17.339667059000078 ], [ -88.295969204999949, 17.238104559000078 ], [ -88.296986456999946, 17.217189846000053 ], [ -88.300526495999918, 17.177923895000049 ], [ -88.293446417999917, 17.156805731000077 ], [ -88.289540167999917, 17.137762762000079 ], [ -88.28937740799995, 17.135768947000088 ], [ -88.288563605999911, 17.126939195000091 ], [ -88.283314581999946, 17.103949286000045 ], [ -88.279408331999946, 17.091457424000055 ], [ -88.269927537999934, 17.086330471000053 ], [ -88.248605923999946, 17.079413153000075 ], [ -88.236480272999927, 17.064195054000038 ], [ -88.228179490999935, 17.044867255000042 ], [ -88.223459438999896, 17.023138739000046 ], [ -88.220855272999927, 16.991441148000092 ], [ -88.21507727799991, 16.96710846600007 ], [ -88.348045733864666, 16.995343158532517 ], [ -88.38889208289271, 16.993680915914354 ], [ -88.477537350996059, 16.948794798423918 ], [ -88.619195965710276, 16.806584829999345 ], [ -88.714793803861028, 16.675923816715724 ], [ -88.766938079215961, 16.581825862098952 ], [ -88.910063251674515, 16.523700753068205 ], [ -89.073438463357846, 16.411791150169947 ], [ -89.126482363255064, 16.328325697646662 ], [ -89.154065191201553, 16.287597901407931 ], [ -89.168068780774448, 16.191935813757691 ], [ -89.147699923213935, 16.095411892544774 ], [ -89.097456741231326, 16.048437319903673 ], [ -89.070653658613239, 16.040887528965367 ], [ -88.719237821794351, 16.429217684195571 ], [ -88.404289666154781, 16.743769532798193 ], [ -88.278879360999952, 16.872951565000051 ], [ -88.259348110999952, 16.843410549000055 ], [ -88.255482550999943, 16.826157945000091 ], [ -88.253732876999948, 16.826076565000051 ], [ -88.25023352799991, 16.823431708000044 ], [ -88.247670050999943, 16.818915106000077 ], [ -88.248605923999946, 16.81313711100006 ], [ -88.252308722999942, 16.812160549000055 ], [ -88.265492316999939, 16.813869533000059 ], [ -88.269683397999927, 16.81313711100006 ], [ -88.282378709999932, 16.803412177000041 ], [ -88.287505662999934, 16.797349351000037 ], [ -88.289540167999917, 16.788275458000044 ], [ -88.291737433999913, 16.783392645000049 ], [ -88.296701626999948, 16.778509833000044 ], [ -88.301625128999945, 16.771714585000041 ], [ -88.303822394999941, 16.761297919000071 ], [ -88.302805141999897, 16.749335028000075 ], [ -88.298085089999915, 16.733547268000052 ], [ -88.296986456999946, 16.723781643000052 ], [ -88.306223110999952, 16.652899481000077 ], [ -88.312408006999931, 16.64203522300005 ], [ -88.321156378999945, 16.63344961100006 ], [ -88.331166144999941, 16.620672919000071 ], [ -88.342600063999896, 16.579820054000038 ], [ -88.348052537999934, 16.567328192000048 ], [ -88.351470506999931, 16.549709377000056 ], [ -88.344838019999941, 16.524562893000052 ], [ -88.348988410999937, 16.515326239000046 ], [ -88.35610917899993, 16.50649648600006 ], [ -88.362863735999952, 16.505845445000091 ], [ -88.36587480399993, 16.521429755000042 ], [ -88.334543423999946, 16.63507721600007 ], [ -88.317697719999899, 16.652248440000051 ], [ -88.311268683999913, 16.662298895000049 ], [ -88.337635870999918, 16.649237372000073 ], [ -88.364654100999928, 16.583685614000046 ], [ -88.386382615999935, 16.559271552000041 ], [ -88.379790818999936, 16.558254299000055 ], [ -88.36587480399993, 16.551825262000079 ], [ -88.372629360999952, 16.548529364000046 ], [ -88.377837693999936, 16.547105210000041 ], [ -88.384022589999915, 16.548000393000052 ], [ -88.393177863999938, 16.551825262000079 ], [ -88.391102667999917, 16.543036200000074 ], [ -88.388539191999939, 16.538885809000078 ], [ -88.383290167999917, 16.537787177000041 ], [ -88.372792120999918, 16.538153387000079 ], [ -88.372792120999918, 16.53196849200009 ], [ -88.383412238999938, 16.525091864000046 ], [ -88.39093990799995, 16.515041408000059 ], [ -88.392689581999946, 16.502997137000079 ], [ -88.390044725999928, 16.497626044000071 ], [ -88.386382615999935, 16.490383205000057 ], [ -88.405181443999936, 16.476792710000041 ], [ -88.425648566999939, 16.437241929000038 ], [ -88.444447394999941, 16.428900458000044 ], [ -88.446400519999941, 16.423407294000071 ], [ -88.448231574999909, 16.399644273000092 ], [ -88.447824673999946, 16.394761460000041 ], [ -88.453521287999934, 16.391424872000073 ], [ -88.458811001999948, 16.39134349200009 ], [ -88.462147589999915, 16.393011786000045 ], [ -88.462147589999915, 16.394761460000041 ], [ -88.468495245999918, 16.390692450000074 ], [ -88.470570441999939, 16.388617255000042 ], [ -88.471791144999941, 16.386053778000075 ], [ -88.475738084999932, 16.38117096600007 ], [ -88.48859615799995, 16.351263739000046 ], [ -88.492543097999942, 16.346380927000041 ], [ -88.500355597999942, 16.34210846600007 ], [ -88.526682094999899, 16.308823960000041 ], [ -88.529652472999942, 16.303534247000073 ], [ -88.533802863999938, 16.290350653000075 ], [ -88.536610480999911, 16.285549221000053 ], [ -88.537261522999927, 16.28266022300005 ], [ -88.535959438999896, 16.274115302000041 ], [ -88.536610480999911, 16.271307684000078 ], [ -88.53937740799995, 16.270656643000052 ], [ -88.54751542899993, 16.271918036000045 ], [ -88.550282355999911, 16.271307684000078 ], [ -88.554676886999914, 16.268866278000075 ], [ -88.566761847999942, 16.26626211100006 ], [ -88.571359829999949, 16.263820705000057 ], [ -88.573475714999915, 16.259914455000057 ], [ -88.578195766999897, 16.243963934000078 ], [ -88.578195766999897, 16.285549221000053 ], [ -88.585031704999949, 16.285549221000053 ], [ -88.591908331999946, 16.263820705000057 ], [ -88.605946417999917, 16.260646877000056 ], [ -88.619740363999938, 16.26898834800005 ], [ -88.625965949999909, 16.281805731000077 ], [ -88.629872199999909, 16.287502346000053 ], [ -88.638295050999943, 16.288153387000079 ], [ -88.646636522999927, 16.286607164000088 ], [ -88.650217251999948, 16.285549221000053 ], [ -88.651478644999941, 16.28196849200009 ], [ -88.65103105399993, 16.26439036700009 ], [ -88.653920050999943, 16.257635809000078 ], [ -88.661122199999909, 16.255357164000088 ], [ -88.694894985999952, 16.250799872000073 ], [ -88.700672980999911, 16.247056382000039 ], [ -88.70539303299995, 16.242336330000057 ], [ -88.712554490999935, 16.238226630000042 ], [ -88.725900844999899, 16.236517645000049 ], [ -88.740061001999948, 16.230169989000046 ], [ -88.744211391999897, 16.214504299000055 ], [ -88.742054816999939, 16.175685940000051 ], [ -88.745716925999943, 16.154852606000077 ], [ -88.755197719999899, 16.139715887000079 ], [ -88.769276495999918, 16.130357164000088 ], [ -88.786732550999943, 16.12726471600007 ], [ -88.791818813999896, 16.124660549000055 ], [ -88.797718878999945, 16.118353583000044 ], [ -88.802642381999931, 16.110581773000092 ], [ -88.807036912999934, 16.09320709800005 ], [ -88.81314042899993, 16.088120835000041 ], [ -88.821766730999911, 16.084865627000056 ], [ -88.831410285999937, 16.079494533000059 ], [ -88.842518683999913, 16.070298570000091 ], [ -88.847482876999948, 16.06517161700009 ], [ -88.851918097999942, 16.058986721000053 ], [ -88.854318813999896, 16.047919012000079 ], [ -88.853505011999914, 16.036851304000038 ], [ -88.856271938999896, 16.028265692000048 ], [ -88.882394985999952, 16.020900783000059 ], [ -88.899647589999915, 16.010809637000079 ], [ -88.916371222999942, 15.99750397300005 ], [ -88.927642381999931, 15.983872789000088 ], [ -88.931141730999911, 15.959051825000074 ], [ -88.910267706999946, 15.917385158000059 ], [ -88.913970506999959, 15.893947658000044 ], [ -88.900013800999943, 15.887844143000052 ], [ -88.866200324999909, 15.860337632000039 ], [ -88.831613735999952, 15.868638414000088 ], [ -88.78734290299991, 15.859076239000046 ], [ -88.753285285999937, 15.839789130000042 ], [ -88.749501105999911, 15.818793036000045 ], [ -88.72679602799991, 15.81517161700009 ], [ -88.625965949999909, 15.753892320000091 ], [ -88.638295050999943, 15.708807684000078 ], [ -88.636219855999911, 15.702093817000048 ], [ -88.609242316999939, 15.702093817000048 ], [ -88.598378058999913, 15.706122137000079 ], [ -88.595204230999911, 15.714667059000078 ], [ -88.59634355399993, 15.722154039000088 ], [ -88.598703579999949, 15.723211981000077 ], [ -88.598988410999937, 15.727362372000073 ], [ -88.602365688999896, 15.730902411000045 ], [ -88.605580206999946, 15.735541083000044 ], [ -88.605458136999914, 15.743068752000056 ], [ -88.600453253999945, 15.744574286000045 ], [ -88.591175910999937, 15.743557033000059 ], [ -88.582183397999927, 15.745021877000056 ], [ -88.578195766999897, 15.753892320000091 ], [ -88.574330206999946, 15.769964911000045 ], [ -88.565500454999949, 15.780951239000046 ], [ -88.556060350999928, 15.789496161000045 ], [ -88.550282355999911, 15.79828522300005 ], [ -88.54906165299991, 15.813666083000044 ], [ -88.556711391999897, 15.83734772300005 ], [ -88.557687954999949, 15.852932033000059 ], [ -88.550282355999911, 15.852932033000059 ], [ -88.550648566999939, 15.842474677000041 ], [ -88.550282355999911, 15.839260158000059 ], [ -88.544056769999941, 15.839260158000059 ], [ -88.532134568999936, 15.846828518000052 ], [ -88.503041144999941, 15.841376044000071 ], [ -88.488840298999946, 15.846747137000079 ], [ -88.51195227799991, 15.867580471000053 ], [ -88.524810350999928, 15.877020575000074 ], [ -88.54328365799995, 15.885158596000053 ], [ -88.55101477799991, 15.89516836100006 ], [ -88.557687954999949, 15.90656159100007 ], [ -88.564523891999897, 15.914984442000048 ], [ -88.607574022999927, 15.938421942000048 ], [ -88.619862433999913, 15.953273830000057 ], [ -88.605458136999914, 15.969631252000056 ], [ -88.590199347999942, 15.961004950000074 ], [ -88.561838344999899, 15.949042059000078 ], [ -88.550282355999911, 15.942328192000048 ], [ -88.521229620999918, 15.91274648600006 ], [ -88.50023352799991, 15.901068427000041 ], [ -88.44790605399993, 15.858710028000075 ], [ -88.344838019999941, 15.81195709800005 ], [ -88.311024542999917, 15.782416083000044 ], [ -88.300404425999943, 15.777818101000037 ], [ -88.256337042999917, 15.740383205000057 ], [ -88.221547003999945, 15.725897528000075 ], [ -88.22093665299991, 15.725653387000079 ], [ -88.21507727799991, 15.723211981000077 ], [ -88.169748501999948, 15.691961981000077 ], [ -88.145253058999913, 15.684515692000048 ], [ -88.118885870999918, 15.695868231000077 ], [ -88.060902472999942, 15.755764065000051 ], [ -88.036284959999932, 15.77094147300005 ], [ -88.041615363999938, 15.786688544000071 ], [ -88.031605597999942, 15.789862372000073 ], [ -87.992258266999897, 15.78461334800005 ], [ -87.93390865799995, 15.818793036000045 ], [ -87.926665818999936, 15.83234284100007 ], [ -87.924549933999913, 15.842189846000053 ], [ -87.930165167999917, 15.846747137000079 ], [ -87.941314256999931, 15.849839585000041 ], [ -87.950428839999915, 15.856919664000088 ], [ -87.954579230999911, 15.86399974200009 ], [ -87.950998501999948, 15.867173570000091 ], [ -87.908762173999946, 15.868068752000056 ], [ -87.891957160999937, 15.872951565000051 ], [ -87.875559048999946, 15.884263414000088 ], [ -87.846058722999942, 15.893866278000075 ], [ -87.76008053299995, 15.899562893000052 ], [ -87.742095506999931, 15.904486395000049 ], [ -87.736317511999914, 15.91860586100006 ], [ -87.728342251999948, 15.92100657800006 ], [ -87.722157355999911, 15.922919012000079 ], [ -87.704335089999915, 15.920721747000073 ], [ -87.687489386999914, 15.914984442000048 ], [ -87.643055792999917, 15.889227606000077 ], [ -87.626047329999949, 15.887681382000039 ], [ -87.626047329999949, 15.893947658000059 ], [ -87.636301235999952, 15.903509833000044 ], [ -87.625965949999909, 15.914943752000056 ], [ -87.591297980999911, 15.935492255000042 ], [ -87.610422329999949, 15.910101630000042 ], [ -87.617298956999946, 15.894598700000074 ], [ -87.608631964999915, 15.887681382000039 ], [ -87.603138800999943, 15.880764065000051 ], [ -87.509632941999939, 15.798651434000078 ], [ -87.479400193999936, 15.786037502000056 ], [ -87.447336391999897, 15.792141018000052 ], [ -87.441761847999942, 15.797756252000056 ], [ -87.431548631999931, 15.813950914000088 ], [ -87.426828579999949, 15.818793036000045 ], [ -87.417144334999932, 15.819525458000044 ], [ -87.391184048999946, 15.818426825000074 ], [ -87.385853644999941, 15.822495835000041 ], [ -87.379953579999949, 15.839504299000055 ], [ -87.364979620999918, 15.848334052000041 ], [ -87.345082160999937, 15.85032786700009 ], [ -87.241769985999952, 15.827378648000092 ], [ -87.151722785999937, 15.796861070000091 ], [ -87.058990037999934, 15.787014065000051 ], [ -86.952504035999937, 15.763332424000055 ], [ -86.916859503999945, 15.76040273600006 ], [ -86.878732876999948, 15.764146226000037 ], [ -86.817372199999909, 15.78188711100006 ], [ -86.799631313999896, 15.78461334800005 ], [ -86.796864386999914, 15.787583726000037 ], [ -86.780181443999936, 15.800197658000059 ], [ -86.776356574999909, 15.801988023000092 ], [ -86.770659959999932, 15.806545315000051 ], [ -86.75845292899993, 15.802313544000071 ], [ -86.746449347999942, 15.795599677000041 ], [ -86.741566535999937, 15.792141018000052 ], [ -86.699086066999939, 15.788641669000071 ], [ -86.503814256999931, 15.805080471000053 ], [ -86.470570441999939, 15.804185289000088 ], [ -86.439930792999917, 15.792141018000052 ], [ -86.437855597999942, 15.790838934000078 ], [ -86.414662238999938, 15.776434637000079 ], [ -86.399037238999938, 15.772406317000048 ], [ -86.374745245999918, 15.77094147300005 ], [ -86.354969855999911, 15.773993231000077 ], [ -86.338286912999934, 15.781398830000057 ], [ -86.243234829999949, 15.83860911700009 ], [ -86.218495245999918, 15.865057684000078 ], [ -86.207142706999946, 15.874009507000039 ], [ -86.172596808999913, 15.887518622000073 ], [ -86.137806769999941, 15.895656643000052 ], [ -85.994862433999913, 15.90070221600007 ], [ -85.982289191999939, 15.904201565000051 ], [ -85.972157355999911, 15.909165757000039 ], [ -85.933257615999935, 15.936672268000052 ], [ -85.912180141999897, 15.95929596600007 ], [ -85.903187628999945, 15.983465887000079 ], [ -85.919178839999915, 16.003729559000078 ], [ -85.982492641999897, 16.012518622000073 ], [ -86.012766079999949, 16.019964911000045 ], [ -86.007923956999946, 16.031073309000078 ], [ -85.981841600999928, 16.033148505000042 ], [ -85.904551557999923, 16.018383360000087 ], [ -85.851004879999948, 16.008733665000079 ], [ -85.813465949999909, 16.00454336100006 ], [ -85.766331744999945, 15.991582225000059 ], [ -85.719349738999938, 15.979722398000092 ], [ -85.703195766999897, 15.976467190000051 ], [ -85.69204667899993, 15.971502997000073 ], [ -85.689442511999914, 15.960028387000079 ], [ -85.689605272999927, 15.946437893000052 ], [ -85.687001105999911, 15.935492255000042 ], [ -85.679554816999939, 15.935492255000042 ], [ -85.680083787999934, 15.942206122000073 ], [ -85.67804928299995, 15.945379950000074 ], [ -85.675038214999915, 15.947088934000078 ], [ -85.672718878999945, 15.949164130000042 ], [ -85.656220702999917, 15.948768477000044 ], [ -85.647334405999914, 15.935942688000068 ], [ -85.629563115999929, 15.922042590000046 ], [ -85.608463942999947, 15.907071985000073 ], [ -85.564054792999912, 15.888874601000055 ], [ -85.488577667999948, 15.869566580000082 ], [ -85.436394406999909, 15.873762960000079 ], [ -85.361990541999944, 15.881110034000073 ], [ -85.254250156999944, 15.884084998000048 ], [ -85.196354780999911, 15.90744777000009 ], [ -85.123782968999933, 15.958574594000083 ], [ -85.0757802359999, 15.986247321000064 ], [ -84.999948696999923, 15.987941799000055 ], [ -84.950774182999908, 15.972006975000056 ], [ -84.85446430099995, 15.929750654000088 ], [ -84.733589441999925, 15.895029350000073 ], [ -84.67655175099992, 15.876203025000052 ], [ -84.662276815999917, 15.865637092000043 ], [ -84.668480615999897, 15.853211763000047 ], [ -84.680854078999914, 15.83491673900005 ], [ -84.680939234999926, 15.819181622000087 ], [ -84.681079925999938, 15.794266759000038 ], [ -84.660053913999946, 15.774494092000054 ], [ -84.640297128999919, 15.771775004000062 ], [ -84.615713245999927, 15.77951835600004 ], [ -84.612188505999939, 15.799820681000085 ], [ -84.60940910599993, 15.808983062000038 ], [ -84.599870326999906, 15.808277578000059 ], [ -84.593129224999927, 15.795787892000078 ], [ -84.575485152999931, 15.783895482000048 ], [ -84.55025536699992, 15.787693059000048 ], [ -84.526432806999935, 15.784936377000065 ], [ -84.477436545999922, 15.778755998000065 ], [ -84.468516404999946, 15.789188903000081 ], [ -84.452811170999951, 15.795647751000047 ], [ -84.473867337999934, 15.804293073000053 ], [ -84.499033204999932, 15.809683259000053 ], [ -84.577974540999946, 15.822580437000056 ], [ -84.607887389999917, 15.835195009000074 ], [ -84.633054966999907, 15.847125321000078 ], [ -84.641829709999911, 15.862907079000081 ], [ -84.601645592999944, 15.854824790000066 ], [ -84.464167581999902, 15.829792031000068 ], [ -84.374315457999899, 15.820715618000065 ], [ -84.315041911999913, 15.81770380200004 ], [ -84.294638382999949, 15.811010146000058 ], [ -84.240394391999928, 15.767350999000087 ], [ -84.167070508999927, 15.709697431000052 ], [ -84.058306091999896, 15.620248106000076 ], [ -83.952933206999944, 15.532886512000061 ], [ -83.894170739999936, 15.485180693000075 ], [ -83.817534959999932, 15.439886786000045 ], [ -83.79906165299991, 15.429348049000055 ], [ -83.780873175999943, 15.421535549000055 ], [ -83.745676235999952, 15.415838934000078 ], [ -83.736805792999917, 15.411322333000044 ], [ -83.729969855999911, 15.401556708000044 ], [ -83.729359503999945, 15.393744208000044 ], [ -83.735910610999952, 15.388617255000042 ], [ -83.750803188999896, 15.386786200000074 ], [ -83.768299933999913, 15.393377997000073 ], [ -83.806223110999952, 15.422349351000037 ], [ -83.834462042999917, 15.431789455000057 ], [ -83.853423631999931, 15.44476959800005 ], [ -83.862782355999911, 15.448879299000055 ], [ -83.893137173999946, 15.449164130000042 ], [ -83.906361456999946, 15.451971747000073 ], [ -83.918080206999946, 15.463120835000041 ], [ -83.913400844999899, 15.464829820000091 ], [ -83.909169074999909, 15.467840887000079 ], [ -83.904408331999946, 15.46938711100006 ], [ -83.913075324999909, 15.481838283000059 ], [ -83.94595292899993, 15.517767645000049 ], [ -83.952788865999935, 15.517767645000049 ], [ -83.963734503999945, 15.512518622000073 ], [ -83.977162238999938, 15.520209052000041 ], [ -83.991200324999909, 15.531683661000045 ], [ -84.004017706999946, 15.537583726000037 ], [ -84.024525519999941, 15.535101630000042 ], [ -84.033924933999913, 15.528876044000071 ], [ -84.041167772999927, 15.520209052000041 ], [ -84.055246548999946, 15.510931708000044 ], [ -84.061594204999949, 15.51508209800005 ], [ -84.089344855999911, 15.524603583000044 ], [ -84.076568162999934, 15.535549221000053 ], [ -84.071156378999945, 15.54165273600006 ], [ -84.068837042999917, 15.548163153000075 ], [ -84.073638475999928, 15.550482489000046 ], [ -84.084380662999934, 15.55219147300005 ], [ -84.096180792999917, 15.552639065000051 ], [ -84.103627081999946, 15.551214911000045 ], [ -84.106434699999909, 15.540432033000059 ], [ -84.100005662999934, 15.523260809000078 ], [ -84.088368292999917, 15.504868882000039 ], [ -84.075754360999952, 15.490423895000049 ], [ -84.078236456999946, 15.488226630000042 ], [ -84.079335089999915, 15.487534898000092 ], [ -84.08031165299991, 15.486395575000074 ], [ -84.082508917999917, 15.482977606000077 ], [ -84.089344855999911, 15.482977606000077 ], [ -84.119292772999927, 15.539292710000041 ], [ -84.130360480999911, 15.551214911000045 ], [ -84.141753709999932, 15.553127346000053 ], [ -84.154896613999938, 15.550685940000051 ], [ -84.171945766999897, 15.545070705000057 ], [ -84.18382727799991, 15.545884507000039 ], [ -84.200998501999948, 15.549872137000079 ], [ -84.212880011999914, 15.551214911000045 ], [ -84.205148891999897, 15.528509833000044 ], [ -84.198719855999911, 15.520738023000092 ], [ -84.180409308999913, 15.514471747000073 ], [ -84.180165167999917, 15.50617096600007 ], [ -84.183461066999939, 15.494940497000073 ], [ -84.185536261999914, 15.482977606000077 ], [ -84.178700324999909, 15.482977606000077 ], [ -84.175607876999948, 15.498277085000041 ], [ -84.155588344999899, 15.507391669000071 ], [ -84.146555141999897, 15.535101630000042 ], [ -84.137115037999934, 15.538072007000039 ], [ -84.127797003999945, 15.532619533000059 ], [ -84.114247199999909, 15.499904690000051 ], [ -84.098052537999934, 15.473456122000073 ], [ -84.092152472999942, 15.450913804000038 ], [ -84.11359615799995, 15.441392320000091 ], [ -84.124175584999932, 15.430243231000077 ], [ -84.116525844999899, 15.404974677000041 ], [ -84.099517381999931, 15.37759023600006 ], [ -84.082508917999917, 15.36009349200009 ], [ -84.056711391999897, 15.346828518000052 ], [ -84.03538977799991, 15.341864325000074 ], [ -84.025868292999917, 15.351223049000055 ], [ -84.03538977799991, 15.380560614000046 ], [ -84.021962042999917, 15.370306708000044 ], [ -84.01008053299995, 15.356756903000075 ], [ -84.005360480999911, 15.341294664000088 ], [ -84.013579881999931, 15.325344143000052 ], [ -83.999908006999931, 15.308823960000041 ], [ -83.980620897999927, 15.305731512000079 ], [ -83.931752081999946, 15.311672268000052 ], [ -83.931752081999946, 15.304877020000049 ], [ -83.941395636999914, 15.305243231000077 ], [ -83.94790605399993, 15.303412177000041 ], [ -83.958973761999914, 15.298041083000044 ], [ -83.958973761999914, 15.291815497000073 ], [ -83.950672980999911, 15.274807033000059 ], [ -83.938384568999936, 15.25922272300005 ], [ -83.921986456999946, 15.247870184000078 ], [ -83.900990363999938, 15.243394273000092 ], [ -83.882801886999914, 15.24555084800005 ], [ -83.859527147999927, 15.251288153000075 ], [ -83.837147589999915, 15.259995835000041 ], [ -83.821888800999943, 15.270697333000044 ], [ -83.834543423999946, 15.282619533000059 ], [ -83.877064581999946, 15.304877020000049 ], [ -83.884266730999911, 15.311712958000044 ], [ -83.887603318999936, 15.318345445000091 ], [ -83.891672329999949, 15.323391018000052 ], [ -83.900990363999938, 15.325344143000052 ], [ -83.911732550999943, 15.326117255000042 ], [ -83.988148566999939, 15.352362372000073 ], [ -84.000599738999938, 15.36009349200009 ], [ -84.023793097999942, 15.392564195000091 ], [ -84.03538977799991, 15.401068427000041 ], [ -84.026519334999932, 15.408677476000037 ], [ -84.016713019999941, 15.413723049000055 ], [ -83.99437415299991, 15.421535549000055 ], [ -83.905140753999945, 15.38353099200009 ], [ -83.890736456999946, 15.363226630000042 ], [ -83.88508053299995, 15.352606512000079 ], [ -83.87132727799991, 15.342840887000079 ], [ -83.854400193999936, 15.335598049000055 ], [ -83.825917120999918, 15.329738674000055 ], [ -83.814076300999943, 15.321682033000059 ], [ -83.803863084999932, 15.310492255000042 ], [ -83.79515540299991, 15.298041083000044 ], [ -83.801828579999949, 15.29368724200009 ], [ -83.809925910999937, 15.286688544000071 ], [ -83.815663214999915, 15.284369208000044 ], [ -83.815663214999915, 15.278143622000073 ], [ -83.799224412999934, 15.274603583000044 ], [ -83.785308397999927, 15.284409898000092 ], [ -83.774525519999941, 15.285711981000077 ], [ -83.767201300999943, 15.256415106000077 ], [ -83.769439256999931, 15.219224351000037 ], [ -83.767201300999943, 15.20929596600007 ], [ -83.759836391999897, 15.202093817000048 ], [ -83.75226803299995, 15.202541408000059 ], [ -83.747181769999941, 15.20970286700009 ], [ -83.747385219999899, 15.222886460000041 ], [ -83.739898240999935, 15.222886460000041 ], [ -83.731027798999946, 15.20343659100007 ], [ -83.722645636999914, 15.208075262000079 ], [ -83.705799933999913, 15.237209377000056 ], [ -83.690256313999896, 15.245917059000078 ], [ -83.669545050999943, 15.251898505000042 ], [ -83.633778449999909, 15.256415106000077 ], [ -83.629383917999917, 15.261135158000059 ], [ -83.631459113999938, 15.28384023600006 ], [ -83.630034959999932, 15.291815497000073 ], [ -83.62336178299995, 15.296087958000044 ], [ -83.617014126999948, 15.295599677000041 ], [ -83.609486456999946, 15.29328034100007 ], [ -83.544667120999918, 15.280991929000038 ], [ -83.52765865799995, 15.284369208000044 ], [ -83.52765865799995, 15.278143622000073 ], [ -83.533599412999934, 15.272162177000041 ], [ -83.532948370999918, 15.268133856000077 ], [ -83.529652472999942, 15.263739325000074 ], [ -83.52765865799995, 15.256415106000077 ], [ -83.52765865799995, 15.226304429000038 ], [ -83.532866990999935, 15.21124909100007 ], [ -83.544422980999911, 15.204982815000051 ], [ -83.555897589999915, 15.20929596600007 ], [ -83.561146613999938, 15.226304429000038 ], [ -83.564808722999942, 15.231390692000048 ], [ -83.573475714999915, 15.234767971000053 ], [ -83.583851691999939, 15.23663971600007 ], [ -83.592518683999913, 15.237209377000056 ], [ -83.598500128999945, 15.233099677000041 ], [ -83.603911912999934, 15.224025783000059 ], [ -83.610218878999945, 15.20929596600007 ], [ -83.614735480999911, 15.204087632000039 ], [ -83.619130011999914, 15.200873114000046 ], [ -83.622466600999928, 15.19594961100006 ], [ -83.623850063999896, 15.185370184000078 ], [ -83.621449347999942, 15.176174221000053 ], [ -83.615793423999946, 15.174505927000041 ], [ -83.608998175999943, 15.177394924000055 ], [ -83.603382941999939, 15.18195221600007 ], [ -83.608469204999949, 15.190415757000039 ], [ -83.609486456999946, 15.196926174000055 ], [ -83.607492641999897, 15.202826239000046 ], [ -83.603382941999939, 15.20929596600007 ], [ -83.59593665299991, 15.20929596600007 ], [ -83.593861456999946, 15.184759833000044 ], [ -83.587025519999941, 15.167181708000044 ], [ -83.57445227799991, 15.16046784100007 ], [ -83.55492102799991, 15.16828034100007 ], [ -83.549549933999913, 15.174017645000049 ], [ -83.540435350999928, 15.188666083000044 ], [ -83.534494594999899, 15.195013739000046 ], [ -83.526600714999915, 15.199896552000041 ], [ -83.481800910999937, 15.21556224200009 ], [ -83.482167120999918, 15.21906159100007 ], [ -83.486683722999942, 15.229722398000092 ], [ -83.49087480399993, 15.235907294000071 ], [ -83.496571417999917, 15.240464585000041 ], [ -83.502308722999942, 15.246283270000049 ], [ -83.50649980399993, 15.256415106000077 ], [ -83.509877081999946, 15.270575262000079 ], [ -83.517201300999943, 15.28969961100006 ], [ -83.52961178299995, 15.301011460000041 ], [ -83.548166469999899, 15.291815497000073 ], [ -83.577870245999918, 15.309068101000037 ], [ -83.592640753999945, 15.312241929000038 ], [ -83.610218878999945, 15.304877020000049 ], [ -83.616363084999932, 15.311672268000052 ], [ -83.614125128999945, 15.315415757000039 ], [ -83.610218878999945, 15.325344143000052 ], [ -83.626332160999937, 15.327460028000075 ], [ -83.669585740999935, 15.342922268000052 ], [ -83.678456183999913, 15.349269924000055 ], [ -83.688954230999911, 15.360581773000092 ], [ -83.709828253999945, 15.367092190000051 ], [ -83.725331183999913, 15.375881252000056 ], [ -83.71939042899993, 15.394232489000046 ], [ -83.702992316999939, 15.402004299000055 ], [ -83.687408006999931, 15.393744208000044 ], [ -83.673329230999911, 15.380601304000038 ], [ -83.661366339999915, 15.37376536700009 ], [ -83.65062415299991, 15.370306708000044 ], [ -83.542591925999943, 15.315741278000075 ], [ -83.408029751999948, 15.266424872000073 ], [ -83.356312628999945, 15.229722398000092 ], [ -83.344553188999896, 15.210882880000042 ], [ -83.32843990799995, 15.146633205000057 ], [ -83.31086178299995, 15.106431382000039 ], [ -83.284291144999941, 15.068345445000091 ], [ -83.253814256999931, 15.044623114000046 ], [ -83.130444472447948, 14.997012021272383 ], [ -83.137766079999949, 14.986721096000053 ], [ -83.156076626999948, 14.978461005000042 ], [ -83.165150519999941, 14.96906159100007 ], [ -83.179839647999927, 14.985988674000055 ], [ -83.191883917999917, 14.974269924000055 ], [ -83.20148678299995, 14.953070380000042 ], [ -83.208892381999931, 14.94171784100007 ], [ -83.221669074999909, 14.935695705000057 ], [ -83.233876105999911, 14.92133209800005 ], [ -83.242909308999913, 14.904364325000074 ], [ -83.246449347999942, 14.890570380000042 ], [ -83.249094204999949, 14.885891018000052 ], [ -83.261830206999946, 14.87376536700009 ], [ -83.266957160999937, 14.86664459800005 ], [ -83.269520636999914, 14.856919664000088 ], [ -83.271351691999939, 14.835516669000071 ], [ -83.273793097999942, 14.825669664000088 ], [ -83.281971808999913, 14.813177802000041 ], [ -83.294016079999949, 14.804266669000071 ], [ -83.32843990799995, 14.790961005000042 ], [ -83.325998501999948, 14.796942450000074 ], [ -83.323231574999909, 14.801703192000048 ], [ -83.31476803299995, 14.811428127000056 ], [ -83.31476803299995, 14.803941148000092 ], [ -83.311390753999945, 14.809515692000048 ], [ -83.309437628999945, 14.814113674000055 ], [ -83.308583136999914, 14.819037177000041 ], [ -83.308501756999931, 14.825669664000088 ], [ -83.316273566999939, 14.82103099200009 ], [ -83.319488084999932, 14.820257880000042 ], [ -83.32843990799995, 14.825669664000088 ], [ -83.32843990799995, 14.831854559000078 ], [ -83.316477016999897, 14.83734772300005 ], [ -83.305083787999934, 14.838771877000056 ], [ -83.295074022999927, 14.835191148000092 ], [ -83.28742428299995, 14.825669664000088 ], [ -83.288197394999941, 14.844549872000073 ], [ -83.298939581999946, 14.870428778000075 ], [ -83.301665818999936, 14.890570380000042 ], [ -83.307850714999915, 14.910589911000045 ], [ -83.322173631999931, 14.913885809000078 ], [ -83.338368292999917, 14.908026434000078 ], [ -83.350168423999946, 14.900824286000045 ], [ -83.369862433999913, 14.883002020000049 ], [ -83.414133266999897, 14.827704169000071 ], [ -83.424631313999896, 14.803941148000092 ], [ -83.414865688999896, 14.81391022300005 ], [ -83.411529100999928, 14.818264065000051 ], [ -83.397816535999937, 14.807603257000039 ], [ -83.38695227799991, 14.766546942000048 ], [ -83.380238410999937, 14.757391669000071 ], [ -83.367054816999939, 14.749701239000046 ], [ -83.352650519999941, 14.736232815000051 ], [ -83.337513800999943, 14.731431382000039 ], [ -83.322173631999931, 14.749945380000042 ], [ -83.329457160999937, 14.756089585000041 ], [ -83.34788977799991, 14.767075914000088 ], [ -83.356312628999945, 14.770453192000048 ], [ -83.345041469999899, 14.776556708000044 ], [ -83.333485480999911, 14.773260809000078 ], [ -83.322987433999913, 14.763413804000038 ], [ -83.31476803299995, 14.749945380000042 ], [ -83.315419074999909, 14.772772528000075 ], [ -83.308176235999952, 14.779852606000077 ], [ -83.299224412999934, 14.771185614000046 ], [ -83.260121222999942, 14.59601471600007 ], [ -83.257964647999927, 14.590399481000077 ], [ -83.248605923999946, 14.57172272300005 ], [ -83.240305141999897, 14.523993231000077 ], [ -83.191802537999934, 14.386908270000049 ], [ -83.186594204999949, 14.347642320000091 ], [ -83.191395636999914, 14.313421942000048 ], [ -83.218576626999948, 14.25031159100007 ], [ -83.301665818999936, 14.119940497000073 ], [ -83.337513800999943, 14.077541408000059 ], [ -83.342640753999945, 14.060980536000045 ], [ -83.349680141999897, 14.048773505000042 ], [ -83.397287563999896, 14.016302802000041 ], [ -83.417388475999928, 13.98859284100007 ], [ -83.431263800999943, 13.956732489000046 ], [ -83.45531165299991, 13.86391836100006 ], [ -83.493804490999935, 13.73773834800005 ], [ -83.517486131999931, 13.62368398600006 ], [ -83.516021287999934, 13.574652411000045 ], [ -83.52017167899993, 13.550767320000091 ], [ -83.520375128999945, 13.531642971000053 ], [ -83.54133053299995, 13.48187897300005 ], [ -83.559152798999946, 13.415838934000078 ], [ -83.570139126999948, 13.287095445000091 ], [ -83.568226691999939, 13.263006903000075 ], [ -83.561146613999938, 13.249172268000052 ], [ -83.56859290299991, 13.24290599200009 ], [ -83.562977667999917, 13.230658270000049 ], [ -83.529571092999902, 13.032619533000059 ], [ -83.507679816999939, 12.902777411000045 ], [ -83.54133053299995, 12.63898346600007 ], [ -83.54133053299995, 12.580633856000077 ], [ -83.537993943999936, 12.57103099200009 ], [ -83.523508266999897, 12.542303778000075 ], [ -83.513824022999927, 12.51048411700009 ], [ -83.485910610999952, 12.472154039000088 ], [ -83.479237433999913, 12.447211005000042 ], [ -83.481800910999937, 12.41665273600006 ], [ -83.492298956999946, 12.400336005000042 ], [ -83.512562628999945, 12.393784898000092 ], [ -83.544748501999948, 12.392564195000091 ], [ -83.569243943999936, 12.387640692000048 ], [ -83.594227667999917, 12.378810940000051 ], [ -83.617583787999934, 12.375148830000057 ], [ -83.637521938999896, 12.385728257000039 ], [ -83.629994269999941, 12.39288971600007 ], [ -83.609364386999914, 12.407212632000039 ], [ -83.603382941999939, 12.413723049000055 ], [ -83.602528449999909, 12.425441799000055 ], [ -83.606312628999945, 12.441148179000038 ], [ -83.612700975999928, 12.454901434000078 ], [ -83.634632941999939, 12.474107164000088 ], [ -83.632883266999897, 12.539536851000037 ], [ -83.637521938999896, 12.564520575000074 ], [ -83.633859829999949, 12.566473700000074 ], [ -83.632679816999939, 12.566595770000049 ], [ -83.632069464999915, 12.56712474200009 ], [ -83.630034959999932, 12.570746161000045 ], [ -83.623850063999896, 12.570746161000045 ], [ -83.588449673999946, 12.559637762000079 ], [ -83.563791469999899, 12.590887762000079 ], [ -83.555409308999913, 12.635891018000052 ], [ -83.56859290299991, 12.66632721600007 ], [ -83.56859290299991, 12.673773505000042 ], [ -83.559966600999928, 12.683254299000055 ], [ -83.556548631999931, 12.69672272300005 ], [ -83.55492102799991, 12.75259023600006 ], [ -83.553130662999934, 12.754706122000073 ], [ -83.54906165299991, 12.758042710000041 ], [ -83.544422980999911, 12.763088283000059 ], [ -83.54133053299995, 12.769964911000045 ], [ -83.544667120999918, 12.796779690000051 ], [ -83.564035610999952, 12.812689520000049 ], [ -83.590809699999909, 12.81907786700009 ], [ -83.616363084999932, 12.81712474200009 ], [ -83.63703365799995, 12.80532461100006 ], [ -83.645904100999928, 12.786851304000038 ], [ -83.645334438999896, 12.766506252000056 ], [ -83.637521938999896, 12.748846747000073 ], [ -83.61554928299995, 12.737290757000039 ], [ -83.613270636999914, 12.735256252000056 ], [ -83.613392706999946, 12.73187897300005 ], [ -83.611683722999942, 12.714911200000074 ], [ -83.610218878999945, 12.707912502000056 ], [ -83.605946417999917, 12.701076565000051 ], [ -83.601307745999918, 12.698228257000039 ], [ -83.597482876999948, 12.694322007000039 ], [ -83.59593665299991, 12.684027411000045 ], [ -83.596424933999913, 12.667141018000052 ], [ -83.598622199999909, 12.660223700000074 ], [ -83.603382941999939, 12.65265534100007 ], [ -83.599436001999948, 12.647935289000088 ], [ -83.589100714999915, 12.632147528000075 ], [ -83.620472785999937, 12.614243882000039 ], [ -83.673695441999939, 12.570461330000057 ], [ -83.705799933999913, 12.557074286000045 ], [ -83.749012824999909, 12.552557684000078 ], [ -83.767201300999943, 12.546698309000078 ], [ -83.774647589999915, 12.53351471600007 ], [ -83.774647589999915, 12.481431382000039 ], [ -83.773426886999914, 12.480292059000078 ], [ -83.769439256999931, 12.482489325000074 ], [ -83.761057094999899, 12.482001044000071 ], [ -83.749012824999909, 12.479478257000039 ], [ -83.740956183999913, 12.479722398000092 ], [ -83.734242316999939, 12.477687893000052 ], [ -83.726226365999935, 12.468329169000071 ], [ -83.71939042899993, 12.423651434000078 ], [ -83.723378058999913, 12.402289130000042 ], [ -83.730376756999931, 12.382066148000092 ], [ -83.733713344999899, 12.362982489000046 ], [ -83.726226365999935, 12.344794012000079 ], [ -83.70767167899993, 12.335882880000042 ], [ -83.676340298999946, 12.342474677000041 ], [ -83.671009894999941, 12.327093817000048 ], [ -83.67218990799995, 12.317084052000041 ], [ -83.677316860999952, 12.29751211100006 ], [ -83.678456183999913, 12.286118882000039 ], [ -83.676380988999938, 12.279852606000077 ], [ -83.671742316999939, 12.288967190000051 ], [ -83.655873175999943, 12.340277411000045 ], [ -83.649769660999937, 12.353176174000055 ], [ -83.64093990799995, 12.358465887000079 ], [ -83.621205206999946, 12.355658270000049 ], [ -83.617014126999948, 12.348049221000053 ], [ -83.663726365999935, 12.256089585000041 ], [ -83.685902472999942, 12.13743724200009 ], [ -83.678578253999945, 12.009426174000055 ], [ -83.671009894999941, 11.987941799000055 ], [ -83.677845831999946, 11.983872789000088 ], [ -83.685292120999918, 11.98110586100006 ], [ -83.681223110999952, 12.001654364000046 ], [ -83.688303188999896, 12.018744208000044 ], [ -83.713246222999942, 12.049302476000037 ], [ -83.723744269999941, 12.074652411000045 ], [ -83.715240037999934, 12.08539459800005 ], [ -83.700672980999911, 12.095200914000088 ], [ -83.692738410999937, 12.118231512000079 ], [ -83.697865363999938, 12.135199286000045 ], [ -83.711008266999897, 12.154730536000045 ], [ -83.728627081999946, 12.171576239000046 ], [ -83.747385219999899, 12.18032461100006 ], [ -83.777740037999934, 12.177150783000059 ], [ -83.776275193999936, 12.162298895000049 ], [ -83.760324673999946, 12.15306224200009 ], [ -83.747385219999899, 12.16665273600006 ], [ -83.739898240999935, 12.16665273600006 ], [ -83.723052537999934, 12.149359442000048 ], [ -83.716135219999899, 12.138902085000041 ], [ -83.713246222999942, 12.125677802000041 ], [ -83.716908331999946, 12.108791408000059 ], [ -83.732045050999943, 12.087062893000052 ], [ -83.733713344999899, 12.07103099200009 ], [ -83.739369269999941, 12.051947333000044 ], [ -83.757313605999911, 12.051336981000077 ], [ -83.798573370999918, 12.063625393000052 ], [ -83.803944464999915, 12.060288804000038 ], [ -83.791737433999913, 12.052964585000041 ], [ -83.767201300999943, 12.043158270000049 ], [ -83.761301235999952, 12.035345770000049 ], [ -83.757232225999928, 12.024644273000092 ], [ -83.754953579999949, 12.012274481000077 ], [ -83.75422115799995, 11.999090887000079 ], [ -83.756255662999934, 11.990057684000078 ], [ -83.765207485999952, 11.971625067000048 ], [ -83.767201300999943, 11.96430084800005 ], [ -83.765533006999931, 11.958807684000078 ], [ -83.762115037999934, 11.953070380000042 ], [ -83.759836391999897, 11.946844794000071 ], [ -83.761057094999899, 11.940130927000041 ], [ -83.76626542899993, 11.933986721000053 ], [ -83.771880662999934, 11.931057033000059 ], [ -83.777088995999918, 11.929266669000071 ], [ -83.780873175999943, 11.926459052000041 ], [ -83.799387173999946, 11.902899481000077 ], [ -83.805083787999934, 11.899115302000041 ], [ -83.813710089999915, 11.896185614000046 ], [ -83.823475714999915, 11.88898346600007 ], [ -83.831857876999948, 11.879868882000039 ], [ -83.836089647999927, 11.871242580000057 ], [ -83.822987433999913, 11.862534898000092 ], [ -83.80695553299995, 11.848211981000077 ], [ -83.793365037999934, 11.83274974200009 ], [ -83.784779425999943, 11.813544012000079 ], [ -83.777495897999927, 11.808294989000046 ], [ -83.767730272999927, 11.804836330000057 ], [ -83.757639126999948, 11.803615627000056 ], [ -83.742909308999913, 11.805243231000077 ], [ -83.741810675999943, 11.809759833000044 ], [ -83.745961066999939, 11.816310940000051 ], [ -83.747385219999899, 11.824042059000078 ], [ -83.740589972999942, 11.843451239000046 ], [ -83.735096808999913, 11.853664455000057 ], [ -83.726226365999935, 11.857570705000057 ], [ -83.709543423999946, 11.85814036700009 ], [ -83.699940558999913, 11.84992096600007 ], [ -83.653635219999899, 11.667466539000088 ], [ -83.651193813999896, 11.63226959800005 ], [ -83.651722785999937, 11.619370835000041 ], [ -83.65298417899993, 11.611517645000049 ], [ -83.656809048999946, 11.605414130000042 ], [ -83.664784308999913, 11.598089911000045 ], [ -83.666737433999913, 11.600978908000059 ], [ -83.680897589999915, 11.598130601000037 ], [ -83.694732225999928, 11.593654690000051 ], [ -83.695871548999946, 11.59125397300005 ], [ -83.70376542899993, 11.587958075000074 ], [ -83.713734503999945, 11.573472398000092 ], [ -83.722808397999927, 11.570217190000051 ], [ -83.734934048999946, 11.569973049000055 ], [ -83.744699673999946, 11.568508205000057 ], [ -83.753041144999941, 11.564601955000057 ], [ -83.761057094999899, 11.557114976000037 ], [ -83.771229620999918, 11.52610911700009 ], [ -83.780913865999935, 11.479315497000073 ], [ -83.794422980999911, 11.44399648600006 ], [ -83.815663214999915, 11.447251695000091 ], [ -83.821888800999943, 11.447251695000091 ], [ -83.853627081999946, 11.407416083000044 ], [ -83.862782355999911, 11.39203522300005 ], [ -83.868031378999945, 11.374904690000051 ], [ -83.867909308999913, 11.273667710000041 ], [ -83.837269660999937, 11.142523505000042 ], [ -83.815663214999915, 11.090399481000077 ], [ -83.785633917999917, 11.044826565000051 ], [ -83.775949673999946, 11.01984284100007 ], [ -83.752064581999946, 10.982245184000078 ], [ -83.743641730999911, 10.974310614000046 ], [ -83.725453253999945, 10.96320221600007 ], [ -83.718251105999911, 10.94399648600006 ], [ -83.710316535999937, 10.922674872000073 ], [ -83.692738410999937, 10.925930080000057 ], [ -83.696522589999915, 10.936590887000079 ], [ -83.696499785854115, 10.936594144736317 ], [ -83.686867076854611, 10.937970246495594 ], [ -83.681996222999942, 10.938666083000044 ], [ -83.665352396489226, 10.935318186754772 ], [ -83.660755988999938, 10.934393622000073 ], [ -83.644357876999948, 10.925930080000057 ], [ -83.624256964999915, 10.902899481000077 ], [ -83.598703579999949, 10.856594143000052 ], [ -83.580555792999917, 10.807318427000041 ], [ -83.582875128999945, 10.77570221600007 ], [ -83.597564256999931, 10.79360586100006 ], [ -83.623850063999896, 10.857611395000049 ], [ -83.606922980999911, 10.777777411000045 ], [ -83.608631964999915, 10.745510158000059 ], [ -83.637521938999896, 10.721096096000053 ], [ -83.622222459999932, 10.723863023000092 ], [ -83.611887173999946, 10.730861721000053 ], [ -83.602162238999938, 10.739569403000075 ], [ -83.589100714999915, 10.747748114000046 ], [ -83.593658006999931, 10.742661851000037 ], [ -83.594715949999909, 10.736558335000041 ], [ -83.593006964999915, 10.729315497000073 ], [ -83.589100714999915, 10.721096096000053 ], [ -83.585275844999899, 10.732855536000045 ], [ -83.581044074999909, 10.755804755000042 ], [ -83.575428839999915, 10.768255927000041 ], [ -83.526966925999943, 10.636053778000075 ], [ -83.466175910999937, 10.494533596000053 ], [ -83.394520636999914, 10.376044012000079 ], [ -83.203724738999938, 10.129339911000045 ], [ -83.188384568999936, 10.117743231000077 ], [ -83.124663865999935, 10.040594794000071 ], [ -83.085316535999937, 10.002142645000049 ], [ -83.061512824999909, 10.015326239000046 ], [ -83.052398240999935, 10.009588934000078 ], [ -83.02603105399993, 10.005031643000052 ], [ -83.020578579999949, 9.997381903000075 ], [ -83.01984615799995, 9.978705145000049 ], [ -83.016672329999949, 9.963120835000041 ], [ -83.009348110999952, 9.949286200000074 ], [ -82.99632727799991, 9.935939846000053 ], [ -82.949777798999946, 9.867580471000053 ], [ -82.934885219999899, 9.857082424000055 ], [ -82.87726803299995, 9.780096747000073 ], [ -82.833811001999948, 9.739488023000092 ], [ -82.808257615999935, 9.747219143000052 ], [ -82.802479620999918, 9.731512762000079 ], [ -82.796986456999946, 9.691229559000078 ], [ -82.78774980399993, 9.672756252000056 ], [ -82.772328253999945, 9.661037502000056 ], [ -82.705230272999927, 9.637925523000092 ], [ -82.681385870999918, 9.63548411700009 ], [ -82.657948370999918, 9.636297919000071 ], [ -82.635894334999932, 9.634507554000038 ], [ -82.616444464999915, 9.624335028000075 ], [ -82.591420050999943, 9.586981512000079 ], [ -82.574574347999942, 9.57680898600006 ], [ -82.573597785999937, 9.576198635000083 ], [ -82.561879035999937, 9.56907786700009 ], [ -82.516177358328946, 9.533405436890154 ], [ -82.630882284414938, 9.399592462253374 ], [ -82.73877006861531, 9.278450876553922 ], [ -82.682966042242811, 9.197666531399731 ], [ -82.656924163328867, 9.142575710258718 ], [ -82.638322820605822, 9.076455474279669 ], [ -82.638322820605822, 8.929478092015993 ] ], [ [ -89.666426829088607, 13.862921394985937 ], [ -89.762839421541798, 13.89324192071177 ], [ -89.841599004109113, 13.865558119770728 ], [ -89.834809384922281, 13.786443371087415 ], [ -89.809008832012282, 13.744237865385376 ], [ -89.700374925022814, 13.758746866921257 ], [ -89.666426829088607, 13.862921394985937 ] ], [ [ -90.577763464442299, 14.014484260873422 ], [ -90.454701616680794, 14.02271851694988 ], [ -90.414388252758926, 14.119448845362802 ], [ -90.458945128672568, 14.16059824818187 ], [ -90.558667660479287, 14.170884434797772 ], [ -90.632929120335376, 14.121506492256344 ], [ -90.613833316372364, 14.047419511308211 ], [ -90.577763464442299, 14.014484260873422 ] ], [ [ -88.343554400772547, 14.174998778909611 ], [ -88.226857820998717, 14.179113048400549 ], [ -88.16320514112212, 14.24081812275676 ], [ -88.146231093155009, 14.288113931214067 ], [ -88.209883773031621, 14.366233038348826 ], [ -88.360528448739643, 14.364177621160549 ], [ -88.426302884612184, 14.275776851375461 ], [ -88.430546396603958, 14.22025163479273 ], [ -88.343554400772547, 14.174998778909611 ] ], [ [ -91.507092590641193, 15.467200617101932 ], [ -91.481300281709764, 15.485096926306177 ], [ -91.445561666760554, 15.424252995847054 ], [ -91.451926934748201, 15.342423445071582 ], [ -91.471022738711213, 15.260561817083643 ], [ -91.606815122447983, 15.139757691815801 ], [ -91.659859022345188, 15.022983128638305 ], [ -91.693807118279381, 14.809756407693419 ], [ -91.712902922242407, 14.659962047680326 ], [ -91.804138430065507, 14.629169656421466 ], [ -91.933565545814659, 14.612745280732597 ], [ -91.848695305979192, 14.48746914042329 ], [ -91.774433846123102, 14.434051195955023 ], [ -91.689563606287621, 14.438160724369466 ], [ -91.560136490538468, 14.444324874694589 ], [ -91.460413958731721, 14.44843421335168 ], [ -91.358171841679706, 14.396676692399916 ], [ -91.189094410757434, 14.248915663462601 ], [ -91.092952342193783, 14.203925652908328 ], [ -90.976918811168659, 14.200711738191814 ], [ -90.89072247383578, 14.229635327157757 ], [ -90.801210892759258, 14.313171541396581 ], [ -90.811156623989959, 14.441628079941669 ], [ -90.768058455323512, 14.553966765566681 ], [ -90.65534016804196, 14.618134664385096 ], [ -90.539571856516346, 14.698959528405975 ], [ -90.533206588528657, 14.608638994947912 ], [ -90.478040932635579, 14.567571921534853 ], [ -90.414388252758954, 14.571678973491204 ], [ -90.350735572882357, 14.586053052545957 ], [ -90.312543964956376, 14.61069214742971 ], [ -90.284961137009816, 14.655856645423212 ], [ -90.282839381013957, 14.707168637828969 ], [ -90.284032868761628, 14.816935737250921 ], [ -90.207782262659421, 14.871413957140993 ], [ -90.118270681583041, 14.932285103772532 ], [ -90.061911537942265, 15.057177054852037 ], [ -90.015498125532176, 15.133997294790731 ], [ -89.770170088507655, 15.201192166308561 ], [ -89.296090233176514, 15.316333526536583 ], [ -89.077284146100666, 15.380273608758365 ], [ -89.004348783741989, 15.396255566256386 ], [ -88.924782933896239, 15.469756742509313 ], [ -88.901576227691208, 15.696486634295516 ], [ -89.123697558510685, 15.49531626002077 ], [ -89.325927426868702, 15.453780441122481 ], [ -89.39223230174025, 15.472951854886974 ], [ -89.33587315809946, 15.571975829756168 ], [ -89.233100602048609, 15.642222004815336 ], [ -89.001033539998431, 15.795402579067888 ], [ -89.054077439895636, 15.89427023937187 ], [ -89.243046333279381, 15.88470451903536 ], [ -89.58783168261111, 16.009023344351622 ], [ -89.786746307225556, 16.050445791386327 ], [ -90.008867638045047, 16.053631776933212 ], [ -90.413327374761138, 16.005836646055915 ], [ -90.903983448810109, 15.948467391379653 ], [ -91.003440761117389, 15.836869104961606 ], [ -91.301812698039058, 15.814542031968726 ], [ -91.292795235056559, 15.861489815224397 ], [ -91.30976928302367, 15.904345639698203 ], [ -91.415857082818022, 15.918628886317919 ], [ -91.526188394604205, 15.943112088996644 ], [ -91.538918930579541, 16.038975821455686 ], [ -91.591962830476675, 16.065483195546044 ], [ -91.71078116624642, 16.073638600478333 ], [ -91.863547597950301, 16.055288469271517 ], [ -91.92083500983928, 16.014504346462751 ], [ -91.94841783778584, 15.920669267244888 ], [ -92.022679297641872, 15.894142699424618 ], [ -92.029044565629547, 15.836996681147818 ], [ -92.020557541645999, 15.788001505589783 ], [ -91.978122421728258, 15.745121005905981 ], [ -91.931443789818687, 15.714486535549321 ], [ -91.914469741851605, 15.630728823176987 ], [ -91.880521645917398, 15.544892706196093 ], [ -91.838086525999657, 15.534671733694562 ], [ -91.761703310147709, 15.542848552259265 ], [ -91.693807118279338, 15.583727773814541 ], [ -91.642884974377964, 15.561245207173023 ], [ -91.619545658423249, 15.493782778054241 ], [ -91.577110538505494, 15.452885731816615 ], [ -91.507092590641193, 15.467200617101932 ] ], [ [ -89.692991214157217, 14.723585930395107 ], [ -89.656921362227095, 14.774881996980611 ], [ -89.661164874218869, 14.838472297751144 ], [ -89.843635889865226, 14.832319213449598 ], [ -89.898801545758303, 14.791294182611164 ], [ -89.854244669844647, 14.73179411322451 ], [ -89.692991214157217, 14.723585930395107 ] ], [ [ -89.192256799127719, 14.815910133309099 ], [ -89.164673971181159, 14.893842170944639 ], [ -89.192256799127719, 14.934847721606987 ], [ -89.323805670872716, 14.920496668111072 ], [ -89.398067130728805, 14.840523286953028 ], [ -89.347144986827516, 14.815910133309099 ], [ -89.192256799127719, 14.815910133309099 ] ], [ [ -87.121290337391599, 14.839369607920476 ], [ -87.101398874930126, 14.804115339031094 ], [ -86.972104368930744, 14.810525632953292 ], [ -86.909114737802824, 14.810525632953292 ], [ -86.899169006572123, 14.881026334457069 ], [ -86.978734856417873, 14.957909905840625 ], [ -87.058300706263694, 14.935488371289082 ], [ -87.121290337391599, 14.839369607920476 ] ], [ [ -92.400351864909965, 14.934847721606987 ], [ -92.385499572938784, 15.012736690474872 ], [ -92.436421716840073, 15.115178906544614 ], [ -92.466126300782491, 15.174572753760376 ], [ -92.504317908708472, 15.037327315846035 ], [ -92.400351864909965, 14.934847721606987 ] ], [ [ -91.67471131431644, 15.272843100130146 ], [ -91.704415898258858, 15.242138545940735 ], [ -91.670467802324652, 15.209382079061918 ], [ -91.625910926410995, 15.203239674325191 ], [ -91.60257161045628, 15.242138545940735 ], [ -91.67471131431644, 15.272843100130146 ] ], [ [ -92.14361938940759, 15.289217025997115 ], [ -92.113914805465157, 15.231902697647147 ], [ -92.024801053637844, 15.22166635140883 ], [ -91.939930813802349, 15.238044266396042 ], [ -91.948417837785911, 15.375159123293976 ], [ -91.9993399816872, 15.362883846036119 ], [ -92.092697245506287, 15.360837896225629 ], [ -92.188176265321246, 15.375159123293976 ], [ -92.14361938940759, 15.289217025997115 ] ], [ [ -89.580538146375048, 16.191854310053614 ], [ -89.633582046272181, 16.181666081979543 ], [ -89.635703802268111, 16.116448985552807 ], [ -89.595390438346215, 16.085871080709374 ], [ -89.519007222494281, 16.081793670946592 ], [ -89.463841566601218, 16.098102807885322 ], [ -89.474450346580625, 16.142946023133977 ], [ -89.529616002473759, 16.171477328173399 ], [ -89.580538146375048, 16.191854310053614 ] ], [ [ -91.364934938916903, 16.314071932549389 ], [ -91.333108598978583, 16.269267631659719 ], [ -91.277942943085506, 16.303890036245797 ], [ -91.26521240711017, 16.340542383861315 ], [ -91.309769283023783, 16.364973464780469 ], [ -91.35432615893744, 16.356830110799162 ], [ -91.364934938916903, 16.314071932549389 ] ], [ [ -91.861425841954556, 16.222415836934548 ], [ -91.878399889921653, 16.289634492318843 ], [ -91.93356554581473, 16.338506322510938 ], [ -92.207272069284258, 16.307962858295745 ], [ -92.241220165218451, 16.261120295605938 ], [ -92.245463677210225, 16.189816706511582 ], [ -92.198785045300724, 16.144984109969396 ], [ -92.096940757498118, 16.118487345001228 ], [ -91.999339981687257, 16.116448985552807 ], [ -91.925078521831239, 16.144984109969396 ], [ -91.861425841954556, 16.222415836934548 ] ], [ [ -92.236976653226677, 17.331564068693982 ], [ -92.366403768975829, 17.323462203761299 ], [ -92.458832764546656, 17.273197344828603 ], [ -92.531768126905277, 17.2763630432379 ], [ -92.664722661997658, 17.237041720534574 ], [ -92.733379291214973, 17.195535127958426 ], [ -92.821155488062431, 17.134918794230874 ], [ -92.80464313420002, 17.092558657617406 ], [ -92.802035920432274, 17.008640568759692 ], [ -92.839405984436652, 16.96957674241122 ], [ -92.906324471142128, 16.917201844304312 ], [ -92.912407969933597, 16.888929972098072 ], [ -92.965421316544422, 16.851504805122101 ], [ -92.997576953013294, 16.799097132388454 ], [ -93.039509641111223, 16.699857293410432 ], [ -93.030004174249655, 16.62440465781394 ], [ -92.994698154478101, 16.568446469938671 ], [ -92.953960439357061, 16.495546314371303 ], [ -92.932233657959173, 16.37311647890289 ], [ -92.913816815914856, 16.263157161307031 ], [ -92.852285892034075, 16.224453103536327 ], [ -92.8013637481328, 16.187779081930714 ], [ -92.686788924354886, 16.216303910680011 ], [ -92.61889273248643, 16.232601959131518 ], [ -92.538266004642722, 16.275377911836422 ], [ -92.478856836757885, 16.342578423998706 ], [ -92.461882788790788, 16.415861721278954 ], [ -92.447030496819536, 16.497255226644153 ], [ -92.400351864910022, 16.570480119381372 ], [ -92.347307965012817, 16.635545548583867 ], [ -92.256072457189688, 16.670102586146637 ], [ -92.149984657395279, 16.684330141481698 ], [ -92.077844953535106, 16.729038418644151 ], [ -92.022679297642043, 16.80014360788913 ], [ -92.014192273658495, 16.913856473998493 ], [ -92.022679297642043, 17.005183203028096 ], [ -92.035409833617379, 17.072127868537077 ], [ -92.07360144154336, 17.167431826308533 ], [ -92.124523585444635, 17.250529355863982 ], [ -92.200906801296583, 17.331564068693982 ], [ -92.236976653226677, 17.331564068693982 ] ], [ [ -91.067889099492575, 16.629446600940419 ], [ -91.07637612347618, 16.674167709951451 ], [ -91.197316215241727, 16.75545202012292 ], [ -91.294916991052602, 16.73310228802255 ], [ -91.273699431093718, 16.666037375974028 ], [ -91.161246363311676, 16.657906696599472 ], [ -91.118811243393935, 16.629446600940419 ], [ -91.067889099492575, 16.629446600940419 ] ], [ [ -89.631460290276337, 16.714814193669248 ], [ -89.639947314259885, 16.77576768106378 ], [ -89.654799606231123, 16.802174793865067 ], [ -89.852122913848646, 16.763578544905045 ], [ -89.843635889865112, 16.700588908179363 ], [ -89.799079013951456, 16.670102586146498 ], [ -89.714208774115974, 16.668069991855077 ], [ -89.673895410194064, 16.676200239460012 ], [ -89.631460290276337, 16.714814193669248 ] ], [ [ -91.454048690744159, 16.820454488934075 ], [ -91.481631518690662, 16.881374064446341 ], [ -91.545284198567359, 16.875282990117057 ], [ -91.555892978546751, 16.798112400172329 ], [ -91.511336102633152, 16.777799127775399 ], [ -91.454048690744159, 16.820454488934075 ] ], [ [ -89.806637769686731, 17.124348319046792 ], [ -89.846420694609606, 17.149692769146853 ], [ -89.916040813224726, 17.114843259371074 ], [ -89.985660931839774, 17.057802712624223 ], [ -89.919356056968297, 17.029275900043281 ], [ -89.839790207122476, 17.016595919697824 ], [ -89.813268257173874, 17.076818167330352 ], [ -89.806637769686731, 17.124348319046792 ] ], [ [ -93.346655039075955, 17.181621850627057 ], [ -93.448499326878519, 17.033586897607826 ], [ -93.465473374845615, 16.950392491919292 ], [ -93.454864594866223, 16.89152541829592 ], [ -93.293611139178736, 16.954451611471605 ], [ -93.200253875359692, 17.023443215793243 ], [ -93.128114171499533, 17.080240743364687 ], [ -93.104774855544747, 17.14107604400111 ], [ -93.134479439487166, 17.201891428910326 ], [ -93.217227923326803, 17.224185401127798 ], [ -93.285124115195174, 17.20391826469054 ], [ -93.346655039075955, 17.181621850627057 ] ], [ [ -97.379434225340361, 17.803907058847937 ], [ -97.329028092497282, 17.801424691073091 ], [ -97.274276603374616, 17.846102023286257 ], [ -97.263847748303633, 17.868436485912799 ], [ -97.312515738634886, 17.910616144847637 ], [ -97.37421979780494, 17.915577798427272 ], [ -97.437661999486778, 17.891595186608555 ], [ -97.4281022156717, 17.852719934233662 ], [ -97.411589861809304, 17.820455294505614 ], [ -97.379434225340361, 17.803907058847937 ] ], [ [ -99.427835175533232, 18.956862466450353 ], [ -99.496491804750548, 18.987271317810833 ], [ -99.571231932759275, 18.929736380427958 ], [ -99.59122057164538, 18.861490702765451 ], [ -99.556457721408776, 18.843396825684163 ], [ -99.499968089774214, 18.843396825684163 ], [ -99.451300099442946, 18.854088897965475 ], [ -99.427835175533232, 18.956862466450353 ] ], [ [ -93.030513395688672, 17.483407682241669 ], [ -92.958373691828498, 17.471264841017682 ], [ -92.879868719980649, 17.499596876287558 ], [ -92.865016428009469, 17.525901240327983 ], [ -92.941399643861402, 17.582543836179369 ], [ -93.030513395688672, 17.53804043027105 ], [ -93.030513395688672, 17.483407682241669 ] ], [ [ -92.410960644889499, 17.863470283268562 ], [ -92.440665228831904, 17.742261082248685 ], [ -92.485222104745574, 17.711945935228858 ], [ -92.512804932692077, 17.6290584147396 ], [ -92.493709128729122, 17.568384848295331 ], [ -92.43217820484837, 17.531970936861981 ], [ -92.427934692856581, 17.4732887041548 ], [ -92.43005644885244, 17.404464747910211 ], [ -92.351551477004648, 17.374092990907332 ], [ -92.24334192121438, 17.382192619047569 ], [ -92.116036561461087, 17.394341389181744 ], [ -92.094819001502216, 17.485431410323454 ], [ -92.10330602548575, 17.610858485121959 ], [ -92.145741145403505, 17.709924743175222 ], [ -92.203028557292498, 17.833175706283129 ], [ -92.220002605259594, 17.883663800891494 ], [ -92.290020553123895, 17.889721408511893 ], [ -92.355794988996436, 17.897797897092683 ], [ -92.410960644889499, 17.863470283268562 ] ], [ [ -94.273862409278792, 17.794795177675724 ], [ -94.341758601147234, 17.780652901527255 ], [ -94.367219673097892, 17.683647175342223 ], [ -94.324784553180081, 17.661409308455887 ], [ -94.246279581332288, 17.667474453943871 ], [ -94.242036069340514, 17.720030475711194 ], [ -94.273862409278792, 17.794795177675724 ] ], [ [ -94.655778488538601, 17.754385704775803 ], [ -94.632439172583815, 17.699818441420355 ], [ -94.590004052666075, 17.683647175342223 ], [ -94.56454298071543, 17.722051553887184 ], [ -94.575151760694823, 17.772571098171348 ], [ -94.617586880612578, 17.808936333512776 ], [ -94.653656732542672, 17.827116172173366 ], [ -94.655778488538601, 17.754385704775803 ] ], [ [ -94.560299468723656, 17.857411780549022 ], [ -94.579395272686611, 17.920006344554352 ], [ -94.606978100633157, 17.934137543943883 ], [ -94.65790024453446, 17.924043945142532 ], [ -94.668509024513938, 17.85337266406578 ], [ -94.628195660592041, 17.835195505176728 ], [ -94.560299468723656, 17.857411780549022 ] ], [ [ -94.889171648086247, 18.031006771879788 ], [ -94.840371260180817, 17.934137543943883 ], [ -94.783083848291824, 17.962396558216213 ], [ -94.721552924411071, 18.008812271022581 ], [ -94.753379264349405, 18.085472313248115 ], [ -94.800057896258934, 18.101607007305123 ], [ -94.850980040160223, 18.085472313248115 ], [ -94.889171648086247, 18.031006771879788 ] ], [ [ -94.783083848291824, 18.131855555016127 ], [ -94.783083848291824, 18.18427398094969 ], [ -94.82339721221372, 18.218539054995759 ], [ -94.855223552151998, 18.218539054995759 ], [ -94.906145696053301, 18.22256979705169 ], [ -94.904023940057428, 18.158066734024608 ], [ -94.89553691607388, 18.095556671004907 ], [ -94.783083848291824, 18.131855555016127 ] ], [ [ -94.842493016176675, 18.30857865932893 ], [ -94.822601553715273, 18.358930066510446 ], [ -94.862384478638134, 18.387246284057085 ], [ -94.951896059714656, 18.387246284057085 ], [ -94.938635084740326, 18.28024955457154 ], [ -94.906145696053301, 18.22256979705169 ], [ -94.842493016176675, 18.30857865932893 ] ], [ [ -95.400514843095152, 18.446129111303165 ], [ -95.432341183033486, 18.397816479954571 ], [ -95.521454934860742, 18.355531808148111 ], [ -95.559646542786723, 18.244737209217014 ], [ -95.489628594922408, 18.242722106697048 ], [ -95.417488891062249, 18.278990375793907 ], [ -95.247748411391214, 18.357545598954808 ], [ -95.201069779481685, 18.432039329043363 ], [ -95.283818263321322, 18.472292783306639 ], [ -95.400514843095152, 18.446129111303165 ] ], [ [ -89.256307308253412, 17.073649059445632 ], [ -89.190002433381935, 17.035615567959969 ], [ -89.156849995946189, 17.086325167867479 ], [ -89.199948164612636, 17.130684755618802 ], [ -89.256307308253412, 17.073649059445632 ] ], [ [ -96.923935648142631, 19.695403460723814 ], [ -96.921813892146702, 19.619475610224299 ], [ -96.906961600175521, 19.551509744437936 ], [ -96.792386776397564, 19.577500079914415 ], [ -96.766925704446905, 19.649451423354414 ], [ -96.783899752414001, 19.691408154571363 ], [ -96.819969604344124, 19.733353893009181 ], [ -96.923935648142631, 19.695403460723814 ] ], [ [ -96.811482580360575, 19.950894888930701 ], [ -96.873013504241314, 19.899031465892822 ], [ -96.839065408307135, 19.795253660006086 ], [ -96.798752044385239, 19.80323897546586 ], [ -96.705394780566223, 19.857129366603107 ], [ -96.654472636664849, 19.909006522415758 ], [ -96.701151268574435, 19.966849439632895 ], [ -96.76904746044282, 20.00074749976967 ], [ -96.811482580360575, 19.950894888930701 ] ], [ [ -99.680096686801107, 19.050886561904782 ], [ -99.775575706616067, 19.0248124239146 ], [ -99.786184486595474, 18.948572267290896 ], [ -99.724653562714707, 18.932517263851651 ], [ -99.658879126842223, 18.962619128445738 ], [ -99.652513858854562, 18.996728006748732 ], [ -99.680096686801107, 19.050886561904782 ] ], [ [ -100.212657441768883, 19.191215224576293 ], [ -100.329354021542713, 19.217263124016764 ], [ -100.388763189427593, 19.169171474215762 ], [ -100.414224261378195, 19.097007690006471 ], [ -100.390884945423451, 19.040858531870427 ], [ -100.356936849489273, 18.960612506417121 ], [ -100.274188365649636, 18.926496239622715 ], [ -100.157491785875806, 18.928503271809355 ], [ -100.087473838011505, 18.958605860244202 ], [ -100.053525742077298, 18.996728006748732 ], [ -100.08535208201566, 19.09099261887458 ], [ -100.212657441768883, 19.191215224576293 ] ], [ [ -102.31956114568402, 19.667434224386724 ], [ -102.289856561741601, 19.499516515533184 ], [ -102.279247781762152, 19.469512817213364 ], [ -102.147698910017141, 19.505516587906641 ], [ -102.064950426177504, 19.541512346280555 ], [ -101.859140094576418, 19.551509744437681 ], [ -101.70637366287248, 19.581498221091309 ], [ -101.64059922700001, 19.605484983496659 ], [ -101.58967708309865, 19.721370519167774 ], [ -101.542998451189135, 19.809227699092393 ], [ -101.545120207185064, 19.899031465892566 ], [ -101.606651131065817, 19.891050968027198 ], [ -101.668182054946513, 19.863116059000564 ], [ -101.695764882893073, 19.799246367818043 ], [ -101.72759122283135, 19.777285235771611 ], [ -101.744565270798518, 19.843159539197092 ], [ -101.77851336673271, 19.916986114823136 ], [ -101.840044290613406, 19.936933333979223 ], [ -101.903696970490088, 19.903021563955622 ], [ -101.922792774453029, 19.813220056255705 ], [ -101.857018338580502, 19.737348151207655 ], [ -101.863383606568206, 19.677423797950393 ], [ -101.916427506465411, 19.665436234960925 ], [ -102.007663014288511, 19.777285235771611 ], [ -102.107385546095259, 19.853138112823437 ], [ -102.241056173836171, 19.865111572918842 ], [ -102.296221829729234, 19.843159539197092 ], [ -102.332291681659356, 19.793257268543627 ], [ -102.31956114568402, 19.667434224386724 ] ], [ [ -103.936206604800603, 19.937307320290042 ], [ -103.959413311005648, 20.002741276127185 ], [ -103.999196235928522, 20.033890750141165 ], [ -104.082077329517901, 20.027661348992407 ], [ -104.082077329517901, 19.959121655614954 ], [ -104.078762085774272, 19.859374402730019 ], [ -104.022402942133553, 19.843783218426129 ], [ -103.959413311005648, 19.868728377891848 ], [ -103.936206604800603, 19.937307320290042 ] ], [ [ -101.001950672238777, 20.962744256289064 ], [ -100.997707160247018, 20.899328463820442 ], [ -100.961637308316952, 20.843817647973648 ], [ -100.868280044497865, 20.81208798188575 ], [ -100.791896828645918, 20.810104655857721 ], [ -100.628521616962573, 20.814071281818347 ], [ -100.579721229057142, 20.831919806581805 ], [ -100.539407865135331, 20.889417322473342 ], [ -100.539407865135331, 21.014249798602432 ], [ -100.54152962113119, 21.059797573684218 ], [ -100.581842985053072, 21.059797573684218 ], [ -100.66246971289678, 21.057817525291945 ], [ -100.70702658881045, 21.008307758158491 ], [ -100.770679268687061, 20.992461160100856 ], [ -100.849184240534925, 20.994442076858586 ], [ -100.929810968378632, 20.994442076858586 ], [ -101.001950672238777, 20.962744256289064 ] ], [ [ -104.129510670035046, 21.496807798951881 ], [ -104.12864159877914, 21.465268322715165 ], [ -104.096485962310268, 21.445047117815044 ], [ -104.028698404348859, 21.42725013823928 ], [ -103.987852055320786, 21.438575740010567 ], [ -103.987852055320786, 21.48144326656405 ], [ -103.99654276787993, 21.523489708832425 ], [ -104.053032399514493, 21.54612506308025 ], [ -104.08779524975111, 21.532382590258266 ], [ -104.129510670035046, 21.496807798951881 ] ], [ [ -100.518190305176446, 21.192400693559161 ], [ -100.441807089324456, 21.206247902162577 ], [ -100.407858993390263, 21.313025533498774 ], [ -100.359058605484833, 21.332790664727224 ], [ -100.30813646158353, 21.352553133470007 ], [ -100.284797145628801, 21.439476315150888 ], [ -100.284797145628801, 21.623029809001228 ], [ -100.248727293698693, 21.672332510730122 ], [ -100.238118513719286, 21.731473503681286 ], [ -100.272066609653493, 21.751181765757874 ], [ -100.337841045525963, 21.715704948177084 ], [ -100.378154409447845, 21.713733757179895 ], [ -100.435441821336838, 21.731473503681286 ], [ -100.454537625299778, 21.642752910127637 ], [ -100.475755185258635, 21.599358534890229 ], [ -100.564868937085976, 21.607249390042213 ], [ -100.632765128954361, 21.569763996919395 ], [ -100.670956736880328, 21.506608790099293 ], [ -100.668834980884412, 21.431576343763105 ], [ -100.677322004868017, 21.326861404829028 ], [ -100.664591468892638, 21.269532882673396 ], [ -100.598817033020154, 21.241849046524134 ], [ -100.543651377127048, 21.218115904751507 ], [ -100.518190305176446, 21.192400693559161 ] ], [ [ -99.438216503269615, 22.001240762326972 ], [ -99.514599719121549, 22.015010778402065 ], [ -99.620687518915915, 22.0051751891212 ], [ -99.72253180671855, 21.930402427629009 ], [ -99.707679514747326, 21.873312552904387 ], [ -99.658879126841939, 21.772857730396208 ], [ -99.60159171495296, 21.725560497995449 ], [ -99.512477963125704, 21.749211061215391 ], [ -99.427607723290151, 21.694020362166317 ], [ -99.387294359368326, 21.461199030674422 ], [ -99.310911143516336, 21.421700778246205 ], [ -99.236649683660303, 21.459224372084769 ], [ -99.162388223804214, 21.54608401443274 ], [ -99.149657687828906, 21.630919372556026 ], [ -99.166631735796003, 21.709791294167314 ], [ -99.213310367705503, 21.786649821116118 ], [ -99.276963047582129, 21.816199832308122 ], [ -99.389416115364185, 21.837865964372519 ], [ -99.421242455302504, 21.871343528784536 ], [ -99.438216503269615, 22.001240762326972 ] ], [ [ -104.172095161574916, 21.565523985610376 ], [ -104.172095161574916, 21.601081934384226 ], [ -104.182524016645885, 21.636631147729148 ], [ -104.208596154323345, 21.680247771763078 ], [ -104.232061078233073, 21.693168682677214 ], [ -104.300717707450389, 21.672171614109562 ], [ -104.31723006131277, 21.631784042529329 ], [ -104.306801206241843, 21.633399762333024 ], [ -104.318099132568733, 21.606738075668225 ], [ -104.300717707450389, 21.582495913739429 ], [ -104.255526002142787, 21.554208262776939 ], [ -104.205119869299693, 21.555016557975542 ], [ -104.172095161574916, 21.565523985610376 ] ], [ [ -105.065113404362506, 22.490232672819438 ], [ -105.020556528448907, 22.366673367181445 ], [ -104.960723009364855, 22.283454180976062 ], [ -104.952575466340647, 22.199242484768565 ], [ -104.914553598894358, 22.157746496421943 ], [ -104.850731178537998, 22.146427283244631 ], [ -104.876531731447997, 22.08730105698908 ], [ -104.8303623209775, 22.058357916251502 ], [ -104.777403291320169, 22.089817571590537 ], [ -104.738023500036476, 22.125044064129646 ], [ -104.623957897697537, 22.118754264355104 ], [ -104.515323990708112, 22.108690000988869 ], [ -104.425701017441838, 22.11372222246397 ], [ -104.360690413727781, 22.115294754847724 ], [ -104.31189002582235, 22.005175189120983 ], [ -104.239750321962191, 21.932370635946658 ], [ -104.144271302147246, 21.900876037354752 ], [ -103.95967853050503, 21.887094961009748 ], [ -103.908756386603741, 21.938275097550928 ], [ -103.864199510690071, 22.064178480517661 ], [ -103.881173558657167, 22.193898991884527 ], [ -103.893904094632489, 22.248895803223053 ], [ -103.879051802661323, 22.356862366336152 ], [ -103.887136868072261, 22.372880138672475 ], [ -103.685224966999954, 22.442931206000026 ], [ -103.521941147999925, 22.636293623000032 ], [ -103.457487008999976, 22.859734638000067 ], [ -103.534831975999964, 23.22067781700002 ], [ -103.831321015999933, 23.650372077000032 ], [ -103.762569933999927, 23.779280355000026 ], [ -103.655146368999965, 23.972642772000032 ], [ -103.788351589999976, 24.123035763000072 ], [ -103.925853752999956, 24.247647099000059 ], [ -104.127810054999955, 24.329289008000039 ], [ -104.273906102999931, 24.333585951000025 ], [ -104.415705208999952, 24.251944041000055 ], [ -104.485625311999968, 24.170460108000043 ], [ -104.590268501999944, 24.34486542500003 ], [ -104.811829604999943, 24.445575017000067 ], [ -104.972964952999973, 24.459002963000042 ], [ -105.147528245999965, 24.365007343000052 ], [ -105.201240028999962, 24.18373007700006 ], [ -105.248237837999966, 24.042736648000062 ], [ -105.201240028999962, 23.888315274000021 ], [ -105.057192633132473, 23.829386793739431 ], [ -105.194526055999987, 23.55933060600006 ], [ -105.295235647999959, 23.324341557000022 ], [ -105.254951810999941, 23.156492237000055 ], [ -105.160956191999958, 22.901361270000049 ], [ -105.015622775560956, 22.606006263682122 ], [ -105.039652332411876, 22.560788534840071 ], [ -105.065113404362506, 22.490232672819438 ] ], [ [ -106.514675730999954, 26.034659588000068 ], [ -106.503675557999927, 26.125411015000044 ], [ -106.49267538499997, 26.257413092000032 ], [ -106.511925687999963, 26.359164693000022 ], [ -106.558676422999937, 26.477416553000072 ], [ -106.608177201999979, 26.620418803000057 ], [ -106.665928110999971, 26.691919928000043 ], [ -106.77317979799993, 26.727670490000033 ], [ -106.894181701999955, 26.722170404000057 ], [ -106.968432869999944, 26.650669279000045 ], [ -107.028933821999928, 26.546167635000071 ], [ -107.07293451399994, 26.328914217000033 ], [ -107.086684729999931, 26.163911621000064 ], [ -107.048184124999963, 26.056659934000038 ], [ -106.932682306999979, 25.960408419000025 ], [ -106.817180489999942, 25.927407900000048 ], [ -106.679678326999962, 25.932907987000082 ], [ -106.514675730999954, 26.034659588000068 ] ], [ [ -107.686194161999978, 28.611450127000069 ], [ -107.790695805999974, 28.638950559000076 ], [ -107.85394680099995, 28.644450646000056 ], [ -107.955698401999925, 28.619700256000034 ], [ -107.936448098999946, 28.526198785000076 ], [ -107.925447925999933, 28.399696795000072 ], [ -107.900697536999971, 28.226444070000063 ], [ -107.892447406999949, 28.132942599000042 ], [ -107.895197449999955, 28.020190825000032 ], [ -107.870447060999979, 27.970690046000065 ], [ -107.79344584899998, 27.934939484000036 ], [ -107.754945243999941, 27.877188575000034 ], [ -107.741195026999947, 27.797437320000029 ], [ -107.633943339999973, 27.753436628000028 ], [ -107.488191046999972, 27.70943593600003 ], [ -107.380939359999957, 27.648934984000039 ], [ -107.317688363999977, 27.585683989000074 ], [ -107.251687325999953, 27.533433167000055 ], [ -107.265437541999972, 27.470182172000023 ], [ -107.273687671999923, 27.434431609000054 ], [ -107.325938493999956, 27.439931696000023 ], [ -107.391939532999956, 27.467432129000034 ], [ -107.460690613999972, 27.486682431000073 ], [ -107.52119156599997, 27.461932042000054 ], [ -107.617443079999973, 27.365680528000034 ], [ -107.625693209999937, 27.247428667000055 ], [ -107.620193123999954, 27.173177499000079 ], [ -107.526691652999929, 27.123676720000038 ], [ -107.449690440999973, 27.101676374000068 ], [ -107.34793884, 27.12092667700006 ], [ -107.265437541999972, 27.112676547000028 ], [ -107.259937455999989, 27.071425898000015 ], [ -107.336938666999956, 27.027425206000029 ], [ -107.389189488999989, 26.988924600000072 ], [ -107.372689229999978, 26.878922870000043 ], [ -107.295688017999964, 26.848672394000054 ], [ -107.185686287999928, 26.862422610000049 ], [ -107.122435292999981, 26.909173346000031 ], [ -107.001433388999928, 26.972424341000071 ], [ -106.855681095999955, 26.983424514000031 ], [ -106.740179278999946, 26.958674125000062 ], [ -106.649427850999984, 26.931173692000076 ], [ -106.555926379999946, 26.801921658 ], [ -106.437674519999959, 26.689169885000069 ], [ -106.437674519999959, 26.57641811100007 ], [ -106.371673480999945, 26.460916294000072 ], [ -106.29742231299997, 26.389415169000074 ], [ -106.209420928999961, 26.359164693000022 ], [ -106.088419024999936, 26.44716607700007 ], [ -106.014167856999961, 26.518667202000071 ], [ -105.906916169999988, 26.790921485000066 ], [ -105.796914438999977, 27.030175249000017 ], [ -105.741913573999952, 27.14842711000005 ], [ -105.739163529999985, 27.247428667000055 ], [ -105.785914265999949, 27.351930311000046 ], [ -105.904166125999936, 27.450931869000044 ], [ -106.129669673999942, 27.593934119000032 ], [ -106.300172355999962, 27.673685373000072 ], [ -106.415674173999946, 27.703935849000061 ], [ -106.544926206999946, 27.728686239000059 ], [ -106.718178932999976, 27.855188229000067 ], [ -106.940932436999944, 27.978940176000037 ], [ -107.182936243999947, 28.154942945000077 ], [ -107.345188796999977, 28.289695065000039 ], [ -107.537691825999957, 28.476698007000039 ], [ -107.686194161999978, 28.611450127000069 ] ], [ [ -108.643209217999967, 27.522432994000031 ], [ -108.524957357999924, 27.503182691000053 ], [ -108.370954934999972, 27.508682778000033 ], [ -108.112450867999939, 27.610434378000043 ], [ -108.016199353999966, 27.78918719100005 ], [ -108.046449829999958, 27.948689700000049 ], [ -108.159201602999971, 28.042191171000066 ], [ -108.23345277199995, 28.072441647000055 ], [ -108.368204891999937, 28.069691604000067 ], [ -108.497456924999923, 28.000940522000054 ], [ -108.607458655999935, 27.918439224000046 ], [ -108.706460212999943, 27.731436282000061 ], [ -108.678959780999932, 27.588434032000063 ], [ -108.643209217999967, 27.522432994000031 ] ], [ [ -108.310453982999931, 28.605950040000035 ], [ -108.395705323999934, 28.724201901000079 ], [ -108.522207313999942, 28.710451684000073 ], [ -108.599208526, 28.685701295000044 ], [ -108.643209217999967, 28.608700083 ], [ -108.684459866999973, 28.520698699000036 ], [ -108.670709650999967, 28.37219636300005 ], [ -108.615708784999967, 28.30619532400004 ], [ -108.535957530999951, 28.267694719000072 ], [ -108.417705669999989, 28.29519515100003 ], [ -108.299453809999989, 28.405196882000038 ], [ -108.302203852999966, 28.528948829000058 ], [ -108.310453982999931, 28.605950040000035 ] ], [ [ -101.463705641999979, 28.308257857000061 ], [ -101.351985134999936, 28.346930340000025 ], [ -101.244561569999959, 28.437166135000034 ], [ -101.261749339999923, 28.540292757000032 ], [ -101.351985134999936, 28.60904383900003 ], [ -101.59231829099997, 28.602209981000041 ], [ -101.627518843999951, 28.681411227000073 ], [ -101.73664056099993, 28.720131837000054 ], [ -101.794721474999946, 28.728931975 ], [ -101.854562415999951, 28.718371809000079 ], [ -101.863362554999966, 28.677891172000049 ], [ -101.877442775999953, 28.623330314000047 ], [ -101.782401280999977, 28.519488680000038 ], [ -101.650399203999925, 28.489568209000016 ], [ -101.652771116999972, 28.368415053000035 ], [ -101.463705641999979, 28.308257857000061 ] ], [ [ -115.067825917999983, 31.032519466000039 ], [ -115.050638146999972, 31.139943031000026 ], [ -115.119389228999978, 31.221584940000071 ], [ -115.252594449999947, 31.238772711000017 ], [ -115.381502727999973, 31.212991055000035 ], [ -115.420175210999957, 31.131349146000044 ], [ -115.433066039, 31.045410294000074 ], [ -115.394393554999965, 30.976659212000065 ], [ -115.329939415999945, 30.920798958000027 ], [ -115.248297506999975, 30.920798958000027 ], [ -115.14517088499997, 31.002440868000075 ], [ -115.067825917999983, 31.032519466000039 ] ], [ [ -115.987371633999913, 31.702842512000075 ], [ -116.116279911999982, 31.659873086000058 ], [ -116.180734050999916, 31.595418947000049 ], [ -116.197921821999955, 31.543855635000043 ], [ -115.987371633999913, 31.53526175000006 ], [ -115.879948068999965, 31.573934234000028 ], [ -115.751039790999968, 31.646982258000033 ], [ -115.746742848999986, 31.702842512000075 ], [ -115.83268170099997, 31.762999708000045 ], [ -115.93151138099995, 31.754405823000074 ], [ -115.987371633999913, 31.702842512000075 ] ], [ [ -116.176437108999963, 31.861829388000036 ], [ -115.970183863999935, 31.956362125000048 ], [ -115.888541955, 31.926283527000056 ], [ -115.849869470999977, 32.00792543600005 ], [ -115.849869470999977, 32.076676518000056 ], [ -115.905729724999958, 32.128239829000059 ], [ -116.013153289999963, 32.111052059000023 ], [ -116.146358510999931, 32.055191805000049 ], [ -116.249485132999951, 31.952065183000052 ], [ -116.253782076, 31.853235503000064 ], [ -116.176437108999963, 31.861829388000036 ] ], [ [ -116.11198297, 32.239960337000056 ], [ -116.073310485999968, 32.300117533000041 ], [ -116.047528830999966, 32.368868615000054 ], [ -116.154952395999914, 32.429025811000024 ], [ -116.206515707, 32.441916639000063 ], [ -116.318236214999956, 32.441916639000063 ], [ -116.447144492999911, 32.360274730000071 ], [ -116.511598631999945, 32.287226705000023 ], [ -116.515895573999927, 32.184100083000033 ], [ -116.472926147999942, 32.128239829000059 ], [ -116.39987812399994, 32.132536772000037 ], [ -116.253782076, 32.21847562400005 ], [ -116.197921821999955, 32.244257279000067 ], [ -116.11198297, 32.239960337000056 ] ] ], [ [ [ -82.370593913996757, 9.415821270210733 ], [ -82.406605598256121, 9.435248113715796 ], [ -82.465646938999896, 9.493963934000078 ], [ -82.406605597999942, 9.435248114000046 ], [ -82.370593913996757, 9.415821270210733 ] ] ], [ [ [ -82.342762825157422, 9.432521876894391 ], [ -82.342762824999909, 9.432521877000056 ], [ -82.345082160999937, 9.415432033000059 ], [ -82.342762825157422, 9.432521876894391 ] ] ], [ [ [ -82.377886129655252, 9.3369743848301 ], [ -82.376291469999899, 9.330064195000091 ], [ -82.376291470191461, 9.330064195237043 ], [ -82.377886129655252, 9.3369743848301 ] ] ], [ [ [ -82.352731355293116, 9.309918287812051 ], [ -82.356434700417836, 9.313421942022369 ], [ -82.360349385395722, 9.315947545581322 ], [ -82.356434699999909, 9.313421942000048 ], [ -82.352731355293116, 9.309918287812051 ] ] ], [ [ [ -82.360695584318734, 9.285509664606975 ], [ -82.348947720428441, 9.294745184011772 ], [ -82.34842183500966, 9.30173945527512 ], [ -82.348947719999899, 9.294745184000078 ], [ -82.360695584318734, 9.285509664606975 ] ] ], [ [ [ -82.374526238390658, 9.285062496403599 ], [ -82.387603318646811, 9.286078191972621 ], [ -82.387603318557169, 9.286078192399216 ], [ -82.374526238390658, 9.285062496403599 ] ] ], [ [ [ -82.394927537999934, 9.267075914000088 ], [ -82.393666144999941, 9.262111721000053 ], [ -82.39366614542773, 9.262111721232552 ], [ -82.394927538190117, 9.267075914116932 ], [ -82.391778075720623, 9.272006628677625 ], [ -82.394927537999934, 9.267075914000088 ] ] ], [ [ [ -82.388783331999946, 9.26007721600007 ], [ -82.38304602799991, 9.261216539000088 ], [ -82.383046027678589, 9.26121653882695 ], [ -82.388783331999946, 9.26007721600007 ] ] ], [ [ [ -82.367984572708679, 9.247550150733465 ], [ -82.373199023419147, 9.254543361018639 ], [ -82.381629412611161, 9.2602565185018 ], [ -82.373199022999927, 9.25454336100006 ], [ -82.367984572708679, 9.247550150733465 ] ] ], [ [ [ -82.361222267243278, 9.235949955189838 ], [ -82.358143683999913, 9.229437567000048 ], [ -82.355824347999942, 9.216782945000091 ], [ -82.350575324999909, 9.207261460000041 ], [ -82.355824348182864, 9.216782944859284 ], [ -82.358143684160424, 9.229437566893248 ], [ -82.361222267243278, 9.235949955189838 ] ] ], [ [ [ -82.350575324999909, 9.207261460000041 ], [ -82.333434292652157, 9.196828636465668 ], [ -82.350575324891125, 9.207261459632551 ], [ -82.350575324999909, 9.207261460000041 ] ] ], [ [ [ -82.223052537999934, 9.192775783000059 ], [ -82.219227667999917, 9.196356512000079 ], [ -82.218739386999914, 9.208644924000055 ], [ -82.216867641999897, 9.217474677000041 ], [ -82.212513800999943, 9.220038153000075 ], [ -82.204945441999939, 9.213446356000077 ], [ -82.203968878999945, 9.216538804000038 ], [ -82.204009568999936, 9.219224351000037 ], [ -82.202788865999935, 9.220689195000091 ], [ -82.198109503999945, 9.220282294000071 ], [ -82.196197068999936, 9.211167710000041 ], [ -82.193430141999897, 9.204087632000039 ], [ -82.189605272999927, 9.198309637000079 ], [ -82.184437628999945, 9.192938544000071 ], [ -82.177642381999931, 9.192938544000071 ], [ -82.177642381999931, 9.199774481000077 ], [ -82.170806443999936, 9.199774481000077 ], [ -82.173451300999943, 9.184759833000044 ], [ -82.171701626999948, 9.157416083000044 ], [ -82.177642381999931, 9.14516836100006 ], [ -82.208119269999941, 9.163763739000046 ], [ -82.224110480999911, 9.169663804000038 ], [ -82.249623175999943, 9.171820380000042 ], [ -82.260731574999909, 9.164048570000091 ], [ -82.263783331999946, 9.146551825000074 ], [ -82.260731574999909, 9.127875067000048 ], [ -82.253407355999911, 9.116603908000059 ], [ -82.253407355999911, 9.110419012000079 ], [ -82.258941209999932, 9.11273834800005 ], [ -82.273833787999934, 9.116603908000059 ], [ -82.272211904714339, 9.112303460232901 ], [ -82.273833788084559, 9.116603907794726 ], [ -82.307972786132993, 9.185492255000042 ], [ -82.307972785999937, 9.185492255000042 ], [ -82.300445115999935, 9.197088934000078 ], [ -82.288238084999932, 9.198553778000075 ], [ -82.282460089999915, 9.202093817000048 ], [ -82.294300910999937, 9.220282294000071 ], [ -82.280995245999918, 9.216620184000078 ], [ -82.275949673999946, 9.206447658000059 ], [ -82.273060675999943, 9.194484768000052 ], [ -82.266428188999896, 9.185492255000042 ], [ -82.255482550999943, 9.182603257000039 ], [ -82.247914191999939, 9.186997789000088 ], [ -82.24445553299995, 9.19757721600007 ], [ -82.245961066999939, 9.213446356000077 ], [ -82.239084438999896, 9.213446356000077 ], [ -82.238148566999939, 9.200262762000079 ], [ -82.231068488999938, 9.193752346000053 ], [ -82.223052537999934, 9.192775783000059 ] ] ], [ [ [ -82.239084438999896, 9.079331773000092 ], [ -82.245961066999939, 9.014146226000037 ], [ -82.245961067163094, 9.014146226121134 ], [ -82.239084439408657, 9.079331772891742 ], [ -82.244308552459813, 9.089468112391781 ], [ -82.239084438999896, 9.079331773000092 ] ] ], [ [ [ -82.260161911657278, 9.020982162975796 ], [ -82.260161912753887, 9.020982164033331 ], [ -82.256214973211954, 9.017971096398353 ], [ -82.2534887363433, 9.016302802385979 ], [ -82.251518399876957, 9.015583895523759 ], [ -82.253488735999952, 9.016302802000041 ], [ -82.256214972999942, 9.017971096000053 ], [ -82.260161911657278, 9.020982162975796 ] ] ], [ [ [ -82.208107927559738, 8.992287718735701 ], [ -82.218820766947289, 8.993353582693777 ], [ -82.243031378999945, 9.004461981000077 ], [ -82.218820766999897, 8.993353583000044 ], [ -82.208107927559738, 8.992287718735701 ] ] ], [ [ [ -82.177642382395462, 9.000555730699354 ], [ -82.177642381999931, 9.000555731000077 ], [ -82.145878001463686, 8.990291731130876 ], [ -82.177642382395462, 9.000555730699354 ] ] ], [ [ [ -82.121994233184836, 8.962252468948726 ], [ -82.129221158388873, 8.973211980729953 ], [ -82.129017706999946, 8.981390692000048 ], [ -82.12922115799995, 8.973211981000077 ], [ -82.121994233184836, 8.962252468948726 ] ] ], [ [ [ -82.102628008944123, 8.932361661559446 ], [ -82.105376757187571, 8.935207423924005 ], [ -82.10625361589095, 8.938802545776404 ], [ -82.105376756999931, 8.935207424000055 ], [ -82.102628008944123, 8.932361661559446 ] ] ], [ [ [ -82.086659308999913, 8.931708075000074 ], [ -82.097808397918257, 8.930609441824892 ], [ -82.101918097816636, 8.931626694880128 ], [ -82.097808397999927, 8.930609442000048 ], [ -82.086659308999913, 8.931708075000074 ] ] ], [ [ [ -82.020008917999917, 8.945298570000091 ], [ -81.997710740999935, 8.947455145000049 ], [ -81.989794270429414, 8.944206039899388 ], [ -81.997710740979713, 8.947455144640715 ], [ -82.020008917896533, 8.945298569652508 ], [ -82.067616340120935, 8.930731511560447 ], [ -82.086659308999913, 8.931708075000074 ], [ -82.067616339999915, 8.930731512000079 ], [ -82.020008917999917, 8.945298570000091 ] ] ], [ [ [ -81.943959114401466, 8.935126043625104 ], [ -81.958566860883337, 8.931626694880128 ], [ -81.958566860999952, 8.931626695000091 ], [ -81.943959113999938, 8.935126044000071 ], [ -81.943959114401466, 8.935126043625104 ] ] ], [ [ [ -81.920765753999945, 8.955145575000074 ], [ -81.923736131999931, 8.966376044000071 ], [ -81.920765753727579, 8.955145575314331 ], [ -81.920765753999945, 8.955145575000074 ] ] ], [ [ [ -81.852284308999913, 8.958319403000075 ], [ -81.793446417999917, 8.931626695000091 ], [ -81.79344641819165, 8.931626694880128 ], [ -81.852284308603515, 8.958319402608399 ], [ -81.862375454999949, 8.95579661700009 ], [ -81.852284308999913, 8.958319403000075 ] ] ], [ [ [ -81.775542772999927, 8.940252997000073 ], [ -81.770578579999949, 8.957464911000045 ], [ -81.77554277269526, 8.940252997129052 ], [ -81.775542772999927, 8.940252997000073 ] ] ], [ [ [ -81.806462619690123, 9.015493605320325 ], [ -81.841867641999897, 9.035305080000057 ], [ -81.841867642198224, 9.035305080420537 ], [ -81.806462619690123, 9.015493605320325 ] ] ], [ [ [ -81.879861922635286, 9.090004912590226 ], [ -81.877064581854341, 9.087307033131362 ], [ -81.841867642198224, 9.035305080420537 ], [ -81.877064581999946, 9.087307033000059 ], [ -81.879861922635286, 9.090004912590226 ] ] ], [ [ [ -81.86546790299991, 9.16665273600006 ], [ -81.865467902864879, 9.166652735696974 ], [ -81.882801887113715, 9.179510808906208 ], [ -81.882801886999914, 9.179510809000078 ], [ -81.86546790299991, 9.16665273600006 ] ] ], [ [ [ -81.836293366330139, 9.134171344989165 ], [ -81.841867642198224, 9.138332423944973 ], [ -81.865467902864879, 9.166652735696974 ], [ -81.841867641999897, 9.138332424000055 ], [ -81.836293366330139, 9.134171344989165 ] ] ], [ [ [ -81.824208136999914, 9.105454820000091 ], [ -81.834380662999934, 9.107001044000071 ], [ -81.834380663107126, 9.107001044140162 ], [ -81.824208137236511, 9.105454820277808 ], [ -81.819844527301342, 9.106844227697001 ], [ -81.824208136999914, 9.105454820000091 ] ] ], [ [ [ -81.841867642198224, 9.103583075057696 ], [ -81.841867642198224, 9.110419011582596 ], [ -81.841867641999897, 9.110419011492056 ], [ -81.841867641999897, 9.103583075000074 ], [ -81.841867642198224, 9.103583075057696 ] ] ], [ [ [ -81.823697490030085, 9.078976158752402 ], [ -81.82583139025995, 9.085286054089906 ], [ -81.828263733766136, 9.087913387624228 ], [ -81.825831389999905, 9.085286054000051 ], [ -81.823697490030085, 9.078976158752402 ] ] ], [ [ [ -81.817954074362191, 9.069525656959755 ], [ -81.813465567999913, 9.06780531000004 ], [ -81.800285577999944, 9.067811131000042 ], [ -81.7797436613304, 9.065327477529275 ], [ -81.8002855781139, 9.067811130693359 ], [ -81.813465568334351, 9.067805309617972 ], [ -81.817954074362191, 9.069525656959755 ] ] ], [ [ [ -81.736887173999946, 9.036932684000078 ], [ -81.728331368649648, 9.034259114329393 ], [ -81.736887173668208, 9.036932683671148 ], [ -81.736887173999946, 9.036932684000078 ] ] ], [ [ [ -81.717126016507621, 9.022993568709548 ], [ -81.706450975999928, 8.999172268000052 ], [ -81.706450976234549, 8.999172268117983 ], [ -81.717126016507621, 9.022993568709548 ] ] ], [ [ [ -81.701568162999934, 8.994330145000049 ], [ -81.690088048031697, 8.986068443690298 ], [ -81.701568162846456, 8.994330144692018 ], [ -81.701568162999934, 8.994330145000049 ] ] ], [ [ [ -81.580497020349114, 8.851929031835398 ], [ -81.587310351304538, 8.856350001956351 ], [ -81.612354633721594, 8.882964300761076 ], [ -81.587310350999928, 8.856350002000056 ], [ -81.580497020349114, 8.851929031835398 ] ] ], [ [ [ -81.553769834304106, 8.826023506534453 ], [ -81.561594205105877, 8.834377345597751 ], [ -81.564412620266424, 8.838731311570726 ], [ -81.561594204999949, 8.834377346000053 ], [ -81.553769834304106, 8.826023506534453 ] ] ], [ [ [ -81.421506346999934, 8.796426828000051 ], [ -81.421506347275496, 8.796426827871478 ], [ -81.4734743392127, 8.806593813813095 ], [ -81.473474338999949, 8.806593814000053 ], [ -81.421506346999934, 8.796426828000051 ] ] ], [ [ [ -81.357980923999946, 8.785101630000042 ], [ -81.338055544237548, 8.78390305306805 ], [ -81.357980923743582, 8.785101629853441 ], [ -81.357980923999946, 8.785101630000042 ] ] ], [ [ [ -79.116036741999949, 9.551889715000073 ], [ -79.098771641999917, 9.556032194000068 ], [ -79.080066530999943, 9.56157950000005 ], [ -79.071767982254514, 9.56227239432584 ], [ -79.080066530738449, 9.561579499857844 ], [ -79.098771642351522, 9.556032193734914 ], [ -79.116036741999949, 9.551889715000073 ] ] ], [ [ [ -78.970582971999931, 9.573313287000076 ], [ -79.012902007736045, 9.570225581804124 ], [ -79.024774812372826, 9.568219699469715 ], [ -79.012902007999912, 9.570225582000091 ], [ -78.970582971999931, 9.573313287000076 ] ] ], [ [ [ -78.957362510061898, 9.554032607351603 ], [ -78.957362509999939, 9.554032607000067 ], [ -78.969507807088917, 9.547448524967173 ], [ -78.957362510061898, 9.554032607351603 ] ] ], [ [ [ -78.97451246299994, 9.544735453000044 ], [ -78.986858370999926, 9.547135568000044 ], [ -78.986858370819093, 9.5471355682087 ], [ -78.97451246299994, 9.544735453000044 ] ] ], [ [ [ -78.996871111553503, 9.539680668263683 ], [ -78.996871111999951, 9.539680668000074 ], [ -79.001259338432448, 9.539324151045918 ], [ -78.996871111553503, 9.539680668263683 ] ] ], [ [ [ -79.065858829999911, 9.513720207000063 ], [ -79.065858830103721, 9.513720207069715 ], [ -79.054873439393745, 9.531958770309364 ], [ -79.038230630602598, 9.535170273390039 ], [ -79.023294691239613, 9.536948371609773 ], [ -79.038230630999919, 9.535170273000062 ], [ -79.054873438999948, 9.531958770000074 ], [ -79.065858829999911, 9.513720207000063 ] ] ], [ [ [ -79.046255713973352, 9.454101638449197 ], [ -79.058060023319626, 9.457931446563576 ], [ -79.060565396044311, 9.473853431359613 ], [ -79.058060022999939, 9.457931447000078 ], [ -79.046255713973352, 9.454101638449197 ] ] ], [ [ [ -79.022461988268347, 9.455069907833213 ], [ -79.013890376999939, 9.451183411000045 ], [ -79.013890377330782, 9.451183410922912 ], [ -79.022461988268347, 9.455069907833213 ] ] ], [ [ [ -78.989511640164707, 9.455105474513243 ], [ -79.001049695166174, 9.453471042764345 ], [ -79.013890376999939, 9.451183411000045 ], [ -79.001049694999949, 9.453471043000093 ], [ -78.989511640164707, 9.455105474513243 ] ] ], [ [ [ -78.935050173999912, 9.447556342000041 ], [ -78.924618639999949, 9.44423117000008 ], [ -78.915679490999935, 9.436835028000075 ], [ -78.924618640376337, 9.444231169584437 ], [ -78.935050173899555, 9.447556341722347 ], [ -78.952590042130055, 9.454663079656839 ], [ -78.963199643495969, 9.4547107763713 ], [ -78.95259004199994, 9.454663080000046 ], [ -78.935050173999912, 9.447556342000041 ] ] ], [ [ [ -78.905882555996328, 9.427185115701082 ], [ -78.908070442150901, 9.430812892774629 ], [ -78.915679490611012, 9.436835027577599 ], [ -78.908070441999939, 9.430812893000052 ], [ -78.905882555996328, 9.427185115701082 ] ] ], [ [ [ -78.890712970471554, 9.424763751178126 ], [ -78.882912972999918, 9.425295124000058 ], [ -78.874841132999904, 9.424788310000054 ], [ -78.870880118509319, 9.423837970430219 ], [ -78.874841132767259, 9.424788309749259 ], [ -78.882912972600465, 9.425295123692338 ], [ -78.890712970471554, 9.424763751178126 ] ] ], [ [ [ -78.852544202712025, 9.423753852348062 ], [ -78.847235740999906, 9.433084454000038 ], [ -78.836335919999897, 9.435384427000088 ], [ -78.830252770887938, 9.433968526801719 ], [ -78.836335919803602, 9.43538442673748 ], [ -78.847235740592865, 9.433084453640115 ], [ -78.852544202712025, 9.423753852348062 ] ] ], [ [ [ -78.774383610600268, 9.444549777118761 ], [ -78.781136414701564, 9.44588204673339 ], [ -78.785936487116174, 9.440463002824361 ], [ -78.781136414999935, 9.445882047000055 ], [ -78.774383610600268, 9.444549777118761 ] ] ], [ [ [ -78.735688575650698, 9.451357541446772 ], [ -78.728222884999923, 9.454983637000055 ], [ -78.728222884842381, 9.454983636896921 ], [ -78.735688575650698, 9.451357541446772 ] ] ], [ [ [ -78.67968835287401, 9.433054688663065 ], [ -78.688869084633779, 9.435553503761106 ], [ -78.693703246309781, 9.435064374903078 ], [ -78.688869084999908, 9.43555350400004 ], [ -78.67968835287401, 9.433054688663065 ] ] ], [ [ [ -78.589621496262069, 9.422402189863307 ], [ -78.603899647272954, 9.416394067644688 ], [ -78.614514134451142, 9.417994255160474 ], [ -78.603899646999935, 9.416394068000045 ], [ -78.589621496262069, 9.422402189863307 ] ] ], [ [ [ -78.586486896993463, 9.42498293033311 ], [ -78.578087387999915, 9.43189831300009 ], [ -78.578087387627093, 9.431898313095237 ], [ -78.586486896993463, 9.42498293033311 ] ] ], [ [ [ -78.522195056121959, 9.419604320065952 ], [ -78.52712264587727, 9.421502985697746 ], [ -78.537132309018645, 9.428181648106946 ], [ -78.527122645999953, 9.421502986000064 ], [ -78.522195056121959, 9.419604320065952 ] ] ], [ [ [ -78.430784308866237, 9.397420089953547 ], [ -78.437712498300471, 9.404351059930089 ], [ -78.442585993604169, 9.405817729739065 ], [ -78.437712497999939, 9.404351060000067 ], [ -78.430784308866237, 9.397420089953547 ] ] ], [ [ [ -78.364224503999935, 9.36119855700008 ], [ -78.33833926199992, 9.356006656000091 ], [ -78.317512241999907, 9.344662242000084 ], [ -78.310513647737835, 9.339290362292997 ], [ -78.3175122422209, 9.344662241693724 ], [ -78.338339261671663, 9.356006655559289 ], [ -78.364224503999935, 9.36119855700008 ] ] ], [ [ [ -78.277486314999919, 9.321878839000078 ], [ -78.267910993999919, 9.320943162000049 ], [ -78.263853745076233, 9.319838310396552 ], [ -78.267910993952043, 9.320943161761631 ], [ -78.277486315330208, 9.321878838886819 ], [ -78.287072173946669, 9.326287319815286 ], [ -78.291663355234775, 9.328347960865418 ], [ -78.287072173999945, 9.326287320000063 ], [ -78.277486314999919, 9.321878839000078 ] ] ], [ [ [ -78.208024793999925, 9.290335613000082 ], [ -78.226236341409688, 9.300807705633655 ], [ -78.235472245005752, 9.305973683784236 ], [ -78.226236340999947, 9.300807706000057 ], [ -78.208024793999925, 9.290335613000082 ] ] ], [ [ [ -78.208024793858115, 9.290335612894587 ], [ -78.192353942999944, 9.287610808000068 ], [ -78.192353943339768, 9.287610807928099 ], [ -78.208024793858115, 9.290335612894587 ] ] ], [ [ [ -78.142386415300763, 9.277775393462873 ], [ -78.154922565686974, 9.279491060603631 ], [ -78.160648944566645, 9.282798644772287 ], [ -78.154922565999925, 9.279491061000044 ], [ -78.142386415300763, 9.277775393462873 ] ] ], [ [ [ -78.120130830342617, 9.261738335457538 ], [ -78.114003058999913, 9.253810940000051 ], [ -78.114003059430331, 9.253810940053761 ], [ -78.120130830342617, 9.261738335457538 ] ] ], [ [ [ -77.935408951999932, 9.142888937000066 ], [ -77.935408951980463, 9.142888936800039 ], [ -77.968658007232378, 9.180609441753262 ], [ -77.986254646293872, 9.188899938591405 ], [ -77.999256965022482, 9.190822657837044 ], [ -78.020822720335346, 9.213609116885202 ], [ -78.02456621033005, 9.226467190142476 ], [ -78.024566209999932, 9.226467190000051 ], [ -78.020822719999899, 9.21360911700009 ], [ -77.999256964999915, 9.190822658000059 ], [ -77.986254645999907, 9.188899939000066 ], [ -77.968658006999931, 9.180609442000048 ], [ -77.935408951999932, 9.142888937000066 ] ] ], [ [ [ -77.860838441999931, 9.068091029000072 ], [ -77.855743596553452, 9.054290579787448 ], [ -77.855743596999901, 9.054290580000043 ], [ -77.855743597041425, 9.054290580112532 ], [ -77.860838441999931, 9.068091029000072 ] ] ], [ [ [ -77.877293022489368, 9.114258500065723 ], [ -77.877661019999948, 9.11888756500008 ], [ -77.860096808999913, 9.110419012000079 ], [ -77.853346935479891, 9.09839937813433 ], [ -77.860096809064089, 9.110419011582596 ], [ -77.877661019842165, 9.118887564709334 ], [ -77.877293022489368, 9.114258500065723 ] ] ], [ [ [ -77.83086296819539, 9.070873342828383 ], [ -77.811865107999949, 9.058039561000044 ], [ -77.8118651080229, 9.058039560780584 ], [ -77.83086296819539, 9.070873342828383 ] ] ], [ [ [ -77.8118651080229, 9.058039560780584 ], [ -77.808172351999929, 9.035333090000051 ], [ -77.808172352180492, 9.0353330901119 ], [ -77.8118651080229, 9.058039560780584 ] ] ], [ [ [ -77.769546373048371, 8.999999740114109 ], [ -77.77074134014201, 9.003973699755791 ], [ -77.778271471501228, 9.010417303915677 ], [ -77.770741339999915, 9.003973700000074 ], [ -77.769546373048371, 8.999999740114109 ] ] ], [ [ [ -77.747547981264773, 8.972560940204911 ], [ -77.758534308917604, 8.981512761683115 ], [ -77.760533830275094, 8.983998148408222 ], [ -77.758534308999913, 8.981512762000079 ], [ -77.747547981264773, 8.972560940204911 ] ] ], [ [ [ -77.747547980999911, 8.972560940000051 ], [ -77.744415965999906, 8.963576305000061 ], [ -77.748188282690066, 8.956672057419176 ], [ -77.744415966399131, 8.963576304831619 ], [ -77.747547981264773, 8.972560940204911 ], [ -77.747547980999911, 8.972560940000051 ] ] ], [ [ [ -77.715935302401775, 8.887195502836468 ], [ -77.710320862999936, 8.881281909000052 ], [ -77.710320863439605, 8.881281908629255 ], [ -77.715935302401775, 8.887195502836468 ] ] ], [ [ [ -77.698988881300977, 8.888382329816356 ], [ -77.701056068993893, 8.889259805841265 ], [ -77.709900097728323, 8.881644229198224 ], [ -77.701056068999947, 8.889259806000041 ], [ -77.698988881300977, 8.888382329816356 ] ] ], [ [ [ -77.696736844226777, 8.887426389096335 ], [ -77.696736843999929, 8.887426389000041 ], [ -77.696236863677029, 8.881631675238395 ], [ -77.696736844226777, 8.887426389096335 ] ] ], [ [ [ -77.655851862999953, 8.843200133000039 ], [ -77.676292524170279, 8.861628295780335 ], [ -77.686833302660759, 8.868037550815904 ], [ -77.676292523999905, 8.861628296000049 ], [ -77.655851862999953, 8.843200133000039 ] ] ], [ [ [ -77.655851862999953, 8.843200133000039 ], [ -77.63345292899993, 8.817450262000079 ], [ -77.633452929180976, 8.817450261953834 ], [ -77.655851862999953, 8.843200133000039 ] ] ], [ [ [ -77.629058397999927, 8.84446849200009 ], [ -77.629058397850031, 8.844468491874435 ], [ -77.634185350784961, 8.839789129708226 ], [ -77.631743943641752, 8.829901434126707 ], [ -77.629318977707257, 8.827026116654181 ], [ -77.631743943999936, 8.829901434000078 ], [ -77.634185350999928, 8.839789130000042 ], [ -77.629058397999927, 8.84446849200009 ] ] ], [ [ [ -77.607411262269437, 8.82217031518679 ], [ -77.61799068903116, 8.835191147817108 ], [ -77.624317422834935, 8.840494439420537 ], [ -77.617990688999953, 8.835191148000092 ], [ -77.607411262269437, 8.82217031518679 ] ] ], [ [ [ -77.607411262269437, 8.82217031518679 ], [ -77.607411261999914, 8.822170315000051 ], [ -77.605892304247249, 8.819374051681251 ], [ -77.607411262269437, 8.82217031518679 ] ] ], [ [ [ -77.574072650373608, 8.792754063265672 ], [ -77.574072649999948, 8.792754063000075 ], [ -77.577873708004972, 8.775030270395192 ], [ -77.574072650373608, 8.792754063265672 ] ] ], [ [ [ -77.554901027054029, 8.772945512362471 ], [ -77.559342152701404, 8.759707599593247 ], [ -77.564723570173015, 8.764157182319286 ], [ -77.559342152999932, 8.75970760000007 ], [ -77.554901027054029, 8.772945512362471 ] ] ], [ [ [ -77.537544364180221, 8.745359399119739 ], [ -77.538342776999912, 8.741314829000089 ], [ -77.538342777090335, 8.741314829171237 ], [ -77.537544364180221, 8.745359399119739 ] ] ], [ [ [ -77.487693418097408, 8.675293640991679 ], [ -77.500721809098536, 8.68183014461461 ], [ -77.52818808528319, 8.700515144781665 ], [ -77.500721808999913, 8.681830145000049 ], [ -77.487693418097408, 8.675293640991679 ] ] ], [ [ [ -77.183280956177782, 7.935231601587022 ], [ -77.20605790299993, 7.935485738000096 ], [ -77.221046298069552, 7.932369594099535 ], [ -77.236133585687611, 7.929232890316025 ], [ -77.269723266823902, 7.918122457278608 ], [ -77.30041906839152, 7.902102763129347 ], [ -77.31041523121381, 7.892155361622395 ], [ -77.321606404999841, 7.881018779000016 ], [ -77.347186238999882, 7.82381296800007 ], [ -77.376641805663624, 7.7866059374083 ], [ -77.376641805999981, 7.786605937000061 ], [ -77.376698604260241, 7.786393168899052 ], [ -77.379044886185241, 7.777603956890396 ], [ -77.3790448792913, 7.777603947529959 ], [ -77.37904498587902, 7.777603548248966 ], [ -77.419799278499383, 7.832935149511602 ], [ -77.452740923074529, 7.901633230299969 ], [ -77.483948796693468, 7.9394123087544 ], [ -77.496205179586525, 8.005134137122676 ], [ -77.448548349099624, 8.016932172570158 ], [ -77.396464591271751, 8.142165728277917 ], [ -77.411345664551874, 8.234224280955743 ], [ -77.45970915473346, 8.348347141083636 ], [ -77.522953718195154, 8.410916515101512 ], [ -77.567596939832143, 8.473475787594568 ], [ -77.567596939832143, 8.54338293006839 ], [ -77.522953718195154, 8.620633811354748 ], [ -77.444203254304639, 8.664374091051547 ], [ -77.444203253999945, 8.66437409100007 ], [ -77.413197394999941, 8.666693427000041 ], [ -77.394602016999897, 8.678412177000041 ], [ -77.390695766999897, 8.673529364000046 ], [ -77.385812954999949, 8.669582424000055 ], [ -77.380034959999932, 8.66665273600006 ], [ -77.373524542999917, 8.664740302000041 ], [ -77.374936484352446, 8.650945943735323 ], [ -77.385375121999857, 8.643633728000111 ], [ -77.401549845999853, 8.642031759000076 ], [ -77.417316157511976, 8.638544978428518 ], [ -77.41767289256002, 8.638466085100728 ], [ -77.417672892999946, 8.638466085000104 ], [ -77.434002644999879, 8.628259989000043 ], [ -77.435036173999947, 8.620637716000061 ], [ -77.430230264999949, 8.610457459000102 ], [ -77.429093384972788, 8.592629090122431 ], [ -77.429093384999931, 8.592629090000059 ], [ -77.44113399340938, 8.567669372441028 ], [ -77.462836642267675, 8.544722895286952 ], [ -77.469373300999905, 8.537811606000105 ], [ -77.480356404999952, 8.526199036 ], [ -77.480356405126173, 8.526199035804343 ], [ -77.488676310233558, 8.496536764099 ], [ -77.488699777483973, 8.486140782556195 ], [ -77.488727986999947, 8.473644104000115 ], [ -77.481001693848413, 8.468699276075535 ], [ -77.479684610999897, 8.467856343000051 ], [ -77.479684610820726, 8.46785634283418 ], [ -77.449608927971852, 8.470646870646405 ], [ -77.432850407924391, 8.465111946510822 ], [ -77.432710735331938, 8.46506581611262 ], [ -77.422323770823212, 8.456410013667618 ], [ -77.421846974162079, 8.455603929277453 ], [ -77.405787313999895, 8.428453064000053 ], [ -77.391266235999865, 8.393545634000063 ], [ -77.385660087243323, 8.347032123811328 ], [ -77.382998006136333, 8.324945170706071 ], [ -77.374368042999976, 8.289314270000133 ], [ -77.363205932999932, 8.27208018000006 ], [ -77.350493530999898, 8.267403463000093 ], [ -77.344768552046844, 8.267070615176833 ], [ -77.337161010623333, 8.266628315675517 ], [ -77.324345255809561, 8.261202290751999 ], [ -77.324096351882048, 8.260855726563507 ], [ -77.316903850049471, 8.250841165581395 ], [ -77.304054694371672, 8.223995609445449 ], [ -77.295199747999874, 8.205495097000068 ], [ -77.280097376266795, 8.18334198682494 ], [ -77.269434250999922, 8.167700643000046 ], [ -77.269434250949217, 8.167700642717778 ], [ -77.267566816336341, 8.164961372155737 ], [ -77.260111449999926, 8.154025371000088 ], [ -77.231069294999941, 8.098731588000064 ], [ -77.231069292454407, 8.098731578738013 ], [ -77.207763224149886, 7.996567280910761 ], [ -77.205125072137761, 7.990709336653204 ], [ -77.201200317999906, 7.98199452700004 ], [ -77.195315181677799, 7.976424104257353 ], [ -77.191536824917108, 7.972847798733268 ], [ -77.191480758752647, 7.972807442131192 ], [ -77.186575322555953, 7.969276475550166 ], [ -77.163269816349469, 7.939258116681913 ], [ -77.166204376347807, 7.937116681084376 ], [ -77.169005899900071, 7.935072326133181 ], [ -77.183280956177782, 7.935231601587022 ] ] ], [ [ [ -77.3467740468014, 7.726464442031757 ], [ -77.345997680999858, 7.725731099000114 ], [ -77.345590829483143, 7.72452735648643 ], [ -77.3467740468014, 7.726464442031757 ] ] ], [ [ [ -78.11742102799991, 7.46556224200009 ], [ -78.120676235999952, 7.469916083000044 ], [ -78.123158331999946, 7.479478257000039 ], [ -78.127919074999909, 7.489162502000056 ], [ -78.137847459999932, 7.493475653000075 ], [ -78.144154425999943, 7.497870184000078 ], [ -78.14907792899993, 7.507879950000074 ], [ -78.154551596938745, 7.524506218382129 ], [ -78.115041351100345, 7.530530260514233 ], [ -78.047424291892114, 7.487557701941715 ], [ -78.012748877259028, 7.423950548920093 ], [ -78.009755011605989, 7.383490301667057 ], [ -77.932995422255473, 7.312186014991998 ], [ -77.879594985958903, 7.286941382204144 ], [ -77.895839150963482, 7.235098056766605 ], [ -77.896555141999897, 7.235296942000048 ], [ -77.918812628999945, 7.24164459800005 ], [ -77.947621222999942, 7.267645575000074 ], [ -77.99046790299991, 7.32094961100006 ], [ -78.006459113999938, 7.332464911000045 ], [ -78.014393683999913, 7.341009833000044 ], [ -78.01781165299991, 7.35228099200009 ], [ -78.015533006999931, 7.36273834800005 ], [ -78.011545376999948, 7.373195705000057 ], [ -78.009755011999914, 7.383490302000041 ], [ -78.014393683999913, 7.393540757000039 ], [ -78.020090298999946, 7.397853908000059 ], [ -78.022857225999928, 7.395982164000088 ], [ -78.024891730999911, 7.39203522300005 ], [ -78.02798417899993, 7.389837958000044 ], [ -78.035878058999913, 7.393011786000045 ], [ -78.038156704999949, 7.399400132000039 ], [ -78.036122199999909, 7.40460846600007 ], [ -78.03148352799991, 7.404120184000078 ], [ -78.043446417999917, 7.422308661000045 ], [ -78.049956834999932, 7.425930080000057 ], [ -78.059396938999953, 7.417792059000078 ], [ -78.065541144999941, 7.417792059000078 ], [ -78.089711066999939, 7.445217190000051 ], [ -78.105620897999927, 7.459418036000045 ], [ -78.11742102799991, 7.46556224200009 ] ] ], [ [ [ -78.163050086798037, 7.523210471927374 ], [ -78.166086391999897, 7.512640692000048 ], [ -78.168324347928063, 7.522406316686403 ], [ -78.163050086798037, 7.523210471927374 ] ] ], [ [ [ -78.174224412999934, 7.575425523000092 ], [ -78.184803839999915, 7.579413153000075 ], [ -78.184803839633673, 7.57941315322791 ], [ -78.174224412871951, 7.575425523367258 ], [ -78.170699025645604, 7.562653218775164 ], [ -78.174224412999934, 7.575425523000092 ] ] ], [ [ [ -78.195607075744263, 7.561523757758995 ], [ -78.194447395244183, 7.571437893107039 ], [ -78.186688455119196, 7.577854568476397 ], [ -78.194447394999941, 7.571437893000052 ], [ -78.195607075744263, 7.561523757758995 ] ] ], [ [ [ -78.200306769999941, 7.576157945000091 ], [ -78.197511226826776, 7.582836187406524 ], [ -78.200306769872583, 7.576157944620332 ], [ -78.202015753615171, 7.566839911201201 ], [ -78.196522589947151, 7.553697007451181 ], [ -78.196522589999915, 7.553697007000039 ], [ -78.202015753999945, 7.566839911000045 ], [ -78.200306769999941, 7.576157945000091 ] ] ], [ [ [ -78.200306769999941, 7.606431382000039 ], [ -78.204457160999937, 7.612127997000073 ], [ -78.212093021442115, 7.618776910054089 ], [ -78.20445716075838, 7.612127997137401 ], [ -78.200306769872583, 7.606431382127533 ], [ -78.196522589788771, 7.595892645214983 ], [ -78.196644660954405, 7.584906317320845 ], [ -78.196522589999915, 7.595892645000049 ], [ -78.200306769999941, 7.606431382000039 ] ] ], [ [ [ -78.266143022802083, 7.66281855050584 ], [ -78.252349412708227, 7.660956122383261 ], [ -78.237700976137234, 7.649888414130392 ], [ -78.252349412999934, 7.660956122000073 ], [ -78.266143022802083, 7.66281855050584 ] ] ], [ [ [ -78.292144334999932, 7.691473700000074 ], [ -78.282582160999937, 7.710638739000046 ], [ -78.277495897999927, 7.724351304000038 ], [ -78.278146938999953, 7.737372137000079 ], [ -78.27749589765935, 7.724351303644624 ], [ -78.282582160594657, 7.71063873942195 ], [ -78.292144334999932, 7.691473700000074 ] ] ], [ [ [ -78.303114645926328, 7.781281195186549 ], [ -78.315337693999936, 7.799872137000079 ], [ -78.315337694005891, 7.799872137304368 ], [ -78.303114645926328, 7.781281195186549 ] ] ], [ [ [ -78.365900083579632, 7.884455960947099 ], [ -78.351144985896966, 7.870184637361552 ], [ -78.33942824839643, 7.855659393772189 ], [ -78.351144985999952, 7.870184637000079 ], [ -78.365900083579632, 7.884455960947099 ] ] ], [ [ [ -78.430816210017724, 8.077134506611202 ], [ -78.430816209999932, 8.077134507000039 ], [ -78.419056769999941, 8.095404364000046 ], [ -78.430816210017724, 8.077134506611202 ] ] ], [ [ [ -78.40729733042761, 8.10219961073633 ], [ -78.407297329999949, 8.10219961100006 ], [ -78.398808431705376, 8.078466565735718 ], [ -78.40729733042761, 8.10219961073633 ] ] ], [ [ [ -78.365223762118731, 8.065985418755998 ], [ -78.381337042795977, 8.063625392850032 ], [ -78.381337042999917, 8.063625393000052 ], [ -78.365223761999914, 8.065985419000071 ], [ -78.365223762118731, 8.065985418755998 ] ] ], [ [ [ -78.353586392141835, 8.075669663858266 ], [ -78.353586391999897, 8.075669664000088 ], [ -78.325184699999909, 8.060939846000053 ], [ -78.353586392141835, 8.075669663858266 ] ] ], [ [ [ -78.272945551559303, 8.095211626497909 ], [ -78.286447719958389, 8.080715235867361 ], [ -78.325184699999909, 8.060939846000053 ], [ -78.286447719999899, 8.08071523600006 ], [ -78.272945551559303, 8.095211626497909 ] ] ], [ [ [ -78.245450318270287, 8.134172449406286 ], [ -78.237456834999932, 8.153957424000055 ], [ -78.239369269999941, 8.174383856000077 ], [ -78.241105088547386, 8.178434099061977 ], [ -78.239369269790714, 8.174383855817233 ], [ -78.237456834704261, 8.153957423992416 ], [ -78.245450318270287, 8.134172449406286 ] ] ], [ [ [ -78.260615010936363, 8.201899272314668 ], [ -78.253285285656048, 8.195786851079605 ], [ -78.248341776240139, 8.190655016965261 ], [ -78.253285285999937, 8.195786851000037 ], [ -78.260615010936363, 8.201899272314668 ] ] ], [ [ [ -78.257394985999952, 8.259995835000041 ], [ -78.257394985999952, 8.267523505000042 ], [ -78.257394985554427, 8.267523504825968 ], [ -78.257394985554427, 8.25999583460438 ], [ -78.267683806751435, 8.253829138578281 ], [ -78.257394985999952, 8.259995835000041 ] ] ], [ [ [ -78.264616121285101, 8.271774262285266 ], [ -78.263172980902908, 8.270331122340753 ], [ -78.257394985999952, 8.267523505000042 ], [ -78.263172980999911, 8.270331122000073 ], [ -78.264616121285101, 8.271774262285266 ] ] ], [ [ [ -78.269785087764788, 8.278758714800949 ], [ -78.268177863660014, 8.276678777919606 ], [ -78.267248777682184, 8.275148518577659 ], [ -78.268177863999938, 8.276678778000075 ], [ -78.269785087764788, 8.278758714800949 ] ] ], [ [ [ -78.271636522786252, 8.281154689723531 ], [ -78.271636522999927, 8.281154690000051 ], [ -78.263661261999914, 8.284328518000052 ], [ -78.271636522786252, 8.281154689723531 ] ] ], [ [ [ -78.261085122337676, 8.28529371263682 ], [ -78.257394985999952, 8.294826565000051 ], [ -78.257394985554427, 8.294826564663978 ], [ -78.261085122337676, 8.28529371263682 ] ] ], [ [ [ -78.248931444324711, 8.289211330084623 ], [ -78.248931443999936, 8.289211330000057 ], [ -78.245862477472073, 8.286349137825054 ], [ -78.248931444324711, 8.289211330084623 ] ] ], [ [ [ -78.232454189763303, 8.275435918046593 ], [ -78.23070227799991, 8.274359442000048 ], [ -78.221913214999915, 8.271918036000045 ], [ -78.214713161143862, 8.272146609509852 ], [ -78.221913215274554, 8.271918035820802 ], [ -78.230702278115459, 8.27435944189458 ], [ -78.232454189763303, 8.275435918046593 ] ] ], [ [ [ -78.198331260488246, 8.277754833804027 ], [ -78.199696417637625, 8.27435944189458 ], [ -78.214222785737903, 8.272162177019974 ], [ -78.199696417999917, 8.274359442000048 ], [ -78.198331260488246, 8.277754833804027 ] ] ], [ [ [ -78.181701674691297, 8.336540653097584 ], [ -78.182932094636314, 8.335760808934447 ], [ -78.184396938742566, 8.32534414308868 ], [ -78.182932094636314, 8.297919012344593 ], [ -78.182932094999899, 8.297919012000079 ], [ -78.184396938999953, 8.325344143000052 ], [ -78.182932094999899, 8.335760809000078 ], [ -78.181701674691297, 8.336540653097584 ] ] ], [ [ [ -78.155588344999899, 8.394110419000071 ], [ -78.151356574999909, 8.399481512000079 ], [ -78.151356574707563, 8.399481512146103 ], [ -78.15558834487328, 8.39411041873719 ], [ -78.155670596219309, 8.384116931470194 ], [ -78.155588344999899, 8.394110419000071 ] ] ], [ [ [ -78.120838995999918, 8.356268622000073 ], [ -78.120838996197364, 8.356268622152859 ], [ -78.123280403340573, 8.364488022670331 ], [ -78.12828528609765, 8.400946355585987 ], [ -78.13134133051129, 8.404150752561948 ], [ -78.128285285999937, 8.400946356000077 ], [ -78.12328040299991, 8.364488023000092 ], [ -78.120838995999918, 8.356268622000073 ] ] ], [ [ [ -78.110951300999943, 8.34796784100007 ], [ -78.094553188999953, 8.339056708000044 ], [ -78.076649542999917, 8.331854559000078 ], [ -78.076649543254788, 8.331854558965151 ], [ -78.094553188751178, 8.339056707576114 ], [ -78.110951300950504, 8.347967840814162 ], [ -78.110951300999943, 8.34796784100007 ] ] ], [ [ [ -78.046317008409972, 8.314174072260535 ], [ -78.051014778132682, 8.322495834872841 ], [ -78.054761762088333, 8.324595209309262 ], [ -78.05101477799991, 8.322495835000041 ], [ -78.046317008409972, 8.314174072260535 ] ] ], [ [ [ -78.002552863999938, 8.237005927000041 ], [ -78.015126106063377, 8.246527410717485 ], [ -78.020427512734244, 8.253684310227106 ], [ -78.015126105999911, 8.246527411000045 ], [ -78.002552863999938, 8.237005927000041 ] ] ], [ [ [ -78.002552863999938, 8.237005927000041 ], [ -77.999412466744502, 8.236246153353383 ], [ -78.002552864036971, 8.237005926885741 ], [ -78.002552863999938, 8.237005927000041 ] ] ], [ [ [ -77.985500562338885, 8.234146069557175 ], [ -77.98265540299991, 8.235337632000039 ], [ -77.972035285999937, 8.238470770000049 ], [ -77.961293098408603, 8.238023178948225 ], [ -77.972035286425083, 8.23847076973861 ], [ -77.982655403275928, 8.235337631577533 ], [ -77.985500562338885, 8.234146069557175 ] ] ], [ [ [ -77.961293098408603, 8.238023178948225 ], [ -77.961293097999942, 8.238023179000038 ], [ -77.957412530762525, 8.23091219223994 ], [ -77.961293098408603, 8.238023178948225 ] ] ], [ [ [ -77.915394660999937, 8.21906159081856 ], [ -77.915394660825129, 8.219061590780539 ], [ -77.915394660825129, 8.212876694856986 ], [ -77.929066536155787, 8.212876694856986 ], [ -77.937089455638841, 8.214308014066226 ], [ -77.929066535999937, 8.212876695000091 ], [ -77.915394660999937, 8.212876695000091 ], [ -77.915394660999937, 8.21906159081856 ] ] ], [ [ [ -77.930734829999949, 8.222398179000038 ], [ -77.944732225999928, 8.230536200000074 ], [ -77.955881313999953, 8.24164459800005 ], [ -77.960119553616337, 8.24939747592027 ], [ -77.955881313862108, 8.241644598357404 ], [ -77.944732225852846, 8.230536200200769 ], [ -77.930734829999949, 8.222398179000038 ] ] ], [ [ [ -77.912587042999917, 8.244330145000049 ], [ -77.885975714999915, 8.23468659100007 ], [ -77.885975714720885, 8.234686590764714 ], [ -77.912587042879949, 8.244330144704087 ], [ -77.962554490999935, 8.253851630000042 ], [ -77.912587042999917, 8.244330145000049 ] ] ], [ [ [ -77.869007941999939, 8.21548086100006 ], [ -77.845082160999937, 8.20258209800005 ], [ -77.845082160792799, 8.202582097580198 ], [ -77.869007942172331, 8.215480860723082 ], [ -77.883504597622533, 8.231889546676785 ], [ -77.869007941999939, 8.21548086100006 ] ] ], [ [ [ -77.835560675999943, 8.170111395000049 ], [ -77.832075509363023, 8.166064105032873 ], [ -77.835560676347939, 8.170111395145225 ], [ -77.838734504196793, 8.180650131789541 ], [ -77.839670377144628, 8.195502020142058 ], [ -77.839670376999948, 8.195502020000049 ], [ -77.838734503999945, 8.180650132000039 ], [ -77.835560675999943, 8.170111395000049 ] ] ], [ [ [ -77.813810808524082, 8.16071255098645 ], [ -77.819203254237706, 8.157660222588522 ], [ -77.827583715120014, 8.161935276655459 ], [ -77.819203253999945, 8.15766022300005 ], [ -77.813810808524082, 8.16071255098645 ] ] ], [ [ [ -77.786480927672173, 8.133934039095326 ], [ -77.788563606358508, 8.143988347854691 ], [ -77.795048523318755, 8.154200578618862 ], [ -77.788563605999911, 8.14398834800005 ], [ -77.786480927672173, 8.133934039095326 ] ] ], [ [ [ -77.74640865799995, 8.116359768000052 ], [ -77.746408657871399, 8.116359767892266 ], [ -77.762603318726875, 8.111883855709632 ], [ -77.778146939054878, 8.11579010556944 ], [ -77.781073928750345, 8.120518320179505 ], [ -77.778146938999953, 8.115790106000077 ], [ -77.762603318999936, 8.111883856000077 ], [ -77.74640865799995, 8.116359768000052 ] ] ], [ [ [ -78.060699022999927, 8.375921942000048 ], [ -78.06704667899993, 8.402736721000053 ], [ -78.067046678631698, 8.402736721363341 ], [ -78.060699022999927, 8.375921942000048 ] ] ], [ [ [ -78.067046346620501, 8.402737048912011 ], [ -78.051909960253539, 8.417669988749854 ], [ -78.05190996009307, 8.417669988645493 ], [ -78.067046346620501, 8.402737048912011 ] ] ], [ [ [ -78.074777799155768, 8.434515692267993 ], [ -78.085926886999914, 8.446356512000079 ], [ -78.085926887165016, 8.4463565124039 ], [ -78.074777799155768, 8.434515692267993 ] ] ], [ [ [ -78.088124152875253, 8.512762762436434 ], [ -78.086659308769001, 8.50023021020656 ], [ -78.089995897872598, 8.491888738810186 ], [ -78.095570441877229, 8.485174871913948 ], [ -78.096492083118676, 8.482258445420396 ], [ -78.095570441999939, 8.485174872000073 ], [ -78.089995897999927, 8.491888739000046 ], [ -78.086659308999913, 8.500230210000041 ], [ -78.08812415299991, 8.512762762000079 ], [ -78.093861456999946, 8.51593659100007 ], [ -78.102894660999937, 8.518052476000037 ], [ -78.109243783992042, 8.523494581421851 ], [ -78.102894660611881, 8.518052476044623 ], [ -78.093861457236315, 8.51593659138028 ], [ -78.088124152875253, 8.512762762436434 ] ] ], [ [ [ -78.134429490817439, 8.561712957585771 ], [ -78.132368886344494, 8.557035384773883 ], [ -78.134429491349835, 8.56171295785197 ], [ -78.134429490817439, 8.561712957585771 ] ] ], [ [ [ -78.120218978439567, 8.51486939445485 ], [ -78.111195441999939, 8.509019273000092 ], [ -78.111195442383476, 8.50901927298596 ], [ -78.120218978439567, 8.51486939445485 ] ] ], [ [ [ -78.105610522390222, 8.467477757379275 ], [ -78.106516080339247, 8.472113348361221 ], [ -78.105948639671453, 8.499116823519611 ], [ -78.106516079999949, 8.47211334800005 ], [ -78.105610522390222, 8.467477757379275 ] ] ], [ [ [ -78.100331183999913, 8.41087474200009 ], [ -78.100331184099673, 8.410874742167112 ], [ -78.094146287860084, 8.410874742167112 ], [ -78.094146287999934, 8.41087474200009 ], [ -78.100331183999913, 8.41087474200009 ] ] ], [ [ [ -78.128342022192257, 8.454144876220214 ], [ -78.119252081823788, 8.442531643304962 ], [ -78.100331184099673, 8.410874742167112 ], [ -78.119252081999946, 8.442531643000052 ], [ -78.128342022192257, 8.454144876220214 ] ] ], [ [ [ -78.174213116861196, 8.450852113433507 ], [ -78.17015540306268, 8.45766836113267 ], [ -78.156849739432289, 8.466213282784192 ], [ -78.17015540299991, 8.45766836100006 ], [ -78.174213116861196, 8.450852113433507 ] ] ], [ [ [ -78.187498819959401, 8.40929580012404 ], [ -78.188872850999928, 8.405747789000088 ], [ -78.188872851239552, 8.405747788761532 ], [ -78.187498819959401, 8.40929580012404 ] ] ], [ [ [ -78.212475087318055, 8.390403468281811 ], [ -78.203765429243504, 8.393947658328749 ], [ -78.190144159105785, 8.404740468293724 ], [ -78.20376542899993, 8.393947658000059 ], [ -78.212475087318055, 8.390403468281811 ] ] ], [ [ [ -78.249134894999941, 8.386908270000049 ], [ -78.252837693999936, 8.394720770000049 ], [ -78.252967428196442, 8.400506902027853 ], [ -78.252837693777536, 8.39472077010549 ], [ -78.249134894770265, 8.386908269828259 ], [ -78.249134894999941, 8.386908270000049 ] ] ], [ [ [ -78.230166838178747, 8.425165827170252 ], [ -78.245350714686452, 8.417669988645493 ], [ -78.249837204199622, 8.412393625438893 ], [ -78.245350714999915, 8.417669989000046 ], [ -78.230166838178747, 8.425165827170252 ] ] ], [ [ [ -78.202748175999943, 8.424505927000041 ], [ -78.202748176117467, 8.424505926732708 ], [ -78.209828254317458, 8.426988022875269 ], [ -78.212513801097003, 8.428656316865814 ], [ -78.216420050999943, 8.43195221600007 ], [ -78.212513800999943, 8.428656317000048 ], [ -78.209828253999945, 8.426988023000092 ], [ -78.202748175999943, 8.424505927000041 ] ] ], [ [ [ -78.217985067029346, 8.524604059368047 ], [ -78.2066951156594, 8.487738348296977 ], [ -78.204114654023272, 8.472560354846355 ], [ -78.206695115999935, 8.48773834800005 ], [ -78.217985067029346, 8.524604059368047 ] ] ], [ [ [ -78.23125482356437, 8.540687918530551 ], [ -78.237700975999928, 8.527533270000049 ], [ -78.237700976137234, 8.527533270317219 ], [ -78.23125482356437, 8.540687918530551 ] ] ], [ [ [ -78.217156212958926, 8.491059737807072 ], [ -78.216420051448125, 8.50023021020656 ], [ -78.222488896916474, 8.509351433993322 ], [ -78.216420050999943, 8.500230210000041 ], [ -78.217156212958926, 8.491059737807072 ] ] ], [ [ [ -78.227155972643402, 8.464427889880881 ], [ -78.225575325091043, 8.468247789182799 ], [ -78.22324931807178, 8.472532538351205 ], [ -78.225575324999909, 8.468247789000088 ], [ -78.227155972643402, 8.464427889880881 ] ] ], [ [ [ -78.223255989113483, 8.438177802096428 ], [ -78.223255988999938, 8.438177802000041 ], [ -78.224045879218636, 8.437623852917277 ], [ -78.223255989113483, 8.438177802096428 ] ] ], [ [ [ -78.241851365999935, 8.440008856000077 ], [ -78.237456834704261, 8.431952216239914 ], [ -78.23304882579518, 8.433366550448508 ], [ -78.237456834999932, 8.43195221600007 ], [ -78.241851365999935, 8.440008856000077 ] ] ], [ [ [ -78.241851365999935, 8.440008856000077 ], [ -78.247873501999948, 8.444525458000044 ], [ -78.24185136612472, 8.440008856430646 ], [ -78.241851365999935, 8.440008856000077 ] ] ], [ [ [ -78.257394985999952, 8.451849677000041 ], [ -78.260650193999936, 8.460638739000046 ], [ -78.260650193581512, 8.460638739160755 ], [ -78.257394985554427, 8.451849676886885 ], [ -78.25494323296509, 8.449267511269705 ], [ -78.257394985999952, 8.451849677000041 ] ] ], [ [ [ -78.24360996386433, 8.479546030208954 ], [ -78.251128710034934, 8.466131902659956 ], [ -78.252586016018384, 8.464318022274995 ], [ -78.251128709999932, 8.466131903000075 ], [ -78.24360996386433, 8.479546030208954 ] ] ], [ [ [ -78.24439034396805, 8.495750461663476 ], [ -78.257394985394939, 8.500230209791631 ], [ -78.257394985554427, 8.50023021020656 ], [ -78.24439034396805, 8.495750461663476 ] ] ], [ [ [ -78.252593554141185, 8.487738348296977 ], [ -78.25259355399993, 8.48773834800005 ], [ -78.253776070090794, 8.484525473316896 ], [ -78.252593554141185, 8.487738348296977 ] ] ], [ [ [ -78.264800584999932, 8.47296784100007 ], [ -78.260080533232284, 8.478420315275836 ], [ -78.256860630370483, 8.480509564143007 ], [ -78.26008053299995, 8.478420315000051 ], [ -78.264800584999932, 8.47296784100007 ] ] ], [ [ [ -78.264800584999932, 8.47296784100007 ], [ -78.272668161522859, 8.457232687954216 ], [ -78.264800585365606, 8.472967840628829 ], [ -78.264800584999932, 8.47296784100007 ] ] ], [ [ [ -78.278472459999932, 8.44562409100007 ], [ -78.294545050999943, 8.443264065000051 ], [ -78.294545051106695, 8.443264065133976 ], [ -78.278472459999932, 8.44562409100007 ] ] ], [ [ [ -78.312611456999946, 8.486558335000041 ], [ -78.320057745999918, 8.47915273600006 ], [ -78.321034308999913, 8.46625397300005 ], [ -78.32103430917617, 8.466253972839862 ], [ -78.320057746139227, 8.479152736364425 ], [ -78.312611457137237, 8.486558335129267 ], [ -78.312611456999946, 8.486558335000041 ] ] ], [ [ [ -78.367258266760857, 8.424505927073804 ], [ -78.367258266999897, 8.424505927000041 ], [ -78.373866159075135, 8.43658141057381 ], [ -78.367258266760857, 8.424505927073804 ] ] ], [ [ [ -78.394520636999914, 8.520697333000044 ], [ -78.386870897609825, 8.500474351068579 ], [ -78.379599829560675, 8.459176956115524 ], [ -78.386870897999927, 8.500474351000037 ], [ -78.394520636999914, 8.520697333000044 ] ] ], [ [ [ -78.390736456999946, 8.527492580000057 ], [ -78.388335740999935, 8.534369208000044 ], [ -78.388335740817752, 8.534369207976104 ], [ -78.390736456973528, 8.527492579655503 ], [ -78.394520636999914, 8.520697333000044 ], [ -78.390736456999946, 8.527492580000057 ] ] ], [ [ [ -78.408192511999914, 8.548041083000044 ], [ -78.410294241175876, 8.534558714555875 ], [ -78.408192512388013, 8.548041082914011 ], [ -78.408192511999914, 8.548041083000044 ] ] ], [ [ [ -78.360991990999935, 8.394110419000071 ], [ -78.360991991054718, 8.39411041873719 ], [ -78.365345832352304, 8.41063060128819 ], [ -78.365345831999946, 8.410630601000037 ], [ -78.360991990999935, 8.394110419000071 ] ] ], [ [ [ -78.388335740923495, 8.335760809163197 ], [ -78.388335740999935, 8.335760809000078 ], [ -78.389413887482647, 8.338093125980357 ], [ -78.388335740923495, 8.335760809163197 ] ] ], [ [ [ -78.407826300999943, 8.351996161000045 ], [ -78.409698045999903, 8.353013414000088 ], [ -78.414935664682162, 8.355883341851891 ], [ -78.409698045685076, 8.353013414281556 ], [ -78.407826300687717, 8.351996161196293 ], [ -78.399484829725324, 8.348822333123321 ], [ -78.396221373735003, 8.346801215093455 ], [ -78.399484829999949, 8.348822333000044 ], [ -78.407826300999943, 8.351996161000045 ] ] ], [ [ [ -78.449777798729258, 8.39101797086494 ], [ -78.449777798999946, 8.391017971000053 ], [ -78.446200983965852, 8.39914709553268 ], [ -78.449777798729258, 8.39101797086494 ] ] ], [ [ [ -78.444856603456572, 8.413620024112403 ], [ -78.445179816999939, 8.421087958000044 ], [ -78.445179816863259, 8.421087957675265 ], [ -78.444856603456572, 8.413620024112403 ] ] ], [ [ [ -78.449940558999913, 8.439154364000046 ], [ -78.456654425838181, 8.451849676694158 ], [ -78.456654425585398, 8.451849676886885 ], [ -78.449940558999913, 8.439154364000046 ] ] ], [ [ [ -78.468088344999899, 8.440130927000041 ], [ -78.464019335307469, 8.446234442141403 ], [ -78.460581080353066, 8.448855873959625 ], [ -78.464019334999932, 8.446234442000048 ], [ -78.468088344999899, 8.440130927000041 ] ] ], [ [ [ -78.491188079147335, 8.469049593890063 ], [ -78.490793423822979, 8.459295965909387 ], [ -78.489563833238861, 8.456085368274781 ], [ -78.490793423999946, 8.45929596600007 ], [ -78.491188079147335, 8.469049593890063 ] ] ], [ [ [ -78.531727667999917, 8.575995184000078 ], [ -78.531727667840158, 8.575995184018133 ], [ -78.520008917685061, 8.563462632170969 ], [ -78.490793423822979, 8.524481511969574 ], [ -78.487404267862388, 8.51584723418941 ], [ -78.490793423999946, 8.524481512000079 ], [ -78.520008917999917, 8.563462632000039 ], [ -78.531727667999917, 8.575995184000078 ] ] ], [ [ [ -78.514459943990673, 8.574584326561883 ], [ -78.505767381999931, 8.571966864000046 ], [ -78.495920376999948, 8.570746161000045 ], [ -78.486084659918816, 8.575061832285581 ], [ -78.495920376847394, 8.570746160663557 ], [ -78.50576738200516, 8.571966863565953 ], [ -78.514459943990673, 8.574584326561883 ] ] ], [ [ [ -78.504383917999917, 8.634019273000092 ], [ -78.566477016999897, 8.651068427000041 ], [ -78.50438391807711, 8.634019273265293 ], [ -78.504383917999917, 8.634019273000092 ] ] ], [ [ [ -78.558990038418216, 8.670965887051718 ], [ -78.564589553824291, 8.671657186015546 ], [ -78.558990038323287, 8.67096588723987 ], [ -78.558990038418216, 8.670965887051718 ] ] ], [ [ [ -78.567337982766915, 8.670985242237411 ], [ -78.56899980399993, 8.67023346600007 ], [ -78.568999803837485, 8.670233466349162 ], [ -78.567337982766915, 8.670985242237411 ] ] ], [ [ [ -78.577003636286292, 8.66715203400125 ], [ -78.581532355999911, 8.670111395000049 ], [ -78.581532355774783, 8.670111395025859 ], [ -78.577003636286292, 8.66715203400125 ] ] ], [ [ [ -78.592576498583483, 8.66816641183717 ], [ -78.589222786209717, 8.669582424161504 ], [ -78.581532355999911, 8.670111395000049 ], [ -78.589222785999937, 8.669582424000055 ], [ -78.592576498583483, 8.66816641183717 ] ] ], [ [ [ -78.609529683287846, 8.668031992511354 ], [ -78.612538214999915, 8.669745184000078 ], [ -78.612538215131707, 8.669745184243379 ], [ -78.609529683287846, 8.668031992511354 ] ] ], [ [ [ -97.459244089999913, 15.945001337000065 ], [ -97.529702827999927, 15.968188437000038 ], [ -97.495262771758206, 15.956854975285646 ], [ -97.459244089999913, 15.945001337000065 ] ] ], [ [ [ -99.90790934499995, 16.846269453000048 ], [ -99.906202971999903, 16.838501547000078 ], [ -99.896900221999942, 16.841306215000088 ], [ -99.891367815999899, 16.837338493000061 ], [ -99.899735077999935, 16.828595782000036 ], [ -99.913706368999897, 16.827166601000044 ], [ -99.920102220999922, 16.834095778000062 ], [ -99.925037445999919, 16.855864266000083 ], [ -99.93235311299992, 16.86023018800006 ], [ -99.956233715999929, 16.883125817000064 ], [ -99.959445682999899, 16.892660810000052 ], [ -99.991686316999903, 16.909736688000066 ], [ -100.065451778999943, 16.934835953000061 ], [ -100.115224320999914, 16.948197401000073 ], [ -100.024218987384401, 17.089494060311768 ], [ -99.934707406307936, 17.168698836921038 ], [ -99.785521437847066, 17.171866325579948 ], [ -99.715901319232032, 17.181368466861628 ], [ -99.616444006924738, 17.159196046371573 ], [ -99.472164599204476, 17.064014640903196 ], [ -99.457312307233281, 17.031558205249208 ], [ -99.378807335385432, 17.033586897608078 ], [ -99.321519923496453, 17.007212181263796 ], [ -99.381061701131173, 16.937326605861394 ], [ -99.321387313746811, 16.845332351963144 ], [ -99.265028170106049, 16.848505313705921 ], [ -99.122472689132366, 16.892921186748282 ], [ -99.05948305800446, 16.896093349372535 ], [ -98.940134283235778, 16.76599104012233 ], [ -98.804209289749167, 16.731070364164413 ], [ -98.65833856503194, 16.705669488975808 ], [ -98.562196496468289, 16.648505168202934 ], [ -98.476000159135324, 16.486447119628309 ], [ -98.508595004999904, 16.300446737000073 ], [ -98.53177398999992, 16.309559652000075 ], [ -98.545399542999917, 16.312404690000051 ], [ -98.552847313999905, 16.314749629000062 ], [ -98.554547542999899, 16.318275247000088 ], [ -98.568244414999924, 16.323979112000075 ], [ -98.571179785999902, 16.327090746000067 ], [ -98.567460555999901, 16.327148308000062 ], [ -98.564624453999897, 16.33113674100008 ], [ -98.566401888999906, 16.340570369000091 ], [ -98.582427537999934, 16.360663153000075 ], [ -98.61921319399994, 16.391847196000072 ], [ -98.698072467999907, 16.461998859000062 ], [ -98.735298214999943, 16.513931644000081 ], [ -98.764287114999945, 16.543084413000088 ], [ -98.768151313999908, 16.550928893000048 ], [ -98.776898058999905, 16.555134748000057 ], [ -98.79134711599994, 16.554121449000036 ], [ -98.806269030999943, 16.557821620000084 ], [ -98.814039709999918, 16.553349463000075 ], [ -98.821644660999937, 16.55304596600007 ], [ -98.831281557999944, 16.549808405000078 ], [ -98.846194252999908, 16.546531306000077 ], [ -98.851854208999896, 16.539705171000037 ], [ -98.85538923699994, 16.531353657000068 ], [ -98.856550206999941, 16.528179282000053 ], [ -98.889293419999944, 16.535484448000091 ], [ -98.90698576199992, 16.534790358000066 ], [ -98.946452647999934, 16.550273600000082 ], [ -99.1438269329999, 16.61088711900004 ], [ -99.307145178999917, 16.652481739000052 ], [ -99.374260404999916, 16.667911476000086 ], [ -99.49452157099995, 16.68575399000008 ], [ -99.556974879999927, 16.687780124000085 ], [ -99.605395308999903, 16.682775244000084 ], [ -99.636062813999899, 16.690101417000051 ], [ -99.66328903099992, 16.698163701000055 ], [ -99.689150090999931, 16.706915963000085 ], [ -99.718047654999907, 16.719997463000084 ], [ -99.7412410149999, 16.730617580000057 ], [ -99.795277472999942, 16.771551825000074 ], [ -99.82141301799993, 16.789770186000055 ], [ -99.827611730999934, 16.788888455000063 ], [ -99.832891289999907, 16.782454270000073 ], [ -99.843825000999914, 16.78595806900006 ], [ -99.847892758999933, 16.791790722000087 ], [ -99.85810433499995, 16.796028715000091 ], [ -99.849642660999905, 16.799939412000072 ], [ -99.838982034999901, 16.794618364000087 ], [ -99.835699822999914, 16.80210926500007 ], [ -99.840520416999937, 16.808701072000076 ], [ -99.847130241999935, 16.810049294000066 ], [ -99.852910291999933, 16.806565530000057 ], [ -99.861515914999927, 16.808606356000041 ], [ -99.869291165999925, 16.80843283300004 ], [ -99.876834735999921, 16.815336284000068 ], [ -99.870281293999938, 16.817714814000055 ], [ -99.8685120049999, 16.82593727200009 ], [ -99.862489470999947, 16.834621616000049 ], [ -99.85782166599995, 16.83398408000005 ], [ -99.851663420999898, 16.836352505000036 ], [ -99.851033988999916, 16.843053937000036 ], [ -99.85819155799993, 16.851424915000052 ], [ -99.866800734999913, 16.855672410000068 ], [ -99.881265123999924, 16.858709820000058 ], [ -99.89750498199993, 16.852803559000051 ], [ -99.90790934499995, 16.846269453000048 ] ] ], [ [ [ -100.538638875999951, 28.835631205000098 ], [ -100.534453084999924, 28.830231018000049 ], [ -100.529285441999917, 28.819947408000061 ], [ -100.524996297999863, 28.814831441000067 ], [ -100.519053507999843, 28.804961243 ], [ -100.493938761999914, 28.708377991000035 ], [ -100.559671183999882, 28.839377747000029 ], [ -100.545150105999923, 28.838990174000045 ], [ -100.538638875999951, 28.835631205000098 ] ] ], [ [ [ -97.796375191701785, 21.549414245580863 ], [ -97.915723966469571, 21.530911994412314 ], [ -97.909093478982427, 21.623399641914069 ], [ -97.9223544539567, 21.734306732716178 ], [ -97.932300185187472, 21.783571344447257 ], [ -97.995289816315392, 21.76202015727883 ], [ -98.051648959956097, 21.712748151553441 ], [ -98.061594691187778, 21.854359568472585 ], [ -98.144475784777086, 22.094162385744969 ], [ -98.150106604461911, 22.131357406510787 ], [ -98.035072741238253, 22.170936357649971 ], [ -97.892517260264526, 22.232325373884418 ], [ -97.799224412999934, 22.318833726000037 ], [ -97.774281378999945, 22.253485419000071 ], [ -97.771351691999939, 22.131659247000073 ], [ -97.760609503999945, 22.095851955000057 ], [ -97.610463019999941, 21.835760809000078 ], [ -97.50812740799995, 21.722805080000057 ], [ -97.489979620999918, 21.712836005000042 ], [ -97.435292120999918, 21.665350653000075 ], [ -97.424875454999949, 21.661037502000056 ], [ -97.413807745999918, 21.646714585000041 ], [ -97.342274542999917, 21.60297272300005 ], [ -97.316232876999948, 21.560939846000053 ], [ -97.319162563999896, 21.51984284100007 ], [ -97.333607550999943, 21.478338934000078 ], [ -97.342274542999917, 21.435126044000071 ], [ -97.34788977799991, 21.417914130000042 ], [ -97.375843878999945, 21.373277085000041 ], [ -97.387318488999938, 21.359361070000091 ], [ -97.398182745999918, 21.341620184000078 ], [ -97.404204881999931, 21.318915106000077 ], [ -97.411203579999949, 21.273382880000042 ], [ -97.41860917899993, 21.273382880000042 ], [ -97.431711391999897, 21.342271226000037 ], [ -97.456125454999949, 21.392279364000046 ], [ -97.463775193999936, 21.424017645000049 ], [ -97.471547003999945, 21.430731512000079 ], [ -97.472238735999895, 21.43781159100007 ], [ -97.455637173999946, 21.455267645000049 ], [ -97.439808722999942, 21.466620184000078 ], [ -97.419422980999911, 21.476752020000049 ], [ -97.400868292999917, 21.480536200000074 ], [ -97.390736456999946, 21.472642320000091 ], [ -97.380482550999943, 21.489203192000048 ], [ -97.374256964999915, 21.504299221000053 ], [ -97.371083136999914, 21.51984284100007 ], [ -97.370228644999941, 21.537502346000053 ], [ -97.378977016999897, 21.554348049000055 ], [ -97.399240688999896, 21.57062409100007 ], [ -97.438547329999949, 21.595526434000078 ], [ -97.486887173999946, 21.636419989000046 ], [ -97.501616990999935, 21.660549221000053 ], [ -97.555816209999932, 21.712836005000042 ], [ -97.602040167999917, 21.777044989000046 ], [ -97.625070766999897, 21.794419664000088 ], [ -97.630279100999928, 21.804388739000046 ], [ -97.630970831999946, 21.816839911000045 ], [ -97.647613084999932, 21.884344794000071 ], [ -97.65884355399993, 21.907456773000035 ], [ -97.685902472999942, 21.924505927000041 ], [ -97.767567511999914, 22.063788153000075 ], [ -97.781117316999939, 22.095851955000057 ], [ -97.777007615999935, 22.073065497000073 ], [ -97.760121222999942, 22.036851304000038 ], [ -97.751454230999911, 22.02570221600007 ], [ -97.744292772999927, 22.006415106000077 ], [ -97.719715949999909, 21.95180898600006 ], [ -97.712635870999918, 21.910956122000073 ], [ -97.708363410999937, 21.827460028000075 ], [ -97.68814042899993, 21.760809637000079 ], [ -97.672596808999913, 21.675279039000088 ], [ -97.657582160999937, 21.636542059000078 ], [ -97.577626105999911, 21.501044012000079 ], [ -97.680341660675822, 21.429107515009136 ], [ -97.636962510398547, 21.459492290365141 ], [ -97.670395929445959, 21.521659984634699 ], [ -97.723439829343164, 21.552497724785521 ], [ -97.796375191701785, 21.549414245580863 ] ] ], [ [ [ -91.38800903537188, 14.772061027662243 ], [ -91.397954766602666, 14.682283825148218 ], [ -91.395973145499951, 14.700174286427794 ], [ -91.38800903537188, 14.772061027662243 ] ] ], [ [ [ -94.392680745048523, 17.007212181263583 ], [ -94.4478464009416, 16.968657839408909 ], [ -94.541203664760701, 16.936184883377919 ], [ -94.392680745048523, 17.007212181263583 ] ] ], [ [ [ -94.541203664760701, 16.936184883377919 ], [ -94.579395272686668, 16.806237100585733 ], [ -94.602734588641383, 16.743261582306342 ], [ -94.541203664760701, 16.936184883377919 ] ] ], [ [ [ -97.564705958901399, 17.42673416321464 ], [ -97.531583627462936, 17.470181791501844 ], [ -97.513783815000096, 17.493526097456183 ], [ -97.564705958901399, 17.42673416321464 ] ] ], [ [ [ -103.923608678574965, 22.445136469033809 ], [ -103.99150487044335, 22.478469861074576 ], [ -104.193071690052676, 22.417679423301944 ], [ -104.249727251457102, 22.380504999833388 ], [ -104.170779480999954, 22.507385345000035 ], [ -104.046168145999957, 22.662075279000078 ], [ -103.930150694999952, 22.709341647000024 ], [ -103.852805728999954, 22.597621140000054 ], [ -103.893013128189523, 22.384521924108128 ], [ -103.923608678574965, 22.445136469033809 ] ] ], [ [ [ -87.765782054999931, 13.248011011000074 ], [ -87.757933196999943, 13.243557905000046 ], [ -87.751386787999934, 13.228924729000084 ], [ -87.757267368999919, 13.220651650000036 ], [ -87.763804817999926, 13.214287112000079 ], [ -87.776890196999943, 13.225736371000039 ], [ -87.780168819999915, 13.241643430000067 ], [ -87.774286185999927, 13.247372301000041 ], [ -87.765782054999931, 13.248011011000074 ] ] ], [ [ [ -87.706086587999948, 13.211726236000061 ], [ -87.697564970999906, 13.193313885000066 ], [ -87.696996275999936, 13.178063536000082 ], [ -87.693193511999937, 13.167862440000079 ], [ -87.701673410999945, 13.163412359000063 ], [ -87.714584805999948, 13.167903057000046 ], [ -87.723110910999935, 13.164077582000061 ], [ -87.723028398999929, 13.174895253000045 ], [ -87.728351879999934, 13.185678928000073 ], [ -87.726293426999916, 13.198387437000065 ], [ -87.727187439999909, 13.211114757000075 ], [ -87.719913325999926, 13.216190972000049 ], [ -87.706086587999948, 13.211726236000061 ] ] ], [ [ [ -82.035755631999905, 9.169750291000071 ], [ -82.028866885999946, 9.169192132000092 ], [ -82.025414816999898, 9.160700151000071 ], [ -82.023113219999914, 9.153905700000053 ], [ -82.016223891999914, 9.15108183600006 ], [ -82.008760620999908, 9.147692229000086 ], [ -82.010477109999897, 9.141459268000062 ], [ -82.019655841999906, 9.137482707000061 ], [ -82.02711256799995, 9.13294146700008 ], [ -82.032853613999919, 9.134633315000087 ], [ -82.042043214999921, 9.140852517000042 ], [ -82.050083914999902, 9.145940624000048 ], [ -82.055257578999942, 9.153864964000093 ], [ -82.054690857999901, 9.16179681400007 ], [ -82.04723834999993, 9.172568781000052 ], [ -82.052409657999931, 9.177661002000093 ], [ -82.051840272999925, 9.182192803000078 ], [ -82.045522753999933, 9.179368136000051 ], [ -82.04149825099995, 9.173142195000082 ], [ -82.035755631999905, 9.169750291000071 ] ] ], [ [ [ -83.921945766999897, 17.409084377000056 ], [ -83.93032792899993, 17.409409898000092 ], [ -83.936879035999937, 17.412543036000045 ], [ -83.941151495999918, 17.418646552000041 ], [ -83.933583136999914, 17.417873440000051 ], [ -83.926136847999942, 17.41632721600007 ], [ -83.918934699999909, 17.414048570000091 ], [ -83.91234290299991, 17.411118882000039 ], [ -83.921945766999897, 17.409084377000056 ] ] ], [ [ [ -85.947068220999938, 16.403189644000065 ], [ -85.950847252999949, 16.412307873000088 ], [ -85.940679118999924, 16.429902700000071 ], [ -85.926691276999918, 16.454782230000092 ], [ -85.911472683999932, 16.462042911000083 ], [ -85.895569831999921, 16.48874459600006 ], [ -85.884144660999937, 16.502834377000056 ], [ -85.851131208999902, 16.517217619000064 ], [ -85.832128226999941, 16.510497688000044 ], [ -85.816949995999948, 16.498308834000056 ], [ -85.822061113999951, 16.486163010000041 ], [ -85.844254139999919, 16.483778923000045 ], [ -85.849366857999939, 16.469205087000091 ], [ -85.862720490999948, 16.452220959000044 ], [ -85.882362561999912, 16.451046980000058 ], [ -85.895699535999938, 16.436496074000047 ], [ -85.947068220999938, 16.403189644000065 ] ] ], [ [ [ -86.525265547999936, 16.315212384000063 ], [ -86.548152687999902, 16.312852734000046 ], [ -86.563799277999919, 16.298390453000081 ], [ -86.580649961999939, 16.282767 ], [ -86.60050418499992, 16.269449111000085 ], [ -86.606542220999927, 16.285029102000067 ], [ -86.599332887999935, 16.309298272000092 ], [ -86.570446806999939, 16.332440401000042 ], [ -86.530681582999932, 16.356180794000068 ], [ -86.499999801999934, 16.368908871000087 ], [ -86.440390430999912, 16.396545291000052 ], [ -86.3754442259999, 16.417332689000091 ], [ -86.3321254949999, 16.429448093000076 ], [ -86.302047367999933, 16.432903318000058 ], [ -86.262351476999925, 16.43058202800006 ], [ -86.23107686599991, 16.428835329000037 ], [ -86.181750880999914, 16.428225143000077 ], [ -86.202208966999933, 16.422471073000054 ], [ -86.223870070999908, 16.412101045000043 ], [ -86.243112175999897, 16.417881076000072 ], [ -86.273185837999904, 16.410972052000091 ], [ -86.294341600999928, 16.415269273000092 ], [ -86.312123175999943, 16.412502346000053 ], [ -86.318918423999946, 16.409328518000052 ], [ -86.33267167899993, 16.400458075000074 ], [ -86.338856574999909, 16.397853908000059 ], [ -86.347767706999946, 16.397528387000079 ], [ -86.362205888999938, 16.394254366000041 ], [ -86.380253568999933, 16.381557601000054 ], [ -86.416959740999914, 16.364231547000088 ], [ -86.453071272999921, 16.351511373000051 ], [ -86.491021777999947, 16.325487820000092 ], [ -86.525265547999936, 16.315212384000063 ] ] ], [ [ [ -86.903920050999943, 16.124172268000052 ], [ -86.890533006999931, 16.127834377000056 ], [ -86.878732876999948, 16.12726471600007 ], [ -86.872547980999911, 16.120998440000051 ], [ -86.88117428299995, 16.104559637000079 ], [ -86.878732876999948, 16.093166408000059 ], [ -86.897572394999941, 16.093817450000074 ], [ -86.913197394999941, 16.09015534100007 ], [ -86.940174933999913, 16.079494533000059 ], [ -86.963720509999916, 16.066387834000068 ], [ -86.978935229999934, 16.077789236000058 ], [ -86.997404698999901, 16.083959264000043 ], [ -86.988735173999942, 16.095466383000087 ], [ -86.944251203999897, 16.116508342000088 ], [ -86.918365037999934, 16.122056382000039 ], [ -86.903920050999943, 16.124172268000052 ] ] ], [ [ [ -82.750843878999945, 14.361476955000057 ], [ -82.803944464999915, 14.36595286700009 ], [ -82.808257615999935, 14.366359768000052 ], [ -82.804351365999935, 14.366359768000052 ], [ -82.803700324999909, 14.36631907800006 ], [ -82.801625128999945, 14.366848049000055 ], [ -82.800445115999935, 14.369289455000057 ], [ -82.800852016999897, 14.373236395000049 ], [ -82.784779425999943, 14.381984768000052 ], [ -82.778228318999936, 14.39321523600006 ], [ -82.774647589999915, 14.404689846000053 ], [ -82.767323370999918, 14.414129950000074 ], [ -82.751047329999949, 14.422023830000057 ], [ -82.737782355999911, 14.421942450000074 ], [ -82.728993292999917, 14.413763739000046 ], [ -82.725697394999941, 14.397406317000048 ], [ -82.732533331999946, 14.369574286000045 ], [ -82.750843878999945, 14.361476955000057 ] ] ], [ [ [ -83.046457485999952, 12.183742580000057 ], [ -83.032541469999899, 12.190822658000059 ], [ -83.021148240999935, 12.181789455000057 ], [ -83.025054490999935, 12.175197658000059 ], [ -83.053944464999915, 12.143866278000075 ], [ -83.055978969999899, 12.166205145000049 ], [ -83.046457485999952, 12.183742580000057 ] ] ], [ [ [ -83.719309048999946, 11.95453522300005 ], [ -83.724517381999931, 11.936346747000073 ], [ -83.726226365999935, 11.92023346600007 ], [ -83.720366990999935, 11.883693752000056 ], [ -83.719838019999941, 11.870306708000044 ], [ -83.726226365999935, 11.878648179000038 ], [ -83.733794725999928, 11.905829169000071 ], [ -83.736073370999918, 11.941799221000053 ], [ -83.728993292999917, 11.973334052000041 ], [ -83.708404100999928, 11.987290757000039 ], [ -83.706857876999948, 11.98704661700009 ], [ -83.705677863999938, 11.986232815000051 ], [ -83.70531165299991, 11.984320380000042 ], [ -83.705799933999913, 11.98110586100006 ], [ -83.712391730999911, 11.970851955000057 ], [ -83.719309048999946, 11.95453522300005 ] ] ], [ [ [ -81.814564581999946, 7.294256903000075 ], [ -81.81078040299991, 7.294134833000044 ], [ -81.808257615999935, 7.293443101000094 ], [ -81.807199673999946, 7.291571356000077 ], [ -81.807728644999941, 7.28742096600007 ], [ -81.798003709999932, 7.291083075000074 ], [ -81.789906378999945, 7.290106512000079 ], [ -81.780506964999915, 7.28782786700009 ], [ -81.766713019999941, 7.28742096600007 ], [ -81.779042120999918, 7.277492580000057 ], [ -81.792388475999928, 7.251654364000046 ], [ -81.800892706999946, 7.23899974200009 ], [ -81.796986456999946, 7.233954169000071 ], [ -81.793446417999917, 7.225978908000059 ], [ -81.800892706999946, 7.225978908000059 ], [ -81.816232876999948, 7.271307684000078 ], [ -81.814564581999946, 7.279974677000041 ], [ -81.818755662999934, 7.285630601000094 ], [ -81.819162563999896, 7.288723049000055 ], [ -81.814564581999946, 7.294256903000075 ] ] ], [ [ [ -83.878076405999934, 8.698821179000049 ], [ -83.890634796999905, 8.701178567000056 ], [ -83.896617592999917, 8.706491863000053 ], [ -83.883463738999922, 8.712992682000049 ], [ -83.869114045999936, 8.713587405000055 ], [ -83.870305238999947, 8.701776235000068 ], [ -83.878076405999934, 8.698821179000049 ] ] ], [ [ [ -87.064605272999927, 5.54759349200009 ], [ -87.065541144999941, 5.53461334800005 ], [ -87.078521287999934, 5.520656643000052 ], [ -87.099029100999928, 5.516017971000053 ], [ -87.117665167999917, 5.51508209800005 ], [ -87.104603644999941, 5.53742096600007 ], [ -87.092518683999913, 5.546698309000078 ], [ -87.078521287999934, 5.555080471000053 ], [ -87.064605272999927, 5.557847398000092 ], [ -87.064605272999927, 5.54759349200009 ] ] ], [ [ [ -85.185292120999918, 10.09243398600006 ], [ -85.199126756999931, 10.117743231000077 ], [ -85.180287238999938, 10.124009507000039 ], [ -85.171864386999914, 10.124579169000071 ], [ -85.139963344999899, 10.119208075000074 ], [ -85.110463019999941, 10.110296942000048 ], [ -85.110463019999941, 10.103461005000042 ], [ -85.145130988999938, 10.103461005000042 ], [ -85.135650193999936, 10.098456122000073 ], [ -85.131337042999917, 10.098700262000079 ], [ -85.121571417999917, 10.096380927000041 ], [ -85.116037563999896, 10.091701565000051 ], [ -85.107899542999917, 10.089544989000046 ], [ -85.097320115999935, 10.089829820000091 ], [ -85.097320115999935, 10.083644924000055 ], [ -85.109486456999946, 10.079291083000044 ], [ -85.124826626999948, 10.07562897300005 ], [ -85.141835089999915, 10.074164130000042 ], [ -85.158802863999938, 10.076157945000091 ], [ -85.176136847999942, 10.083238023000092 ], [ -85.185292120999918, 10.09243398600006 ] ] ], [ [ [ -82.342762824999909, 8.267523505000042 ], [ -82.342762824999909, 8.259995835000041 ], [ -82.314808722999942, 8.240179755000042 ], [ -82.334868943999936, 8.23509349200009 ], [ -82.369699673999946, 8.216864325000074 ], [ -82.386463995999918, 8.212876695000091 ], [ -82.398345506999931, 8.21820709800005 ], [ -82.412505662999934, 8.231024481000077 ], [ -82.424712693999936, 8.246568101000037 ], [ -82.430897589999915, 8.259995835000041 ], [ -82.424672003999945, 8.259995835000041 ], [ -82.401926235999952, 8.257147528000075 ], [ -82.350005662999934, 8.293646552000041 ], [ -82.328480597999942, 8.287990627000056 ], [ -82.316517706999946, 8.277329820000091 ], [ -82.317209438999896, 8.267564195000091 ], [ -82.327056443999936, 8.262884833000044 ], [ -82.342762824999909, 8.267523505000042 ] ] ], [ [ [ -82.238880988999938, 8.220648505000042 ], [ -82.220122850999928, 8.212062893000052 ], [ -82.211781378999945, 8.199204820000091 ], [ -82.233021613999938, 8.205308335000041 ], [ -82.247059699999909, 8.206732489000046 ], [ -82.253407355999911, 8.202337958000044 ], [ -82.253325975999928, 8.193264065000051 ], [ -82.25259355399993, 8.188381252000056 ], [ -82.245961066999939, 8.171291408000059 ], [ -82.273833787999934, 8.191799221000053 ], [ -82.281361456999946, 8.193548895000049 ], [ -82.301380988999938, 8.196112372000073 ], [ -82.307972785999937, 8.199204820000091 ], [ -82.315663214999915, 8.214911200000074 ], [ -82.306467251999948, 8.22406647300005 ], [ -82.273833787999934, 8.233343817000048 ], [ -82.259592251999948, 8.227036851000037 ], [ -82.238880988999938, 8.220648505000042 ] ] ], [ [ [ -81.70531165299991, 7.553697007000039 ], [ -81.704823370999918, 7.55109284100007 ], [ -81.705922003999945, 7.543117580000057 ], [ -81.70531165299991, 7.540676174000055 ], [ -81.702137824999909, 7.540187893000052 ], [ -81.693837042999917, 7.541408596000053 ], [ -81.691029425999943, 7.540676174000055 ], [ -81.682036912999934, 7.534572658000059 ], [ -81.675648566999939, 7.532131252000056 ], [ -81.671783006999931, 7.526353257000039 ], [ -81.670521613999938, 7.510239976000094 ], [ -81.676380988999938, 7.505519924000055 ], [ -81.708363410999937, 7.493475653000075 ], [ -81.709339972999942, 7.48663971600007 ], [ -81.716786261999914, 7.457505601000094 ], [ -81.71898352799991, 7.452541408000059 ], [ -81.712717251999948, 7.44009023600006 ], [ -81.694732225999928, 7.423976955000057 ], [ -81.691029425999943, 7.414048570000091 ], [ -81.689198370999918, 7.403794664000088 ], [ -81.684437628999945, 7.395005601000094 ], [ -81.677886522999927, 7.391587632000039 ], [ -81.670521613999938, 7.397284247000073 ], [ -81.66437740799995, 7.397284247000073 ], [ -81.652495897999927, 7.391017971000053 ], [ -81.622059699999909, 7.393866278000075 ], [ -81.61587480399993, 7.386704820000091 ], [ -81.588002081999946, 7.335191148000092 ], [ -81.606678839999915, 7.32758209800005 ], [ -81.628163214999915, 7.321600653000075 ], [ -81.649403449999909, 7.321519273000092 ], [ -81.68423417899993, 7.341376044000071 ], [ -81.727121548999946, 7.344427802000041 ], [ -81.746245897999927, 7.348863023000092 ], [ -81.756703253999945, 7.35773346600007 ], [ -81.780751105999911, 7.38422272300005 ], [ -81.800038214999915, 7.395575262000079 ], [ -81.841867641999897, 7.430812893000052 ], [ -81.864654100999928, 7.478461005000042 ], [ -81.872873501999948, 7.486029364000046 ], [ -81.875111456999946, 7.490423895000049 ], [ -81.882801886999914, 7.516791083000044 ], [ -81.878895636999914, 7.517482815000051 ], [ -81.85806230399993, 7.517523505000042 ], [ -81.848703579999949, 7.520209052000041 ], [ -81.848947719999899, 7.524115302000041 ], [ -81.83625240799995, 7.546698309000078 ], [ -81.834380662999934, 7.54751211100006 ], [ -81.831776495999918, 7.559271552000041 ], [ -81.831410285999937, 7.568182684000078 ], [ -81.829986131999931, 7.576157945000091 ], [ -81.82445227799991, 7.585353908000059 ], [ -81.816802537999934, 7.590399481000077 ], [ -81.798329230999911, 7.594224351000037 ], [ -81.770130988999938, 7.614813544000071 ], [ -81.760365363999938, 7.620184637000079 ], [ -81.759917772999927, 7.616400458000044 ], [ -81.752512173999946, 7.616400458000044 ], [ -81.755238410999937, 7.624009507000039 ], [ -81.757313605999911, 7.636419989000046 ], [ -81.759917772999927, 7.644273179000038 ], [ -81.752512173999946, 7.644273179000038 ], [ -81.752512173999946, 7.636867580000057 ], [ -81.746245897999927, 7.636867580000057 ], [ -81.746815558999913, 7.641831773000092 ], [ -81.745350714999915, 7.64329661700009 ], [ -81.74242102799991, 7.643459377000056 ], [ -81.738840298999946, 7.644273179000038 ], [ -81.716175910999937, 7.579657294000071 ], [ -81.715199347999942, 7.568019924000055 ], [ -81.713286912999934, 7.565904039000088 ], [ -81.70531165299991, 7.553697007000039 ] ] ], [ [ [ -81.075021938999896, 7.535345770000049 ], [ -81.082753058999913, 7.53384023600006 ], [ -81.091420050999943, 7.537543036000045 ], [ -81.097767706999946, 7.542547919000071 ], [ -81.103342251999948, 7.54555898600006 ], [ -81.109852667999917, 7.547064520000049 ], [ -81.119048631999931, 7.54751211100006 ], [ -81.129261847999942, 7.545314846000053 ], [ -81.134388800999943, 7.539943752000056 ], [ -81.137847459999932, 7.533392645000049 ], [ -81.142974412999934, 7.52765534100007 ], [ -81.170887824999909, 7.513373114000046 ], [ -81.184925910999937, 7.496975002000056 ], [ -81.190744594999899, 7.493475653000075 ], [ -81.199126756999931, 7.493475653000075 ], [ -81.208566860999952, 7.495591539000088 ], [ -81.215809699999909, 7.498277085000041 ], [ -81.218088344999899, 7.499701239000046 ], [ -81.245676235999952, 7.490057684000078 ], [ -81.251942511999914, 7.490423895000049 ], [ -81.242583787999934, 7.503404039000088 ], [ -81.232899542999917, 7.513373114000046 ], [ -81.222727016999897, 7.521063544000071 ], [ -81.210438605999911, 7.525946356000077 ], [ -81.174387173999946, 7.531439520000049 ], [ -81.164051886999914, 7.540513414000088 ], [ -81.157622850999928, 7.551581122000073 ], [ -81.149159308999913, 7.56118398600006 ], [ -81.135568813999896, 7.568182684000078 ], [ -81.118072068999936, 7.57453034100007 ], [ -81.087717251999948, 7.581610419000071 ], [ -81.075021938999896, 7.577337958000044 ], [ -81.061594204999949, 7.575588283000059 ], [ -81.033070441999939, 7.575425523000092 ], [ -81.044992641999897, 7.55414459800005 ], [ -81.052845831999946, 7.544623114000046 ], [ -81.064116990999935, 7.540676174000055 ], [ -81.075021938999896, 7.535345770000049 ] ] ], [ [ [ -116.114763643999936, 30.482034513000087 ], [ -116.122767364999902, 30.485167435000051 ], [ -116.122843898999918, 30.491572071000064 ], [ -116.114410682999903, 30.496223352000072 ], [ -116.109611945999916, 30.49534673900007 ], [ -116.104239503999906, 30.488080085000036 ], [ -116.104175031999944, 30.482589479000069 ], [ -116.114763643999936, 30.482034513000087 ] ] ], [ [ [ -114.394780960999924, 29.96018407300005 ], [ -114.407073440999909, 29.958648370000049 ], [ -114.422017485999902, 29.966236160000051 ], [ -114.415886814999908, 29.976131271000042 ], [ -114.418541832999892, 29.986776446000079 ], [ -114.401848759999893, 29.98603429700006 ], [ -114.400064733999898, 29.969303853000042 ], [ -114.394780960999924, 29.96018407300005 ] ] ], [ [ [ -113.506824752999933, 29.039656543000035 ], [ -113.504720402999908, 29.044173343000068 ], [ -113.508831033999911, 29.048422577000053 ], [ -113.514317890999905, 29.053284405000056 ], [ -113.512211061999892, 29.058103620000054 ], [ -113.509429819999923, 29.060804369000039 ], [ -113.513553647999913, 29.063243666000062 ], [ -113.515227983999921, 29.070196360000068 ], [ -113.514838203999943, 29.07623088400004 ], [ -113.52103066199993, 29.078982847000077 ], [ -113.522705126999938, 29.085933634000071 ], [ -113.527145650999898, 29.092295149000051 ], [ -113.518839895999918, 29.095563248000076 ], [ -113.511900355999899, 29.095005531000083 ], [ -113.504706946999931, 29.092177592000041 ], [ -113.504046799999912, 29.087954149000041 ], [ -113.507860211999912, 29.082914924000079 ], [ -113.508918362999907, 29.078725642000052 ], [ -113.504132983999909, 29.075319585000045 ], [ -113.505555504999904, 29.070761490000052 ], [ -113.505964873999915, 29.062595345000091 ], [ -113.500144016999911, 29.056222472000059 ], [ -113.501222013999893, 29.050493187000086 ], [ -113.49675063299992, 29.048354430000074 ], [ -113.496450312999912, 29.04231539400007 ], [ -113.49163841099994, 29.039570896000043 ], [ -113.492010987999947, 29.03594982900006 ], [ -113.501327065999931, 29.036305058000039 ], [ -113.506824752999933, 29.039656543000035 ] ] ], [ [ [ -115.601041713999905, 28.31602319700005 ], [ -115.593806506999897, 28.317167183000038 ], [ -115.588264857999945, 28.309779406000075 ], [ -115.57926277699994, 28.314132820000054 ], [ -115.567776603999903, 28.313724 ], [ -115.564667348999933, 28.307373446000042 ], [ -115.575541243999908, 28.307258248000039 ], [ -115.579077170999938, 28.30083495000008 ], [ -115.592321396999921, 28.297500526000078 ], [ -115.602687832999948, 28.304302844000063 ], [ -115.603978663999897, 28.310139824000089 ], [ -115.601041713999905, 28.31602319700005 ] ] ], [ [ [ -88.077259894999941, 17.641791083000044 ], [ -88.063547329999949, 17.630560614000046 ], [ -88.053618943999936, 17.606268622000073 ], [ -88.043812628999945, 17.552964585000041 ], [ -88.050607876999948, 17.552964585000041 ], [ -88.055653449999909, 17.562648830000057 ], [ -88.064442511999914, 17.586371161000045 ], [ -88.077259894999941, 17.641791083000044 ] ] ], [ [ [ -87.838286912999934, 17.51203034100007 ], [ -87.837798631999931, 17.518377997000073 ], [ -87.827748175999943, 17.54555898600006 ], [ -87.815744594999899, 17.545152085000041 ], [ -87.801503058999913, 17.541815497000073 ], [ -87.789214647999927, 17.53196849200009 ], [ -87.783070441999939, 17.51203034100007 ], [ -87.787180141999897, 17.496893622000073 ], [ -87.807850714999915, 17.457831122000073 ], [ -87.821115688999896, 17.440741278000075 ], [ -87.831288214999915, 17.423732815000051 ], [ -87.845773891999897, 17.414618231000077 ], [ -87.865630662999934, 17.429510809000078 ], [ -87.875884568999936, 17.413234768000052 ], [ -87.888539191999939, 17.403876044000071 ], [ -87.900054490999935, 17.391791083000044 ], [ -87.907215949999909, 17.367417710000041 ], [ -87.913441535999937, 17.322699286000045 ], [ -87.915882941999939, 17.315415757000039 ], [ -87.921009894999941, 17.305243231000077 ], [ -87.925526495999918, 17.292792059000078 ], [ -87.926503058999913, 17.278631903000075 ], [ -87.940744594999899, 17.292303778000075 ], [ -87.937001105999911, 17.29564036700009 ], [ -87.935699022999927, 17.298976955000057 ], [ -87.935292120999918, 17.302394924000055 ], [ -87.93390865799995, 17.305975653000075 ], [ -87.931507941999939, 17.327215887000079 ], [ -87.922271287999934, 17.362494208000044 ], [ -87.917469855999911, 17.41046784100007 ], [ -87.909535285999937, 17.426255601000037 ], [ -87.89671790299991, 17.437689520000049 ], [ -87.879302537999934, 17.44993724200009 ], [ -87.858794725999928, 17.470404364000046 ], [ -87.848703579999949, 17.471258856000077 ], [ -87.833811001999948, 17.465318101000037 ], [ -87.821278449999909, 17.46360911700009 ], [ -87.811634894999941, 17.472316799000055 ], [ -87.803944464999915, 17.491929429000038 ], [ -87.802072719999899, 17.512925523000092 ], [ -87.810414191999939, 17.525620835000041 ], [ -87.821441209999932, 17.516180731000077 ], [ -87.830677863999938, 17.511135158000059 ], [ -87.838286912999934, 17.51203034100007 ] ] ], [ [ [ -87.810047980999911, 17.302639065000051 ], [ -87.810414191999939, 17.305975653000075 ], [ -87.816070115999935, 17.304266669000071 ], [ -87.819894985999952, 17.301459052000041 ], [ -87.822417772999927, 17.29751211100006 ], [ -87.824615037999934, 17.292303778000075 ], [ -87.823801235999952, 17.352932033000059 ], [ -87.827219204999949, 17.378119208000044 ], [ -87.838286912999934, 17.388495184000078 ], [ -87.825795050999943, 17.39915599200009 ], [ -87.814198370999918, 17.381293036000045 ], [ -87.797352667999917, 17.333238023000092 ], [ -87.801991339999915, 17.325873114000046 ], [ -87.803700324999909, 17.315985419000071 ], [ -87.803578253999945, 17.292303778000075 ], [ -87.810414191999939, 17.292303778000075 ], [ -87.810047980999911, 17.302639065000051 ] ] ], [ [ [ -117.251064116999942, 32.410963019000064 ], [ -117.253693337999948, 32.420802080000044 ], [ -117.247639234999895, 32.418630495000059 ], [ -117.245031647999895, 32.414626732000045 ], [ -117.241969628999925, 32.404425521000064 ], [ -117.239350998999896, 32.397139758000037 ], [ -117.239320740999915, 32.389117730000066 ], [ -117.243205449999948, 32.388742780000086 ], [ -117.246703258999901, 32.400037487000077 ], [ -117.248026816999925, 32.407326538000063 ], [ -117.251064116999942, 32.410963019000064 ] ] ], [ [ [ -87.962513800999943, 18.079982815000051 ], [ -87.970611131999931, 18.073146877000056 ], [ -87.981434699999909, 18.071275132000039 ], [ -87.984364386999914, 18.07758209800005 ], [ -87.977162238999938, 18.087469794000071 ], [ -87.972075975999928, 18.090725002000056 ], [ -87.96906490799995, 18.090887762000079 ], [ -87.963286912999934, 18.09320709800005 ], [ -87.960316535999937, 18.090399481000077 ], [ -87.962513800999943, 18.079982815000051 ] ] ], [ [ [ -88.067697719999899, 17.49054596600007 ], [ -88.069813605999911, 17.480658270000049 ], [ -88.072621222999942, 17.476141669000071 ], [ -88.072865363999938, 17.470119533000059 ], [ -88.077056443999936, 17.461086330000057 ], [ -88.083973761999914, 17.461818752000056 ], [ -88.085804816999939, 17.470119533000059 ], [ -88.087147589999915, 17.490912177000041 ], [ -88.088490363999938, 17.495306708000044 ], [ -88.096506313999896, 17.494289455000057 ], [ -88.105132615999935, 17.498114325000074 ], [ -88.110910610999952, 17.505072333000044 ], [ -88.114247199999909, 17.51007721600007 ], [ -88.117298956999946, 17.512884833000044 ], [ -88.117176886999914, 17.518784898000092 ], [ -88.110463019999941, 17.523016669000071 ], [ -88.095611131999931, 17.517401434000078 ], [ -88.077015753999945, 17.503729559000078 ], [ -88.067697719999899, 17.49054596600007 ] ] ], [ [ [ -87.926503058999913, 17.997992255000042 ], [ -87.917103644999941, 18.01117584800005 ], [ -87.914865688999896, 18.017157294000071 ], [ -87.913441535999937, 18.025946356000077 ], [ -87.907215949999909, 18.025946356000077 ], [ -87.915109829999949, 17.98273346600007 ], [ -87.934559699999909, 17.942938544000071 ], [ -87.965809699999909, 17.913763739000046 ], [ -88.009022589999915, 17.902492580000057 ], [ -88.009022589999915, 17.909247137000079 ], [ -87.998646613999938, 17.90892161700009 ], [ -87.995350714999915, 17.909247137000079 ], [ -87.958892381999931, 17.934271552000041 ], [ -87.945912238999938, 17.95180898600006 ], [ -87.940744594999899, 17.977525132000039 ], [ -87.956532355999911, 17.976752020000049 ], [ -87.952300584999932, 18.007757880000042 ], [ -87.93390865799995, 18.070298570000091 ], [ -87.931752081999946, 18.074693101000037 ], [ -87.927113410999937, 18.078273830000057 ], [ -87.922352667999917, 18.082953192000048 ], [ -87.920277472999942, 18.090806382000039 ], [ -87.919667120999918, 18.100572007000039 ], [ -87.904855923999946, 18.153225002000056 ], [ -87.895008917999917, 18.162095445000091 ], [ -87.879302537999934, 18.15570709800005 ], [ -87.857289191999939, 18.169663804000038 ], [ -87.847320115999935, 18.155991929000038 ], [ -87.848988410999937, 18.133775132000039 ], [ -87.862212693999936, 18.122137762000079 ], [ -87.869618292999917, 18.110825914000088 ], [ -87.890044725999928, 18.057033596000053 ], [ -87.899769660999937, 18.039007880000042 ], [ -87.906646287999934, 18.043524481000077 ], [ -87.913441535999937, 18.046454169000071 ], [ -87.915882941999939, 18.035956122000073 ], [ -87.919667120999918, 18.028509833000044 ], [ -87.925445115999935, 18.023138739000046 ], [ -87.93390865799995, 18.019110419000071 ], [ -87.93390865799995, 18.01235586100006 ], [ -87.926503058999913, 17.997992255000042 ] ] ], [ [ [ -88.134877081999946, 17.671820380000042 ], [ -88.167307094999899, 17.669094143000052 ], [ -88.167388475999928, 17.673773505000042 ], [ -88.166005011999914, 17.676825262000079 ], [ -88.16047115799995, 17.682766018000052 ], [ -88.139515753999945, 17.69204336100006 ], [ -88.082753058999913, 17.72923411700009 ], [ -88.071115688999896, 17.734279690000051 ], [ -88.08031165299991, 17.70180898600006 ], [ -88.103667772999927, 17.681830145000049 ], [ -88.134877081999946, 17.671820380000042 ] ] ], [ [ [ -87.659006313999896, 13.331691799000055 ], [ -87.65648352799991, 13.34906647300005 ], [ -87.643462693999936, 13.367743231000077 ], [ -87.634429490999935, 13.373480536000045 ], [ -87.622303839999915, 13.368882554000038 ], [ -87.612416144999941, 13.366034247000073 ], [ -87.585438605999911, 13.37173086100006 ], [ -87.570790167999917, 13.372015692000048 ], [ -87.570790167999917, 13.36587148600006 ], [ -87.58812415299991, 13.357977606000077 ], [ -87.576283331999946, 13.318548895000049 ], [ -87.591297980999911, 13.304388739000046 ], [ -87.637562628999945, 13.319159247000073 ], [ -87.659006313999896, 13.331691799000055 ] ] ], [ [ [ -87.646555141999897, 13.249172268000052 ], [ -87.658558722999942, 13.250962632000039 ], [ -87.66274980399993, 13.252752997000073 ], [ -87.667062954999949, 13.256008205000057 ], [ -87.667062954999949, 13.262193101000037 ], [ -87.660145636999914, 13.262193101000037 ], [ -87.663970506999931, 13.267482815000051 ], [ -87.670033331999946, 13.278550523000092 ], [ -87.673817511999914, 13.283880927000041 ], [ -87.657622850999928, 13.289129950000074 ], [ -87.64484615799995, 13.290838934000078 ], [ -87.615142381999931, 13.290106512000079 ], [ -87.61196855399993, 13.282863674000055 ], [ -87.613880988999938, 13.267320054000038 ], [ -87.624338344999899, 13.252915757000039 ], [ -87.646555141999897, 13.249172268000052 ] ] ], [ [ [ -87.887806769999941, 18.175604559000078 ], [ -87.893544074999909, 18.180365302000041 ], [ -87.890777147999927, 18.197455145000049 ], [ -87.886830206999946, 18.20343659100007 ], [ -87.883697068999936, 18.201076565000051 ], [ -87.883168097999942, 18.203111070000091 ], [ -87.884836391999897, 18.207464911000045 ], [ -87.884429490999935, 18.209173895000049 ], [ -87.880970831999946, 18.208482164000088 ], [ -87.878407355999911, 18.208238023000092 ], [ -87.874745245999918, 18.20648834800005 ], [ -87.874134894999941, 18.202460028000075 ], [ -87.874745245999918, 18.197333075000074 ], [ -87.878285285999937, 18.187323309000078 ], [ -87.887806769999941, 18.175604559000078 ] ] ], [ [ [ -87.95531165299991, 18.093410549000055 ], [ -87.956898566999939, 18.097357489000046 ], [ -87.955230272999927, 18.100816148000092 ], [ -87.950103318999936, 18.103583075000074 ], [ -87.944813605999911, 18.107896226000037 ], [ -87.943023240999935, 18.113470770000049 ], [ -87.941151495999918, 18.117173570000091 ], [ -87.939523891999897, 18.118638414000088 ], [ -87.937123175999943, 18.114650783000059 ], [ -87.936390753999945, 18.103908596000053 ], [ -87.942250128999945, 18.093491929000038 ], [ -87.950510219999899, 18.087591864000046 ], [ -87.954009568999936, 18.088283596000053 ], [ -87.95531165299991, 18.093410549000055 ] ] ], [ [ [ -113.191802537999934, 26.717189846000053 ], [ -113.186879035999937, 26.72134023600006 ], [ -113.180246548999946, 26.72296784100007 ], [ -113.174427863999938, 26.720445054000038 ], [ -113.162912563999896, 26.704779364000046 ], [ -113.14712480399993, 26.684068101000037 ], [ -113.13890540299991, 26.672552802000041 ], [ -113.138050910999937, 26.665106512000079 ], [ -113.146351691999939, 26.665106512000079 ], [ -113.154611782999893, 26.670884507000039 ], [ -113.165394660999937, 26.677476304000038 ], [ -113.191802537999934, 26.687445380000042 ], [ -113.221587693999936, 26.695705471000053 ], [ -113.246408657999893, 26.70148346600007 ], [ -113.257964647999927, 26.704779364000046 ], [ -113.264556443999936, 26.708929755000042 ], [ -113.257964647999927, 26.718003648000035 ], [ -113.244740363999938, 26.724595445000091 ], [ -113.228993292999917, 26.732896226000037 ], [ -113.219960089999915, 26.731268622000073 ], [ -113.210804816999939, 26.727932033000059 ], [ -113.202544725999928, 26.72296784100007 ], [ -113.203439907999893, 26.717189846000053 ], [ -113.195139126999948, 26.713853257000039 ], [ -113.191802537999934, 26.717189846000053 ] ] ], [ [ [ -118.309249621999925, 29.171555914000066 ], [ -118.296345585999916, 29.186158661000036 ], [ -118.273755186999892, 29.189562864000038 ], [ -118.255894549999937, 29.180932220000045 ], [ -118.271781764999901, 29.165123835000088 ], [ -118.283693241999913, 29.15185512000005 ], [ -118.286176070999943, 29.136439960000075 ], [ -118.279112527999928, 29.116244771000083 ], [ -118.267209772999934, 29.098056713000062 ], [ -118.251478028999941, 29.089444080000078 ], [ -118.229588891999924, 29.061719537000045 ], [ -118.220528732999924, 29.015180125000086 ], [ -118.229077734999919, 28.995973456000058 ], [ -118.221364517999916, 28.95934258300008 ], [ -118.225803574999929, 28.91505206100004 ], [ -118.251362043999904, 28.884541890000037 ], [ -118.270375128999945, 28.88617584800005 ], [ -118.282019885999944, 28.879102129000046 ], [ -118.2892143709999, 28.878881774000035 ], [ -118.288782020999918, 28.868082591000075 ], [ -118.29839224199992, 28.876797863000036 ], [ -118.294749758999899, 28.888623817000052 ], [ -118.283586396999908, 28.892569644000048 ], [ -118.292746419999901, 28.915717156000085 ], [ -118.297472247999906, 28.930890638000051 ], [ -118.294043466999938, 28.948116962000086 ], [ -118.299980135999931, 28.96775888600007 ], [ -118.315990107999937, 28.981686714000091 ], [ -118.304343044999939, 28.998019411000087 ], [ -118.313678638999932, 29.025563069000043 ], [ -118.323495245999936, 29.039965813000038 ], [ -118.335276065999892, 29.051158149000059 ], [ -118.355518469999936, 29.067003973000055 ], [ -118.358205408999936, 29.083665909000047 ], [ -118.364018787999896, 29.098314793000043 ], [ -118.36880422899992, 29.114401178000037 ], [ -118.365382987999908, 29.131653493000044 ], [ -118.356778032999898, 29.149480610000069 ], [ -118.336728813999912, 29.163293131000046 ], [ -118.309249621999925, 29.171555914000066 ] ] ], [ [ [ -97.784535285999937, 22.755845445000091 ], [ -97.796131964999915, 22.723781643000052 ], [ -97.817616339999915, 22.69476959800005 ], [ -97.843169725999928, 22.684881903000075 ], [ -97.837147589999915, 22.696112372000073 ], [ -97.821888800999943, 22.71157461100006 ], [ -97.815297003999945, 22.720200914000088 ], [ -97.798410610999895, 22.762518622000073 ], [ -97.788563605999911, 22.77484772300005 ], [ -97.784535285999937, 22.755845445000091 ] ] ], [ [ [ -97.684925910999937, 21.862453518000052 ], [ -97.670318162999934, 21.848618882000039 ], [ -97.664540167999917, 21.829087632000039 ], [ -97.660552537999934, 21.807562567000048 ], [ -97.651437954999949, 21.787909247000073 ], [ -97.614735480999911, 21.76439036700009 ], [ -97.601714647999927, 21.751939195000091 ], [ -97.610463019999941, 21.740179755000042 ], [ -97.639963344999899, 21.745103257000039 ], [ -97.663482225999928, 21.778469143000052 ], [ -97.679269985999895, 21.823187567000048 ], [ -97.684925910999937, 21.862453518000052 ] ] ], [ [ [ -110.714790648999895, 25.305925660000071 ], [ -110.704799479999906, 25.306051100000047 ], [ -110.696518211999944, 25.307006880000074 ], [ -110.690685247999909, 25.31273794000009 ], [ -110.689525336999907, 25.308388679000075 ], [ -110.694043159999921, 25.303015619000064 ], [ -110.703989024999942, 25.289108078000083 ], [ -110.707194658999924, 25.271563092000065 ], [ -110.713437684999917, 25.264268410000057 ], [ -110.71977787499992, 25.259347713000068 ], [ -110.728872849999902, 25.259981991000075 ], [ -110.729756180999914, 25.266260189000036 ], [ -110.733939397999904, 25.277780090000078 ], [ -110.732742108999901, 25.287954409000065 ], [ -110.714790648999895, 25.305925660000071 ] ] ], [ [ [ -115.753285285999937, 24.953029690000051 ], [ -115.753773566999939, 24.953517971000053 ], [ -115.753773566999939, 24.954413153000075 ], [ -115.752797003999945, 24.954779364000046 ], [ -115.752308722999942, 24.954291083000044 ], [ -115.752308722999942, 24.953273830000057 ], [ -115.753285285999937, 24.953029690000051 ] ] ], [ [ [ -110.586162603999924, 24.832117105000066 ], [ -110.574518635999937, 24.840236985000047 ], [ -110.569228424999949, 24.843842237000047 ], [ -110.565192018999937, 24.840915688000052 ], [ -110.567620164999937, 24.830196709000063 ], [ -110.564648789999922, 24.826361567000049 ], [ -110.56123963999994, 24.820171102000074 ], [ -110.561413600999913, 24.815017092000062 ], [ -110.568125241999894, 24.815203173000043 ], [ -110.568405077999898, 24.822245591000069 ], [ -110.574083867999946, 24.822403544000053 ], [ -110.580328322999947, 24.821168422000085 ], [ -110.58679008799993, 24.828851199000042 ], [ -110.586162603999924, 24.832117105000066 ] ] ], [ [ [ -89.621882800999913, 22.409829168000044 ], [ -89.634276155999942, 22.37889104900006 ], [ -89.650574693999943, 22.367576495000037 ], [ -89.664187987999924, 22.371069109000075 ], [ -89.684582300999921, 22.380737837000083 ], [ -89.691725826999914, 22.387598838000088 ], [ -89.689246462999904, 22.399856861000046 ], [ -89.697971737999922, 22.417544062000047 ], [ -89.694387777999907, 22.424873421000086 ], [ -89.677553954999951, 22.42966756900006 ], [ -89.657104399999923, 22.446689219000064 ], [ -89.655164679999928, 22.472001270000078 ], [ -89.67271790399991, 22.49254389500004 ], [ -89.687663412999939, 22.507352138000044 ], [ -89.691071836999924, 22.528628504000039 ], [ -89.714016641999933, 22.541046090000066 ], [ -89.738769020999939, 22.549388230000091 ], [ -89.756522565999944, 22.543782055000065 ], [ -89.761917962999917, 22.529095854000047 ], [ -89.770755666999946, 22.533241273000044 ], [ -89.767138302999911, 22.547123043000056 ], [ -89.756434598999931, 22.560140758000045 ], [ -89.745707422999942, 22.57724911300005 ], [ -89.729725152999947, 22.582868579000035 ], [ -89.69261012599992, 22.567073036000068 ], [ -89.658247571999937, 22.540669889000071 ], [ -89.624919736999914, 22.497943699000075 ], [ -89.6101519099999, 22.461080928000058 ], [ -89.621882800999913, 22.409829168000044 ] ] ], [ [ [ -111.264243265999937, 26.105005716000051 ], [ -111.274020312999937, 26.104977506000068 ], [ -111.281422319999933, 26.104882898000085 ], [ -111.286204471999895, 26.103131543000075 ], [ -111.283449800999904, 26.10652465600009 ], [ -111.280380143999935, 26.110437642000079 ], [ -111.279931775999898, 26.114641237000058 ], [ -111.286581934999901, 26.119009039000048 ], [ -111.286624067999924, 26.125845586000082 ], [ -111.275238226999932, 26.136377506000088 ], [ -111.268557695999903, 26.136262321000061 ], [ -111.263724964999938, 26.135042107000061 ], [ -111.26248744399993, 26.125414309000064 ], [ -111.264429640999936, 26.118247110000084 ], [ -111.267161651999913, 26.115103197000053 ], [ -111.262557473999948, 26.111305647000052 ], [ -111.264243265999937, 26.105005716000051 ] ] ], [ [ [ -111.244706797999925, 25.786799451000036 ], [ -111.247956535999947, 25.784017793000089 ], [ -111.246909147999929, 25.776286882000079 ], [ -111.243229643999939, 25.771922456000084 ], [ -111.243059530999915, 25.766779947000089 ], [ -111.245943294999904, 25.765702386000044 ], [ -111.253010224999912, 25.773568347000037 ], [ -111.258493741999928, 25.781398624000076 ], [ -111.257900341999914, 25.791091002000087 ], [ -111.256974166999896, 25.801345626000057 ], [ -111.260225636999905, 25.809694639000043 ], [ -111.258235306999893, 25.812789104000046 ], [ -111.254789777999918, 25.811284971000077 ], [ -111.253163856999947, 25.801545692000047 ], [ -111.247524854999938, 25.799136094000062 ], [ -111.249873092999906, 25.794622036000078 ], [ -111.245900782999911, 25.789395178000063 ], [ -111.244706797999925, 25.786799451000036 ] ] ], [ [ [ -111.031282784999917, 25.703644765000035 ], [ -111.023445213999935, 25.697335088000045 ], [ -111.019225630999927, 25.693887127000039 ], [ -111.0128891089999, 25.678704954000068 ], [ -111.016256774999931, 25.669321518000061 ], [ -111.022108142999912, 25.659441285000071 ], [ -111.028509669999949, 25.651792606000072 ], [ -111.035261418999937, 25.653070770000056 ], [ -111.044167126999923, 25.664981510000075 ], [ -111.047702945999902, 25.67063575700007 ], [ -111.046203749999904, 25.679509106000069 ], [ -111.053793753999912, 25.694168687000058 ], [ -111.059148244999903, 25.700977588000057 ], [ -111.05955021199992, 25.708223700000076 ], [ -111.043540311999948, 25.70672490000004 ], [ -111.043375216999948, 25.71228737000007 ], [ -111.037153753999917, 25.713810758000079 ], [ -111.031282784999917, 25.703644765000035 ] ] ], [ [ [ -112.105472625999937, 25.442912302000082 ], [ -112.103014795999911, 25.461550521000049 ], [ -112.106306186999916, 25.484113397000044 ], [ -112.102929361999941, 25.48887492700004 ], [ -112.098136166999893, 25.48582181900008 ], [ -112.099140748999901, 25.47194615300009 ], [ -112.097754221999935, 25.455028570000081 ], [ -112.0997500819999, 25.431189394000057 ], [ -112.100770207999915, 25.412118626000051 ], [ -112.106591642999945, 25.391761856000073 ], [ -112.109557880999944, 25.363164023000081 ], [ -112.104347411999925, 25.342347995000068 ], [ -112.105837839999936, 25.325880927000071 ], [ -112.113066362999916, 25.314194651000037 ], [ -112.118860470999948, 25.301203586000042 ], [ -112.117475550999927, 25.283858161000069 ], [ -112.122754293999947, 25.282136463000086 ], [ -112.130884620999893, 25.288659129000052 ], [ -112.138050580999902, 25.297346614000048 ], [ -112.134168460999945, 25.312944434000087 ], [ -112.125492949999909, 25.327662273000044 ], [ -112.117719167999894, 25.360583888000065 ], [ -112.113270910999915, 25.403915398000038 ], [ -112.105472625999937, 25.442912302000082 ] ] ], [ [ [ -111.387439598999947, 27.988079089000053 ], [ -111.373235794999914, 27.968813943000043 ], [ -111.365586541999903, 27.953400352000074 ], [ -111.381950727999936, 27.957242503000089 ], [ -111.388508381999941, 27.968801946000042 ], [ -111.395064981999894, 27.979388662000076 ], [ -111.387439598999947, 27.988079089000053 ] ] ], [ [ [ -115.159267428999897, 27.859851379000077 ], [ -115.16459619099993, 27.851296074000061 ], [ -115.172994728999925, 27.848570985000038 ], [ -115.178434050999897, 27.850657260000048 ], [ -115.182235128999935, 27.868723690000081 ], [ -115.193806718999895, 27.881404487000054 ], [ -115.209488097999895, 27.88447246800007 ], [ -115.220367385999907, 27.888640469000052 ], [ -115.218039287999943, 27.896107671000038 ], [ -115.204155654999909, 27.892496164000079 ], [ -115.19692239099993, 27.891489235000051 ], [ -115.184782927999947, 27.882007663000081 ], [ -115.171452982999938, 27.873595298000055 ], [ -115.1623654469999, 27.868343484000036 ], [ -115.159267428999897, 27.859851379000077 ] ] ], [ [ [ -111.901082545999941, 27.44922802800005 ], [ -111.879331597999908, 27.453189264000059 ], [ -111.862972160999902, 27.446516250000059 ], [ -111.856394270999942, 27.437869636000073 ], [ -111.859620893999931, 27.43014061100007 ], [ -111.87920334599994, 27.42811819700006 ], [ -111.892268133999949, 27.429018960000064 ], [ -111.904287519999912, 27.437639374000071 ], [ -111.901082545999941, 27.44922802800005 ] ] ], [ [ [ -112.092220934999943, 27.203736787000082 ], [ -112.097003139999913, 27.224523119000082 ], [ -112.108811854999942, 27.23691513600005 ], [ -112.090090105999934, 27.259978197000066 ], [ -112.064140726999938, 27.241471524000076 ], [ -112.045252822999942, 27.216644319000068 ], [ -112.05222677799992, 27.193672018000086 ], [ -112.066278963999935, 27.178964897000071 ], [ -112.087447747999931, 27.182942202000049 ], [ -112.092220934999943, 27.203736787000082 ] ] ], [ [ [ -109.938034079999909, 27.021164677000058 ], [ -109.945746826999937, 27.021134875000087 ], [ -109.968414167999924, 27.049062125000034 ], [ -109.991444464999915, 27.064195054000038 ], [ -110.018690238999909, 27.076841114000047 ], [ -110.035404674999938, 27.07961621000004 ], [ -110.04444200599994, 27.086999694000042 ], [ -110.036751996999897, 27.089324977000047 ], [ -110.017450884999903, 27.083705616000088 ], [ -109.985244646999945, 27.069567861000053 ], [ -109.957509618999893, 27.05196660900009 ], [ -109.938034079999909, 27.021164677000058 ] ] ], [ [ [ -111.130683119999901, 25.961821332000056 ], [ -111.141158588999929, 25.952874674000043 ], [ -111.15394647599993, 25.933045148000076 ], [ -111.172855651999896, 25.913328371000091 ], [ -111.180803487999924, 25.902525408000088 ], [ -111.177875725999911, 25.897446674000037 ], [ -111.18341436399993, 25.882008298000073 ], [ -111.181303471999911, 25.866851135000047 ], [ -111.188714300999948, 25.85695510000005 ], [ -111.197892682999907, 25.856273276000081 ], [ -111.204302713999937, 25.845438301000058 ], [ -111.202849734999916, 25.82523079200007 ], [ -111.200741136999909, 25.810068806000061 ], [ -111.204990832999897, 25.80375425200009 ], [ -111.213290651999898, 25.815855302000045 ], [ -111.219859689999907, 25.817379909000067 ], [ -111.230344794999894, 25.82361198600006 ], [ -111.229725714999915, 25.830877997000073 ], [ -111.233355136999933, 25.842899160000059 ], [ -111.231814140999916, 25.851619962000086 ], [ -111.218344295999941, 25.871688495000058 ], [ -111.21931062099992, 25.884235896000064 ], [ -111.209888472999921, 25.91695274500006 ], [ -111.211071893999929, 25.92886868700009 ], [ -111.201016, 25.942358080000076 ], [ -111.196592204999945, 25.954632974000049 ], [ -111.188099738999938, 25.969916083000044 ], [ -111.174679817999902, 25.978365239000084 ], [ -111.169255414999895, 25.987594179000041 ], [ -111.172041185999944, 26.002715416000058 ], [ -111.168212930999914, 26.023480400000039 ], [ -111.175617427999896, 26.035206350000067 ], [ -111.17602678499992, 26.043341528000042 ], [ -111.161770169999897, 26.04536283300007 ], [ -111.13381297299992, 26.052844358000073 ], [ -111.136070015999906, 26.063303259000065 ], [ -111.127520359999949, 26.06831320200007 ], [ -111.119997543999943, 26.061188066000057 ], [ -111.103413739999894, 26.053816848000054 ], [ -111.079320083999903, 26.060190875000046 ], [ -111.074545732999923, 26.068776139000079 ], [ -111.05636947499994, 26.071817312000064 ], [ -111.071118480999928, 26.053609465000079 ], [ -111.081985624999902, 26.028694466000047 ], [ -111.081193830999894, 25.998658402000046 ], [ -111.070007938999936, 25.99703904800009 ], [ -111.070849548999945, 25.986061812000059 ], [ -111.065343767999934, 25.982723084000042 ], [ -111.065662104999944, 25.972193182000069 ], [ -111.067386237999926, 25.965818013000046 ], [ -111.072311287999923, 25.971434832000057 ], [ -111.079413736999925, 25.97251975100005 ], [ -111.086777981999944, 25.98185686700009 ], [ -111.093815562999907, 25.985226997000041 ], [ -111.101114270999915, 25.996851137000078 ], [ -111.112330499999928, 25.996659549000071 ], [ -111.119618487999901, 25.992217757000049 ], [ -111.119262339999921, 25.986286845000052 ], [ -111.12057780899994, 25.97624182800007 ], [ -111.130683119999901, 25.961821332000056 ] ] ], [ [ [ -110.805531983999913, 25.644418101000042 ], [ -110.803560542999946, 25.67493264400008 ], [ -110.791943025999899, 25.695302068000046 ], [ -110.782474039999897, 25.710334678000038 ], [ -110.773414250999906, 25.712794990000077 ], [ -110.770003890999931, 25.69562729800009 ], [ -110.762062075999893, 25.693617526000082 ], [ -110.766683539999917, 25.675785541000039 ], [ -110.759612921999917, 25.647755683000071 ], [ -110.753186948999939, 25.598095819000036 ], [ -110.765292480999904, 25.593939417000058 ], [ -110.785886240999901, 25.604369005000081 ], [ -110.805531983999913, 25.644418101000042 ] ] ], [ [ [ -109.007964647999927, 25.432562567000048 ], [ -109.013091600999928, 25.446926174000055 ], [ -108.900990363999938, 25.446519273000035 ], [ -108.882720506999931, 25.443182684000078 ], [ -108.831613735999895, 25.42641836100006 ], [ -108.818837042999917, 25.420803127000056 ], [ -108.799305792999917, 25.394110419000071 ], [ -108.786529100999928, 25.385443427000041 ], [ -108.803944464999915, 25.374579169000071 ], [ -108.83657792899993, 25.38812897300005 ], [ -108.872466600999928, 25.40884023600006 ], [ -108.899810350999928, 25.419623114000046 ], [ -108.907053188999896, 25.420355536000045 ], [ -108.916086391999897, 25.42446523600006 ], [ -108.923736131999931, 25.42641836100006 ], [ -108.932484503999945, 25.427313544000071 ], [ -108.994007941999939, 25.426743882000039 ], [ -109.007964647999927, 25.432562567000048 ] ] ], [ [ [ -112.594673487999898, 28.673082513000054 ], [ -112.604349301999946, 28.669433828000081 ], [ -112.600934965999897, 28.676981198000078 ], [ -112.612242991999892, 28.705233499000087 ], [ -112.61315004699992, 28.725762994000036 ], [ -112.600658898999939, 28.727974773000085 ], [ -112.593493752999905, 28.732231962000071 ], [ -112.569892356999901, 28.72889942200004 ], [ -112.557450777999918, 28.733809269000062 ], [ -112.547957024999903, 28.728549475000079 ], [ -112.546722686999942, 28.717457159000048 ], [ -112.541401838999946, 28.712268452000046 ], [ -112.545979773999932, 28.701872250000065 ], [ -112.545738736999908, 28.686589775000073 ], [ -112.553939265999929, 28.672288046000062 ], [ -112.572056779999912, 28.668401137000046 ], [ -112.594673487999898, 28.673082513000054 ] ] ], [ [ [ -112.78099396999994, 28.581026645000065 ], [ -112.783653772999912, 28.585982793000085 ], [ -112.789131121999901, 28.586870431000079 ], [ -112.797926326999914, 28.609920211000087 ], [ -112.810568782999894, 28.618432575000043 ], [ -112.829319838999936, 28.625782954000044 ], [ -112.842642372999933, 28.640067870000053 ], [ -112.867797614999915, 28.643278413000075 ], [ -112.865227370999946, 28.650153054000043 ], [ -112.871867634999944, 28.655575326000076 ], [ -112.877436480999904, 28.663389815000073 ], [ -112.884488984999905, 28.67021533400009 ], [ -112.893769329999941, 28.677695720000088 ], [ -112.86075651099992, 28.671860307000088 ], [ -112.804955687999893, 28.636536613000089 ], [ -112.791246134999938, 28.622883142000035 ], [ -112.782998757999906, 28.617606260000059 ], [ -112.778415244999906, 28.610303542000054 ], [ -112.763543928999923, 28.602824208000072 ], [ -112.760108558999946, 28.594853116000081 ], [ -112.752400501999944, 28.591080524000063 ], [ -112.762045127999897, 28.581963524000059 ], [ -112.773918633999926, 28.575782119000053 ], [ -112.78099396999994, 28.581026645000065 ] ] ], [ [ [ -115.159710334999943, 28.150714655000058 ], [ -115.155828813999904, 28.140779932000044 ], [ -115.162688722999917, 28.129624921000072 ], [ -115.175336431999938, 28.124479492000034 ], [ -115.176458305999915, 28.116755135000062 ], [ -115.185776548999911, 28.106172687000083 ], [ -115.18304013799991, 28.095147119000046 ], [ -115.187970831999905, 28.086801431000083 ], [ -115.18214886699991, 28.070236396000041 ], [ -115.188288284999942, 28.056346964000056 ], [ -115.179321470999923, 28.040344774000062 ], [ -115.183031183999901, 28.034777741000084 ], [ -115.181697355999916, 28.027581981000083 ], [ -115.189264567999942, 28.030301958000052 ], [ -115.194569464999915, 28.03392161700009 ], [ -115.206299380999894, 28.037940216000038 ], [ -115.218147632999944, 28.03174530800004 ], [ -115.228142963999915, 28.028322673000048 ], [ -115.233878700999924, 28.036059358000045 ], [ -115.247023848999902, 28.033716118000086 ], [ -115.253995140999905, 28.040303985000037 ], [ -115.261845294999944, 28.070143449000057 ], [ -115.280262824999909, 28.087469794000071 ], [ -115.303544901999942, 28.094698587000039 ], [ -115.321669566999901, 28.086785194000072 ], [ -115.336700209999947, 28.084436037000046 ], [ -115.346609760999911, 28.071051225000076 ], [ -115.358052030999943, 28.082578651000063 ], [ -115.352156705999903, 28.116420125000047 ], [ -115.334004399999912, 28.124877560000073 ], [ -115.27367102799991, 28.189520575000074 ], [ -115.23975583999993, 28.233606330000043 ], [ -115.25515489299994, 28.263917329000037 ], [ -115.262453424999933, 28.298756383000068 ], [ -115.257088232999934, 28.327435599000069 ], [ -115.248642452999945, 28.359315181000056 ], [ -115.234996318999947, 28.370230333000052 ], [ -115.214867471999924, 28.378279134000081 ], [ -115.191995014999918, 28.360835960000088 ], [ -115.19497965599993, 28.341358253000067 ], [ -115.184135885999922, 28.314740695000069 ], [ -115.173929610999949, 28.308830826000076 ], [ -115.175765637999916, 28.298818501000085 ], [ -115.168585382999936, 28.285121379000088 ], [ -115.162714721999919, 28.261342294000087 ], [ -115.172759568999936, 28.234564520000049 ], [ -115.172268374999931, 28.212645169000041 ], [ -115.158847946999913, 28.192840181000065 ], [ -115.155489886999931, 28.17070354000009 ], [ -115.159710334999943, 28.150714655000058 ] ] ], [ [ [ -110.534342194999908, 27.284356682000066 ], [ -110.588564314999928, 27.302735408000046 ], [ -110.604176023999912, 27.318023509000056 ], [ -110.606556769999941, 27.358587958000044 ], [ -110.604562954999949, 27.382513739000046 ], [ -110.597482876999948, 27.405747789000088 ], [ -110.593089712999927, 27.416985674000045 ], [ -110.598433307999926, 27.378078924000079 ], [ -110.59404179899991, 27.331831771000054 ], [ -110.575181964999899, 27.313715466000076 ], [ -110.53065936899992, 27.300391905000083 ], [ -110.534342194999908, 27.284356682000066 ] ] ], [ [ [ -87.373199022999927, 18.402492580000057 ], [ -87.379424607999908, 18.402492580000057 ], [ -87.37564042899993, 18.410264390000066 ], [ -87.358509894999941, 18.429388739000046 ], [ -87.348744269999941, 18.442572333000044 ], [ -87.343617316999939, 18.452337958000044 ], [ -87.337473110999952, 18.477769273000092 ], [ -87.331206834999932, 18.532416083000044 ], [ -87.328155076999906, 18.541245835000041 ], [ -87.324330206999946, 18.549790757000039 ], [ -87.318470831999946, 18.558417059000078 ], [ -87.310129360999952, 18.567206122000073 ], [ -87.328155076999906, 18.532700914000088 ], [ -87.322092251999948, 18.489243882000039 ], [ -87.334502732999908, 18.454372463000084 ], [ -87.373199022999927, 18.402492580000057 ] ] ], [ [ [ -114.687408006999931, 31.70180898600006 ], [ -114.693674282999893, 31.710272528000075 ], [ -114.715565558999913, 31.695217190000051 ], [ -114.762562628999945, 31.715643622000073 ], [ -114.798207160999937, 31.756659247000073 ], [ -114.786122199999909, 31.80304596600007 ], [ -114.755238410999937, 31.797796942000048 ], [ -114.710072394999941, 31.763739325000074 ], [ -114.669545050999943, 31.720933335000041 ], [ -114.652699347999942, 31.68976471600007 ], [ -114.666086391999897, 31.68976471600007 ], [ -114.67796790299991, 31.694403387000079 ], [ -114.687408006999931, 31.70180898600006 ] ] ], [ [ [ -113.1147917589999, 28.984477801000082 ], [ -113.123286524999912, 28.986357217000091 ], [ -113.13575669699992, 29.000333272000034 ], [ -113.147074210999904, 29.004075740000076 ], [ -113.159162918999925, 29.017744151000045 ], [ -113.190745171999936, 29.02875324200005 ], [ -113.199404688999948, 29.046809250000081 ], [ -113.216277337999941, 29.055408113000055 ], [ -113.229488302999926, 29.059573915000044 ], [ -113.243627546999903, 29.06947006900009 ], [ -113.25089085299993, 29.081976563000069 ], [ -113.258177664999948, 29.087713471000086 ], [ -113.262920136999924, 29.102877481000064 ], [ -113.275736889999905, 29.117226451000079 ], [ -113.292695815999934, 29.133263241000066 ], [ -113.300654090999899, 29.14509482200009 ], [ -113.312546125999916, 29.14626531600004 ], [ -113.321091091999904, 29.155550398000059 ], [ -113.335010524999916, 29.160959159000072 ], [ -113.35397443599993, 29.170739069000035 ], [ -113.362071669999921, 29.187579281000069 ], [ -113.387209499999926, 29.197237997000059 ], [ -113.405532775999916, 29.211974587000043 ], [ -113.431031513999926, 29.242771749000042 ], [ -113.427533386999926, 29.25201482500006 ], [ -113.43461267999993, 29.26677888100005 ], [ -113.450128240999902, 29.27971522200005 ], [ -113.464970126999901, 29.279067957000052 ], [ -113.48192959499994, 29.278443883000079 ], [ -113.496080308999922, 29.285201040000061 ], [ -113.503167546999919, 29.298122615000068 ], [ -113.504606685999931, 29.31658129300007 ], [ -113.511685285999931, 29.326409491000049 ], [ -113.524442289999911, 29.334423246000085 ], [ -113.531552040999941, 29.349202346000084 ], [ -113.539365260999944, 29.354764180000075 ], [ -113.543679725999937, 29.366527261000044 ], [ -113.558573538999894, 29.378214490000062 ], [ -113.560678185999905, 29.386168642000086 ], [ -113.57198453299992, 29.397790602000043 ], [ -113.58910418499994, 29.409598965000043 ], [ -113.593419426999901, 29.433628912000074 ], [ -113.588400516999911, 29.456846298000073 ], [ -113.57364640499992, 29.478520097000057 ], [ -113.564594835999912, 29.507679189000044 ], [ -113.568951531999915, 29.524473106000073 ], [ -113.571144405999917, 29.539949646000082 ], [ -113.559801705999917, 29.54427536500009 ], [ -113.558357346999912, 29.538080978000039 ], [ -113.549117495999894, 29.533139372000051 ], [ -113.535663713999895, 29.538128666000034 ], [ -113.523624382999913, 29.543113419000065 ], [ -113.523646349999922, 29.549928796000074 ], [ -113.510875745999897, 29.549337562000062 ], [ -113.510843841999929, 29.537581515000056 ], [ -113.499490830999946, 29.535137933000044 ], [ -113.476789048999933, 29.532103626000037 ], [ -113.463296843999899, 29.518877573000054 ], [ -113.4327737079999, 29.49253698800004 ], [ -113.419336478999924, 29.466392283000062 ], [ -113.395160474999898, 29.459317684000041 ], [ -113.394494038999937, 29.451168177000056 ], [ -113.385273808999898, 29.442559862000053 ], [ -113.385993391999932, 29.435119452000038 ], [ -113.373195341999917, 29.421643346000053 ], [ -113.361132952999924, 29.401929736000056 ], [ -113.363257464999947, 29.393283964000091 ], [ -113.349778631999925, 29.384066381000082 ], [ -113.361101045999931, 29.374184550000052 ], [ -113.373138164999943, 29.361205388000087 ], [ -113.375959211999941, 29.343928322000068 ], [ -113.372406296999941, 29.334687142000064 ], [ -113.370287135999945, 29.310008921000076 ], [ -113.345596754999917, 29.295826504000047 ], [ -113.306590062999931, 29.290325292000034 ], [ -113.29741479899991, 29.280457269000067 ], [ -113.285383667999895, 29.280460522000055 ], [ -113.276862386999937, 29.289100765000057 ], [ -113.264136498999903, 29.28848324900008 ], [ -113.25568157899994, 29.285394654000072 ], [ -113.238026733999902, 29.288472069000079 ], [ -113.221093926999913, 29.289078993000089 ], [ -113.206267651999894, 29.285371068000075 ], [ -113.182760148999932, 29.289693397000065 ], [ -113.168524502999901, 29.276117742000054 ], [ -113.178810752999937, 29.259458681000069 ], [ -113.177925915999936, 29.237876320000055 ], [ -113.171412833999909, 29.226131886000076 ], [ -113.172142346999919, 29.20639058800009 ], [ -113.172183265999934, 29.19467073800007 ], [ -113.165771776999918, 29.189100008000082 ], [ -113.170734930999913, 29.178614271000072 ], [ -113.173592756999938, 29.157020570000043 ], [ -113.174315440999919, 29.129247556000053 ], [ -113.170086266999931, 29.119985664000069 ], [ -113.158063585999912, 29.100211344000058 ], [ -113.154501466999932, 29.093400958000075 ], [ -113.1573818789999, 29.083551832000069 ], [ -113.148229583999921, 29.066266563000056 ], [ -113.138172980999911, 29.064886786000045 ], [ -113.124846653999896, 29.060636971000065 ], [ -113.117766261999918, 29.056293871000037 ], [ -113.10208382299993, 29.053105584000036 ], [ -113.116636247999907, 29.026198018000059 ], [ -113.114360645999909, 29.013734428000078 ], [ -113.1147917589999, 28.984477801000082 ] ] ], [ [ [ -112.289051886999914, 28.763006903000075 ], [ -112.304876768629242, 28.750224112903538 ], [ -112.289051886999971, 28.763006903000065 ], [ -112.274656898999979, 28.768387890000049 ], [ -112.27465689899995, 28.768387890000035 ], [ -112.289051886999914, 28.763006903000075 ] ] ], [ [ [ -112.359055353999921, 28.75823598000007 ], [ -112.345488785999976, 28.765191770000058 ], [ -112.345488785999933, 28.765191770000051 ], [ -112.359055353999906, 28.758235980000052 ], [ -112.359055353999921, 28.75823598000007 ] ] ], [ [ [ -112.367760102863116, 28.772111569643474 ], [ -112.366965251999943, 28.772016148000038 ], [ -112.366604088526543, 28.771386949831005 ], [ -112.366965251999943, 28.772016148000034 ], [ -112.367760102863116, 28.772111569643474 ] ] ], [ [ [ -112.425726244999922, 28.796911519000052 ], [ -112.41281887699995, 28.800127908000039 ], [ -112.412818876999921, 28.800127908000029 ], [ -112.425726244999908, 28.796911519000048 ], [ -112.425726244999922, 28.796911519000052 ] ] ], [ [ [ -112.555837127999894, 28.891784263000091 ], [ -112.526104266999965, 28.908841835000075 ], [ -112.526104267, 28.908841835000032 ], [ -112.555837127999951, 28.891784263000019 ], [ -112.569226711108413, 28.883699385836728 ], [ -112.555837127999894, 28.891784263000091 ] ] ], [ [ [ -112.499104878443561, 28.942227345590979 ], [ -112.499826626999933, 28.940415757000036 ], [ -112.50067030416939, 28.938805100397143 ], [ -112.499826626999948, 28.940415757000039 ], [ -112.499104878443561, 28.942227345590979 ] ] ], [ [ [ -112.489531087154162, 28.962648680746277 ], [ -112.490834113999924, 28.959418036000031 ], [ -112.49198057100341, 28.95737146775852 ], [ -112.490834113999938, 28.959418036000045 ], [ -112.489531087154162, 28.962648680746277 ] ] ], [ [ [ -112.500355522542748, 29.075629354724697 ], [ -112.500355597999928, 29.075628973000047 ], [ -112.501174094504606, 29.064563728389022 ], [ -112.500355597999942, 29.07562897300005 ], [ -112.500355522542748, 29.075629354724697 ] ] ], [ [ [ -112.492055093710576, 29.117619761169685 ], [ -112.492054816999939, 29.117621161000045 ], [ -112.480295376999948, 29.15493398600006 ], [ -112.479707789028566, 29.156176102259003 ], [ -112.480295376999948, 29.154933986000049 ], [ -112.492054816999925, 29.117621161000038 ], [ -112.492055093710576, 29.117619761169685 ] ] ], [ [ [ -112.465945300927444, 29.180036391614784 ], [ -112.464711066999939, 29.181830145000049 ], [ -112.452992316999939, 29.193548895000049 ], [ -112.448448413372475, 29.196267469776387 ], [ -112.452992316999939, 29.193548895000035 ], [ -112.464711066999939, 29.181830145000038 ], [ -112.465945300927444, 29.180036391614784 ] ] ], [ [ [ -112.438710089999944, 29.202093817000026 ], [ -112.438710089999915, 29.202093817000048 ], [ -112.422290182999916, 29.189389988000073 ], [ -112.40145189199994, 29.189440997000077 ], [ -112.401451891999969, 29.189440997000055 ], [ -112.422290182999959, 29.18938998800007 ], [ -112.438710089999944, 29.202093817000026 ] ] ], [ [ [ -112.389027291610361, 29.198526114029956 ], [ -112.379950439999902, 29.205163290000087 ], [ -112.362748134999947, 29.21773604100008 ], [ -112.344508783947092, 29.220689808751221 ], [ -112.362748134999947, 29.217736041000027 ], [ -112.379950439999959, 29.205163290000023 ], [ -112.389027291610361, 29.198526114029956 ] ] ], [ [ [ -112.343361767999937, 29.220875562000057 ], [ -112.343361767999909, 29.22087556200006 ], [ -112.316068891999961, 29.220302162000053 ], [ -112.343361767999937, 29.220875562000057 ] ] ], [ [ [ -112.287332853999942, 29.232996247000074 ], [ -112.299564535999977, 29.222822831000023 ], [ -112.314388442218458, 29.220558812890896 ], [ -112.299564535999934, 29.222822831000087 ], [ -112.287332853999942, 29.232996247000074 ] ] ], [ [ [ -112.267053627361506, 29.246010550470348 ], [ -112.277991961999987, 29.242467285000025 ], [ -112.287332853999942, 29.232996247000074 ], [ -112.27799196199993, 29.242467285000089 ], [ -112.267053627361506, 29.246010550470348 ] ] ], [ [ [ -112.263566509999919, 29.192840508000074 ], [ -112.267152486999919, 29.184665715000051 ], [ -112.268558370999926, 29.175270872000056 ], [ -112.274286059999895, 29.165222437000068 ], [ -112.2684819239999, 29.152726306000091 ], [ -112.272747047999928, 29.137675178000052 ], [ -112.235312954999927, 29.095725314000049 ], [ -112.195606065999925, 29.02132978700007 ], [ -112.213543018999928, 28.986747267000055 ], [ -112.214898694999931, 28.954147638000052 ], [ -112.228424120999932, 28.903951465000034 ], [ -112.233144224485969, 28.89941869679696 ], [ -112.228424120999975, 28.903951465000027 ], [ -112.214898694999988, 28.954147638000048 ], [ -112.213543018999985, 28.986747267000048 ], [ -112.195606065999982, 29.021329787000067 ], [ -112.235312954999969, 29.095725314000045 ], [ -112.272747047999985, 29.137675178000048 ], [ -112.268481923999957, 29.15272630600003 ], [ -112.274286059999952, 29.165222437000075 ], [ -112.268558370999983, 29.175270872000048 ], [ -112.267152486999962, 29.184665715000044 ], [ -112.263566509999961, 29.192840508000074 ], [ -112.265735390999964, 29.197847286000069 ], [ -112.277239573999964, 29.209133718000025 ], [ -112.281568881999974, 29.225470832000028 ], [ -112.267196605999956, 29.238094579000066 ], [ -112.264337222999984, 29.246890478000047 ], [ -112.264337222999927, 29.246890478000068 ], [ -112.267196605999914, 29.238094579000062 ], [ -112.281568881999931, 29.225470832000042 ], [ -112.277239573999907, 29.209133718000089 ], [ -112.265735390999907, 29.197847286000069 ], [ -112.263566509999919, 29.192840508000074 ] ] ], [ [ [ -112.254137056999966, 28.85687883800005 ], [ -112.23768415399995, 28.876342013000045 ], [ -112.243473627999933, 28.889499255000029 ], [ -112.243473627999919, 28.889499255000036 ], [ -112.237684153999908, 28.876342013000055 ], [ -112.254137056999923, 28.856878838000057 ], [ -112.259109819999935, 28.837435669000058 ], [ -112.267546614950149, 28.827850934635332 ], [ -112.259109819999978, 28.837435669000058 ], [ -112.254137056999966, 28.85687883800005 ] ] ], [ [ [ -112.253187350999937, 28.76905021400006 ], [ -112.261089263999963, 28.780332430000033 ], [ -112.272563576999957, 28.78409566300007 ], [ -112.276229260999955, 28.805450989000068 ], [ -112.271845531509499, 28.821489497059758 ], [ -112.276229260999912, 28.805450989000065 ], [ -112.272563576999914, 28.784095663000073 ], [ -112.261089263999907, 28.780332430000044 ], [ -112.253187350999895, 28.76905021400006 ], [ -112.25771712562333, 28.766486867660401 ], [ -112.253187350999937, 28.76905021400006 ] ] ], [ [ [ -86.741566535999937, 21.287665106000077 ], [ -86.73851477799991, 21.266750393000052 ], [ -86.727528449999909, 21.24290599200009 ], [ -86.700591600999928, 21.198919989000046 ], [ -86.720041469999899, 21.212713934000078 ], [ -86.739572719999899, 21.24282461100006 ], [ -86.749867316999939, 21.273138739000046 ], [ -86.741566535999937, 21.287665106000077 ] ] ], [ [ [ -86.737456834999932, 20.592271226000037 ], [ -86.735340949999909, 20.585353908000059 ], [ -86.737212693999936, 20.582180080000057 ], [ -86.749012824999909, 20.567694403000075 ], [ -86.784331834999932, 20.509833075000074 ], [ -86.79710852799991, 20.477484442000048 ], [ -86.813547329999949, 20.461127020000049 ], [ -86.84398352799991, 20.437323309000078 ], [ -86.85570227799991, 20.420843817000048 ], [ -86.880767381999931, 20.375921942000048 ], [ -86.885568813999896, 20.35883209800005 ], [ -86.889800584999932, 20.353664455000057 ], [ -86.899240688999896, 20.348456122000073 ], [ -86.908558722999942, 20.341538804000038 ], [ -86.912912563999896, 20.33148834800005 ], [ -86.916900193999936, 20.324611721000053 ], [ -86.926503058999913, 20.313706773000035 ], [ -86.97915605399993, 20.267808335000041 ], [ -86.995269334999932, 20.260809637000079 ], [ -87.00226803299995, 20.270086981000077 ], [ -87.005238410999937, 20.290187893000052 ], [ -87.018869594999899, 20.332464911000045 ], [ -87.022775844999899, 20.355414130000042 ], [ -87.019683397999927, 20.397447007000039 ], [ -87.007883266999897, 20.436224677000041 ], [ -86.968129035999937, 20.506252346000053 ], [ -86.936756964999915, 20.54718659100007 ], [ -86.929514126999948, 20.550034898000035 ], [ -86.913685675999943, 20.563421942000048 ], [ -86.905425584999932, 20.567694403000075 ], [ -86.896880662999934, 20.56781647300005 ], [ -86.890533006999931, 20.565334377000056 ], [ -86.885731574999909, 20.562323309000078 ], [ -86.882191535999937, 20.56085846600007 ], [ -86.871245897999927, 20.558579820000091 ], [ -86.84634355399993, 20.548976955000057 ], [ -86.837147589999915, 20.54718659100007 ], [ -86.823719855999911, 20.549994208000044 ], [ -86.801747199999909, 20.562567450000074 ], [ -86.789214647999927, 20.559881903000075 ], [ -86.771311001999948, 20.566107489000046 ], [ -86.755686001999948, 20.577541408000059 ], [ -86.749012824999909, 20.592230536000045 ], [ -86.746896938999896, 20.595892645000049 ], [ -86.742176886999914, 20.595892645000049 ], [ -86.737456834999932, 20.592271226000037 ] ] ], [ [ [ -91.538889126999948, 18.793117580000057 ], [ -91.532460089999915, 18.785345770000049 ], [ -91.527333136999914, 18.777085679000038 ], [ -91.524403449999909, 18.766587632000039 ], [ -91.524566209999932, 18.752142645000049 ], [ -91.528797980999911, 18.755275783000059 ], [ -91.532053188999896, 18.758978583000044 ], [ -91.553944464999915, 18.744940497000073 ], [ -91.565907355999911, 18.740179755000042 ], [ -91.579213019999941, 18.738511460000041 ], [ -91.574615037999934, 18.745917059000078 ], [ -91.568511522999927, 18.751654364000046 ], [ -91.560902472999942, 18.755926825000074 ], [ -91.551869269999941, 18.758978583000044 ], [ -91.571644660999937, 18.757228908000059 ], [ -91.606027798999946, 18.743719794000071 ], [ -91.620838995999918, 18.744696356000077 ], [ -91.660064256999931, 18.692328192000048 ], [ -91.688872850999928, 18.669419664000088 ], [ -91.723215298999946, 18.662787177000041 ], [ -91.702748175999943, 18.697495835000041 ], [ -91.755116339999915, 18.667141018000052 ], [ -91.785959438999896, 18.654364325000074 ], [ -91.816273566999939, 18.649115302000041 ], [ -91.835682745999918, 18.649115302000041 ], [ -91.842681443999936, 18.651190497000073 ], [ -91.838246222999942, 18.658189195000091 ], [ -91.823150193999936, 18.673325914000088 ], [ -91.812163865999935, 18.679754950000074 ], [ -91.76821855399993, 18.697495835000041 ], [ -91.740223761999914, 18.703802802000041 ], [ -91.6858870289999, 18.731533386000081 ], [ -91.646554346999949, 18.755841064000037 ], [ -91.600331183999913, 18.772040106000077 ], [ -91.555734829999949, 18.791693427000041 ], [ -91.538889126999948, 18.793117580000057 ] ] ], [ [ [ -87.255482550999943, 18.724269924000055 ], [ -87.248158331999946, 18.676214911000045 ], [ -87.249867316999939, 18.650864976000037 ], [ -87.262928839999915, 18.628648179000038 ], [ -87.258615688999896, 18.65696849200009 ], [ -87.269154425999943, 18.738511460000041 ], [ -87.255482550999943, 18.724269924000055 ] ] ] ] } }
]
}
