{
  "type": "FeatureCollection",
  "features": [
    {
      "type": "Feature",
      "geometry": {
        "type": "MultiPolygon",
        "coordinates": [
          [
            [
              [
                153.70085696700005,
                5.316961981000076
              ],
              [
                153.71070397200003,
                5.314601955000053
              ],
              [
                153.70769290500004,
                5.305365302000035
              ],
              [
                153.69410241000003,
                5.296454169000071
              ],
              [
                153.6782332690001,
                5.289496161000041
              ],
              [
                153.66773522200003,
                5.286037502000055
              ],
              [
                153.67172285200002,
                5.297674872000072
              ],
              [
                153.68531334700003,
                5.30971914300005
              ],
              [
                153.70085696700005,
                5.316961981000076
              ]
            ]
          ]
        ]
      },
      "properties": {
        "title": "mort1237: Mortlockese",
        "fill": "#0000ff",
        "family": "Austronesian",
        "cldf:languageReference": "mort1237",
        "fill-opacity": 0.3,
        "Macroarea": "None",
        "ISO639P3code": "None",
        "Feature_IDs": "['3956']",
        "Glottolog_Languoid_Level": "language",
        "Family": "Austronesian",
        "Speaker_Area": "languages",
        "Maps": "['Map 28 Micronesia [10]']",
        "stroke": "#F2F3F4"
      }
    },
    {
      "type": "Feature",
      "geometry": {
        "type": "MultiPolygon",
        "coordinates": [
          [
            [
              [
                155.14126945720017,
                7.552485607428172
              ],
              [
                155.14127059345864,
                7.55260531485719
              ],
              [
                155.14595786419207,
                7.63275764439918
              ],
              [
                155.14597035452613,
                7.632872967298145
              ],
              [
                155.14608053051774,
                7.63283668189741
              ],
              [
                155.21405284766675,
                7.606658154346774
              ],
              [
                155.21454428496935,
                7.606497529644085
              ],
              [
                155.21504968200193,
                7.606388512411809
              ],
              [
                155.21556363483876,
                7.606332268309801
              ],
              [
                155.21608064807162,
                7.606329398724562
              ],
              [
                155.21659519356928,
                7.606379934338951
              ],
              [
                155.21710176958658,
                7.606483334804108
              ],
              [
                155.24270448137887,
                7.613104725784869
              ],
              [
                155.24281830611247,
                7.6131284958027905
              ],
              [
                155.2429271085836,
                7.613087470127674
              ],
              [
                155.3004986183603,
                7.588216577904129
              ],
              [
                155.30093490777134,
                7.588051793889846
              ],
              [
                155.3013846526879,
                7.587928376988408
              ],
              [
                155.30184394028925,
                7.587847400937829
              ],
              [
                155.30230877473244,
                7.587809570236942
              ],
              [
                155.30277511191656,
                7.587815214016208
              ],
              [
                155.33082555996174,
                7.589465240371807
              ],
              [
                155.3313236075436,
                7.589519682209891
              ],
              [
                155.3318137063975,
                7.589623693848341
              ],
              [
                155.33229093563085,
                7.589776230946621
              ],
              [
                155.33275050356997,
                7.589975761938864
              ],
              [
                155.3331877958713,
                7.590220283411737
              ],
              [
                155.33359842185246,
                7.59050734021993
              ],
              [
                155.33397825857713,
                7.5908340501373255
              ],
              [
                155.334323492252,
                7.591197132796306
              ],
              [
                155.33463065651964,
                7.5915929426246604
              ],
              [
                155.33489666726265,
                7.59201750544936
              ],
              [
                155.35136636745654,
                7.621489600533205
              ],
              [
                155.35143012827214,
                7.621591550501152
              ],
              [
                155.35154944514917,
                7.621606474321445
              ],
              [
                155.3950352760839,
                7.624879601381049
              ],
              [
                155.39514972737572,
                7.624882856240713
              ],
              [
                155.3952359050114,
                7.624807469852865
              ],
              [
                155.4190439553168,
                7.6019330685790525
              ],
              [
                155.419123878347,
                7.60184858252788
              ],
              [
                155.41910108851135,
                7.601734537769612
              ],
              [
                155.4003246733217,
                7.526628877011072
              ],
              [
                155.40023326469068,
                7.526174775657846
              ],
              [
                155.40018427202713,
                7.525714163786803
              ],
              [
                155.4001781158127,
                7.525250994619164
              ],
              [
                155.4002148488834,
                7.52478924332426
              ],
              [
                155.400294155976,
                7.524332872902468
              ],
              [
                155.40041535643405,
                7.523885800172591
              ],
              [
                155.40057741004935,
                7.523451862155591
              ],
              [
                155.40077892598975,
                7.523034783143185
              ],
              [
                155.42424583326058,
                7.479711262027814
              ],
              [
                155.42429577982915,
                7.479607704600342
              ],
              [
                155.42425131209393,
                7.47950167903253
              ],
              [
                155.391911139076,
                7.411540445878913
              ],
              [
                155.39185657379767,
                7.411438447151265
              ],
              [
                155.39175097748839,
                7.411391218668972
              ],
              [
                155.35718568938978,
                7.397845362522215
              ],
              [
                155.3570680028066,
                7.397805950856215
              ],
              [
                155.35694590515908,
                7.397828212386631
              ],
              [
                155.22506910095206,
                7.428802835438815
              ],
              [
                155.22495732360943,
                7.428834805282308
              ],
              [
                155.22492982334452,
                7.42894776536645
              ],
              [
                155.21444861432303,
                7.4831766294341975
              ],
              [
                155.2143218303286,
                7.483686912204169
              ],
              [
                155.21414216053327,
                7.4841810594000835
              ],
              [
                155.2139115918169,
                7.484653606491489
              ],
              [
                155.21363267392528,
                7.485099327812848
              ],
              [
                155.21330849127403,
                7.485513294351602
              ],
              [
                155.21294262883941,
                7.485890928255691
              ],
              [
                155.14135307234937,
                7.55239993557548
              ],
              [
                155.14126945720017,
                7.552485607428172
              ]
            ],
            [
              [
                155.21037811746496,
                7.595273192504599
              ],
              [
                155.21027157660222,
                7.595306691121489
              ],
              [
                155.1719805400733,
                7.609271657384973
              ],
              [
                155.17154178279415,
                7.609409170799601
              ],
              [
                155.17109224832367,
                7.609505797136794
              ],
              [
                155.17063573824697,
                7.609560719255099
              ],
              [
                155.17017611313997,
                7.609573472693783
              ],
              [
                155.1697172599214,
                7.609543949600643
              ],
              [
                155.1692630589825,
                7.60947239964408
              ],
              [
                155.16881735137136,
                7.609359427901727
              ],
              [
                155.15789489038008,
                7.606049591237701
              ],
              [
                155.15741644835748,
                7.605877599253837
              ],
              [
                155.15695794588294,
                7.605657909717558
              ],
              [
                155.15652412365216,
                7.605392794113317
              ],
              [
                155.15611946717902,
                7.605084993609327
              ],
              [
                155.1557481604174,
                7.604737690715198
              ],
              [
                155.15541404250112,
                7.60435447637631
              ],
              [
                155.15512056804923,
                7.603939312845161
              ],
              [
                155.1548707714468,
                7.603496492713574
              ],
              [
                155.15466723547098,
                7.603030594529361
              ],
              [
                155.1545120645861,
                7.60254643545633
              ],
              [
                155.15440686318473,
                7.602049021467122
              ],
              [
                155.14735443420145,
                7.557660203748719
              ],
              [
                155.14730243276455,
                7.557190683592562
              ],
              [
                155.14729497331723,
                7.556718351418004
              ],
              [
                155.14733212244354,
                7.556247423324883
              ],
              [
                155.14741354854544,
                7.555782102880018
              ],
              [
                155.14753852480266,
                7.555326543595616
              ],
              [
                155.14770593566055,
                7.554884811854466
              ],
              [
                155.14791428678748,
                7.554460850612865
              ],
              [
                155.1481617184136,
                7.554058444205269
              ],
              [
                155.14844602193128,
                7.553681184564815
              ],
              [
                155.14876465960947,
                7.5533324391612515
              ],
              [
                155.1491147872459,
                7.55301532094246
              ],
              [
                155.22391223184894,
                7.491444253738734
              ],
              [
                155.2240061049044,
                7.491358453068985
              ],
              [
                155.22403246928636,
                7.491234039143193
              ],
              [
                155.23240809497602,
                7.438335350576933
              ],
              [
                155.2325112501366,
                7.4378446310204165
              ],
              [
                155.2326630383574,
                7.437366711564511
              ],
              [
                155.23286193297267,
                7.436906399059451
              ],
              [
                155.2331059335269,
                7.436468323267103
              ],
              [
                155.233392585895,
                7.436056890295442
              ],
              [
                155.2337190069656,
                7.435676238282498
              ],
              [
                155.2340819136391,
                7.435330195775518
              ],
              [
                155.23447765584848,
                7.43502224322395
              ],
              [
                155.23490225327131,
                7.4347554779735425
              ],
              [
                155.23535143536327,
                7.434532583113652
              ],
              [
                155.2358206843107,
                7.434355800491095
              ],
              [
                155.2363052804702,
                7.43422690816194
              ],
              [
                155.35507324314773,
                7.408937912306651
              ],
              [
                155.3555704660944,
                7.408857970440312
              ],
              [
                155.3560732085749,
                7.408828451649353
              ],
              [
                155.35657637033992,
                7.408849655397613
              ],
              [
                155.35707484688658,
                7.408921366576151
              ],
              [
                155.3575635812429,
                7.409042857685502
              ],
              [
                155.35803761527,
                7.409212896216046
              ],
              [
                155.38304107871468,
                7.419631005984679
              ],
              [
                155.38351188216257,
                7.419856705330074
              ],
              [
                155.38395658311413,
                7.420130269115533
              ],
              [
                155.38437033261994,
                7.420448714444423
              ],
              [
                155.3847486192202,
                7.420808569038798
              ],
              [
                155.38508731813718,
                7.42120590910057
              ],
              [
                155.38538273625093,
                7.421636402095992
              ],
              [
                155.3856316523687,
                7.422095353996924
              ],
              [
                155.41231481512932,
                7.478086252904498
              ],
              [
                155.41250678707553,
                7.478546988744972
              ],
              [
                155.41265186641238,
                7.47902456882083
              ],
              [
                155.41274860739088,
                7.47951423393691
              ],
              [
                155.41279604596502,
                7.480011104467847
              ],
              [
                155.4127937093985,
                7.480510228984664
              ],
              [
                155.4127416209757,
                7.481006633596894
              ],
              [
                155.4126402997698,
                7.481495371518546
              ],
              [
                155.41249075546983,
                7.481971572363962
              ],
              [
                155.4122944783191,
                7.482430490682327
              ],
              [
                155.41205342426449,
                7.482867553247173
              ],
              [
                155.38534241397804,
                7.526050353210308
              ],
              [
                155.38528465852303,
                7.526154781320534
              ],
              [
                155.38531705944084,
                7.526269633848899
              ],
              [
                155.4082169984241,
                7.594520432387353
              ],
              [
                155.40834817564405,
                7.594984504757796
              ],
              [
                155.40843403446888,
                7.595459056009228
              ],
              [
                155.408473776169,
                7.595939671474348
              ],
              [
                155.40846703103426,
                7.596421880071529
              ],
              [
                155.40841386181353,
                7.596901195898522
              ],
              [
                155.40831476313076,
                7.59737315996401
              ],
              [
                155.40817065688367,
                7.597833381668828
              ],
              [
                155.40798288366744,
                7.598277579650937
              ],
              [
                155.4077531903035,
                7.598701621614194
              ],
              [
                155.40748371358904,
                7.599101562770367
              ],
              [
                155.4071769604188,
                7.599473682536824
              ],
              [
                155.4068357844639,
                7.599814519148457
              ],
              [
                155.39101892774784,
                7.614160040356055
              ],
              [
                155.39063978233781,
                7.614471419836299
              ],
              [
                155.3902319451647,
                7.614744141787909
              ],
              [
                155.3897993430222,
                7.614975580352048
              ],
              [
                155.38934614114947,
                7.615163507160246
              ],
              [
                155.3888767031269,
                7.615306112789881
              ],
              [
                155.38839554886184,
                7.615402024185905
              ],
              [
                155.3879073110697,
                7.615450317881085
              ],
              [
                155.38741669066843,
                7.615450528887453
              ],
              [
                155.38692841151655,
                7.615402655173369
              ],
              [
                155.38644717493023,
                7.615307157683078
              ],
              [
                155.35897200294693,
                7.608438364687249
              ],
              [
                155.35852446845783,
                7.608303974278516
              ],
              [
                155.3580914341263,
                7.6081283919086315
              ],
              [
                155.35767668203786,
                7.6079131510992735
              ],
              [
                155.35728383460238,
                7.6076601317456
              ],
              [
                155.3569163229164,
                7.6073715436974005
              ],
              [
                155.35657735679612,
                7.607049907458457
              ],
              [
                155.3562698967432,
                7.606698032172674
              ],
              [
                155.3559966280879,
                7.606318991089259
              ],
              [
                155.33598063490717,
                7.575627801545487
              ],
              [
                155.33590775636597,
                7.57552759357446
              ],
              [
                155.33578389102405,
                7.5755243847860205
              ],
              [
                155.29840866393198,
                7.576458765463323
              ],
              [
                155.29829903097712,
                7.576466369814279
              ],
              [
                155.2981952360671,
                7.57650247836683
              ],
              [
                155.24395585004106,
                7.598106301614487
              ],
              [
                155.24350194481812,
                7.598262297802966
              ],
              [
                155.24303517363964,
                7.598374053917595
              ],
              [
                155.24255983761086,
                7.598440540171539
              ],
              [
                155.24208031675863,
                7.598461143921195
              ],
              [
                155.24160102967124,
                7.598435675311449
              ],
              [
                155.2104896253479,
                7.595279445887339
              ],
              [
                155.21037811746496,
                7.595273192504599
              ]
            ]
          ],
          [
            [
              [
                153.70115967330085,
                5.520435309427721
              ],
              [
                153.7012279892529,
                5.5205404481607205
              ],
              [
                153.73022762215683,
                5.560531877407215
              ],
              [
                153.73030678894793,
                5.560630028983601
              ],
              [
                153.73042811452723,
                5.560664397816783
              ],
              [
                153.74663182330528,
                5.564368102680338
              ],
              [
                153.74675808518958,
                5.5643901228547294
              ],
              [
                153.74687857856532,
                5.564346438785417
              ],
              [
                153.78613585629418,
                5.547755565459534
              ],
              [
                153.7862490539011,
                5.547700820175214
              ],
              [
                153.7863489326664,
                5.547624433156894
              ],
              [
                153.82800196213526,
                5.512289559843432
              ],
              [
                153.82808996437885,
                5.512207026325369
              ],
              [
                153.82805677001545,
                5.512091033607274
              ],
              [
                153.82108506158818,
                5.491640688887295
              ],
              [
                153.82104026476068,
                5.491528139718854
              ],
              [
                153.82091913986073,
                5.4915298218778466
              ],
              [
                153.79591491217045,
                5.493135597968048
              ],
              [
                153.7954214605545,
                5.493142882594403
              ],
              [
                153.79492969439295,
                5.493101486877061
              ],
              [
                153.75700732133666,
                5.488014339271947
              ],
              [
                153.75686750313932,
                5.488003577327845
              ],
              [
                153.75672883146302,
                5.488024436712671
              ],
              [
                153.71419496447865,
                5.496905134214904
              ],
              [
                153.71408461200173,
                5.496933529121595
              ],
              [
                153.7139918699872,
                5.496999732283242
              ],
              [
                153.70430906884488,
                5.5046076474664964
              ],
              [
                153.70421471152582,
                5.504689890879399
              ],
              [
                153.70418464374745,
                5.504811394835586
              ],
              [
                153.7011772266434,
                5.520311159910231
              ],
              [
                153.70115967330085,
                5.520435309427721
              ]
            ],
            [
              [
                153.78202645455846,
                5.531019523210086
              ],
              [
                153.7819863455915,
                5.531138207321834
              ],
              [
                153.78000759778817,
                5.538153767715483
              ],
              [
                153.77984842933367,
                5.5386264524661595
              ],
              [
                153.7796429598545,
                5.5390809277279285
              ],
              [
                153.77939323389916,
                5.5395126711907
              ],
              [
                153.77910173639538,
                5.539917386739849
              ],
              [
                153.77877136792375,
                5.5402910472052165
              ],
              [
                153.77840541585496,
                5.540629934433946
              ],
              [
                153.7780075216386,
                5.540930676288402
              ],
              [
                153.77758164456836,
                5.5411902802010315
              ],
              [
                153.7535536181617,
                5.554239984197741
              ],
              [
                153.7530938437512,
                5.554460119066393
              ],
              [
                153.75261404494,
                5.554632296212744
              ],
              [
                153.75211920879283,
                5.55475472601466
              ],
              [
                153.7516144786736,
                5.554826135927626
              ],
              [
                153.75110510078486,
                5.554845783711668
              ],
              [
                153.7505963696385,
                5.55481346514625
              ],
              [
                153.73415503293788,
                5.552923656330088
              ],
              [
                153.73365455087492,
                5.552840215685411
              ],
              [
                153.7331651022241,
                5.552706482163985
              ],
              [
                153.73269172722263,
                5.5525238329249245
              ],
              [
                153.73223930058475,
                5.552294148850909
              ],
              [
                153.73181248130285,
                5.552019795179255
              ],
              [
                153.73141566467038,
                5.551703597145215
              ],
              [
                153.73105293701988,
                5.551348810888306
              ],
              [
                153.73072803364286,
                5.550959089921287
              ],
              [
                153.7304443003246,
                5.550538447507066
              ],
              [
                153.7143963007223,
                5.5239272076602095
              ],
              [
                153.71415886854393,
                5.523484648130266
              ],
              [
                153.71396703119058,
                5.523020502240785
              ],
              [
                153.71382272417048,
                5.522539452907743
              ],
              [
                153.71372740344322,
                5.522046353591355
              ],
              [
                153.71368203073004,
                5.521546179327956
              ],
              [
                153.71368706381068,
                5.5210439765352834
              ],
              [
                153.71374245190484,
                5.520544812097553
              ],
              [
                153.71384763618434,
                5.520053722244048
              ],
              [
                153.71400155541141,
                5.51957566173699
              ],
              [
                153.7187441886924,
                5.5070415594943665
              ],
              [
                153.71894680551904,
                5.506578312169903
              ],
              [
                153.71919517186979,
                5.506137896663953
              ],
              [
                153.71948674793381,
                5.505724816694762
              ],
              [
                153.71981855203492,
                5.505343296445561
              ],
              [
                153.7201871911223,
                5.50499723736778
              ],
              [
                153.72058889546815,
                5.504690178284556
              ],
              [
                153.72101955721712,
                5.504425259202489
              ],
              [
                153.72147477239352,
                5.504205189201723
              ],
              [
                153.7219498859367,
                5.504032218732719
              ],
              [
                153.722440039304,
                5.503908116602989
              ],
              [
                153.73820858036012,
                5.500754408391761
              ],
              [
                153.73885875894953,
                5.500668240267283
              ],
              [
                153.77336149283565,
                5.498383291003301
              ],
              [
                153.77380404914317,
                5.498373620521428
              ],
              [
                153.77424572638768,
                5.498403130099961
              ],
              [
                153.77468306270995,
                5.498471588443291
              ],
              [
                153.79483449996258,
                5.502547160022465
              ],
              [
                153.79495077392156,
                5.502565000204935
              ],
              [
                153.79506832805345,
                5.5025606491422945
              ],
              [
                153.80786343170138,
                5.501479372777678
              ],
              [
                153.80834831495986,
                5.501462021920115
              ],
              [
                153.80883259698558,
                5.501491749788921
              ],
              [
                153.8093117175305,
                5.501568276451232
              ],
              [
                153.80978116494975,
                5.501690881292731
              ],
              [
                153.8102365186856,
                5.501858409803327
              ],
              [
                153.81067349089363,
                5.502069284448609
              ],
              [
                153.81108796681934,
                5.502321519524728
              ],
              [
                153.81147604354473,
                5.502612739856793
              ],
              [
                153.8118340667403,
                5.502940203164742
              ],
              [
                153.8121586650759,
                5.503300825886058
              ],
              [
                153.8124467819671,
                5.503691212212174
              ],
              [
                153.81269570435742,
                5.50410768606515
              ],
              [
                153.8129030882659,
                5.504546325713509
              ],
              [
                153.81306698085928,
                5.505003000701271
              ],
              [
                153.8131858388408,
                5.505473410742449
              ],
              [
                153.81325854298274,
                5.5059531262147425
              ],
              [
                153.81328440866557,
                5.506437629871141
              ],
              [
                153.81326319232477,
                5.506922359376634
              ],
              [
                153.8131950937443,
                5.507402750269499
              ],
              [
                153.8130807541753,
                5.5078742789426185
              ],
              [
                153.81292125029782,
                5.508332505240081
              ],
              [
                153.81271808408226,
                5.508773114267971
              ],
              [
                153.81247316864588,
                5.50919195702562
              ],
              [
                153.8121888102381,
                5.509585089474725
              ],
              [
                153.81001996100386,
                5.512296151017538
              ],
              [
                153.80967227494776,
                5.512686958627575
              ],
              [
                153.80928566252447,
                5.513039303651442
              ],
              [
                153.80886435507063,
                5.513349329797135
              ],
              [
                153.78212745730778,
                5.530945407811992
              ],
              [
                153.78202645455846,
                5.531019523210086
              ]
            ]
          ],
          [
            [
              [
                153.44750683882776,
                5.459549527998844
              ],
              [
                153.44757462651447,
                5.4596555947886305
              ],
              [
                153.48504348793443,
                5.512112000776558
              ],
              [
                153.48511493928083,
                5.512202577866861
              ],
              [
                153.48522697812726,
                5.512175067849821
              ],
              [
                153.52691210881525,
                5.499806952151194
              ],
              [
                153.52740456267526,
                5.499687620835212
              ],
              [
                153.52790656541646,
                5.49961874402474
              ],
              [
                153.5284129614553,
                5.499601029086731
              ],
              [
                153.52891855008895,
                5.499634657954142
              ],
              [
                153.55171565264916,
                5.502316670020053
              ],
              [
                153.55203470401295,
                5.502364687210507
              ],
              [
                153.57479785336758,
                5.506545673826663
              ],
              [
                153.5749131013544,
                5.506561261479297
              ],
              [
                153.57501870958757,
                5.506512558559388
              ],
              [
                153.64626420089505,
                5.4694836518929995
              ],
              [
                153.64637422240713,
                5.469419045902739
              ],
              [
                153.6464490412066,
                5.469315697877412
              ],
              [
                153.68423655746017,
                5.411001629584907
              ],
              [
                153.68447562552424,
                5.4106641506896285
              ],
              [
                153.68474176654408,
                5.410347583948511
              ],
              [
                153.74926368839124,
                5.339747510043272
              ],
              [
                153.74933826156428,
                5.3396576105671025
              ],
              [
                153.74930746745994,
                5.339544939376928
              ],
              [
                153.74280107894575,
                5.319561031797557
              ],
              [
                153.7427572700763,
                5.319446330531546
              ],
              [
                153.74264980199447,
                5.319386948641637
              ],
              [
                153.72230648346547,
                5.3094413262496865
              ],
              [
                153.72185507195442,
                5.309190977744314
              ],
              [
                153.7214318767485,
                5.308895423106114
              ],
              [
                153.72104140820684,
                5.308557812317723
              ],
              [
                153.69866203658827,
                5.2870918844386985
              ],
              [
                153.69856324984607,
                5.287006651839122
              ],
              [
                153.69844285898873,
                5.2869563581219925
              ],
              [
                153.65260749949422,
                5.270586586873951
              ],
              [
                153.65249160815935,
                5.27055155852226
              ],
              [
                153.65238527409568,
                5.2706094450820595
              ],
              [
                153.61638536817088,
                5.2925834136335554
              ],
              [
                153.61629182083703,
                5.292646521943441
              ],
              [
                153.61621873277696,
                5.29273249809085
              ],
              [
                153.56560113111243,
                5.358075220239625
              ],
              [
                153.56530045933104,
                5.3584282471289555
              ],
              [
                153.56496837508274,
                5.3587519005805735
              ],
              [
                153.56460773471056,
                5.35904339676693
              ],
              [
                153.56422164017616,
                5.359300228453482
              ],
              [
                153.5638134123791,
                5.359520186564069
              ],
              [
                153.56338656259285,
                5.35970137918175
              ],
              [
                153.56294476226353,
                5.35984224782168
              ],
              [
                153.4946291143145,
                5.378182019083162
              ],
              [
                153.49452002350424,
                5.378216856357227
              ],
              [
                153.49447346454843,
                5.378321482855673
              ],
              [
                153.4765879042182,
                5.42418189395885
              ],
              [
                153.4764092783943,
                5.424586150059173
              ],
              [
                153.4761956521606,
                5.424973053163206
              ],
              [
                153.47594869462324,
                5.4253395803168365
              ],
              [
                153.47567033531254,
                5.425682867767472
              ],
              [
                153.4753627491075,
                5.426000233339143
              ],
              [
                153.45088278466102,
                5.449120199760786
              ],
              [
                153.45079634390999,
                5.449210535030664
              ],
              [
                153.4507524578636,
                5.449327609705229
              ],
              [
                153.44753877133232,
                5.459427767374896
              ],
              [
                153.44750683882776,
                5.459549527998844
              ]
            ],
            [
              [
                153.51202181950072,
                5.388039945354422
              ],
              [
                153.5123639675501,
                5.3877051544485814
              ],
              [
                153.51273656342786,
                5.387404617345699
              ],
              [
                153.51313619191663,
                5.38714108877172
              ],
              [
                153.51355919001784,
                5.386916984232067
              ],
              [
                153.51400168052692,
                5.386734357871088
              ],
              [
                153.57056957677844,
                5.36649868766729
              ],
              [
                153.57067899780554,
                5.366453517868151
              ],
              [
                153.57075523209815,
                5.366362955158217
              ],
              [
                153.6180714703911,
                5.304346526327626
              ],
              [
                153.61837437902466,
                5.303986058123952
              ],
              [
                153.6187098515895,
                5.3036556808783715
              ],
              [
                153.61907491323612,
                5.30335832425692
              ],
              [
                153.61946632672976,
                5.303096625110667
              ],
              [
                153.619880621157,
                5.302872904093075
              ],
              [
                153.62031412270454,
                5.302689145081286
              ],
              [
                153.62076298723736,
                5.302546977583812
              ],
              [
                153.64804765358568,
                5.29529948808504
              ],
              [
                153.64850502074307,
                5.295200654477883
              ],
              [
                153.64896962425456,
                5.295145009391182
              ],
              [
                153.64943739507058,
                5.295133040170836
              ],
              [
                153.64990423640197,
                5.295164851644617
              ],
              [
                153.6503660596001,
                5.295240165204078
              ],
              [
                153.67271573902826,
                5.299967982006191
              ],
              [
                153.6731712153256,
                5.300086985236848
              ],
              [
                153.67361348065867,
                5.300248297981304
              ],
              [
                153.67403861442617,
                5.300450490231588
              ],
              [
                153.67444284789505,
                5.3006917695903955
              ],
              [
                153.7126385848764,
                5.326002197710585
              ],
              [
                153.7127057993049,
                5.326045209498992
              ],
              [
                153.72386559651673,
                5.332938025423932
              ],
              [
                153.72427472319163,
                5.333219722040152
              ],
              [
                153.72465388021632,
                5.333540623224808
              ],
              [
                153.72499932549877,
                5.333897561842125
              ],
              [
                153.7253076496651,
                5.334287015084711
              ],
              [
                153.72557580970843,
                5.334705139241924
              ],
              [
                153.725801159022,
                5.3351478076353915
              ],
              [
                153.72598147351965,
                5.3356106513472845
              ],
              [
                153.72611497358656,
                5.336089102339374
              ],
              [
                153.7262003416432,
                5.336578438537301
              ],
              [
                153.72623673514912,
                5.337073830435118
              ],
              [
                153.72622379491844,
                5.337570388760118
              ],
              [
                153.72616164866486,
                5.338063212727534
              ],
              [
                153.72605090974108,
                5.338547438408861
              ],
              [
                153.72589267108546,
                5.339018286736419
              ],
              [
                153.72568849443516,
                5.339471110670384
              ],
              [
                153.72544039491262,
                5.339901441062771
              ],
              [
                153.72515082113725,
                5.340305030765707
              ],
              [
                153.67741465318315,
                5.400303700579574
              ],
              [
                153.63193117705515,
                5.457854178743939
              ],
              [
                153.63161867431808,
                5.45821306762799
              ],
              [
                153.63127346824788,
                5.458540622143909
              ],
              [
                153.63089868584814,
                5.458833875182455
              ],
              [
                153.63049772203559,
                5.459090170349788
              ],
              [
                153.58233813571056,
                5.486737340277114
              ],
              [
                153.58190424842334,
                5.486959048470059
              ],
              [
                153.58145084153583,
                5.487137471829372
              ],
              [
                153.5809822208301,
                5.487270915956182
              ],
              [
                153.58050283656647,
                5.487358113597269
              ],
              [
                153.58001724122147,
                5.487398236679532
              ],
              [
                153.5795300462552,
                5.487390904173799
              ],
              [
                153.57904587831854,
                5.4873361857132705
              ],
              [
                153.5785693353162,
                5.487234600932246
              ],
              [
                153.56468286953026,
                5.4835587717536125
              ],
              [
                153.5645694721654,
                5.483534337705199
              ],
              [
                153.56445429455945,
                5.483520549878065
              ],
              [
                153.53885330731094,
                5.4816586598963575
              ],
              [
                153.5387121751745,
                5.4816564449564495
              ],
              [
                153.53857418374318,
                5.481686135877172
              ],
              [
                153.495987330303,
                5.493419248559679
              ],
              [
                153.49549320390736,
                5.493528814423583
              ],
              [
                153.494990532419,
                5.493587864810357
              ],
              [
                153.4944844665231,
                5.4935957946529514
              ],
              [
                153.4939801916861,
                5.49355252269726
              ],
              [
                153.49348287502207,
                5.493458492334696
              ],
              [
                153.49299761234738,
                5.493314667058929
              ],
              [
                153.4925293759657,
                5.493122520593328
              ],
              [
                153.49208296371862,
                5.4928840217902755
              ],
              [
                153.49166294982413,
                5.492601614457077
              ],
              [
                153.49127363800628,
                5.492278192315188
              ],
              [
                153.4909190173964,
                5.491917069349348
              ],
              [
                153.49060272165823,
                5.491521945850425
              ],
              [
                153.47128375799846,
                5.464711955465475
              ],
              [
                153.4710244149574,
                5.464313371253985
              ],
              [
                153.47080410962772,
                5.463891952521243
              ],
              [
                153.47062483469924,
                5.463451511053396
              ],
              [
                153.47048821173647,
                5.462996030699663
              ],
              [
                153.47039547651156,
                5.462529631337899
              ],
              [
                153.47034746782646,
                5.462056531609782
              ],
              [
                153.4703446199258,
                5.461581010762655
              ],
              [
                153.47038695856924,
                5.461107369943191
              ],
              [
                153.47047410079836,
                5.460639893292975
              ],
              [
                153.47060525840055,
                5.460182809197894
              ],
              [
                153.4707792450386,
                5.45974025204185
              ],
              [
                153.49417886074912,
                5.407642994422309
              ],
              [
                153.49442813462392,
                5.407160089151304
              ],
              [
                153.4947283452627,
                5.406707089661473
              ],
              [
                153.4950759461575,
                5.406289347416365
              ],
              [
                153.51202181950072,
                5.388039945354422
              ]
            ]
          ],
          [
            [
              [
                153.53119751945832,
                5.60342020491471
              ],
              [
                153.5312856142381,
                5.603498149557378
              ],
              [
                153.56870381742954,
                5.633432712110529
              ],
              [
                153.5687996634794,
                5.633501796661469
              ],
              [
                153.5688551147503,
                5.633397468827194
              ],
              [
                153.59695897401022,
                5.573442569072667
              ],
              [
                153.59700436586618,
                5.573331734822789
              ],
              [
                153.5969182537653,
                5.573248492059117
              ],
              [
                153.57829914750832,
                5.556956774084259
              ],
              [
                153.5782053568438,
                5.5568826424377535
              ],
              [
                153.57811630315226,
                5.556962402263134
              ],
              [
                153.53127690505147,
                5.603333406382922
              ],
              [
                153.53119751945832,
                5.60342020491471
              ]
            ],
            [
              [
                153.5717165051062,
                5.571130153785327
              ],
              [
                153.57210116006252,
                5.570817058627158
              ],
              [
                153.5725149416596,
                5.5705436124653325
              ],
              [
                153.5729537784849,
                5.5703125058789675
              ],
              [
                153.57341335259446,
                5.5701260128460675
              ],
              [
                153.5738891419994,
                5.56998596836866
              ],
              [
                153.57437646516004,
                5.569893750417256
              ],
              [
                153.57487052705022,
                5.569850266372284
              ],
              [
                153.5753664663378,
                5.569855944095896
              ],
              [
                153.57585940321795,
                5.569910727722015
              ],
              [
                153.57634448742812,
                5.570014078206027
              ],
              [
                153.57681694597224,
                5.570164978628722
              ],
              [
                153.5787943008173,
                5.5709064866956215
              ],
              [
                153.57923123902438,
                5.571094503676662
              ],
              [
                153.5796483332559,
                5.571323190764142
              ],
              [
                153.5800418085525,
                5.571590478199215
              ],
              [
                153.58040810372057,
                5.571893946866136
              ],
              [
                153.5807439035635,
                5.572230850186752
              ],
              [
                153.58104616888613,
                5.572598138978722
              ],
              [
                153.58131216400128,
                5.572992489052494
              ],
              [
                153.58153948148947,
                5.573410331297264
              ],
              [
                153.58172606398765,
                5.573847883983629
              ],
              [
                153.58187022280933,
                5.574301186990561
              ],
              [
                153.5819706532285,
                5.5747661376469395
              ],
              [
                153.58311959196266,
                5.5816597700519335
              ],
              [
                153.58317737778754,
                5.5821618578008465
              ],
              [
                153.5831841820218,
                5.582667214122232
              ],
              [
                153.58313993514486,
                5.583170675663015
              ],
              [
                153.58304508923823,
                5.583667098429579
              ],
              [
                153.58290061336646,
                5.584151410345236
              ],
              [
                153.58270798367604,
                5.584618663072925
              ],
              [
                153.57158180956594,
                5.608154800613516
              ],
              [
                153.57134821793642,
                5.608591539160981
              ],
              [
                153.57107256356096,
                5.609003024608477
              ],
              [
                153.57075755122207,
                5.609385219368482
              ],
              [
                153.57040627189153,
                5.609734373260272
              ],
              [
                153.56861501984073,
                5.611346500105997
              ],
              [
                153.56824390945815,
                5.611649610118447
              ],
              [
                153.56784548865986,
                5.611915804527133
              ],
              [
                153.56742341652014,
                5.6121426386175575
              ],
              [
                153.56698156932578,
                5.612328029158175
              ],
              [
                153.5665240049766,
                5.612470273532676
              ],
              [
                153.56605492571788,
                5.612568065376713
              ],
              [
                153.5655786395472,
                5.612620506575486
              ],
              [
                153.56509952064997,
                5.612627115511969
              ],
              [
                153.56462196922726,
                5.61258783149006
              ],
              [
                153.56415037108448,
                5.612503015292012
              ],
              [
                153.56368905735252,
                5.612373445865025
              ],
              [
                153.5531876008291,
                5.608872960357214
              ],
              [
                153.552728792787,
                5.608694477246397
              ],
              [
                153.55228976089074,
                5.608471739655466
              ],
              [
                153.55187476130945,
                5.60820690690099
              ],
              [
                153.55148781723227,
                5.607902546388645
              ],
              [
                153.55113267986601,
                5.607561608723645
              ],
              [
                153.5508127920691,
                5.60718739910628
              ],
              [
                153.55053125497514,
                5.606783545289836
              ],
              [
                153.55029079792905,
                5.606353962411555
              ],
              [
                153.5500937520276,
                5.605902815037566
              ],
              [
                153.54697767283187,
                5.5976876971579115
              ],
              [
                153.54682393975838,
                5.597211906758884
              ],
              [
                153.54671849589332,
                5.596723141014372
              ],
              [
                153.546662395719,
                5.596226287784403
              ],
              [
                153.54665620026046,
                5.595726315807207
              ],
              [
                153.5466999714748,
                5.595228225009777
              ],
              [
                153.54679327163174,
                5.594736996506531
              ],
              [
                153.54693516769106,
                5.5942575427860985
              ],
              [
                153.54712424063337,
                5.593794658584403
              ],
              [
                153.54735859965083,
                5.59335297293531
              ],
              [
                153.5476359010562,
                5.592936902878377
              ],
              [
                153.54795337172044,
                5.59255060928662
              ],
              [
                153.54830783680535,
                5.59219795525607
              ],
              [
                153.5717165051062,
                5.571130153785327
              ]
            ]
          ],
          [
            [
              [
                153.10945860881918,
                5.928768734916874
              ],
              [
                153.10957267759133,
                5.92878414582304
              ],
              [
                153.15846052050705,
                5.932994582055014
              ],
              [
                153.15857818780896,
                5.932998849633124
              ],
              [
                153.15858029823931,
                5.932881123882974
              ],
              [
                153.15717756396214,
                5.888694994152864
              ],
              [
                153.15716839015414,
                5.888580323056785
              ],
              [
                153.15705348571274,
                5.88857479238728
              ],
              [
                153.14977627245267,
                5.88857479238728
              ],
              [
                153.14965338208788,
                5.888580947614025
              ],
              [
                153.14955547230653,
                5.888655470115803
              ],
              [
                153.11072454175707,
                5.921404447687631
              ],
              [
                153.1106334359919,
                5.921489554333287
              ],
              [
                153.11060736796966,
                5.9216114717631445
              ],
              [
                153.10947142066237,
                5.9286543450684155
              ],
              [
                153.10945860881918,
                5.928768734916874
              ]
            ],
            [
              [
                153.14906636760693,
                5.918545942738408
              ],
              [
                153.1490151256049,
                5.919019403965714
              ],
              [
                153.14891907227573,
                5.919485842637452
              ],
              [
                153.14877907898173,
                5.91994102738475
              ],
              [
                153.14859641569322,
                5.920380828930413
              ],
              [
                153.14837273946782,
                5.920801257548282
              ],
              [
                153.1481100794182,
                5.921198499256639
              ],
              [
                153.14781081830463,
                5.92156895041732
              ],
              [
                153.14747767091956,
                5.921909250426654
              ],
              [
                153.14738718238408,
                5.9219932754953
              ],
              [
                153.14701176444058,
                5.922309038483499
              ],
              [
                153.1466072107766,
                5.9225864933987555
              ],
              [
                153.1461774155432,
                5.922822969516691
              ],
              [
                153.14572651586153,
                5.923016190566465
              ],
              [
                153.14525885199987,
                5.923164296641693
              ],
              [
                153.1447789255951,
                5.923265862103526
              ],
              [
                153.14429135632085,
                5.923319909303559
              ],
              [
                153.14380083741943,
                5.923325917994477
              ],
              [
                153.14331209052565,
                5.923283830337846
              ],
              [
                153.13125640090965,
                5.9216466379208565
              ],
              [
                153.1307684766173,
                5.921555513064503
              ],
              [
                153.13029199156801,
                5.92141645964917
              ],
              [
                153.12983164150012,
                5.9212308480398965
              ],
              [
                153.1293919631424,
                5.921000507430586
              ],
              [
                153.12897728950503,
                5.920727707817391
              ],
              [
                153.1285917071776,
                5.920415137627998
              ],
              [
                153.12823901605634,
                5.9200658772273025
              ],
              [
                153.12792269189606,
                5.919683368560551
              ],
              [
                153.1276458520569,
                5.919271381233128
              ],
              [
                153.12741122478275,
                5.9188339753612675
              ],
              [
                153.12722112231467,
                5.918375461559795
              ],
              [
                153.12707741810374,
                5.917900358461215
              ],
              [
                153.12698152834844,
                5.9174133481847955
              ],
              [
                153.12693439803783,
                5.916919230194496
              ],
              [
                153.12693649163904,
                5.916422874000471
              ],
              [
                153.1269877885197,
                5.915929171170269
              ],
              [
                153.12708778315138,
                5.9154429871226615
              ],
              [
                153.12723549009158,
                5.91496911317916
              ],
              [
                153.12742945369516,
                5.914512219345766
              ],
              [
                153.12766776245974,
                5.914076808290272
              ],
              [
                153.1279480678633,
                5.913667170968679
              ],
              [
                153.12826760750897,
                5.913287344338024
              ],
              [
                153.1286232323482,
                5.912941071572353
              ],
              [
                153.13730047402112,
                5.905293333148738
              ],
              [
                153.13772852375564,
                5.904955688661928
              ],
              [
                153.13819079011816,
                5.904666655472127
              ],
              [
                153.13868177712445,
                5.904429669957065
              ],
              [
                153.13919564732447,
                5.90424754968848
              ],
              [
                153.14329142392032,
                5.90304290951323
              ],
              [
                153.14375697593414,
                5.902929905408264
              ],
              [
                153.14423120594014,
                5.902861975247535
              ],
              [
                153.14470976034363,
                5.902839742653296
              ],
              [
                153.14518824585042,
                5.9028634117284176
              ],
              [
                153.14566226979886,
                5.9029327651826415
              ],
              [
                153.14612748048597,
                5.9030471663273865
              ],
              [
                153.1465796071175,
                5.903205564920764
              ],
              [
                153.14701449901537,
                5.903406506809166
              ],
              [
                153.1474281637222,
                5.903648147276888
              ],
              [
                153.14781680365363,
                5.903928267981262
              ],
              [
                153.14817685096133,
                5.904244297317799
              ],
              [
                153.14850500028703,
                5.9045933340284105
              ],
              [
                153.14879823910704,
                5.904972173835948
              ],
              [
                153.149053875388,
                5.905377338860578
              ],
              [
                153.14926956230087,
                5.905805109547912
              ],
              [
                153.14944331976554,
                5.906251558815794
              ],
              [
                153.1495735526287,
                5.906712588106273
              ],
              [
                153.14965906530782,
                5.907183965011768
              ],
              [
                153.14969907276708,
                5.9076613621300345
              ],
              [
                153.14969320772423,
                5.908140396791199
              ],
              [
                153.14906636760693,
                5.918545942738408
              ]
            ]
          ],
          [
            [
              [
                152.66821052001507,
                6.858523039480413
              ],
              [
                152.6682230161484,
                6.858649080286078
              ],
              [
                152.6759436524709,
                6.909652071749835
              ],
              [
                152.67596663990344,
                6.909766740770364
              ],
              [
                152.67605560332984,
                6.909842654636689
              ],
              [
                152.68315056122972,
                6.915335525268865
              ],
              [
                152.6832507014985,
                6.9154053688750325
              ],
              [
                152.6833723198268,
                6.915394636448397
              ],
              [
                152.71530342148728,
                6.910966235488186
              ],
              [
                152.71545277908754,
                6.910936102232002
              ],
              [
                152.71559733313484,
                6.91088793758427
              ],
              [
                152.74919528040502,
                6.897355431044895
              ],
              [
                152.7492999053678,
                6.897307314624708
              ],
              [
                152.74926534177035,
                6.897197465043563
              ],
              [
                152.74605702605226,
                6.88848917952304
              ],
              [
                152.74601113126928,
                6.888380826446803
              ],
              [
                152.74592063848314,
                6.888305608259007
              ],
              [
                152.71533140485468,
                6.865252852481032
              ],
              [
                152.7149345172464,
                6.864920165316415
              ],
              [
                152.7145741707665,
                6.864548209757885
              ],
              [
                152.71425423121954,
                6.86414097615245
              ],
              [
                152.7139781309237,
                6.863702833310753
              ],
              [
                152.7137488318887,
                6.863238481638366
              ],
              [
                152.71356879403942,
                6.862752902709745
              ],
              [
                152.71343994882562,
                6.862251305825799
              ],
              [
                152.7133636785015,
                6.861739072128392
              ],
              [
                152.71052985075144,
                6.83231086087769
              ],
              [
                152.7105134874235,
                6.832197558499634
              ],
              [
                152.71040116129046,
                6.832175467162181
              ],
              [
                152.68360308605645,
                6.8282140125623725
              ],
              [
                152.68348726499534,
                6.828202549033417
              ],
              [
                152.68342995535215,
                6.828303848270824
              ],
              [
                152.6682616256362,
                6.8584071487840355
              ],
              [
                152.66821052001507,
                6.858523039480413
              ]
            ],
            [
              [
                152.68684486431906,
                6.906747083994386
              ],
              [
                152.68637149564506,
                6.906545312663341
              ],
              [
                152.6859213717028,
                6.90629595747858
              ],
              [
                152.68549926001734,
                6.906001659506206
              ],
              [
                152.68510963141952,
                6.9056655358275805
              ],
              [
                152.68475661269298,
                6.9052911465244975
              ],
              [
                152.68444394286476,
                6.904882456972283
              ],
              [
                152.68417493360332,
                6.904443795840194
              ],
              [
                152.68395243414247,
                6.90397980924396
              ],
              [
                152.68377880110373,
                6.903495411536063
              ],
              [
                152.6836558735358,
                6.902995733254964
              ],
              [
                152.67763186910167,
                6.871629365339403
              ],
              [
                152.67755900318238,
                6.871096719584586
              ],
              [
                152.67754374641964,
                6.870559329434409
              ],
              [
                152.67758627519436,
                6.870023407569175
              ],
              [
                152.67768609783835,
                6.869495149694583
              ],
              [
                152.67784206031814,
                6.868980662914179
              ],
              [
                152.68663594520982,
                6.844748624546082
              ],
              [
                152.6868319332354,
                6.844283300914425
              ],
              [
                152.6870738516455,
                6.843840115996795
              ],
              [
                152.68735923347816,
                6.843423589169412
              ],
              [
                152.68768516855346,
                6.843037967962737
              ],
              [
                152.6880483331499,
                6.842687184747305
              ],
              [
                152.68844502389817,
                6.842374816633386
              ],
              [
                152.6888711955461,
                6.842104048993429
              ],
              [
                152.68932250221025,
                6.841877642979232
              ],
              [
                152.68979434169287,
                6.841697907365114
              ],
              [
                152.69028190241298,
                6.841566675004197
              ],
              [
                152.69078021247233,
                6.841485284137895
              ],
              [
                152.69128419035627,
                6.841454564749204
              ],
              [
                152.6917886967526,
                6.841474830098953
              ],
              [
                152.6998825795004,
                6.842210637621481
              ],
              [
                152.7003576310608,
                6.842276925811744
              ],
              [
                152.70082414497506,
                6.842388428623458
              ],
              [
                152.70127782804417,
                6.842544119926982
              ],
              [
                152.70171450514795,
                6.8427425669381625
              ],
              [
                152.70213015766734,
                6.8429819434038555
              ],
              [
                152.70252096046679,
                6.843260046408425
              ],
              [
                152.70288331709583,
                6.843574316646575
              ],
              [
                152.7032138928863,
                6.843921861975926
              ],
              [
                152.70350964564034,
                6.844299484032608
              ],
              [
                152.70376785362683,
                6.844703707664917
              ],
              [
                152.70398614062884,
                6.8451308129141815
              ],
              [
                152.7041624978113,
                6.845576869248517
              ],
              [
                152.70429530220764,
                6.846037771734425
              ],
              [
                152.70978339201392,
                6.869209706472105
              ],
              [
                152.70981927709562,
                6.869332488911868
              ],
              [
                152.70990155342704,
                6.869430437223837
              ],
              [
                152.72483510076052,
                6.88544612566842
              ],
              [
                152.7251568911952,
                6.885827776618094
              ],
              [
                152.7254390208122,
                6.886239613248902
              ],
              [
                152.7256786772697,
                6.886677530265722
              ],
              [
                152.72587347160962,
                6.887137162397322
              ],
              [
                152.72602146207097,
                6.8876139279105395
              ],
              [
                152.72612117344627,
                6.88810307428218
              ],
              [
                152.72617161178644,
                6.888599725573423
              ],
              [
                152.72617227430894,
                6.8890989310344475
              ],
              [
                152.72612315440955,
                6.889595714454799
              ],
              [
                152.72602474172828,
                6.890085123767561
              ],
              [
                152.72587801726846,
                6.890562280412844
              ],
              [
                152.72568444361778,
                6.891022427968546
              ],
              [
                152.72166642946013,
                6.899379897416497
              ],
              [
                152.72142916877104,
                6.8998164286536925
              ],
              [
                152.72114975559373,
                6.900227257610753
              ],
              [
                152.72083094887793,
                6.900608327727139
              ],
              [
                152.72047589654872,
                6.900955876283661
              ],
              [
                152.72008810442335,
                6.901266471555907
              ],
              [
                152.71967140159475,
                6.901537046699376
              ],
              [
                152.71922990262257,
                6.9017649300317725
              ],
              [
                152.71876796690572,
                6.901947871413421
              ],
              [
                152.71829015563728,
                6.9020840644653445
              ],
              [
                152.69269368332755,
                6.908022446041205
              ],
              [
                152.692218798242,
                6.908108705019391
              ],
              [
                152.69173780873558,
                6.90814877434011
              ],
              [
                152.69125519679264,
                6.908142280627086
              ],
              [
                152.69077545951592,
                6.908089284390414
              ],
              [
                152.69030306722124,
                6.907990279462712
              ],
              [
                152.689842421782,
                6.907846188397461
              ],
              [
                152.68684486431906,
                6.906747083994386
              ]
            ]
          ],
          [
            [
              [
                152.56265952913085,
                6.997690220085264
              ],
              [
                152.56272525185807,
                6.997792777969198
              ],
              [
                152.56963133701586,
                7.007461297190106
              ],
              [
                152.5697057897222,
                7.007555154967678
              ],
              [
                152.56980393832796,
                7.007486457521868
              ],
              [
                152.57807448504127,
                7.0010538100782105
              ],
              [
                152.57816326702797,
                7.000977783502321
              ],
              [
                152.5782273190725,
                7.000880010209028
              ],
              [
                152.58891911329016,
                6.9827504461007734
              ],
              [
                152.58897289268222,
                6.982648131227732
              ],
              [
                152.58886606942255,
                6.982603979812187
              ],
              [
                152.57592815925335,
                6.977983297608902
              ],
              [
                152.5758188166847,
                6.977949991660216
              ],
              [
                152.57575098245385,
                6.978041989489499
              ],
              [
                152.5627219110907,
                6.997585596534235
              ],
              [
                152.56265952913085,
                6.997690220085264
              ]
            ]
          ]
        ]
      },
      "properties": {
        "title": "mort1237: Mortlockese",
        "fill": "#ff0000",
        "family": "Austronesian",
        "cldf:languageReference": "mort1237",
        "fill-opacity": 0.3,
        "stroke": "#F2F3F4"
      }
    },
    {
      "type": "Feature",
      "geometry": {
        "type": "Point",
        "coordinates": [
          153.710778,
          5.50735
        ]
      },
      "properties": {
        "title": "mort1237 -> mort1237: Mortlockese",
        "marker-color": "#F2F3F4"
      }
    },
    {
      "type": "Feature",
      "geometry": {
        "type": "MultiPolygon",
        "coordinates": [
          [
            [
              [
                98.33570397200002,
                8.156439520000047
              ],
              [
                98.34351647200003,
                8.109198309000075
              ],
              [
                98.34961998800003,
                8.109198309000075
              ],
              [
                98.36011803500001,
                8.118841864000046
              ],
              [
                98.37370853000004,
                8.110907294000071
              ],
              [
                98.38917076900002,
                8.09544505400004
              ],
              [
                98.40552819100002,
                8.08250560100003
              ],
              [
                98.41285241000003,
                8.094305731000068
              ],
              [
                98.42261803500003,
                8.099310614000037
              ],
              [
                98.43213951900002,
                8.095933335000044
              ],
              [
                98.43913821700004,
                8.08250560100003
              ],
              [
                98.43848717500003,
                8.06574127800007
              ],
              [
                98.43189537900008,
                8.049790757000034
              ],
              [
                98.41863040500004,
                8.027289130000035
              ],
              [
                98.41773522200003,
                8.019110419000068
              ],
              [
                98.41993248800003,
                8.001044012000072
              ],
              [
                98.41863040500004,
                7.993150132000029
              ],
              [
                98.41431725400008,
                7.988918361000051
              ],
              [
                98.40821373800004,
                7.985663153000075
              ],
              [
                98.40219160200007,
                7.981024481000071
              ],
              [
                98.39812259200005,
                7.972642320000086
              ],
              [
                98.39788069202815,
                7.966095905401064
              ],
              [
                98.38394979748942,
                7.965003286221563
              ],
              [
                98.37580017885549,
                7.959361242551905
              ],
              [
                98.37141192266796,
                7.939927536578626
              ],
              [
                98.37329260389119,
                7.908582849524954
              ],
              [
                98.38520358497156,
                7.874103693765916
              ],
              [
                98.40044072290621,
                7.864818562836986
              ],
              [
                98.39966881600003,
                7.864569403000076
              ],
              [
                98.39535566500007,
                7.850490627000058
              ],
              [
                98.39812259200005,
                7.815008856000076
              ],
              [
                98.36231530000003,
                7.832424221000054
              ],
              [
                98.34392337300005,
                7.832912502000046
              ],
              [
                98.33632039694275,
                7.811845922913539
              ],
              [
                98.31812595467673,
                7.833982494337231
              ],
              [
                98.30496118611418,
                7.84338590045332
              ],
              [
                98.28229680562586,
                7.845168492177121
              ],
              [
                98.28142337300005,
                7.855943101000037
              ],
              [
                98.27767988400007,
                7.863430080000054
              ],
              [
                98.27295983200003,
                7.870672919000072
              ],
              [
                98.26905358200001,
                7.879136460000035
              ],
              [
                98.26775149800005,
                7.890082098000039
              ],
              [
                98.27198326900002,
                7.893459377000045
              ],
              [
                98.28003991000003,
                7.896918036000043
              ],
              [
                98.28532962300004,
                7.903753973000043
              ],
              [
                98.28142337300005,
                7.917425848000049
              ],
              [
                98.27572675900007,
                7.921047268000047
              ],
              [
                98.25798587300005,
                7.926418361000055
              ],
              [
                98.25416100400007,
                7.928290106000073
              ],
              [
                98.25863691500005,
                7.938299872000075
              ],
              [
                98.26758873800003,
                7.946275132000035
              ],
              [
                98.27409915500004,
                7.953680731000073
              ],
              [
                98.27149498800003,
                7.962103583000033
              ],
              [
                98.26596113400007,
                7.973781643000045
              ],
              [
                98.27003014400003,
                7.983954169000069
              ],
              [
                98.27759850400007,
                7.993557033000054
              ],
              [
                98.28142337300005,
                8.003078518000052
              ],
              [
                98.28044681100003,
                8.014227606000073
              ],
              [
                98.27613366000001,
                8.03384023600006
              ],
              [
                98.27442467500002,
                8.06932200700003
              ],
              [
                98.27515709700003,
                8.075669664000081
              ],
              [
                98.27759850400007,
                8.083156643000049
              ],
              [
                98.28532962300004,
                8.09886302300008
              ],
              [
                98.28825931100003,
                8.109198309000075
              ],
              [
                98.29021243600003,
                8.130113023000083
              ],
              [
                98.28978322340899,
                8.13726209138809
              ],
              [
                98.32000663589997,
                8.139906639981035
              ],
              [
                98.33502331062046,
                8.158141173570215
              ],
              [
                98.33570397200002,
                8.156439520000047
              ]
            ]
          ]
        ]
      },
      "properties": {
        "title": "sout2746: Southern Thai",
        "fill": "#0000ff",
        "family": "Tai-Kadai",
        "cldf:languageReference": "sout2746",
        "fill-opacity": 0.3,
        "Macroarea": "None",
        "ISO639P3code": "None",
        "Feature_IDs": "['4731']",
        "Glottolog_Languoid_Level": "language",
        "Family": "Tai-Kadai",
        "Speaker_Area": "languages",
        "Maps": "['Map 48 Southern Thailand, Laos and Vietnam, and Cambodia [21]']",
        "stroke": "#222222"
      }
    },
    {
      "type": "Feature",
      "geometry": {
        "type": "MultiPolygon",
        "coordinates": [
          [
            [
              [
                98.19387833470367,
                8.55402797608872
              ],
              [
                98.19389268723101,
                8.554090366055696
              ],
              [
                98.1938997998754,
                8.554113542797609
              ],
              [
                98.20426186388644,
                8.584906737230126
              ],
              [
                98.20426403681464,
                8.58491265573974
              ],
              [
                98.20430352837369,
                8.584998523351542
              ],
              [
                98.20433823105137,
                8.585056064969788
              ],
              [
                98.20435391165795,
                8.585077936443943
              ],
              [
                98.22360689931439,
                8.610313284796959
              ],
              [
                98.22390428940325,
                8.610748954083967
              ],
              [
                98.22415412603681,
                8.611213529426754
              ],
              [
                98.2243536285474,
                8.611701840127905
              ],
              [
                98.22450057648332,
                8.612208451316809
              ],
              [
                98.22459333432231,
                8.612727724439452
              ],
              [
                98.23498120675032,
                8.696076515151177
              ],
              [
                98.2349849254775,
                8.696104190995163
              ],
              [
                98.2349914113823,
                8.69614678208686
              ],
              [
                98.26080585607374,
                8.853808541159305
              ],
              [
                98.26080681301804,
                8.853813665568701
              ],
              [
                98.260825980721,
                8.853888899193304
              ],
              [
                98.2608444358523,
                8.853940926045263
              ],
              [
                98.2608531728443,
                8.853961259950076
              ],
              [
                98.29023171485305,
                8.917991293606995
              ],
              [
                98.29023371602621,
                8.917995438873593
              ],
              [
                98.2902928069544,
                8.918101907485806
              ],
              [
                98.29030075659443,
                8.918114432496646
              ],
              [
                98.32682750607763,
                8.973033716454045
              ],
              [
                98.32706282876907,
                8.973425207477325
              ],
              [
                98.32726144228447,
                8.973836540264639
              ],
              [
                98.32742168905904,
                8.974264281964333
              ],
              [
                98.33903570115544,
                9.010179835655153
              ],
              [
                98.33914198354597,
                9.010558871751494
              ],
              [
                98.33921811777236,
                9.01094509434073
              ],
              [
                98.34691051507681,
                9.060093479863387
              ],
              [
                98.3469541068985,
                9.060460194052352
              ],
              [
                98.35131218929091,
                9.113895376100986
              ],
              [
                98.35132679490454,
                9.114441134046805
              ],
              [
                98.35128181065132,
                9.11498523098333
              ],
              [
                98.3511777728606,
                9.115521179859133
              ],
              [
                98.32806996518971,
                9.207414009203012
              ],
              [
                98.32806871021066,
                9.207419583293197
              ],
              [
                98.32805688533625,
                9.207498319965708
              ],
              [
                98.32808507094569,
                9.207556525596951
              ],
              [
                98.32809722355451,
                9.207577581766301
              ],
              [
                98.34732748204853,
                9.238902223791177
              ],
              [
                98.3476159823409,
                9.239444228578343
              ],
              [
                98.38579487128054,
                9.323199071911501
              ],
              [
                98.38597923108765,
                9.32366376685262
              ],
              [
                98.38611626447175,
                9.324144549317381
              ],
              [
                98.38620460148309,
                9.324636612828735
              ],
              [
                98.38878965257126,
                9.344782753162958
              ],
              [
                98.38879649288232,
                9.344838544370532
              ],
              [
                98.38997083270024,
                9.354883880315061
              ],
              [
                98.38998781667308,
                9.354996950996433
              ],
              [
                98.39001216216192,
                9.355108688757625
              ],
              [
                98.3984511960113,
                9.388542289138426
              ],
              [
                98.39846629344555,
                9.388597508849687
              ],
              [
                98.39849263431246,
                9.388681798966477
              ],
              [
                98.4525157897453,
                9.548592396927473
              ],
              [
                98.45251789097556,
                9.548598117441221
              ],
              [
                98.45258544528511,
                9.54874612227309
              ],
              [
                98.45259503618539,
                9.548763391269691
              ],
              [
                98.56152443080396,
                9.732327391116659
              ],
              [
                98.56175964550988,
                9.73277362768453
              ],
              [
                98.56194870118308,
                9.733241293147033
              ],
              [
                98.562089673592,
                9.73372562754837
              ],
              [
                98.56218112790232,
                9.734221701274254
              ],
              [
                98.562222133281,
                9.734724465226135
              ],
              [
                98.56221227237032,
                9.735228802211523
              ],
              [
                98.56215164553583,
                9.735729579027408
              ],
              [
                98.5620408698448,
                9.736221698706618
              ],
              [
                98.54250631321158,
                9.806294240786443
              ],
              [
                98.54250477544011,
                9.806300407585116
              ],
              [
                98.54248916813374,
                9.806394429788034
              ],
              [
                98.54248565170722,
                9.806462099504088
              ],
              [
                98.54248641367259,
                9.806489225343075
              ],
              [
                98.54664115054518,
                9.877968201190713
              ],
              [
                98.54664161487992,
                9.877973815539598
              ],
              [
                98.54665368068555,
                9.878051753020848
              ],
              [
                98.546691998462,
                9.87810268062458
              ],
              [
                98.54670772987131,
                9.87812075458135
              ],
              [
                98.574191029494,
                9.908047512327085
              ],
              [
                98.57451307451758,
                9.908435813814986
              ],
              [
                98.57479435290084,
                9.908854590024706
              ],
              [
                98.57503200133061,
                9.909299577964479
              ],
              [
                98.68914723511593,
                10.15166321723943
              ],
              [
                98.6979166435389,
                10.170315159116477
              ],
              [
                98.69811488960063,
                10.170801685243593
              ],
              [
                98.72324823273657,
                10.243145366647834
              ],
              [
                98.72336191385186,
                10.243519081044864
              ],
              [
                98.74515459127343,
                10.326701994232383
              ],
              [
                98.74525334198673,
                10.327168732587271
              ],
              [
                98.7453071604679,
                10.327642757867594
              ],
              [
                98.74531555676124,
                10.328119754615546
              ],
              [
                98.74527845442813,
                10.328595380321513
              ],
              [
                98.74512449617058,
                10.329814956000128
              ],
              [
                98.74504026493297,
                10.330293602891162
              ],
              [
                98.74490996192756,
                10.330761811044091
              ],
              [
                98.74473481824543,
                10.331215156870469
              ],
              [
                98.74451648862829,
                10.33164935719977
              ],
              [
                98.7442570358347,
                10.332060309746403
              ],
              [
                98.74395891115128,
                10.33244413186773
              ],
              [
                98.74362493123317,
                10.332797197246927
              ],
              [
                98.74325825149256,
                10.333116170154103
              ],
              [
                98.7428623362866,
                10.333398036961965
              ],
              [
                98.74244092618649,
                10.333640134618308
              ],
              [
                98.74199800263688,
                10.333840175806287
              ],
              [
                98.74153775033957,
                10.33399627055478
              ],
              [
                98.7410645177168,
                10.334106944094662
              ],
              [
                98.74058277582775,
                10.334171150792304
              ],
              [
                98.74009707612639,
                10.334188284028611
              ],
              [
                98.73961200745974,
                10.334158181930308
              ],
              [
                98.73913215271287,
                10.334081128899307
              ],
              [
                98.73866204551018,
                10.333957852925705
              ],
              [
                98.73820612738218,
                10.333789518709793
              ],
              [
                98.73776870580227,
                10.333577716658079
              ],
              [
                98.73735391349011,
                10.333324447857263
              ],
              [
                98.73696566936611,
                10.333032105168162
              ],
              [
                98.7366076415258,
                10.33270345061816
              ],
              [
                98.73628321258391,
                10.332341589305837
              ],
              [
                98.7359954477159,
                10.331949940064275
              ],
              [
                98.73574706569828,
                10.331532203160219
              ],
              [
                98.73554041322198,
                10.331092325334305
              ],
              [
                98.70833032376167,
                10.26500443351844
              ],
              [
                98.6797484449358,
                10.195941690812317
              ],
              [
                98.67969910491779,
                10.195833112061228
              ],
              [
                98.67964247411668,
                10.195728151193986
              ],
              [
                98.60001792165534,
                10.059489802692433
              ],
              [
                98.59999477610434,
                10.059451558608725
              ],
              [
                98.59995742497124,
                10.059393585556577
              ],
              [
                98.55144745894266,
                9.986978998962655
              ],
              [
                98.55144430276258,
                9.98697453079525
              ],
              [
                98.5513978470306,
                9.98691790153921
              ],
              [
                98.55135187039295,
                9.986956851815698
              ],
              [
                98.55133526356896,
                9.986973116357959
              ],
              [
                98.52615565576903,
                10.012996537160536
              ],
              [
                98.5261520748077,
                10.013000411096911
              ],
              [
                98.52610568687521,
                10.01305779156321
              ],
              [
                98.5260925736351,
                10.013115970321854
              ],
              [
                98.52608910804028,
                10.01313810112083
              ],
              [
                98.50722730887713,
                10.156866915976169
              ],
              [
                98.50722675628485,
                10.15687197745517
              ],
              [
                98.50722060178954,
                10.157006885962433
              ],
              [
                98.50722092603083,
                10.157023319385827
              ],
              [
                98.51068584435268,
                10.236735478801451
              ],
              [
                98.51068612921385,
                10.236740011369767
              ],
              [
                98.51070037598977,
                10.236859265712079
              ],
              [
                98.51070295205936,
                10.236873670883885
              ],
              [
                98.53293084895607,
                10.347643695751353
              ],
              [
                98.53300422934083,
                10.348134603696623
              ],
              [
                98.53302857459865,
                10.348630368358556
              ],
              [
                98.5330036448067,
                10.349126103970626
              ],
              [
                98.5329296856484,
                10.34961692505259
              ],
              [
                98.53280742599208,
                10.350097994556961
              ],
              [
                98.51163770536692,
                10.418892176815973
              ],
              [
                98.51143878512362,
                10.41942765339521
              ],
              [
                98.5111800868187,
                10.419936946647804
              ],
              [
                98.51086498702827,
                10.42041340918797
              ],
              [
                98.49732564997723,
                10.438543050140499
              ],
              [
                98.4973224838684,
                10.438547504832652
              ],
              [
                98.49728199428041,
                10.438613628195828
              ],
              [
                98.49726595596017,
                10.438672842930146
              ],
              [
                98.49726143363412,
                10.438695625961115
              ],
              [
                98.45666956855491,
                10.674789281118782
              ],
              [
                98.45666885204461,
                10.674794029500353
              ],
              [
                98.4566624225427,
                10.674865109753002
              ],
              [
                98.45666210481033,
                10.674915857825336
              ],
              [
                98.4566631907978,
                10.674936181286768
              ],
              [
                98.46074033847262,
                10.72866268067256
              ],
              [
                98.46074088093755,
                10.728668086922001
              ],
              [
                98.46075335604712,
                10.72874050824859
              ],
              [
                98.46081376593366,
                10.728742879493112
              ],
              [
                98.46083683787722,
                10.72874215382932
              ],
              [
                98.50024919758637,
                10.726460695446656
              ],
              [
                98.5002548596136,
                10.726460226842324
              ],
              [
                98.50033308238564,
                10.726448043071798
              ],
              [
                98.50038009407155,
                10.72640416970922
              ],
              [
                98.50039653183329,
                10.726386449470136
              ],
              [
                98.52333796866813,
                10.70027727561972
              ],
              [
                98.52367065906489,
                10.699933337484847
              ],
              [
                98.52403470408296,
                10.69962277740124
              ],
              [
                98.52442676941452,
                10.69934843980536
              ],
              [
                98.52484326411215,
                10.699112837369961
              ],
              [
                98.52528037347858,
                10.698918127990384
              ],
              [
                98.52573409400568,
                10.698766095020277
              ],
              [
                98.52620027004284,
                10.698658130937769
              ],
              [
                98.52667463185868,
                10.698595224591681
              ],
              [
                98.52715283474794,
                10.698577952144609
              ],
              [
                98.52763049882469,
                10.698606471795824
              ],
              [
                98.52810324913803,
                10.698680522332308
              ],
              [
                98.52856675574249,
                10.698799425521228
              ],
              [
                98.52901677335623,
                10.698962092321903
              ],
              [
                98.52944918024379,
                10.699167032860377
              ],
              [
                98.5298600159673,
                10.699412370075269
              ],
              [
                98.53024551766032,
                10.699695856909873
              ],
              [
                98.56336220531179,
                10.72658260615865
              ],
              [
                98.56373349502987,
                10.726916134217902
              ],
              [
                98.56406968397819,
                10.727285016329251
              ],
              [
                98.56436742241016,
                10.727685576995293
              ],
              [
                98.5646237436955,
                10.728113825077285
              ],
              [
                98.575886424212,
                10.749259168509592
              ],
              [
                98.57588902927583,
                10.749263788778089
              ],
              [
                98.5759280540883,
                10.749322937551456
              ],
              [
                98.57597462663026,
                10.749287827246112
              ],
              [
                98.57599161629159,
                10.749273049294409
              ],
              [
                98.66238642268218,
                10.67007781010303
              ],
              [
                98.6627731322625,
                10.669757528727986
              ],
              [
                98.66319001522633,
                10.669477648301397
              ],
              [
                98.66363286731799,
                10.6692409914113
              ],
              [
                98.66409722238372,
                10.669049944737308
              ],
              [
                98.66457839741274,
                10.668906434980993
              ],
              [
                98.66507153976531,
                10.66881190943514
              ],
              [
                98.66557167611148,
                10.668767321387831
              ],
              [
                98.66607376258702,
                10.66877312050856
              ],
              [
                98.66657273566068,
                10.668829248313317
              ],
              [
                98.66706356319985,
                10.668935138754408
              ],
              [
                98.6675412952194,
                10.669089723929028
              ],
              [
                98.66800111380226,
                10.669291444849033
              ],
              [
                98.70331923581243,
                10.68695050585412
              ],
              [
                98.70373983070876,
                10.687186825196608
              ],
              [
                98.70413569240331,
                10.687462579466253
              ],
              [
                98.70450313547283,
                10.687775201425014
              ],
              [
                98.70483873906795,
                10.688121780601243
              ],
              [
                98.7051393787608,
                10.688499090385804
              ],
              [
                98.70540225563316,
                10.688903618071414
              ],
              [
                98.70562492233395,
                10.689331597555507
              ],
              [
                98.70580530586382,
                10.689779044402181
              ],
              [
                98.70594172687447,
                10.690241792936806
              ],
              [
                98.70603291530323,
                10.690715535027934
              ],
              [
                98.71380077702234,
                10.745090567061725
              ],
              [
                98.71380975159416,
                10.745145795850794
              ],
              [
                98.71382658496124,
                10.745230454232999
              ],
              [
                98.73009062306842,
                10.818418625715337
              ],
              [
                98.73009174665934,
                10.818423239110437
              ],
              [
                98.73012861423875,
                10.818543415098683
              ],
              [
                98.73013398525809,
                10.818557752170012
              ],
              [
                98.75451580545491,
                10.879512302662091
              ],
              [
                98.75451815861665,
                10.879517769709555
              ],
              [
                98.75455680937571,
                10.879591670852943
              ],
              [
                98.75461363213333,
                10.879627888650985
              ],
              [
                98.75463598286439,
                10.87963986544779
              ],
              [
                98.7952118844279,
                10.899927816229548
              ],
              [
                98.79521696321876,
                10.899930201505938
              ],
              [
                98.7952893356441,
                10.899958076965547
              ],
              [
                98.79534719317603,
                10.899932179208568
              ],
              [
                98.79536822042255,
                10.899920898834829
              ],
              [
                98.8158970233775,
                10.88819015428913
              ],
              [
                98.82372835064005,
                10.883715110139107
              ],
              [
                98.8237333227933,
                10.883712097201306
              ],
              [
                98.8237984904928,
                10.883665636603329
              ],
              [
                98.82380018163911,
                10.88360013315934
              ],
              [
                98.82379897286738,
                10.88357541241865
              ],
              [
                98.81973987540728,
                10.830807145437229
              ],
              [
                98.81973920014137,
                10.830800722071597
              ],
              [
                98.81972127538997,
                10.830705469879295
              ],
              [
                98.81970087654085,
                10.830639649745384
              ],
              [
                98.8196905926537,
                10.83061404470866
              ],
              [
                98.79182066557632,
                10.766911354246128
              ],
              [
                98.7916467943792,
                10.766454266386233
              ],
              [
                98.79151840823718,
                10.765982379213932
              ],
              [
                98.791436735346,
                10.765500207000201
              ],
              [
                98.79140255702288,
                10.765012362407038
              ],
              [
                98.79141620023202,
                10.764523512360816
              ],
              [
                98.79147753445675,
                10.764038333406484
              ],
              [
                98.80316275536568,
                10.697822081589207
              ],
              [
                98.8032765344009,
                10.69732624999427
              ],
              [
                98.80344010696115,
                10.696844546084249
              ],
              [
                98.80365177977835,
                10.696381956354731
              ],
              [
                98.80390936166089,
                10.695943269435409
              ],
              [
                98.80421018617633,
                10.695533026519204
              ],
              [
                98.80455113925383,
                10.69515547435282
              ],
              [
                98.82664002097668,
                10.67306659262997
              ],
              [
                98.82699670131937,
                10.67274273668471
              ],
              [
                98.8273828945887,
                10.67245471186134
              ],
              [
                98.82779501531165,
                10.672205192223105
              ],
              [
                98.82822923730107,
                10.671996494345665
              ],
              [
                98.82868152917852,
                10.671830555809661
              ],
              [
                98.82914769180219,
                10.671708917211962
              ],
              [
                98.82962339725223,
                10.671632707862534
              ],
              [
                98.86388751118584,
                10.667825584092135
              ],
              [
                98.86432523695161,
                10.667796312402183
              ],
              [
                98.86476384366277,
                10.667805522765658
              ],
              [
                98.86519995473749,
                10.66785314427725
              ],
              [
                98.91746078180417,
                10.675893271518277
              ],
              [
                98.91749903022256,
                10.675898638317282
              ],
              [
                98.91755822177231,
                10.67590548276037
              ],
              [
                98.99893307536601,
                10.68404296811974
              ],
              [
                98.99901975214355,
                10.684052399770932
              ],
              [
                99.0670506093752,
                10.692055879120261
              ],
              [
                99.0675150002327,
                10.692132823041517
              ],
              [
                99.06797009729279,
                10.692253097317428
              ],
              [
                99.06841186695311,
                10.692415635936714
              ],
              [
                99.06883639373433,
                10.69261899829205
              ],
              [
                99.06923991498367,
                10.69286138194843
              ],
              [
                99.10359312596734,
                10.715763522604211
              ],
              [
                99.10400225823102,
                10.716067500534121
              ],
              [
                99.10437831761507,
                10.716411551592444
              ],
              [
                99.10471739623385,
                10.71679210051355
              ],
              [
                99.10501597049368,
                10.717205192758007
              ],
              [
                99.1052709377089,
                10.717646535606853
              ],
              [
                99.10547964834392,
                10.718111542770124
              ],
              [
                99.13338791040992,
                10.789875645225552
              ],
              [
                99.13342738437562,
                10.789969037722122
              ],
              [
                99.13347220605415,
                10.790059984791812
              ],
              [
                99.1700462129525,
                10.859144220044222
              ],
              [
                99.17004924887199,
                10.859149601199565
              ],
              [
                99.17009898873451,
                10.859223660631498
              ],
              [
                99.1701486642523,
                10.85927113511449
              ],
              [
                99.17016907583705,
                10.85928780621381
              ],
              [
                99.22298298459978,
                10.899913889877455
              ],
              [
                99.22298756006012,
                10.899917233969248
              ],
              [
                99.22305519090914,
                10.899959617762667
              ],
              [
                99.22311831670856,
                10.899970113259089
              ],
              [
                99.22314232102087,
                10.899972359859786
              ],
              [
                99.28301137442485,
                10.903963630086716
              ],
              [
                99.28346097204968,
                10.904014117396546
              ],
              [
                99.28390416548784,
                10.904105038071217
              ],
              [
                99.28433732610205,
                10.904235647699553
              ],
              [
                99.28475690739856,
                10.90440487691787
              ],
              [
                99.28515947406402,
                10.904611340165376
              ],
              [
                99.31172627173785,
                10.919792367407569
              ],
              [
                99.31217915218778,
                10.920084615732804
              ],
              [
                99.3125979433463,
                10.920423914643909
              ],
              [
                99.31297777869622,
                10.920806321354727
              ],
              [
                99.31331424440211,
                10.921227392149596
              ],
              [
                99.35297973940534,
                10.976759085154118
              ],
              [
                99.35324830381973,
                10.977177622495374
              ],
              [
                99.3534739642766,
                10.977620767741206
              ],
              [
                99.35365448853956,
                10.978084137292628
              ],
              [
                99.38183578372835,
                11.062628022858961
              ],
              [
                99.38199527061654,
                11.063228581013357
              ],
              [
                99.38576898031646,
                11.082097129512926
              ],
              [
                99.38577015635803,
                11.08210235484288
              ],
              [
                99.38579087980061,
                11.082171512714226
              ],
              [
                99.38584952541805,
                11.082161964330423
              ],
              [
                99.38587166513658,
                11.082156751114427
              ],
              [
                99.40576676404889,
                11.076921198769082
              ],
              [
                99.40599148696771,
                11.076867580414737
              ],
              [
                99.45772143614988,
                11.06578150527702
              ],
              [
                99.4582365141093,
                11.065698950548079
              ],
              [
                99.50113735808138,
                11.06110243155107
              ],
              [
                99.501142728498,
                11.0611017273852
              ],
              [
                99.50121611947931,
                11.061086919654658
              ],
              [
                99.5012513334773,
                11.061036858922328
              ],
              [
                99.50126324776765,
                11.061017171163494
              ],
              [
                99.5129347616925,
                11.040559514925969
              ],
              [
                99.51293746301015,
                11.040554496066873
              ],
              [
                99.51297034421191,
                11.040481258872347
              ],
              [
                99.51297192254415,
                11.040416913417955
              ],
              [
                99.51297077472023,
                11.040392689645305
              ],
              [
                99.51069561170563,
                11.00981260275991
              ],
              [
                99.51069499984504,
                11.00980653885433
              ],
              [
                99.51067893782547,
                11.009716726109046
              ],
              [
                99.51066072135083,
                11.009654467992892
              ],
              [
                99.51065153899769,
                11.009630159227683
              ],
              [
                99.50563398932343,
                10.997418218144523
              ],
              [
                99.50557937440766,
                10.997279441456774
              ],
              [
                99.49548679931588,
                10.970467468337286
              ],
              [
                99.49533749524863,
                10.970003355717294
              ],
              [
                99.49523410154016,
                10.969526908480356
              ],
              [
                99.49517760122575,
                10.969042656538694
              ],
              [
                99.4951685314928,
                10.968555204009233
              ],
              [
                99.49520697857349,
                10.968069185439093
              ],
              [
                99.50052976593827,
                10.92661890293093
              ],
              [
                99.50053038641995,
                10.926612778998525
              ],
              [
                99.50053242517347,
                10.926525203920189
              ],
              [
                99.50051194000096,
                10.926459005152173
              ],
              [
                99.50050225325842,
                10.926434605241102
              ],
              [
                99.48279186933563,
                10.885356353642399
              ],
              [
                99.48276167956897,
                10.885290839469947
              ],
              [
                99.48271057542738,
                10.885192000617302
              ],
              [
                99.41615878614311,
                10.765106278050462
              ],
              [
                99.41609596883693,
                10.765001713817401
              ],
              [
                99.41602600996683,
                10.764901786597672
              ],
              [
                99.34572266039474,
                10.671592387494682
              ],
              [
                99.34571922567429,
                10.67158804734266
              ],
              [
                99.34566363741419,
                10.67152698456736
              ],
              [
                99.34562008197074,
                10.671487612795666
              ],
              [
                99.34560157657305,
                10.671473076364212
              ],
              [
                99.32256007693299,
                10.654319857722417
              ],
              [
                99.32219481987278,
                10.654020108940491
              ],
              [
                99.3218594887624,
                10.65368721992189
              ],
              [
                99.32155707827032,
                10.653324163526031
              ],
              [
                99.32129028906802,
                10.652934182021555
              ],
              [
                99.24178110429638,
                10.524037113227426
              ],
              [
                99.24153346583184,
                10.523585043538112
              ],
              [
                99.24133368546177,
                10.523109880811406
              ],
              [
                99.24118388638652,
                10.522616674921164
              ],
              [
                99.24108566062162,
                10.522110667498074
              ],
              [
                99.2410400520783,
                10.521597236223323
              ],
              [
                99.2388796842421,
                10.463283134927185
              ],
              [
                99.23887930971887,
                10.46327718047142
              ],
              [
                99.23886749572407,
                10.463191950841004
              ],
              [
                99.23884499086252,
                10.46312961254716
              ],
              [
                99.23883459113512,
                10.463106417034231
              ],
              [
                99.19501304811506,
                10.37229418959869
              ],
              [
                99.19501056100091,
                10.372289334512336
              ],
              [
                99.19497162102107,
                10.372224763931742
              ],
              [
                99.19491210985318,
                10.372208706539642
              ],
              [
                99.19488936484703,
                10.372204233203151
              ],
              [
                99.15524413123751,
                10.365470262869295
              ],
              [
                99.15476798189853,
                10.365365271520341
              ],
              [
                99.15430432287944,
                10.365214401740829
              ],
              [
                99.15385756341755,
                10.365019088250316
              ],
              [
                99.15343195204125,
                10.364781188412724
              ],
              [
                99.15303153616792,
                10.36450296457345
              ],
              [
                99.15266012361437,
                10.36418706254523
              ],
              [
                99.1523212463859,
                10.363836486447386
              ],
              [
                99.15201812708803,
                10.363454570137677
              ],
              [
                99.15175364828075,
                10.363044945508468
              ],
              [
                99.15153032506625,
                10.362611507948685
              ],
              [
                99.15135028117129,
                10.36215837930001
              ],
              [
                99.15121522875121,
                10.361689868659584
              ],
              [
                99.15112645210793,
                10.36121043140199
              ],
              [
                99.15108479547672,
                10.360724626810168
              ],
              [
                99.15109065499774,
                10.360237074718208
              ],
              [
                99.15417723124115,
                10.309530025087108
              ],
              [
                99.15422815899831,
                10.309060491071127
              ],
              [
                99.15432316111311,
                10.308597856845422
              ],
              [
                99.15446138995453,
                10.308146250140409
              ],
              [
                99.19300892933478,
                10.200637594650468
              ],
              [
                99.1930107535199,
                10.20063206911307
              ],
              [
                99.19303042814617,
                10.20055338997799
              ],
              [
                99.1930067928082,
                10.200491906412694
              ],
              [
                99.19299621999758,
                10.200469503139907
              ],
              [
                99.1564145963399,
                10.128205340453798
              ],
              [
                99.1562366384076,
                10.127812642220995
              ],
              [
                99.15609317208225,
                10.127406073233981
              ],
              [
                99.15598526406998,
                10.126988656429575
              ],
              [
                99.15591371669245,
                10.12656349540069
              ],
              [
                99.15060891309535,
                10.083860934689918
              ],
              [
                99.15057153069431,
                10.083331568791879
              ],
              [
                99.15059046489978,
                10.082801222495787
              ],
              [
                99.15803108020216,
                9.999211743864462
              ],
              [
                99.15803869677794,
                9.999133200835931
              ],
              [
                99.16747325277005,
                9.90923318809203
              ],
              [
                99.16747813029102,
                9.909175815036255
              ],
              [
                99.16748244543821,
                9.90908708832654
              ],
              [
                99.16901159567874,
                9.849257183237489
              ],
              [
                99.16901158907321,
                9.849251034120648
              ],
              [
                99.16900463258516,
                9.849162533638342
              ],
              [
                99.16898482047257,
                9.84909709146203
              ],
              [
                99.1689753015949,
                9.849072654948536
              ],
              [
                99.14488952220071,
                9.792180350779509
              ],
              [
                99.14471420006957,
                9.791698882960349
              ],
              [
                99.14458907412312,
                9.791202000068635
              ],
              [
                99.14451545842957,
                9.790694920350822
              ],
              [
                99.14449412609834,
                9.790182969140062
              ],
              [
                99.1445253011608,
                9.789671522929758
              ],
              [
                99.14745875051744,
                9.763622780235915
              ],
              [
                99.14755777054478,
                9.763047741351357
              ],
              [
                99.15525455352213,
                9.730013194176715
              ],
              [
                99.15526066432977,
                9.72998727905078
              ],
              [
                99.15881421665782,
                9.715094757931881
              ],
              [
                99.1588150812138,
                9.715094964226362
              ],
              [
                99.15882646195178,
                9.715047347248607
              ],
              [
                99.15882557974943,
                9.715047136742607
              ],
              [
                99.17624496048283,
                9.642044853978872
              ],
              [
                99.17639543507424,
                9.641535688845586
              ],
              [
                99.17659905175135,
                9.641045350202996
              ],
              [
                99.19933844026599,
                9.59357286132208
              ],
              [
                99.1993592634256,
                9.593527990365871
              ],
              [
                99.26311826023388,
                9.460421224799317
              ],
              [
                99.26333976192723,
                9.460009418316504
              ],
              [
                99.26359876482886,
                9.459620104720047
              ],
              [
                99.29255848743313,
                9.420218101930645
              ],
              [
                99.29256224074065,
                9.420212676599615
              ],
              [
                99.29261165899737,
                9.420126781287571
              ],
              [
                99.2926394145093,
                9.420062026750953
              ],
              [
                99.29264833266338,
                9.420035266897068
              ],
              [
                99.30301521852594,
                9.385358185471315
              ],
              [
                99.30301665966323,
                9.385352900810267
              ],
              [
                99.3030311715723,
                9.385279677468905
              ],
              [
                99.30298051555494,
                9.385245074605516
              ],
              [
                99.30296041534393,
                9.385233334916869
              ],
              [
                99.28052530744527,
                9.372912445818706
              ],
              [
                99.2800390723397,
                9.372607858315359
              ],
              [
                99.23206986832325,
                9.338577034290745
              ],
              [
                99.23168658170123,
                9.338275995364452
              ],
              [
                99.2313344247607,
                9.337939070211016
              ],
              [
                99.23101674345847,
                9.337569460065078
              ],
              [
                99.2307365561871,
                9.337170676711944
              ],
              [
                99.23049652509631,
                9.336746509120973
              ],
              [
                99.230298930799,
                9.336300987445364
              ],
              [
                99.23014565070231,
                9.335838344730371
              ],
              [
                99.23003814116997,
                9.335362976693764
              ],
              [
                99.22997742368474,
                9.334879399960702
              ],
              [
                99.22754104510868,
                9.302946308045318
              ],
              [
                99.22752758063369,
                9.302464688185665
              ],
              [
                99.22756053443605,
                9.30198400842927
              ],
              [
                99.22763960052127,
                9.301508732156492
              ],
              [
                99.23704326313448,
                9.258039858854257
              ],
              [
                99.23717556340424,
                9.257550042439837
              ],
              [
                99.2373568220647,
                9.257076155555424
              ],
              [
                99.23758517270646,
                9.256623077785475
              ],
              [
                99.25183580613655,
                9.231594729777576
              ],
              [
                99.25211155641598,
                9.231163398570382
              ],
              [
                99.2524299667158,
                9.230762524889682
              ],
              [
                99.25278769901567,
                9.230396311251848
              ],
              [
                99.25318100306727,
                9.230068596818391
              ],
              [
                99.2674740835979,
                9.21934963236505
              ],
              [
                99.26787540737227,
                9.219078016918305
              ],
              [
                99.26830114020372,
                9.218846527655032
              ],
              [
                99.26874728300115,
                9.21865733905317
              ],
              [
                99.26920964495393,
                9.218512228242403
              ],
              [
                99.26968388289792,
                9.218412558310815
              ],
              [
                99.36905858983057,
                9.20251060957433
              ],
              [
                99.36919558764265,
                9.202490628323948
              ],
              [
                99.44411136473941,
                9.192621315583333
              ],
              [
                99.44457887839204,
                9.192581928134837
              ],
              [
                99.44504802566999,
                9.192586534443286
              ],
              [
                99.44551467581807,
                9.192635093950987
              ],
              [
                99.44597472006784,
                9.192727179100432
              ],
              [
                99.47552329491111,
                9.200098959287509
              ],
              [
                99.47598760458335,
                9.200239036721555
              ],
              [
                99.47643615914494,
                9.200423438360794
              ],
              [
                99.47686473850197,
                9.200650429316546
              ],
              [
                99.49692443274323,
                9.212554902625188
              ],
              [
                99.4971953774695,
                9.2127277041828
              ],
              [
                99.57962792238646,
                9.269107592803325
              ],
              [
                99.57963357579865,
                9.2691112228795
              ],
              [
                99.57979289802579,
                9.26919545804179
              ],
              [
                99.57981302499444,
                9.269203944252558
              ],
              [
                99.70741401718523,
                9.318301907825852
              ],
              [
                99.70741904737721,
                9.318303711891334
              ],
              [
                99.70749292928969,
                9.318324769704104
              ],
              [
                99.70755186154577,
                9.318330196640341
              ],
              [
                99.70757455434266,
                9.318330764770508
              ],
              [
                99.74656996018746,
                9.318330764770508
              ],
              [
                99.7465758361067,
                9.318330616403436
              ],
              [
                99.74673175260807,
                9.318315195769747
              ],
              [
                99.74675049768034,
                9.31831189259145
              ],
              [
                99.7696763239029,
                9.313617863810773
              ],
              [
                99.76970793739291,
                9.313611024812626
              ],
              [
                99.76975648558967,
                9.313599484188178
              ],
              [
                99.77147724208754,
                9.31316683684014
              ],
              [
                99.77193032791004,
                9.313074956206055
              ],
              [
                99.77238996333213,
                9.313025316582532
              ],
              [
                99.77285221886048,
                9.313018342346286
              ],
              [
                99.77331314260208,
                9.313054093121124
              ],
              [
                99.7978204364757,
                9.316100099106839
              ],
              [
                99.7978255616874,
                9.316100621193234
              ],
              [
                99.79789850735507,
                9.316103335197727
              ],
              [
                99.79795474058066,
                9.316090134374646
              ],
              [
                99.79797566043739,
                9.31608377758148
              ],
              [
                99.84532029331088,
                9.300439745140265
              ],
              [
                99.84532534055192,
                9.300437945537967
              ],
              [
                99.84539326007861,
                9.30040839196372
              ],
              [
                99.84541742633759,
                9.300352867865321
              ],
              [
                99.84542507000465,
                9.300331429956382
              ],
              [
                99.86911064594283,
                9.228145413154154
              ],
              [
                99.86913807300573,
                9.2280533619812
              ],
              [
                99.86916040378185,
                9.22795994357408
              ],
              [
                99.8899796599286,
                9.128906540861962
              ],
              [
                99.88998327534642,
                9.128888792627487
              ],
              [
                99.88998854120986,
                9.128861348314015
              ],
              [
                99.91885417129012,
                8.972299995729978
              ],
              [
                99.91886496241584,
                8.972232670250534
              ],
              [
                99.9188771397727,
                8.972128200039295
              ],
              [
                99.92608525178781,
                8.891122660017576
              ],
              [
                99.92608725695138,
                8.891100675609291
              ],
              [
                99.92885739482423,
                8.8614528660609
              ],
              [
                99.92886881204512,
                8.861343636693638
              ],
              [
                99.95356744447245,
                8.647763505508271
              ],
              [
                99.95365650146147,
                8.647239405618175
              ],
              [
                99.95853424542906,
                8.625579545591368
              ],
              [
                99.95870899610118,
                8.6249806935285
              ],
              [
                99.96559341264143,
                8.605904819473412
              ],
              [
                99.96576203646691,
                8.605495350422549
              ],
              [
                99.96596622845952,
                8.605102407006397
              ],
              [
                99.96620438694623,
                8.604729071455793
              ],
              [
                99.98674217917137,
                8.575477142193416
              ],
              [
                99.98702196350075,
                8.57511508201904
              ],
              [
                99.98733367487637,
                8.57478011506671
              ],
              [
                99.98767470281716,
                8.574475046575332
              ],
              [
                99.98804219132545,
                8.574202431393953
              ],
              [
                100.03309932650777,
                8.543871985338761
              ],
              [
                100.03310456312532,
                8.543868244143592
              ],
              [
                100.03317833766494,
                8.543805940473037
              ],
              [
                100.03322540454381,
                8.543755962162603
              ],
              [
                100.03324256926727,
                8.543734488234154
              ],
              [
                100.05090812310394,
                8.520202529984987
              ],
              [
                100.0509112670061,
                8.520198133860067
              ],
              [
                100.05098678042245,
                8.520075967051545
              ],
              [
                100.0509949109022,
                8.52006050682894
              ],
              [
                100.07940711528872,
                8.462558710916804
              ],
              [
                100.0794584940073,
                8.462457630887688
              ],
              [
                100.10375447898117,
                8.415971437967759
              ],
              [
                100.1039852043703,
                8.415575347642683
              ],
              [
                100.1042512347802,
                8.415202052087096
              ],
              [
                100.10455033425983,
                8.414854688801624
              ],
              [
                100.10487998891695,
                8.414536177329534
              ],
              [
                100.10523742804699,
                8.414249194718355
              ],
              [
                100.10561964742054,
                8.41399615301963
              ],
              [
                100.15765528634142,
                8.382879911870587
              ],
              [
                100.1580713338418,
                8.38265707785151
              ],
              [
                100.1585065383574,
                8.382474464729754
              ],
              [
                100.15895702220688,
                8.382333699592051
              ],
              [
                100.15941877156972,
                8.382236036658723
              ],
              [
                100.15988767224945,
                8.382182346108547
              ],
              [
                100.16035954633122,
                8.382173106325448
              ],
              [
                100.1608301894071,
                8.382208399636085
              ],
              [
                100.1612954080374,
                8.382287911576324
              ],
              [
                100.16175105711444,
                8.382410933693116
              ],
              [
                100.16219307679542,
                8.382576369856825
              ],
              [
                100.16261752867572,
                8.382782746027779
              ],
              [
                100.16302063088024,
                8.383028223389978
              ],
              [
                100.18361908810708,
                8.396945789965644
              ],
              [
                100.18400903061789,
                8.39723790826934
              ],
              [
                100.18436869010812,
                8.397566592488879
              ],
              [
                100.18469465142009,
                8.397928721593189
              ],
              [
                100.18498381937817,
                8.398320856974284
              ],
              [
                100.18523344817918,
                8.398739275098645
              ],
              [
                100.18544116746519,
                8.399180002864172
              ],
              [
                100.18560500483137,
                8.399638855326879
              ],
              [
                100.18572340455499,
                8.40011147543916
              ],
              [
                100.18579524236786,
                8.40059337542228
              ],
              [
                100.18581983613181,
                8.401079979380201
              ],
              [
                100.18579695231602,
                8.401566666750144
              ],
              [
                100.17954572211988,
                8.46666993912178
              ],
              [
                100.17948225599234,
                8.467117303060654
              ],
              [
                100.1793786626158,
                8.467557110808977
              ],
              [
                100.17923578798533,
                8.467985770677776
              ],
              [
                100.17905479888628,
                8.468399782017206
              ],
              [
                100.17883717336574,
                8.468795763804604
              ],
              [
                100.17858468866199,
                8.469170482255608
              ],
              [
                100.15603955175823,
                8.49956987714555
              ],
              [
                100.15568964848406,
                8.499991311103868
              ],
              [
                100.13854719550797,
                8.518476426588158
              ],
              [
                100.13854400158255,
                8.518480044887491
              ],
              [
                100.13850804577504,
                8.518527194197608
              ],
              [
                100.13855497940457,
                8.51851598726508
              ],
              [
                100.1385744659344,
                8.518509828041706
              ],
              [
                100.17238510577312,
                8.506831186586073
              ],
              [
                100.17239018034589,
                8.50682929984794
              ],
              [
                100.17245961794329,
                8.506797964900958
              ],
              [
                100.1725021669443,
                8.506754136050823
              ],
              [
                100.17251703099548,
                8.50673657952662
              ],
              [
                100.21560522469751,
                8.453131229592097
              ],
              [
                100.21560920795534,
                8.45312597414681
              ],
              [
                100.2157039366321,
                8.452976796181632
              ],
              [
                100.21571383330001,
                8.452957792991906
              ],
              [
                100.23798279779557,
                8.406746841540196
              ],
              [
                100.23801971860314,
                8.40666490648461
              ],
              [
                100.23805238107687,
                8.406581182758577
              ],
              [
                100.25634807868624,
                8.35587226712993
              ],
              [
                100.2563600107044,
                8.355837855654555
              ],
              [
                100.25637719863828,
                8.355784359246181
              ],
              [
                100.26993788977478,
                8.311365304457743
              ],
              [
                100.2699695529633,
                8.311246858922614
              ],
              [
                100.26999283299737,
                8.311126484746406
              ],
              [
                100.27551187433477,
                8.27602420515363
              ],
              [
                100.27551821709994,
                8.275979328141709
              ],
              [
                100.27552602546292,
                8.275909844969679
              ],
              [
                100.28163415119927,
                8.21096441839822
              ],
              [
                100.2816600883434,
                8.210742127818671
              ],
              [
                100.29120979704018,
                8.142251516905072
              ],
              [
                100.29121703888936,
                8.142201432713282
              ],
              [
                100.29604873248785,
                8.109939311351399
              ],
              [
                100.29613359911143,
                8.109504910364093
              ],
              [
                100.32663594080431,
                7.9833381239242245
              ],
              [
                100.32663816150904,
                7.983328976135986
              ],
              [
                100.33775795727034,
                7.937710368570198
              ],
              [
                100.3377761587538,
                7.937638046097742
              ],
              [
                100.3585744368642,
                7.857526494153673
              ],
              [
                100.37273701639691,
                7.800573107122719
              ],
              [
                100.37274083091594,
                7.800557395391028
              ],
              [
                100.37274647357187,
                7.800533077494064
              ],
              [
                100.37773413494693,
                7.778387975035899
              ],
              [
                100.3777437572118,
                7.778341776528173
              ],
              [
                100.37775648046834,
                7.778270096896656
              ],
              [
                100.38332094906465,
                7.743071597868776
              ],
              [
                100.38332229492507,
                7.743062788351582
              ],
              [
                100.38745830703982,
                7.713500265872329
              ],
              [
                100.38751629737708,
                7.713167918978023
              ],
              [
                100.41108614110325,
                7.600650473154484
              ],
              [
                100.42371234463214,
                7.535481183461439
              ],
              [
                100.42380809452916,
                7.535077480249978
              ],
              [
                100.43365735049555,
                7.50008617870545
              ],
              [
                100.43366588385997,
                7.500056220469567
              ],
              [
                100.45961336196191,
                7.410027315560089
              ],
              [
                100.45982780848229,
                7.409429089360783
              ],
              [
                100.47824421209121,
                7.366799609575486
              ],
              [
                100.47836748419353,
                7.3665356633315655
              ],
              [
                100.503564023504,
                7.316445665255103
              ],
              [
                100.50361411311466,
                7.316348737549117
              ],
              [
                100.51526860294919,
                7.294387159173857
              ],
              [
                100.51555969844983,
                7.293906072808706
              ],
              [
                100.51590297049634,
                7.293460713422012
              ],
              [
                100.53938514826142,
                7.266301985985406
              ],
              [
                100.53973492200593,
                7.2659365699789635
              ],
              [
                100.5645027037543,
                7.24255290904177
              ],
              [
                100.5645064390311,
                7.242549220169184
              ],
              [
                100.56455837334902,
                7.242490756067434
              ],
              [
                100.56459132191279,
                7.24244596644711
              ],
              [
                100.56460332870888,
                7.2424271852215245
              ],
              [
                100.57804727485811,
                7.220216065903531
              ],
              [
                100.57805022406305,
                7.220210894014862
              ],
              [
                100.57808576860616,
                7.220135888374484
              ],
              [
                100.57807337151836,
                7.220069631580837
              ],
              [
                100.57806683155256,
                7.220045124248838
              ],
              [
                100.56991781976753,
                7.192652126377445
              ],
              [
                100.5699160909274,
                7.192646805073741
              ],
              [
                100.56988746772116,
                7.1925765338732415
              ],
              [
                100.56982552169198,
                7.192583845713741
              ],
              [
                100.5698021601015,
                7.192588345004779
              ],
              [
                100.5419989006724,
                7.198730727209577
              ],
              [
                100.54199343977788,
                7.198732073521335
              ],
              [
                100.54191745403843,
                7.198756605401346
              ],
              [
                100.54186552864724,
                7.198792589206069
              ],
              [
                100.54184687746333,
                7.198807569475833
              ],
              [
                100.43891907381231,
                7.286058180128305
              ],
              [
                100.43891511882711,
                7.286061691207638
              ],
              [
                100.43886318261146,
                7.2861143648725255
              ],
              [
                100.43884443374593,
                7.286171137605299
              ],
              [
                100.43883882465317,
                7.286192883531874
              ],
              [
                100.39820776406708,
                7.461682043058415
              ],
              [
                100.39818841663033,
                7.461777676143529
              ],
              [
                100.39817443412637,
                7.461874239593111
              ],
              [
                100.39441098283554,
                7.494201610112217
              ],
              [
                100.39434683220381,
                7.494606984923027
              ],
              [
                100.3942496509913,
                7.495005732779103
              ],
              [
                100.37974493706714,
                7.54542667914413
              ],
              [
                100.37962533994101,
                7.545789603157878
              ],
              [
                100.2930550317645,
                7.778210889172575
              ],
              [
                100.29284814939516,
                7.7786886611719375
              ],
              [
                100.29259270659739,
                7.779142329966535
              ],
              [
                100.29229147304957,
                7.779566976581727
              ],
              [
                100.29194771492342,
                7.7799579967203725
              ],
              [
                100.29156515947001,
                7.78031115068565
              ],
              [
                100.29114795460652,
                7.780622609350626
              ],
              [
                100.29070062394169,
                7.7808889956761575
              ],
              [
                100.26933412145607,
                7.792149264223155
              ],
              [
                100.26891508107266,
                7.7923458823298875
              ],
              [
                100.26847965388426,
                7.79250290680703
              ],
              [
                100.26803157156321,
                7.79261899193269
              ],
              [
                100.26757467423818,
                7.7926931428409825
              ],
              [
                100.2671128775836,
                7.792724724048174
              ],
              [
                100.26665013926188,
                7.79271346489887
              ],
              [
                100.26619042500566,
                7.792659461885565
              ],
              [
                100.26573767463087,
                7.792563177821694
              ],
              [
                100.20972735872515,
                7.777912018047681
              ],
              [
                100.20923778296303,
                7.77775668611776
              ],
              [
                100.20876672578962,
                7.77755194829838
              ],
              [
                100.20831915803451,
                7.77729996508485
              ],
              [
                100.2078998026553,
                7.77700339552938
              ],
              [
                100.20751308489854,
                7.776665369181435
              ],
              [
                100.20716308560233,
                7.776289453063179
              ],
              [
                100.20685349813337,
                7.775879614028476
              ],
              [
                100.2065875894126,
                7.775440176902678
              ],
              [
                100.20431783724149,
                7.7712132169162
              ],
              [
                100.2043150102715,
                7.7712082498628785
              ],
              [
                100.20426928211451,
                7.771139806803268
              ],
              [
                100.20422431144654,
                7.771095108715064
              ],
              [
                100.20420587898242,
                7.771079244068318
              ],
              [
                100.15184073517372,
                7.728402819570614
              ],
              [
                100.15146147476291,
                7.728060015331495
              ],
              [
                100.15111920110554,
                7.727680276014294
              ],
              [
                100.15081749237429,
                7.727267571462524
              ],
              [
                100.15055950267094,
                7.726826216142485
              ],
              [
                100.15034792905293,
                7.726360824039286
              ],
              [
                100.15018498333797,
                7.725876260421647
              ],
              [
                100.15007236898147,
                7.725377590979759
              ],
              [
                100.14646423407173,
                7.704478340797648
              ],
              [
                100.14639802529159,
                7.703886091032512
              ],
              [
                100.14640275028218,
                7.703290170684366
              ],
              [
                100.15160090965347,
                7.6264635755553565
              ],
              [
                100.15165816661298,
                7.625975327906603
              ],
              [
                100.15176309266408,
                7.625495062719726
              ],
              [
                100.17298789607628,
                7.547060119268239
              ],
              [
                100.17304429157943,
                7.54686718176202
              ],
              [
                100.18270303641829,
                7.516131439717867
              ],
              [
                100.18291736427074,
                7.515569911206623
              ],
              [
                100.18319752193858,
                7.515038157148418
              ],
              [
                100.26575218926996,
                7.378877367942666
              ],
              [
                100.26598640441267,
                7.37852552556034
              ],
              [
                100.266249498759,
                7.378194721751396
              ],
              [
                100.26653959223889,
                7.377887320437147
              ],
              [
                100.286823881037,
                7.358136346424021
              ],
              [
                100.28720974983072,
                7.357797436365197
              ],
              [
                100.2876283480399,
                7.357499895959178
              ],
              [
                100.31444059601374,
                7.3404439611216015
              ],
              [
                100.31491766168051,
                7.340175973250745
              ],
              [
                100.3154211543302,
                7.339961720360323
              ],
              [
                100.31594504395055,
                7.339803768421363
              ],
              [
                100.36598546986804,
                7.327659539456983
              ],
              [
                100.36599119014413,
                7.327657993237693
              ],
              [
                100.36606908571466,
                7.327630499213719
              ],
              [
                100.36610736366401,
                7.327575405182534
              ],
              [
                100.36612016296203,
                7.327553649626007
              ],
              [
                100.37662611735543,
                7.308484642257367
              ],
              [
                100.37662848970311,
                7.30848010324134
              ],
              [
                100.37665833415114,
                7.30841287795251
              ],
              [
                100.37667180624067,
                7.3083578395144455
              ],
              [
                100.37667561521891,
                7.308336441666342
              ],
              [
                100.39189559803987,
                7.209122309969067
              ],
              [
                100.3920039916964,
                7.208602008906286
              ],
              [
                100.39216699992598,
                7.208096152505914
              ],
              [
                100.39238278098088,
                7.207610456184076
              ],
              [
                100.39264889685991,
                7.207150407578344
              ],
              [
                100.42384835025268,
                7.159279313789241
              ],
              [
                100.42413680820515,
                7.158881010849272
              ],
              [
                100.42446299940697,
                7.158512972098348
              ],
              [
                100.42482376824243,
                7.158178757990785
              ],
              [
                100.42521562458731,
                7.15788160175694
              ],
              [
                100.42563477757281,
                7.157624378124518
              ],
              [
                100.42607717225893,
                7.157409575508094
              ],
              [
                100.42653852886245,
                7.157239271935867
              ],
              [
                100.49945990979433,
                7.1343282624293805
              ],
              [
                100.49998283080556,
                7.134194504882747
              ],
              [
                100.50051712314887,
                7.134117894458123
              ],
              [
                100.53626989792896,
                7.130948583627371
              ],
              [
                100.53676774844114,
                7.13092937134411
              ],
              [
                100.5372650393974,
                7.130959800756181
              ],
              [
                100.53775683321088,
                7.1310395697308735
              ],
              [
                100.53823824687566,
                7.131167886244446
              ],
              [
                100.53870450045002,
                7.1313434762461165
              ],
              [
                100.53915096451634,
                7.131564596308065
              ],
              [
                100.53957320614636,
                7.131829050935881
              ],
              [
                100.53996703291573,
                7.132134214367555
              ],
              [
                100.5834150483724,
                7.1694088126033995
              ],
              [
                100.583784708394,
                7.169760223865065
              ],
              [
                100.58411664522102,
                7.170147465842732
              ],
              [
                100.58440740487276,
                7.170566509075964
              ],
              [
                100.58465396183912,
                7.171012993195204
              ],
              [
                100.58485375056266,
                7.171482272293762
              ],
              [
                100.58500469213456,
                7.171969463270965
              ],
              [
                100.58510521592683,
                7.172469496643435
              ],
              [
                100.59053310797358,
                7.209035752368641
              ],
              [
                100.5905339864563,
                7.2090408161129425
              ],
              [
                100.5905498970276,
                7.2091050219767565
              ],
              [
                100.59058680361034,
                7.209065277515398
              ],
              [
                100.59060046164548,
                7.209048289665742
              ],
              [
                100.61414150345158,
                7.178129505677553
              ],
              [
                100.6144249315597,
                7.1777895860615715
              ],
              [
                100.61473730815327,
                7.177476061418854
              ],
              [
                100.64518225680531,
                7.149511400909837
              ],
              [
                100.64518700282301,
                7.149506784260474
              ],
              [
                100.6453034944075,
                7.14937290554896
              ],
              [
                100.64531617132614,
                7.149355521600023
              ],
              [
                100.68884809485479,
                7.085569637500472
              ],
              [
                100.7320982650797,
                7.021389863491127
              ],
              [
                100.73229702774735,
                7.021115458991333
              ],
              [
                100.76054359851324,
                6.984777658029557
              ],
              [
                100.76081635198658,
                6.984455777901832
              ],
              [
                100.76111527063904,
                6.984158038228545
              ],
              [
                100.77668383831956,
                6.969907689005607
              ],
              [
                100.7770334881907,
                6.969615770757387
              ],
              [
                100.77740825279322,
                6.969356883158775
              ],
              [
                100.77780502201125,
                6.969133174679599
              ],
              [
                100.77797589295326,
                6.969046843852762
              ],
              [
                100.78218407973097,
                6.966920699759853
              ],
              [
                100.80330233251053,
                6.956250914702341
              ],
              [
                100.80387551757183,
                6.956004908509793
              ],
              [
                100.84067313992857,
                6.942863878419362
              ],
              [
                100.84067806304637,
                6.942861980286316
              ],
              [
                100.84073972779285,
                6.942832888447145
              ],
              [
                100.84069355680832,
                6.942801347658538
              ],
              [
                100.8406741921302,
                6.942790094911401
              ],
              [
                100.84002464052712,
                6.942435794036997
              ],
              [
                100.82767481630289,
                6.935699526278326
              ],
              [
                100.82766966539747,
                6.935696881433846
              ],
              [
                100.827592881795,
                6.935664255996792
              ],
              [
                100.82752989477167,
                6.935651514898674
              ],
              [
                100.82750544475668,
                6.935648395385732
              ],
              [
                100.79356423981044,
                6.932254274891111
              ],
              [
                100.79349182507293,
                6.932248851676612
              ],
              [
                100.79337986036593,
                6.932245596330761
              ],
              [
                100.76031976558146,
                6.932245596330761
              ],
              [
                100.75984484962483,
                6.932222990712779
              ],
              [
                100.75937422797568,
                6.932155378264418
              ],
              [
                100.7589121561113,
                6.932043370354149
              ],
              [
                100.75846281219968,
                6.931887979785187
              ],
              [
                100.74490900126096,
                6.926466455409696
              ],
              [
                100.74444367345787,
                6.926252052318641
              ],
              [
                100.74400272948179,
                6.92599115567292
              ],
              [
                100.74359079922067,
                6.925686504873221
              ],
              [
                100.74321220791998,
                6.925341298736488
              ],
              [
                100.74287093076796,
                6.924959161908513
              ],
              [
                100.74257055115626,
                6.9245441068053495
              ],
              [
                100.74231422305458,
                6.924100491483165
              ],
              [
                100.74210463789414,
                6.923632973878885
              ],
              [
                100.74194399630781,
                6.923146462902102
              ],
              [
                100.74183398502358,
                6.922646066891798
              ],
              [
                100.73923622528366,
                6.907059508452348
              ],
              [
                100.73917845298999,
                6.9065576316866935
              ],
              [
                100.73917161955957,
                6.906052486925216
              ],
              [
                100.73921579475297,
                6.905549231047845
              ],
              [
                100.73931052759814,
                6.905053001651429
              ],
              [
                100.73945485099424,
                6.904568864601457
              ],
              [
                100.73964729158459,
                6.90410176231608
              ],
              [
                100.73988588479766,
                6.903656463310353
              ],
              [
                100.74016819490282,
                6.90323751351582
              ],
              [
                100.75930858703482,
                6.877716990673146
              ],
              [
                100.75931167739769,
                6.877712666628906
              ],
              [
                100.75935077226286,
                6.877649432137357
              ],
              [
                100.75935628831125,
                6.877589597729314
              ],
              [
                100.75935685356362,
                6.877567033063786
              ],
              [
                100.75935685356362,
                6.853858077767901
              ],
              [
                100.75935670229585,
                6.853852186852246
              ],
              [
                100.75934843701187,
                6.8537700458231035
              ],
              [
                100.75930988875992,
                6.8537156066503675
              ],
              [
                100.75929389650815,
                6.853696263930555
              ],
              [
                100.735484674416,
                6.826485724396664
              ],
              [
                100.73547837737924,
                6.826478607689362
              ],
              [
                100.70191691757843,
                6.789560667247991
              ],
              [
                100.70156720032084,
                6.789130252632787
              ],
              [
                100.70126730062735,
                6.7886637560357075
              ],
              [
                100.70102090797077,
                6.7881669164639895
              ],
              [
                100.69127347089784,
                6.765422896627136
              ],
              [
                100.6911308390092,
                6.765049537138404
              ],
              [
                100.69101848354721,
                6.7646659782594245
              ],
              [
                100.68584814112405,
                6.743984608566831
              ],
              [
                100.6809140806754,
                6.724248366772241
              ],
              [
                100.68086192169868,
                6.724016428814301
              ],
              [
                100.67407306303829,
                6.690077876482058
              ],
              [
                100.67407175561324,
                6.690072116984343
              ],
              [
                100.67404542978107,
                6.689986462964222
              ],
              [
                100.67402040447111,
                6.6899279044510465
              ],
              [
                100.67400864687586,
                6.689905262620107
              ],
              [
                100.65703355164182,
                6.6593500911988395
              ],
              [
                100.65703089141886,
                6.659345548292577
              ],
              [
                100.65698902829813,
                6.6592837696108615
              ],
              [
                100.65694391443628,
                6.6592456687916615
              ],
              [
                100.65692592344978,
                6.65923240145538
              ],
              [
                100.62294615057627,
                6.635446560443933
              ],
              [
                100.62294133339515,
                6.635443364830915
              ],
              [
                100.6228697834861,
                6.6354030540511575
              ],
              [
                100.62280624707267,
                6.635389467170582
              ],
              [
                100.62278187434826,
                6.635386084440176
              ],
              [
                100.59224323585664,
                6.631992902385551
              ],
              [
                100.59223807468224,
                6.631992444789608
              ],
              [
                100.59216366415774,
                6.6319906696498645
              ],
              [
                100.59210702089146,
                6.631999582429852
              ],
              [
                100.59208556077856,
                6.632004398077575
              ],
              [
                100.55163011560255,
                6.642118259371577
              ],
              [
                100.5512183486924,
                6.642202984159037
              ],
              [
                100.55080091997179,
                6.642252819298358
              ],
              [
                100.50696965844078,
                6.645624454800744
              ],
              [
                100.50686484394474,
                6.645635705295535
              ],
              [
                100.50676089814974,
                6.645653253057371
              ],
              [
                100.49242806273885,
                6.64851982013955
              ],
              [
                100.49194225196655,
                6.648592376814469
              ],
              [
                100.49145166613867,
                6.648616915010447
              ],
              [
                100.49096103993003,
                6.6485931979078075
              ],
              [
                100.49047510840511,
                6.648521454401804
              ],
              [
                100.48999856131972,
                6.648402376893541
              ],
              [
                100.48953599785986,
                6.648237114607564
              ],
              [
                100.48909188225466,
                6.648027262500625
              ],
              [
                100.48867050069187,
                6.647774845868649
              ],
              [
                100.4882759199515,
                6.647482300800479
              ],
              [
                100.48791194815723,
                6.647152450667029
              ],
              [
                100.47350963731186,
                6.63275013982166
              ],
              [
                100.47315335336498,
                6.632353674854207
              ],
              [
                100.47284129957326,
                6.631921534654398
              ],
              [
                100.47257702239958,
                6.631458630456214
              ],
              [
                100.47236352532995,
                6.630970223123671
              ],
              [
                100.46253674208016,
                6.604765467790944
              ],
              [
                100.46253469658566,
                6.604760382873978
              ],
              [
                100.46250105347319,
                6.604690966042634
              ],
              [
                100.46245530446369,
                6.604649339242018
              ],
              [
                100.46243703511128,
                6.604634885513254
              ],
              [
                100.44892184729542,
                6.594498494651356
              ],
              [
                100.44891762810131,
                6.594495474907224
              ],
              [
                100.44885519087771,
                6.594456643516533
              ],
              [
                100.44879938261087,
                6.594440195041555
              ],
              [
                100.44877789783867,
                6.59443535198761
              ],
              [
                100.43188012014762,
                6.591055796449403
              ],
              [
                100.4318747515439,
                6.5910548539489495
              ],
              [
                100.4317989028485,
                6.591046846794643
              ],
              [
                100.43174141578656,
                6.591069091867081
              ],
              [
                100.43172043829978,
                6.5910789144412965
              ],
              [
                100.38412758422578,
                6.614875341478297
              ],
              [
                100.38403194519921,
                6.614926937534419
              ],
              [
                100.38393969703226,
                6.614984376650835
              ],
              [
                100.34318648031685,
                6.642153187794444
              ],
              [
                100.34308809622358,
                6.642223821297883
              ],
              [
                100.34299484079972,
                6.642301099675897
              ],
              [
                100.31496150852692,
                6.667219617251733
              ],
              [
                100.31242879174891,
                6.66947092105442
              ],
              [
                100.31242537748547,
                6.669474079175751
              ],
              [
                100.3123399892577,
                6.669562699879402
              ],
              [
                100.31233024772695,
                6.66957409487691
              ],
              [
                100.31144241395806,
                6.670659225038874
              ],
              [
                100.31143863486687,
                6.670664103580957
              ],
              [
                100.31138785461751,
                6.670741330505974
              ],
              [
                100.31135794472203,
                6.670799842038575
              ],
              [
                100.31134781559285,
                6.670824136516061
              ],
              [
                100.30136001304824,
                6.696886645911908
              ],
              [
                100.30124412445333,
                6.697189049526734
              ],
              [
                100.30103842004681,
                6.697653671378366
              ],
              [
                100.30078662194234,
                6.698095016461565
              ],
              [
                100.30049133058755,
                6.698508526780253
              ],
              [
                100.30015559560705,
                6.698889931802182
              ],
              [
                100.29978288430748,
                6.699235292562904
              ],
              [
                100.29937704586875,
                6.6995410423454596
              ],
              [
                100.29894227159171,
                6.699804023515695
              ],
              [
                100.29848305161235,
                6.700021520132755
              ],
              [
                100.29800412852993,
                6.700191285997997
              ],
              [
                100.29751044842772,
                6.70031156785263
              ],
              [
                100.28536093372519,
                6.702624897829597
              ],
              [
                100.285355337016,
                6.702626108540318
              ],
              [
                100.28527839691374,
                6.702648681735933
              ],
              [
                100.28523258562228,
                6.702694503063621
              ],
              [
                100.28521665001848,
                6.702712936520599
              ],
              [
                100.28291619564139,
                6.705524602981496
              ],
              [
                100.28172291928759,
                6.706983051858363
              ],
              [
                100.28171949449984,
                6.706987454158794
              ],
              [
                100.28167693259005,
                6.707051063349297
              ],
              [
                100.2817011234624,
                6.7071089836464814
              ],
              [
                100.28171180425768,
                6.7071301572432915
              ],
              [
                100.30495522050686,
                6.750296501706069
              ],
              [
                100.30516755321368,
                6.750742253368331
              ],
              [
                100.30533488722402,
                6.751206773606615
              ],
              [
                100.30545559083234,
                6.751685532796324
              ],
              [
                100.30552848703496,
                6.752173862466154
              ],
              [
                100.30555286500724,
                6.752667000821243
              ],
              [
                100.30555286500724,
                6.788269483210396
              ],
              [
                100.30553318621995,
                6.788712654304147
              ],
              [
                100.30547430475991,
                6.789152336970022
              ],
              [
                100.30537668411344,
                6.789585070239356
              ],
              [
                100.2956195753998,
                6.8253611355227175
              ],
              [
                100.29548090934314,
                6.82579178470412
              ],
              [
                100.29530388369098,
                6.826208136611985
              ],
              [
                100.29508994783721,
                6.826606782373514
              ],
              [
                100.29484085337732,
                6.826984458084625
              ],
              [
                100.29455863976715,
                6.827338071533099
              ],
              [
                100.27213328105337,
                6.8529670529202855
              ],
              [
                100.27176788206282,
                6.85334292178856
              ],
              [
                100.27136513876154,
                6.853678468598578
              ],
              [
                100.27092947800449,
                6.853970005102634
              ],
              [
                100.27046568846714,
                6.854214326803446
              ],
              [
                100.22824367132895,
                6.873701411636447
              ],
              [
                100.22777646784844,
                6.873889122661672
              ],
              [
                100.22729275461596,
                6.874028894010346
              ],
              [
                100.22679743676463,
                6.8741193083198056
              ],
              [
                100.22629553710519,
                6.874159448736436
              ],
              [
                100.2257921451917,
                6.874148908213098
              ],
              [
                100.17993444405856,
                6.870873358132159
              ],
              [
                100.1795198236779,
                6.8708262854374595
              ],
              [
                100.17911057233441,
                6.870744803927276
              ],
              [
                100.17870954047841,
                6.870629481123258
              ],
              [
                100.1392348320713,
                6.857471244987553
              ],
              [
                100.13881034295842,
                6.857307943840216
              ],
              [
                100.13840244907475,
                6.857106745303127
              ],
              [
                100.13801452546922,
                6.856869314159547
              ],
              [
                100.1376497819501,
                6.856597614993317
              ],
              [
                100.11376652203981,
                6.837056765975799
              ],
              [
                100.11374101002802,
                6.837036404259331
              ],
              [
                100.10173206247661,
                6.827210389967456
              ],
              [
                100.10139107216978,
                6.826904250031066
              ],
              [
                100.10107954244428,
                6.826568176705511
              ],
              [
                100.10080009010063,
                6.826204992953623
              ],
              [
                100.10055506249434,
                6.825817749461537
              ],
              [
                100.10034651781858,
                6.825409699013399
              ],
              [
                100.08441633567102,
                6.790363298288774
              ],
              [
                100.08423078896855,
                6.78989342063447
              ],
              [
                100.08409360381735,
                6.78940721818373
              ],
              [
                100.08400618067252,
                6.788909654336005
              ],
              [
                100.08396941199354,
                6.788405808473602
              ],
              [
                100.08398367313362,
                6.787900824108796
              ],
              [
                100.08404881850782,
                6.787399856376268
              ],
              [
                100.09044541237068,
                6.752218590130511
              ],
              [
                100.0905720228048,
                6.75168835884935
              ],
              [
                100.09075560460808,
                6.751175062507014
              ],
              [
                100.09099397554058,
                6.750684802665616
              ],
              [
                100.10731329780668,
                6.721310022586645
              ],
              [
                100.10755702517868,
                6.72091558176596
              ],
              [
                100.10783624304487,
                6.720545414268626
              ],
              [
                100.10814855028136,
                6.720202703336607
              ],
              [
                100.12424020967214,
                6.704111043945818
              ],
              [
                100.1245674939617,
                6.703811589664145
              ],
              [
                100.12492003203599,
                6.703542322549211
              ],
              [
                100.12529504888629,
                6.703305362141127
              ],
              [
                100.14627475390748,
                6.691316959271881
              ],
              [
                100.14671269003796,
                6.6910944991109895
              ],
              [
                100.14717034096023,
                6.6909160832739145
              ],
              [
                100.14764328985633,
                6.690783433663158
              ],
              [
                100.14812697226665,
                6.690697830488483
              ],
              [
                100.14861672014172,
                6.690660099911533
              ],
              [
                100.14910780689388,
                6.690670606072483
              ],
              [
                100.1495954930139,
                6.690729247575713
              ],
              [
                100.15007507181228,
                6.690835458468374
              ],
              [
                100.15054191484376,
                6.690988213702441
              ],
              [
                100.15099151657677,
                6.691186039027505
              ],
              [
                100.1757907829767,
                6.703585672227475
              ],
              [
                100.17589583997801,
                6.703632239860922
              ],
              [
                100.17601063401447,
                6.703637516905326
              ],
              [
                100.18594682705978,
                6.703632798015072
              ],
              [
                100.18607854694974,
                6.703625730782717
              ],
              [
                100.18620581321353,
                6.703591041111906
              ],
              [
                100.18665692385906,
                6.703441929224895
              ],
              [
                100.18676546555939,
                6.703400142257896
              ],
              [
                100.18675948875726,
                6.703283988355118
              ],
              [
                100.18014570926903,
                6.637146193472722
              ],
              [
                100.18012410689464,
                6.636983998786148
              ],
              [
                100.15848281457018,
                6.507136244839413
              ],
              [
                100.15845281487897,
                6.506985129452013
              ],
              [
                100.14961585248146,
                6.468691625729469
              ],
              [
                100.14959511744466,
                6.468608328187463
              ],
              [
                100.14200785536205,
                6.440217282975134
              ],
              [
                100.14196705267881,
                6.440091881014129
              ],
              [
                100.14187793477768,
                6.439994677564886
              ],
              [
                100.12710153300053,
                6.425512735994939
              ],
              [
                100.12701786489019,
                6.425438367610506
              ],
              [
                100.12699001434709,
                6.425546789732296
              ],
              [
                100.12227270008792,
                6.4484970721280455
              ],
              [
                100.12217712326893,
                6.448883398424357
              ],
              [
                100.12205112403686,
                6.449260899588689
              ],
              [
                100.09243524768941,
                6.527478557045833
              ],
              [
                100.09223380548592,
                6.527939197306917
              ],
              [
                100.09198712185082,
                6.52837727902949
              ],
              [
                100.09169769093732,
                6.528788372884707
              ],
              [
                100.09136843910515,
                6.529168322410938
              ],
              [
                100.09100269533278,
                6.529513286038657
              ],
              [
                100.0906041575591,
                6.529819775931536
              ],
              [
                100.09017685529453,
                6.530084693251038
              ],
              [
                100.08972510887965,
                6.530305359487967
              ],
              [
                100.0892534858034,
                6.530479543544151
              ],
              [
                100.08876675452242,
                6.530605484290505
              ],
              [
                100.08826983624841,
                6.530681908373333
              ],
              [
                100.0877677551911,
                6.530708043088874
              ],
              [
                100.0872655877597,
                6.530683624195908
              ],
              [
                100.0867684112368,
                6.530608898587425
              ],
              [
                100.0862812524432,
                6.530484621794359
              ],
              [
                100.08580903691308,
                6.5303120503466126
              ],
              [
                100.08535653909317,
                6.530092929068616
              ],
              [
                100.08492833406973,
                6.529829473437864
              ],
              [
                100.05853264361839,
                6.511699088184179
              ],
              [
                100.05843404081337,
                6.5116381212784304
              ],
              [
                100.05834511044092,
                6.5117124910682005
              ],
              [
                100.01477187326407,
                6.5518642336446185
              ],
              [
                100.01469058341434,
                6.551946429149849
              ],
              [
                100.01461725706017,
                6.552035801329469
              ],
              [
                99.9911547002022,
                6.583501781257798
              ],
              [
                99.99107995619,
                6.5836142728177265
              ],
              [
                99.99101783310618,
                6.583734196714188
              ],
              [
                99.97459224730815,
                6.6201521421494025
              ],
              [
                99.97439410063626,
                6.62054447497661
              ],
              [
                99.9741622644251,
                6.620917890458457
              ],
              [
                99.92960506392873,
                6.6861058378021525
              ],
              [
                99.92918425420451,
                6.686639617316001
              ],
              [
                99.84745429637289,
                6.776939047688915
              ],
              [
                99.8471884991703,
                6.77721115243385
              ],
              [
                99.8469027854534,
                6.777462263598669
              ],
              [
                99.80424602904286,
                6.812168042891959
              ],
              [
                99.80423350522348,
                6.812178752903498
              ],
              [
                99.79074678102454,
                6.823151107749631
              ],
              [
                99.79037792268983,
                6.823424054970471
              ],
              [
                99.78998559489227,
                6.8236620372297425
              ],
              [
                99.78957310192108,
                6.823863050177491
              ],
              [
                99.78914391790184,
                6.824025400829149
              ],
              [
                99.78870165753668,
                6.824147721824303
              ],
              [
                99.76979431954719,
                6.82845392538981
              ],
              [
                99.76972810866688,
                6.828470645961346
              ],
              [
                99.76962717791349,
                6.828500800275925
              ],
              [
                99.70855275091459,
                6.848581262416385
              ],
              [
                99.70854707798337,
                6.848583293870561
              ],
              [
                99.70846948946787,
                6.848617948011495
              ],
              [
                99.70842412194999,
                6.848668762802561
              ],
              [
                99.708408528172,
                6.848689168217292
              ],
              [
                99.68391768075183,
                6.8827087708274926
              ],
              [
                99.68391453690246,
                6.88271336749613
              ],
              [
                99.68387491172334,
                6.882781019599958
              ],
              [
                99.68386600933403,
                6.882843249071548
              ],
              [
                99.6838643063907,
                6.88286686735775
              ],
              [
                99.67915836157087,
                6.985724695669976
              ],
              [
                99.67915675237735,
                6.985832162138274
              ],
              [
                99.67916175065984,
                6.985939524366709
              ],
              [
                99.68267957089354,
                7.031375819669083
              ],
              [
                99.68268011240917,
                7.03138118888469
              ],
              [
                99.68269291509837,
                7.031456648545042
              ],
              [
                99.68271921412371,
                7.0315112006744815
              ],
              [
                99.6827305441053,
                7.031531133674186
              ],
              [
                99.70166097805992,
                7.062954610778459
              ],
              [
                99.70172438317623,
                7.063052336187308
              ],
              [
                99.70179415765172,
                7.063145620627405
              ],
              [
                99.74301018275874,
                7.114581603365751
              ],
              [
                99.74330557957852,
                7.114991005440208
              ],
              [
                99.74355818636944,
                7.115428108573211
              ],
              [
                99.74376542786248,
                7.115888456597281
              ],
              [
                99.74392519127754,
                7.11636735636854
              ],
              [
                99.74403584786278,
                7.116859925612251
              ],
              [
                99.74409626949935,
                7.1173611426964944
              ],
              [
                99.74410584020235,
                7.11786589782658
              ],
              [
                99.74406446240064,
                7.118369045138239
              ],
              [
                99.74397255793154,
                7.118865455158548
              ],
              [
                99.74383106374029,
                7.119350067099742
              ],
              [
                99.74364142232815,
                7.119817940452802
              ],
              [
                99.74340556704637,
                7.1202643053548265
              ],
              [
                99.74312590238614,
                7.120684611216702
              ],
              [
                99.74280527946537,
                7.121074573115329
              ],
              [
                99.73675947552417,
                7.127714051655934
              ],
              [
                99.7364004795599,
                7.128070306965699
              ],
              [
                99.73600733017665,
                7.128388472819527
              ],
              [
                99.73558405001518,
                7.128665293795965
              ],
              [
                99.73513497000948,
                7.128897937507651
              ],
              [
                99.73466468507343,
                7.129084023581831
              ],
              [
                99.73417800708623,
                7.129221648015956
              ],
              [
                99.73367991565817,
                7.1293094026591195
              ],
              [
                99.73317550718004,
                7.1293463896200375
              ],
              [
                99.7326699426776,
                7.129332230454119
              ],
              [
                99.73216839500493,
                7.129267070035656
              ],
              [
                99.73167599591652,
                7.129151575075489
              ],
              [
                99.73119778356003,
                7.128986927299331
              ],
              [
                99.68783762436041,
                7.111558408436928
              ],
              [
                99.68783242300782,
                7.111556461915703
              ],
              [
                99.68775789537835,
                7.111534375877054
              ],
              [
                99.68769627802705,
                7.111546601786391
              ],
              [
                99.68767349591432,
                7.111552808201856
              ],
              [
                99.58465480663861,
                7.142543629149912
              ],
              [
                99.58464940823855,
                7.142545399973794
              ],
              [
                99.58457615370757,
                7.142575418275477
              ],
              [
                99.58454061727187,
                7.142629011034543
              ],
              [
                99.5845287446003,
                7.142650064632133
              ],
              [
                99.53633083868226,
                7.233776691211359
              ],
              [
                99.53609340420284,
                7.234178938082699
              ],
              [
                99.53581946930157,
                7.234557273049857
              ],
              [
                99.53551142463763,
                7.234908394343054
              ],
              [
                99.53517195854982,
                7.235229237689159
              ],
              [
                99.53480403359504,
                7.235517003053929
              ],
              [
                99.53441086069377,
                7.235769179078205
              ],
              [
                99.53399587110802,
                7.235983564994814
              ],
              [
                99.39089604890577,
                7.301632437916959
              ],
              [
                99.39089128622305,
                7.301634755987007
              ],
              [
                99.39082660651866,
                7.301671733325401
              ],
              [
                99.39078886630917,
                7.301718046653608
              ],
              [
                99.3907758465241,
                7.301736389653044
              ],
              [
                99.3403052011344,
                7.376730853372959
              ],
              [
                99.34030207718006,
                7.376735758872597
              ],
              [
                99.34026348958537,
                7.376807497146573
              ],
              [
                99.34026448112982,
                7.376873310610128
              ],
              [
                99.34026667510508,
                7.376897972505516
              ],
              [
                99.34727403939453,
                7.436876607899876
              ],
              [
                99.34730701737368,
                7.437367359053864
              ],
              [
                99.34729161824914,
                7.4378589758855655
              ],
              [
                99.34722799103777,
                7.438346701033803
              ],
              [
                99.34711675145817,
                7.438825814797097
              ],
              [
                99.34695897597237,
                7.439291680806086
              ],
              [
                99.27669957109129,
                7.6173907501493945
              ],
              [
                99.27662536671819,
                7.617568718008769
              ],
              [
                99.26035276115574,
                7.654570793724677
              ],
              [
                99.26011636303475,
                7.655039810854911
              ],
              [
                99.25983206928717,
                7.655481442154919
              ],
              [
                99.25950301693689,
                7.655890814468143
              ],
              [
                99.25913283689417,
                7.656263410598063
              ],
              [
                99.25872561389055,
                7.65659511915295
              ],
              [
                99.24324905479942,
                7.667903287442459
              ],
              [
                99.24282053740465,
                7.6681838956166235
              ],
              [
                99.13479082042954,
                7.73126609645659
              ],
              [
                99.1343598306705,
                7.731490428086218
              ],
              [
                99.13390910205861,
                7.731671868354266
              ],
              [
                99.13344289085754,
                7.731808703906836
              ],
              [
                99.13296559953422,
                7.731899642595664
              ],
              [
                99.13248173518596,
                7.731943825679975
              ],
              [
                99.13199586697968,
                7.73194083593563
              ],
              [
                99.13151258300483,
                7.731890701595005
              ],
              [
                99.13103644694783,
                7.7317938960803945
              ],
              [
                99.13057195499671,
                7.7316513335334465
              ],
              [
                99.1301234933834,
                7.731464360182853
              ],
              [
                99.12969529696413,
                7.731234741631821
              ],
              [
                99.12929140922942,
                7.73096464618534
              ],
              [
                99.12891564412111,
                7.730656624374725
              ],
              [
                99.12857155001691,
                7.730313584872759
              ],
              [
                99.12826237622298,
                7.7299387670268755
              ],
              [
                99.12799104229035,
                7.729535710269767
              ],
              [
                99.10710860479519,
                7.695004526558343
              ],
              [
                99.10710555220258,
                7.694999752685246
              ],
              [
                99.10705902767778,
                7.694937480111563
              ],
              [
                99.10699545751588,
                7.694942178706034
              ],
              [
                99.10697161235042,
                7.694945700044591
              ],
              [
                99.03715262417029,
                7.707206737067146
              ],
              [
                99.03714734889695,
                7.707207792415511
              ],
              [
                99.03707608517293,
                7.70722721556897
              ],
              [
                99.03705484627608,
                7.707283964522677
              ],
              [
                99.0370483252883,
                7.7073058659598175
              ],
              [
                99.02514907949963,
                7.751382244246113
              ],
              [
                99.02512049545902,
                7.751505774191646
              ],
              [
                99.02510094489524,
                7.751631051764873
              ],
              [
                99.01736609980615,
                7.816588159134291
              ],
              [
                99.01736560055413,
                7.816593331581236
              ],
              [
                99.01736325320101,
                7.8166679479286225
              ],
              [
                99.0173717917171,
                7.816724821268262
              ],
              [
                99.01737647404725,
                7.816746377787368
              ],
              [
                99.0357209944906,
                7.8922979504255695
              ],
              [
                99.03581552036879,
                7.892796292615275
              ],
              [
                99.0358590703235,
                7.893301647422444
              ],
              [
                99.03585119617333,
                7.893808814138075
              ],
              [
                99.03579197895274,
                7.894312573406449
              ],
              [
                99.03568202807821,
                7.8948077409385755
              ],
              [
                99.03552247507649,
                7.89528922086477
              ],
              [
                99.03531496193996,
                7.895752058177282
              ],
              [
                99.03506162422848,
                7.896191489723287
              ],
              [
                99.03476506909189,
                7.896602993223455
              ],
              [
                99.03442834843938,
                7.896982333811653
              ],
              [
                98.95748535091644,
                7.9752767480337825
              ],
              [
                98.95710622739749,
                7.975624746401638
              ],
              [
                98.95669334182335,
                7.975931932028483
              ],
              [
                98.95625106809752,
                7.9761950507433
              ],
              [
                98.88529992293735,
                8.013602552260432
              ],
              [
                98.88484960989013,
                8.013812083263579
              ],
              [
                98.88438073052002,
                8.013975903952378
              ],
              [
                98.88389791144887,
                8.014092397842026
              ],
              [
                98.88340591684717,
                8.014160415440335
              ],
              [
                98.88290960142405,
                8.014179285590235
              ],
              [
                98.88241386252395,
                8.014148822092343
              ],
              [
                98.88192359180249,
                8.014069325542282
              ],
              [
                98.88144362695861,
                8.013941580364568
              ],
              [
                98.88097870399899,
                8.013766847072382
              ],
              [
                98.84034657250065,
                7.996146046045935
              ],
              [
                98.84034106060692,
                7.996143823542267
              ],
              [
                98.84026170681373,
                7.996118581327679
              ],
              [
                98.84019594036721,
                7.996132780713282
              ],
              [
                98.8401716650829,
                7.99613997334295
              ],
              [
                98.77201904488713,
                8.01844405214976
              ],
              [
                98.77201354503345,
                8.018446008125194
              ],
              [
                98.77193873869793,
                8.01847901555412
              ],
              [
                98.7718990370676,
                8.01853182445604
              ],
              [
                98.77188561065239,
                8.018552739657483
              ],
              [
                98.74724880153927,
                8.05937432081718
              ],
              [
                98.74724616716698,
                8.05937891918465
              ],
              [
                98.74721275288789,
                8.059447368794658
              ],
              [
                98.74719710625644,
                8.059503922270272
              ],
              [
                98.74719255323491,
                8.05952596374321
              ],
              [
                98.74360668686298,
                8.079356977373362
              ],
              [
                98.74360580516115,
                8.079362649990975
              ],
              [
                98.74359874191809,
                8.079448108964872
              ],
              [
                98.74359987821956,
                8.079509067552397
              ],
              [
                98.74360208574332,
                8.079533399327044
              ],
              [
                98.74689650111259,
                8.107465415938242
              ],
              [
                98.74693079614688,
                8.108086189379618
              ],
              [
                98.7463791191064,
                8.186642543850356
              ],
              [
                98.74635690549437,
                8.187079522449494
              ],
              [
                98.74629657418461,
                8.187512885892493
              ],
              [
                98.74011652760359,
                8.221075406167156
              ],
              [
                98.74000448655492,
                8.221551682664074
              ],
              [
                98.7398464314841,
                8.22201472811831
              ],
              [
                98.73964387587904,
                8.222460108545544
              ],
              [
                98.69927322414024,
                8.300810470533767
              ],
              [
                98.69903230710442,
                8.30122741093656
              ],
              [
                98.69875239927237,
                8.301619242435018
              ],
              [
                98.69843609684875,
                8.301982330708647
              ],
              [
                98.69808633360584,
                8.302313308036478
              ],
              [
                98.69770635367212,
                8.302609104533394
              ],
              [
                98.69729968144226,
                8.30286697662397
              ],
              [
                98.69687008888774,
                8.303084532489716
              ],
              [
                98.69642156057084,
                8.303259754253702
              ],
              [
                98.69595825668712,
                8.303391016696793
              ],
              [
                98.69548447447866,
                8.303477102331913
              ],
              [
                98.69500460837621,
                8.303517212696482
              ],
              [
                98.69452310923994,
                8.303510975758341
              ],
              [
                98.69404444307675,
                8.303458449366413
              ],
              [
                98.67423148647245,
                8.30031245266042
              ],
              [
                98.67373866348065,
                8.300208514279348
              ],
              [
                98.67325879757391,
                8.300055522776779
              ],
              [
                98.6727967580032,
                8.299855030573942
              ],
              [
                98.67235723313371,
                8.299609072086781
              ],
              [
                98.67194468287155,
                8.299320143082511
              ],
              [
                98.67156329340862,
                8.298991175354809
              ],
              [
                98.65143855438326,
                8.279782097549422
              ],
              [
                98.65143429380475,
                8.279778231016097
              ],
              [
                98.6513714079082,
                8.27972904295279
              ],
              [
                98.65130639095695,
                8.279731865827477
              ],
              [
                98.65128207149019,
                8.279734716016199
              ],
              [
                98.62130990871066,
                8.284083220275743
              ],
              [
                98.62130439823835,
                8.284084160730913
              ],
              [
                98.62123078749181,
                8.284102302124479
              ],
              [
                98.62122897884372,
                8.284164600211904
              ],
              [
                98.62123001657208,
                8.284188346770202
              ],
              [
                98.62441262084607,
                8.329058129819026
              ],
              [
                98.62441333059087,
                8.329065113862043
              ],
              [
                98.62444894421795,
                8.329250509215017
              ],
              [
                98.62445529034291,
                8.329272470238106
              ],
              [
                98.63426453337584,
                8.3594241426983
              ],
              [
                98.63426651265517,
                8.359429730034003
              ],
              [
                98.63429988939146,
                8.3595053227039
              ],
              [
                98.63435777431727,
                8.359539277402341
              ],
              [
                98.63438045490008,
                8.359550375033088
              ],
              [
                98.65247644987532,
                8.367780027014902
              ],
              [
                98.65291360858652,
                8.36800541167324
              ],
              [
                98.65332650849336,
                8.36827265622402
              ],
              [
                98.65371115427753,
                8.368579174745014
              ],
              [
                98.65406382401437,
                8.368922001289656
              ],
              [
                98.6543811051871,
                8.369297818586254
              ],
              [
                98.65465992770716,
                8.369702990136709
              ],
              [
                98.65489759362113,
                8.37013359540413
              ],
              [
                98.65509180321673,
                8.370585467748898
              ],
              [
                98.65524067727546,
                8.371054234746063
              ],
              [
                98.65534277525627,
                8.371535360493978
              ],
              [
                98.65539710923468,
                8.372024189504758
              ],
              [
                98.65557619970718,
                8.374932883343504
              ],
              [
                98.65558227491489,
                8.37542384480869
              ],
              [
                98.65554016665786,
                8.37591303491809
              ],
              [
                98.65545028099453,
                8.376395736312304
              ],
              [
                98.6553134847106,
                8.376867294203924
              ],
              [
                98.65513109696036,
                8.377323161264599
              ],
              [
                98.65490487654586,
                8.37775894147584
              ],
              [
                98.65463700495643,
                8.378170432520722
              ],
              [
                98.6543300653321,
                8.378553666307676
              ],
              [
                98.6539870175539,
                8.378904947235597
              ],
              [
                98.65361116970111,
                8.379220887831279
              ],
              [
                98.65320614615078,
                8.379498441415505
              ],
              [
                98.6527758526271,
                8.37973493148279
              ],
              [
                98.65232443853776,
                8.379928077511474
              ],
              [
                98.65185625696036,
                8.38007601695524
              ],
              [
                98.65137582266475,
                8.38017732320404
              ],
              [
                98.65088776857624,
                8.38023101934118
              ],
              [
                98.61904796740177,
                8.382158418595743
              ],
              [
                98.61855095514557,
                8.382163754683248
              ],
              [
                98.6180558688284,
                8.382119718389072
              ],
              [
                98.61756760088647,
                8.382026744879271
              ],
              [
                98.61709097637687,
                8.381885752916792
              ],
              [
                98.54656622931675,
                8.357149727158895
              ],
              [
                98.54618298374079,
                8.356997278829216
              ],
              [
                98.47457698560373,
                8.325032872193963
              ],
              [
                98.47412517119604,
                8.324803045908064
              ],
              [
                98.47369894895185,
                8.324528653890598
              ],
              [
                98.47330269969218,
                8.324212516412748
              ],
              [
                98.44695554380849,
                8.300911250418823
              ],
              [
                98.44659253539028,
                8.300555744341228
              ],
              [
                98.44626748070607,
                8.300165232964734
              ],
              [
                98.44598373639643,
                8.29974374886107
              ],
              [
                98.44574423251498,
                8.29929564443834
              ],
              [
                98.4455514422716,
                8.298825546996367
              ],
              [
                98.44540735649296,
                8.298338310943416
              ],
              [
                98.44531346306468,
                8.297838967667683
              ],
              [
                98.44527073156662,
                8.297332673581238
              ],
              [
                98.44527960326079,
                8.29682465687291
              ],
              [
                98.44533998653465,
                8.296320163519997
              ],
              [
                98.44545125784713,
                8.295824403116256
              ],
              [
                98.44561226816754,
                8.295342495075634
              ],
              [
                98.44582135484096,
                8.294879415767205
              ],
              [
                98.44607635875741,
                8.294439947127268
              ],
              [
                98.45605804099752,
                8.27909126450264
              ],
              [
                98.45606076899136,
                8.279086858408341
              ],
              [
                98.45609579008688,
                8.279021166732194
              ],
              [
                98.4561132760231,
                8.27896654801492
              ],
              [
                98.4561186148365,
                8.278945208364473
              ],
              [
                98.46808963221578,
                8.225640336663657
              ],
              [
                98.46809076969659,
                8.225634592332222
              ],
              [
                98.4681007811949,
                8.225552674411468
              ],
              [
                98.46808201838125,
                8.225489228219514
              ],
              [
                98.46807319884726,
                8.225465904597531
              ],
              [
                98.43632685147155,
                8.148063247028645
              ],
              [
                98.43632461808306,
                8.14805815774894
              ],
              [
                98.43628885701581,
                8.147990168487064
              ],
              [
                98.43622898695104,
                8.147971237185825
              ],
              [
                98.43620600992922,
                8.147965724338368
              ],
              [
                98.3856303168541,
                8.137238727800879
              ],
              [
                98.3856246597254,
                8.137237676497334
              ],
              [
                98.38554561646373,
                8.137228921816941
              ],
              [
                98.38549592290815,
                8.13727080775075
              ],
              [
                98.38547840912503,
                8.137287922839144
              ],
              [
                98.31700025420726,
                8.207991693946283
              ],
              [
                98.3169963649384,
                8.207995912626577
              ],
              [
                98.31690108337153,
                8.208115372059714
              ],
              [
                98.31689060838507,
                8.208130705538572
              ],
              [
                98.27419852031426,
                8.274374620904153
              ],
              [
                98.27419570416833,
                8.27437922089289
              ],
              [
                98.27415842174231,
                8.274450459290279
              ],
              [
                98.27413682174569,
                8.274503391870025
              ],
              [
                98.27412960981962,
                8.274525144004977
              ],
              [
                98.22943961698064,
                8.421637327443298
              ],
              [
                98.19834737758282,
                8.527678166936921
              ],
              [
                98.19832141860819,
                8.527777395669519
              ],
              [
                98.19830132304945,
                8.527877979899097
              ],
              [
                98.19388494331542,
                8.55394162745037
              ],
              [
                98.19388412999979,
                8.553947266998353
              ],
              [
                98.19387833470367,
                8.55402797608872
              ]
            ],
            [
              [
                99.70844219886403,
                7.310984201432781
              ],
              [
                99.7084510285876,
                7.310961708891066
              ],
              [
                99.72541600668897,
                7.266852765827485
              ],
              [
                99.72561059876499,
                7.266411593246529
              ],
              [
                99.74897416746352,
                7.219684455849475
              ],
              [
                99.74919666414243,
                7.219286028424969
              ],
              [
                99.74945456017794,
                7.2189095462612505
              ],
              [
                99.74974570730446,
                7.218558145442462
              ],
              [
                99.75006768027593,
                7.21823475312597
              ],
              [
                99.79001661613076,
                7.181614895259062
              ],
              [
                99.7903429347613,
                7.18134043400148
              ],
              [
                99.79069145131677,
                7.181094773583184
              ],
              [
                99.83714468680081,
                7.151231979343439
              ],
              [
                99.83753097502502,
                7.151007386984931
              ],
              [
                99.83793577175872,
                7.150818178306365
              ],
              [
                99.83835584412812,
                7.150665864406351
              ],
              [
                99.83878783726185,
                7.150551661726566
              ],
              [
                99.83922830108443,
                7.150476482336753
              ],
              [
                99.89209167196995,
                7.143868560976062
              ],
              [
                99.89269373005757,
                7.143829983177182
              ],
              [
                99.89329605188072,
                7.143864197338017
              ],
              [
                99.94990921915414,
                7.15052456995842
              ],
              [
                99.950426934327,
                7.150613257345386
              ],
              [
                99.95093248893966,
                7.150755766946536
              ],
              [
                99.95142030380362,
                7.150950526057532
              ],
              [
                99.99447728969216,
                7.170822981083011
              ],
              [
                99.99485271188394,
                7.171015873718457
              ],
              [
                99.9952105278345,
                7.171239742287942
              ],
              [
                99.99554818775613,
                7.1714929915094965
              ],
              [
                100.03196685570066,
                7.201290083464112
              ],
              [
                100.03235890965114,
                7.201647191857585
              ],
              [
                100.0327109358306,
                7.20204381544961
              ],
              [
                100.03301897418804,
                7.202475492499162
              ],
              [
                100.05569078774957,
                7.238102628095839
              ],
              [
                100.05592516012194,
                7.238512441312733
              ],
              [
                100.05611983644741,
                7.238942532477453
              ],
              [
                100.05627308116878,
                7.239389067288015
              ],
              [
                100.05638352809537,
                7.239848064845829
              ],
              [
                100.05645019258274,
                7.240315433145776
              ],
              [
                100.0564724803109,
                7.240787005556806
              ],
              [
                100.0564724803109,
                7.292923963150133
              ],
              [
                100.05644814694425,
                7.293416651239967
              ],
              [
                100.05637538368936,
                7.293904543825826
              ],
              [
                100.05625489877623,
                7.294382892080036
              ],
              [
                100.05608786492628,
                7.294847040073211
              ],
              [
                100.03957791357911,
                7.334470923306402
              ],
              [
                100.03939574714623,
                7.334860112922097
              ],
              [
                100.0391808364024,
                7.335232223844288
              ],
              [
                100.01576353876919,
                7.372030834410762
              ],
              [
                100.01551248568033,
                7.372389628473703
              ],
              [
                100.01523100203153,
                7.372725080092384
              ],
              [
                99.97805331147156,
                7.413282560703256
              ],
              [
                99.97800615882369,
                7.4133366122084965
              ],
              [
                99.97793726077671,
                7.4134231828078025
              ],
              [
                99.94730429215181,
                7.454267140974348
              ],
              [
                99.90977295676355,
                7.505445697294607
              ],
              [
                99.90974094998086,
                7.505488854265801
              ],
              [
                99.8791701425882,
                7.546250026767217
              ],
              [
                99.87890718579092,
                7.54657185048228
              ],
              [
                99.85179772303422,
                7.577069996083558
              ],
              [
                99.85179452922968,
                7.577073744809989
              ],
              [
                99.85171611162777,
                7.577178058983482
              ],
              [
                99.85170738412192,
                7.577191336216126
              ],
              [
                99.83566990623945,
                7.602851300828115
              ],
              [
                99.83538009161836,
                7.6032666123880235
              ],
              [
                99.83504975194184,
                7.603650476823091
              ],
              [
                99.83468227618059,
                7.6039989560495584
              ],
              [
                99.83428143428615,
                7.604308475002223
              ],
              [
                99.83385133851488,
                7.604575858311214
              ],
              [
                99.83339640124005,
                7.604798362878261
              ],
              [
                99.8329212896851,
                7.604973706018275
              ],
              [
                99.78131492166875,
                7.621100696023384
              ],
              [
                99.78083075134123,
                7.621225799458055
              ],
              [
                99.78033650607561,
                7.621301913798663
              ],
              [
                99.77983712974357,
                7.621328277683276
              ],
              [
                99.77933761754211,
                7.621304627397357
              ],
              [
                99.77884296602738,
                7.621231199511663
              ],
              [
                99.74745949415369,
                7.614954505136924
              ],
              [
                99.74698448125433,
                7.614835036439145
              ],
              [
                99.74652343681457,
                7.614669663984144
              ],
              [
                99.74608078520171,
                7.614459974752311
              ],
              [
                99.74566077427814,
                7.614207981005593
              ],
              [
                99.74526743463709,
                7.613916100977027
              ],
              [
                99.74490454092344,
                7.613587135664402
              ],
              [
                99.71584021204724,
                7.58452280678819
              ],
              [
                99.71548206633972,
                7.584124032208012
              ],
              [
                99.71516866516508,
                7.583689211305394
              ],
              [
                99.71490360999817,
                7.5832233408597585
              ],
              [
                99.69513034572753,
                7.543676812318499
              ],
              [
                99.69493034390602,
                7.543221510635989
              ],
              [
                99.69477655893695,
                7.542748593588307
              ],
              [
                99.69467051206337,
                7.542262739277525
              ],
              [
                99.6880122522495,
                7.502313180394285
              ],
              [
                99.68795395897624,
                7.501803076888534
              ],
              [
                99.68457881847102,
                7.447800828805148
              ],
              [
                99.68458178786429,
                7.447132702124432
              ],
              [
                99.69132392753477,
                7.352742746737719
              ],
              [
                99.69139123041911,
                7.352208087858057
              ],
              [
                99.69151568190625,
                7.351683777240971
              ],
              [
                99.69169583641853,
                7.351175905064581
              ],
              [
                99.70843305940166,
                7.311006569905107
              ],
              [
                99.70844219886403,
                7.310984201432781
              ]
            ]
          ],
          [
            [
              [
                99.9322125280837,
                9.546940319157974
              ],
              [
                99.93226330622575,
                9.546974427529472
              ],
              [
                99.93228331240606,
                9.54698593570787
              ],
              [
                99.98602934715095,
                9.576071107610613
              ],
              [
                99.9860340536807,
                9.576073518089698
              ],
              [
                99.98610383350098,
                9.57610362762262
              ],
              [
                99.9861609226871,
                9.57611660796604
              ],
              [
                99.9861831009979,
                9.57612013031539
              ],
              [
                100.07754709225084,
                9.588320273183374
              ],
              [
                100.07755244492705,
                9.588320859566604
              ],
              [
                100.07762631407266,
                9.588323845823504
              ],
              [
                100.07766367315853,
                9.588276071588782
              ],
              [
                100.0776764909332,
                9.58825712754798
              ],
              [
                100.09188573879287,
                9.566046178576928
              ],
              [
                100.09188876013303,
                9.566041177272696
              ],
              [
                100.09192524235547,
                9.56596913286434
              ],
              [
                100.09190225495004,
                9.565907276985053
              ],
              [
                100.09189186984042,
                9.56588466924422
              ],
              [
                100.08641906452935,
                9.554799043513666
              ],
              [
                100.086416341197,
                9.554793860537174
              ],
              [
                100.08637007464746,
                9.554719574270223
              ],
              [
                100.08633191223085,
                9.554670427185664
              ],
              [
                100.08631521946845,
                9.554651908421638
              ],
              [
                100.07847829302318,
                9.546424125165037
              ],
              [
                100.07817412248767,
                9.546073550213578
              ],
              [
                100.07790377029714,
                9.545696280808059
              ],
              [
                100.0776695660495,
                9.545295567841395
              ],
              [
                100.07747352785944,
                9.54487486421733
              ],
              [
                100.07731734496852,
                9.54443779509711
              ],
              [
                100.07720236318917,
                9.543988126661834
              ],
              [
                100.07712957330793,
                9.543529733659646
              ],
              [
                100.06903259435772,
                9.47091577317075
              ],
              [
                100.0690318355545,
                9.470910205006689
              ],
              [
                100.06901571878166,
                9.470833205048791
              ],
              [
                100.06897493535047,
                9.47078443682407
              ],
              [
                100.06895834091183,
                9.470767236130289
              ],
              [
                100.02004993935525,
                9.422696867516196
              ],
              [
                100.02004582414703,
                9.422693015687631
              ],
              [
                100.01998417636592,
                9.422643017485374
              ],
              [
                100.01992316883742,
                9.422624901846325
              ],
              [
                100.01989975905568,
                9.422619725339485
              ],
              [
                99.97339169008777,
                9.413625796098286
              ],
              [
                99.97338640609503,
                9.413624900224738
              ],
              [
                99.97331079158023,
                9.413617245472283
              ],
              [
                99.9732516080018,
                9.4136279069234
              ],
              [
                99.97322952331909,
                9.413633437658891
              ],
              [
                99.94109690376033,
                9.42254524851691
              ],
              [
                99.94109176397336,
                9.422546805774397
              ],
              [
                99.94102306168091,
                9.422572896216
              ],
              [
                99.94101312974377,
                9.422632428818329
              ],
              [
                99.94101093274907,
                9.422655133360882
              ],
              [
                99.9322111036486,
                9.546860340246448
              ],
              [
                99.93221084915481,
                9.546865766465933
              ],
              [
                99.9322125280837,
                9.546940319157974
              ]
            ]
          ],
          [
            [
              [
                99.19388898704986,
                7.383210609949208
              ],
              [
                99.19393955494554,
                7.38324254325815
              ],
              [
                99.19396002537275,
                7.3832534798886105
              ],
              [
                99.20867817695627,
                7.390612555680374
              ],
              [
                99.20868312184079,
                7.3906148760630135
              ],
              [
                99.20875101529668,
                7.390640918365065
              ],
              [
                99.20876531892088,
                7.390582847247864
              ],
              [
                99.20876922100207,
                7.390559968829197
              ],
              [
                99.21246348548037,
                7.364700117481095
              ],
              [
                99.21246408061795,
                7.364695050401558
              ],
              [
                99.21246691593528,
                7.364630737986152
              ],
              [
                99.21242618953634,
                7.364664042250922
              ],
              [
                99.21241048281891,
                7.364678923442513
              ],
              [
                99.19393892776083,
                7.383150478500582
              ],
              [
                99.19393516274256,
                7.383154435860763
              ],
              [
                99.19388898704986,
                7.383210609949208
              ]
            ]
          ],
          [
            [
              [
                98.93350647483123,
                7.833293727342846
              ],
              [
                98.93356075818906,
                7.833323669901777
              ],
              [
                98.9335822195382,
                7.83333356070337
              ],
              [
                98.95945411142645,
                7.844421514369765
              ],
              [
                98.95945940461802,
                7.84442362614545
              ],
              [
                98.95953365218064,
                7.844447089989668
              ],
              [
                98.95957778662059,
                7.844400856053873
              ],
              [
                98.95959319295464,
                7.844382133983386
              ],
              [
                98.98551765045565,
                7.811050688624961
              ],
              [
                98.985521202397,
                7.811045868729922
              ],
              [
                98.98556640239792,
                7.810973718757238
              ],
              [
                98.98558278695323,
                7.810908388153847
              ],
              [
                98.98558710798925,
                7.810883244016593
              ],
              [
                98.98928328174615,
                7.7850100277182355
              ],
              [
                98.98930105468395,
                7.784895169031519
              ],
              [
                98.99671854613368,
                7.740388580447318
              ],
              [
                98.99671922155848,
                7.740383814291469
              ],
              [
                98.9967233682557,
                7.740324365418518
              ],
              [
                98.99668950575919,
                7.740359132207982
              ],
              [
                98.99667631845999,
                7.74037475676395
              ],
              [
                98.9670222895719,
                7.777442292874033
              ],
              [
                98.96698388285712,
                7.777492495216249
              ],
              [
                98.96692776224184,
                7.777572230035385
              ],
              [
                98.93726025956275,
                7.822073484054022
              ],
              [
                98.93725748113002,
                7.822077858988501
              ],
              [
                98.93722039088489,
                7.822145534034491
              ],
              [
                98.93719849276256,
                7.822195848259784
              ],
              [
                98.93719103294244,
                7.822216544587977
              ],
              [
                98.93352491305248,
                7.833214904257882
              ],
              [
                98.93352328655969,
                7.833220219516812
              ],
              [
                98.93350647483123,
                7.833293727342846
              ]
            ]
          ],
          [
            [
              [
                98.72758873343786,
                11.166879477809912
              ],
              [
                98.7276513864326,
                11.166973744328189
              ],
              [
                98.73673681020522,
                11.17931447176024
              ],
              [
                98.73701474721558,
                11.179734826968083
              ],
              [
                98.7372489603359,
                11.180181023894063
              ],
              [
                98.73743707045294,
                11.180648530114732
              ],
              [
                98.73757716676302,
                11.181132596748979
              ],
              [
                98.75765240694025,
                11.266371001385044
              ],
              [
                98.75773930911568,
                11.266838692390985
              ],
              [
                98.75778137260131,
                11.267312525197266
              ],
              [
                98.7577782166606,
                11.267788210918273
              ],
              [
                98.75772986985943,
                11.268261443896781
              ],
              [
                98.75763676980766,
                11.268727940676506
              ],
              [
                98.75749975919805,
                11.269183478773689
              ],
              [
                98.75732007817865,
                11.269623934896815
              ],
              [
                98.74878082123097,
                11.288004033488049
              ],
              [
                98.74873868462939,
                11.288107936856905
              ],
              [
                98.74884788879748,
                11.28808252322077
              ],
              [
                98.76775656498778,
                11.282680044309258
              ],
              [
                98.7678824284118,
                11.282636638760255
              ],
              [
                98.76798802632138,
                11.282555554084269
              ],
              [
                98.7864124219456,
                11.2667632149778
              ],
              [
                98.7864952492636,
                11.266685382153822
              ],
              [
                98.78656254981306,
                11.266593790946779
              ],
              [
                98.80770335346881,
                11.234882585463136
              ],
              [
                98.80776536812168,
                11.234778866870052
              ],
              [
                98.80775926212686,
                11.234658176851523
              ],
              [
                98.80512625930947,
                11.208328148677616
              ],
              [
                98.8051048989694,
                11.20819161472088
              ],
              [
                98.80506854045778,
                11.208058288639005
              ],
              [
                98.79717198877754,
                11.18436863359827
              ],
              [
                98.79713067712724,
                11.18426152438922
              ],
              [
                98.79705335086993,
                11.184176673431404
              ],
              [
                98.77861528924173,
                11.165738611803214
              ],
              [
                98.77851880132638,
                11.165651798175343
              ],
              [
                98.77839173493597,
                11.165625328263383
              ],
              [
                98.74408631867735,
                11.160347571915905
              ],
              [
                98.74395537485852,
                11.160334521823449
              ],
              [
                98.74383076347503,
                11.160376813568655
              ],
              [
                98.72769168689265,
                11.166832444201612
              ],
              [
                98.72758873343786,
                11.166879477809912
              ]
            ]
          ],
          [
            [
              [
                98.52819019585858,
                8.119976815870881
              ],
              [
                98.52822289795661,
                8.11993841020535
              ],
              [
                98.52823536661376,
                8.119921404254255
              ],
              [
                98.53621548655624,
                8.10840132256899
              ],
              [
                98.53651985227343,
                8.108005696321891
              ],
              [
                98.53686214804324,
                8.107642388982084
              ],
              [
                98.53723896242805,
                8.107315021395742
              ],
              [
                98.53764653996582,
                8.107026856221072
              ],
              [
                98.53808081859833,
                8.106780765411534
              ],
              [
                98.5935257048925,
                8.078922061939254
              ],
              [
                98.59353039768378,
                8.078919567663135
              ],
              [
                98.59359392651974,
                8.07888016540917
              ],
              [
                98.59363004442666,
                8.078832322806004
              ],
              [
                98.59364241242719,
                8.078813442424796
              ],
              [
                98.61077508555,
                8.051176854178488
              ],
              [
                98.61077775752545,
                8.051172317183399
              ],
              [
                98.6108110486449,
                8.051106169415407
              ],
              [
                98.61081702959973,
                8.051047088947746
              ],
              [
                98.61081780802603,
                8.05102474547275
              ],
              [
                98.61164829627214,
                7.968635930443063
              ],
              [
                98.61164835322272,
                7.968614164005042
              ],
              [
                98.61164798159824,
                7.968580584156299
              ],
              [
                98.61137515288534,
                7.954784735038342
              ],
              [
                98.61137315742499,
                7.9547320503022245
              ],
              [
                98.61136738661253,
                7.9546509221006705
              ],
              [
                98.60707103567887,
                7.908138645903288
              ],
              [
                98.6070703929879,
                7.908133137833715
              ],
              [
                98.60705603652801,
                7.908056862418832
              ],
              [
                98.60701712227954,
                7.90800766836341
              ],
              [
                98.60700123818813,
                7.90799024572789
              ],
              [
                98.59844753684351,
                7.899088133395132
              ],
              [
                98.59844364650293,
                7.899084276485078
              ],
              [
                98.59838705545953,
                7.899035585821542
              ],
              [
                98.59833199347176,
                7.899062646594461
              ],
              [
                98.59831187783409,
                7.899074364571351
              ],
              [
                98.57499189291052,
                7.913496782100286
              ],
              [
                98.57498728049522,
                7.913499789596361
              ],
              [
                98.57492609609668,
                7.913546047805169
              ],
              [
                98.57490491277156,
                7.91360464673348
              ],
              [
                98.57489850689764,
                7.913627158331874
              ],
              [
                98.53221655677712,
                8.079977542841648
              ],
              [
                98.53221228255778,
                8.07999462933695
              ],
              [
                98.5322059804014,
                8.080021062392584
              ],
              [
                98.52972606852317,
                8.090757266255647
              ],
              [
                98.52972502658625,
                8.090762273384508
              ],
              [
                98.52970586440115,
                8.090896585732139
              ],
              [
                98.52970460918512,
                8.090913049656034
              ],
              [
                98.52818753441642,
                8.119910037516092
              ],
              [
                98.52818739817324,
                8.119915011254871
              ],
              [
                98.52819019585858,
                8.119976815870881
              ]
            ]
          ],
          [
            [
              [
                98.2719304352472,
                7.922221272309388
              ],
              [
                98.27193121193822,
                7.922332658474301
              ],
              [
                98.28207070229328,
                8.183247284627766
              ],
              [
                98.28207104300448,
                8.183252692785787
              ],
              [
                98.28208079779758,
                8.18332564110358
              ],
              [
                98.28214030439015,
                8.18333670200812
              ],
              [
                98.28216317627201,
                8.183339313013592
              ],
              [
                98.30337109080493,
                8.185199357623324
              ],
              [
                98.30337641396267,
                8.185199700963329
              ],
              [
                98.3034510319765,
                8.185199504292628
              ],
              [
                98.30350490449908,
                8.18517239396622
              ],
              [
                98.30352441350298,
                8.18516087475974
              ],
              [
                98.31948424545955,
                8.175187868971541
              ],
              [
                98.31948949347087,
                8.175184388048564
              ],
              [
                98.31962203792874,
                8.175080558113452
              ],
              [
                98.31963704232422,
                8.175066690167354
              ],
              [
                98.33270351944954,
                8.162252290310276
              ],
              [
                98.33270738740543,
                8.16224830987779
              ],
              [
                98.33275749831515,
                8.162188950886426
              ],
              [
                98.3327710431381,
                8.162127650151767
              ],
              [
                98.33277450907796,
                8.162104308670612
              ],
              [
                98.33633335225151,
                8.132880875459094
              ],
              [
                98.33639458487288,
                8.132500715895775
              ],
              [
                98.3364848910029,
                8.132126395804969
              ],
              [
                98.34246863115189,
                8.110938547033676
              ],
              [
                98.34262974312551,
                8.11046138842262
              ],
              [
                98.3428380385604,
                8.11000285770396
              ],
              [
                98.343091404196,
                8.10956760689942
              ],
              [
                98.34338726951216,
                8.10916005184444
              ],
              [
                98.34372263280844,
                8.108784327387331
              ],
              [
                98.3440940916577,
                8.108444245439193
              ],
              [
                98.34449787742558,
                8.10814325630018
              ],
              [
                98.34492989350507,
                8.1078844136545
              ],
              [
                98.38935526318797,
                8.084222055054298
              ],
              [
                98.38978154463672,
                8.08402020860602
              ],
              [
                98.39022494865475,
                8.083859426955819
              ],
              [
                98.39068152969362,
                8.083741140789378
              ],
              [
                98.4018447423335,
                8.081404778756992
              ],
              [
                98.40185035199534,
                8.08140345515554
              ],
              [
                98.40192602776258,
                8.081379584215306
              ],
              [
                98.40194821554877,
                8.081318519746139
              ],
              [
                98.40195486651436,
                8.081294908171918
              ],
              [
                98.41861490330965,
                8.015200835746395
              ],
              [
                98.41861598486089,
                8.015196139295494
              ],
              [
                98.41862786135465,
                8.015125498147812
              ],
              [
                98.41863204897307,
                8.01507473520727
              ],
              [
                98.41863250732422,
                8.015054313439794
              ],
              [
                98.41863250732422,
                7.997544083659852
              ],
              [
                98.41863236690325,
                7.997538407716441
              ],
              [
                98.41862473441559,
                7.997459662966646
              ],
              [
                98.4185837023508,
                7.997410206789168
              ],
              [
                98.41856698231447,
                7.997392775106229
              ],
              [
                98.40153633868965,
                7.980568979633484
              ],
              [
                98.40120453014569,
                7.980207341965141
              ],
              [
                98.40090977525159,
                7.979814915837807
              ],
              [
                98.40065491401454,
                7.9793954823355
              ],
              [
                98.4004424020604,
                7.9789530827623105
              ],
              [
                98.40027428697341,
                7.978491979703832
              ],
              [
                98.40015218856742,
                7.9780166159565145
              ],
              [
                98.40007728327869,
                7.977531571720665
              ],
              [
                98.4000502928308,
                7.977041520469537
              ],
              [
                98.39984682828884,
                7.942684953956881
              ],
              [
                98.39986531651009,
                7.942224746588175
              ],
              [
                98.39992607363645,
                7.9417681929679595
              ],
              [
                98.40002858412518,
                7.941319167093162
              ],
              [
                98.40017197814345,
                7.94088147908549
              ],
              [
                98.41214522046735,
                7.909327739501553
              ],
              [
                98.41234267073645,
                7.908875918777395
              ],
              [
                98.41258366350704,
                7.90844574316201
              ],
              [
                98.41286585508995,
                7.9080413961747835
              ],
              [
                98.41318650113169,
                7.907666810147998
              ],
              [
                98.41354248330364,
                7.907325627984338
              ],
              [
                98.41393033962827,
                7.90702116772914
              ],
              [
                98.41434629814734,
                7.906756390301932
              ],
              [
                98.41478631360476,
                7.906533870701062
              ],
              [
                98.4152461067873,
                7.906355772961473
              ],
              [
                98.41572120614046,
                7.906223829109154
              ],
              [
                98.41620699125512,
                7.906139322316942
              ],
              [
                98.41669873780154,
                7.906103074425475
              ],
              [
                98.41719166347421,
                7.9061154379506835
              ],
              [
                98.4176809745005,
                7.906176292655516
              ],
              [
                98.41816191226069,
                7.906285046719264
              ],
              [
                98.41862979956625,
                7.906440642493105
              ],
              [
                98.43286394805705,
                7.911967656110047
              ],
              [
                98.43286929540555,
                7.911969580555877
              ],
              [
                98.4329449351309,
                7.911990760782498
              ],
              [
                98.4330004337675,
                7.911958493629547
              ],
              [
                98.43302039948139,
                7.911944858632367
              ],
              [
                98.44101617089055,
                7.9061601952845155
              ],
              [
                98.44102061934237,
                7.906156807517569
              ],
              [
                98.44107839674854,
                7.9061059019623
              ],
              [
                98.4410760130466,
                7.906042885826507
              ],
              [
                98.4410734193391,
                7.906019251218597
              ],
              [
                98.43638275953045,
                7.871752007899604
              ],
              [
                98.43638183406492,
                7.871746314014412
              ],
              [
                98.43636309872034,
                7.871667729660964
              ],
              [
                98.43631916953356,
                7.871619441365652
              ],
              [
                98.4363013663902,
                7.871602533429693
              ],
              [
                98.30913903912737,
                7.757279809595727
              ],
              [
                98.309134809053,
                7.757276192460062
              ],
              [
                98.30907403745987,
                7.757231395085949
              ],
              [
                98.30902493837641,
                7.7572693664836985
              ],
              [
                98.30900731552724,
                7.7572851568784715
              ],
              [
                98.28755067573103,
                7.777581363345287
              ],
              [
                98.287546799614,
                7.777585206600327
              ],
              [
                98.28749566358802,
                7.777643358617849
              ],
              [
                98.28746974755066,
                7.777698878866761
              ],
              [
                98.28746139642656,
                7.777720521712632
              ],
              [
                98.28389939909319,
                7.787707171145586
              ],
              [
                98.28389783447642,
                7.787711869779292
              ],
              [
                98.28387890192258,
                7.787783050899249
              ],
              [
                98.28386987133052,
                7.787834640029813
              ],
              [
                98.28386753002076,
                7.7878555106289085
              ],
              [
                98.27193675484605,
                7.922110062852303
              ],
              [
                98.2719304352472,
                7.922221272309388
              ]
            ]
          ]
        ]
      },
      "properties": {
        "title": "sout2746: Southern Thai",
        "fill": "#ff0000",
        "family": "Tai-Kadai",
        "cldf:languageReference": "sout2746",
        "fill-opacity": 0.3,
        "stroke": "#222222"
      }
    },
    {
      "type": "Feature",
      "geometry": {
        "type": "Point",
        "coordinates": [
          99.7031,
          6.85668
        ]
      },
      "properties": {
        "title": "sout2746 -> sout2746: Southern Thai",
        "marker-color": "#222222"
      }
    }
  ],
  "properties": {}
}
