ID,Name,Description,Contributor,Citation,Glottocode,Year,Source,Media_IDs,Type,Map_IDs,Maps,Raw_Feature_IDs
map_001,Map 1 East Coast and Great Lakes: Time of Contact,North America,,,,,asher2007world,,map,,,
map_002,Map 2 South-Eastern North America: Time of Contact,North America,,,,,asher2007world,,map,,,
map_003,Map 3 South-Western North America: Time of Contact,North America,,,,,asher2007world,,map,,,
map_004,Map 4 California: Time of Contact,North America,,,,,asher2007world,,map,,,
map_005,Map 5 The Great Plains: Time of Contact,North America,,,,,asher2007world,,map,,,
map_006,Map 6 North-Western Pacific America: Time of Contact,North America,,,,,asher2007world,,map,,,
map_007,Map 7 Northern North America: Time of Contact,North America,,,,,asher2007world,,map,,,
map_010,Map 10 Meso-America: Time of Contact,Meso-America,,,,,asher2007world,,map,,,
map_012,Map 12 Northern South America: Time of Contact,South America,,,,,asher2007world,,map,,,
map_014,Map 14 Northern Pacific Coast: Time of Contact,South America,,,,,asher2007world,,map,,,
map_016,Map 16 Western Brazil: Time of Contact,South America,,,,,asher2007world,,map,,,
map_018,Map 18 Brazilian Atlantic Coast: Time of Contact,South America,,,,,asher2007world,,map,,,
map_020,Map 20 Central Pacific Coast: Time of Contact,South America,,,,,asher2007world,,map,,,
map_022,Map 22 Southern South America: Time of Contact,South America,,,,,asher2007world,,map,,,
map_026,Map 26 Polynesia,Australasia and the Pacific,,,,,asher2007world,,map,,,
map_027,Map 27 Vanuatu and New Caledonia,Australasia and the Pacific,,,,,asher2007world,,map,,,
map_028,Map 28 Micronesia,Australasia and the Pacific,,,,,asher2007world,,map,,,
map_029,Map 29 Solomon Islands and Bougainville,Australasia and the Pacific,,,,,asher2007world,,map,,,
map_030,Map 30 New Britain and New Ireland,Australasia and the Pacific,,,,,asher2007world,,map,,,
map_031,Map 31 South-Eastern Papua New Guinea,Australasia and the Pacific,,,,,asher2007world,,map,,,
map_032,Map 32 Southern Papua New Guinea,Australasia and the Pacific,,,,,asher2007world,,map,,,
map_033,Map 33 Northern Papua New Guinea,Australasia and the Pacific,,,,,asher2007world,,map,,,
map_034,Map 34 Irian Jaya,Australasia and the Pacific,,,,,asher2007world,,map,,,
map_035,Map 35 Australia: Time of Contact,Australasia and the Pacific,,,,,asher2007world,,map,,,
map_037,Map 37 The Moluccas,Australasia and the Pacific,,,,,asher2007world,,map,,,
map_038,Map 38 Lesser Sunda Islands and Timor,Australasia and the Pacific,,,,,asher2007world,,map,,,
map_039,Map 39 Sulawesi,Australasia and the Pacific,,,,,asher2007world,,map,,,
map_040,Map 40 The Philippines,Australasia and the Pacific,,,,,asher2007world,,map,,,
map_041,Map 41 Borneo and Madagascar,Australasia and the Pacific,,,,,asher2007world,,map,,,
map_042,Map 42 Java and Bali,Australasia and the Pacific,,,,,asher2007world,,map,,,
map_043,Map 43 Sumatra,Australasia and the Pacific,,,,,asher2007world,,map,,,
map_044,Map 44 West Malaysia and Singapore,Australasia and the Pacific,,,,,asher2007world,,map,,,
map_045,Map 45 China and Mongolia,East and South-East Asia,,,,,asher2007world,,map,,,
map_046,"Map 46 Yunnan Province, China",East and South-East Asia,,,,,asher2007world,,map,,,
map_047,"Map 47 Northern Thailand, Laos and Vietnam",East and South-East Asia,,,,,asher2007world,,map,,,
map_048,"Map 48 Southern Thailand, Laos and Vietnam, and Cambodia",East and South-East Asia,,,,,asher2007world,,map,,,
map_049,Map 49 Burma (Myanmar),East and South-East Asia,,,,,asher2007world,,map,,,
map_050,"Map 50 Japan, Korea and Taiwan",East and South-East Asia,,,,,asher2007world,,map,,,
map_051,"Map 51 North-East India, Bangladesh, Bhutan and Nepal",Southern Asia,,,,,asher2007world,,map,,,
map_052,Map 52 Southern India and Sri Lanka,Southern Asia,,,,,asher2007world,,map,,,
map_053,"Map 53 Iran, Afghanistan and Pakistan",Southern Asia,,,,,asher2007world,,map,,,
map_054,Map 54 North-West India,Southern Asia,,,,,asher2007world,,map,,,
map_055,Map 55 Eastern Siberia,Northern Asia and Eastern Europe,,,,,asher2007world,,map,,,
map_056,Map 56 Western Siberia,Northern Asia and Eastern Europe,,,,,asher2007world,,map,,,
map_057,Map 57 Central Asia,Northern Asia and Eastern Europe,,,,,asher2007world,,map,,,
map_058,"Map 58 Western Russia, the Baltic States, Belarus, Ukraine and Moldova",Northern Asia and Eastern Europe,,,,,asher2007world,,map,,,
map_059,Map 59 The Caucasus,Northern Asia and Eastern Europe,,,,,asher2007world,,map,,,
map_060,Map 60 Turkey,Northern Asia and Eastern Europe,,,,,asher2007world,,map,,,
map_061,"Map 61 Hungary, Romania and the Balkans",Northern Asia and Eastern Europe,,,,,asher2007world,,map,,,
map_062,"Map 62 Poland, the Czech Republic and Slovakia",Northern Asia and Eastern Europe,,,,,asher2007world,,map,,,
map_063,Map 63 The British Isles,Western Europe,,,,,asher2007world,,map,,,
map_064,Map 64 The Nordic Countries,Western Europe,,,,,asher2007world,,map,,,
map_065,"Map 65 Germany, Austria, Liechtenstein and Switzerland",Western Europe,,,,,asher2007world,,map,,,
map_066,"Map 66 Albania, Greece, Crete and Cyprus",Western Europe,,,,,asher2007world,,map,,,
map_067,"Map 67 Italy, Corsica, Sardinia, Sicily and Malta",Western Europe,,,,,asher2007world,,map,,,
map_068,Map 68 The Iberian Peninsula and Atlantic Islands,Western Europe,,,,,asher2007world,,map,,,
map_069,"Map 69 France, Belgium, the Netherlands and Luxembourg",Western Europe,,,,,asher2007world,,map,,,
map_070,Map 70 The Middle East and Arabian Peninsula,Middle East and North Africa,,,,,asher2007world,,map,,,
map_071,Map 71 North-East Africa,Middle East and North Africa,,,,,asher2007world,,map,,,
map_072,Map 72 Sudan and the Horn of Africa,Middle East and North Africa,,,,,asher2007world,,map,,,
map_073,Map 73 North-West Africa,Middle East and North Africa,,,,,asher2007world,,map,,,
map_074,Map 74 Southern Africa,Sub-Saharan Africa,,,,,asher2007world,,map,,,
map_075,Map 75 Mozambique,Sub-Saharan Africa,,,,,asher2007world,,map,,,
map_076,Map 76 Southern Tanzania,Sub-Saharan Africa,,,,,asher2007world,,map,,,
map_077,Map 77 Zambia,Sub-Saharan Africa,,,,,asher2007world,,map,,,
map_078,Map 78 Democratic Republic of Congo: Katang,Sub-Saharan Africa,,,,,asher2007world,,map,,,
map_079,Map 79 Democratic Republic of Congo: Orienta,Sub-Saharan Africa,,,,,asher2007world,,map,,,
map_080,Map 80 Democratic Republic of Congo: Kivu,Sub-Saharan Africa,,,,,asher2007world,,map,,,
map_081,Map 81 Democratic Republic of Congo: Kasai,Sub-Saharan Africa,,,,,asher2007world,,map,,,
map_082,Map 82 Democratic Republic of Congo: Equate,Sub-Saharan Africa,,,,,asher2007world,,map,,,
map_083,Map 83 Democratic Republic of Congo: Bas Congo and Southern Congo,Sub-Saharan Africa,,,,,asher2007world,,map,,,
map_084,Map 84 Angola,Sub-Saharan Africa,,,,,asher2007world,,map,,,
map_085,Map 85 Kenyan Coast,Sub-Saharan Africa,,,,,asher2007world,,map,,,
map_086,Map 86 Central East Africa,Sub-Saharan Africa,,,,,asher2007world,,map,,,
map_087,Map 87 Northern Congo and Southern Central African Republic,Sub-Saharan Africa,,,,,asher2007world,,map,,,
map_088,Map 88 Gabon and Equatorial Guinea,Sub-Saharan Africa,,,,,asher2007world,,map,,,
map_089,Map 89 Central African Republic and South-Eastern Chad,Sub-Saharan Africa,,,,,asher2007world,,map,,,
map_090,"Map 90 Central African Republic, South-Western Chad and Cameroon",Sub-Saharan Africa,,,,,asher2007world,,map,,,
map_091,Map 91 Adamawa Region,Sub-Saharan Africa,,,,,asher2007world,,map,,,
map_092,Map 92 South-Western Cameroon,Sub-Saharan Africa,,,,,asher2007world,,map,,,
map_093,Map 93 Central South-Western Cameroon,Sub-Saharan Africa,,,,,asher2007world,,map,,,
map_094,Map 94 Northern Cameroon,Sub-Saharan Africa,,,,,asher2007world,,map,,,
map_095,Map 95 South-Eastern Nigeria and Mid-Western Cameroon,Sub-Saharan Africa,,,,,asher2007world,,map,,,
map_096,"Map 96 South Plateau, Nigeria",Sub-Saharan Africa,,,,,asher2007world,,map,,,
map_097,"Map 97 North Plateau, Nigeria",Sub-Saharan Africa,,,,,asher2007world,,map,,,
map_098,Map 98 North-Eastern Nigeria,Sub-Saharan Africa,,,,,asher2007world,,map,,,
map_099,Map 99 Lake Chad Region,Sub-Saharan Africa,,,,,asher2007world,,map,,,
map_100,Map 100 Northern Nigeria and Niger,Sub-Saharan Africa,,,,,asher2007world,,map,,,
map_101,Map 101 South-Western Nigeria,Sub-Saharan Africa,,,,,asher2007world,,map,,,
map_102,Map 102 Benin and Togo,Sub-Saharan Africa,,,,,asher2007world,,map,,,
map_103,Map 103 Ghana,Sub-Saharan Africa,,,,,asher2007world,,map,,,
map_104,Map 104 Burkina Faso,Sub-Saharan Africa,,,,,asher2007world,,map,,,
map_105,Map 105 Ivory Coast,Sub-Saharan Africa,,,,,asher2007world,,map,,,
map_106,Map 106 Liberia and Sierra Leone,Sub-Saharan Africa,,,,,asher2007world,,map,,,
map_107,Map 107 Guinea and Mali,Sub-Saharan Africa,,,,,asher2007world,,map,,,
map_108,"Map 108 Senegal, Gambia and Guinea Bissau",Sub-Saharan Africa,,,,,asher2007world,,map,,,
1614,Flinders Island,,,,flin1247,traditional,asher2007world,features,feature,map_035,Map 35 Australia: Time of Contact [292],1661
1345,Djawi,,,,djaw1238,traditional,asher2007world,features,feature,map_035,Map 35 Australia: Time of Contact [89],1383
1717,Gayardilt,,,,kaya1319,traditional,asher2007world,features,feature,map_035,Map 35 Australia: Time of Contact [101],1777
1891,Guwar | Nunungal,,,,guwa1244,traditional,asher2007world,features,feature,map_035 map_035,Map 35 Australia: Time of Contact [405]; Map 35 Australia: Time of Contact [406],1963 4689
3607,Margu,,,,marg1251,traditional,asher2007world,features,feature,map_035,Map 35 Australia: Time of Contact [16],3724
1346,Djendewal,,,,,traditional,asher2007world,features,feature,map_035,Map 35 Australia: Time of Contact [407],1384
4121,Nakkara,,,,naka1260,traditional,asher2007world,features,feature,map_035,Map 35 Australia: Time of Contact [63],4250
1300,Dhaangu,,,,dhan1270,traditional,asher2007world,features,feature,map_035,Map 35 Australia: Time of Contact [105],1338
2378,Kala Lagaw Ya,,,,kala1377,traditional,asher2007world,features,feature,map_035,Map 35 Australia: Time of Contact [300],2463
4283,Ngarduk,,,,,traditional,asher2007world,features,feature,map_035,Map 35 Australia: Time of Contact [10],4417
1326,Dijeebbana,,,,djee1236,traditional,asher2007world,features,feature,map_035,Map 35 Australia: Time of Contact [62],1364
1699,Garig,,,,gari1254,traditional,asher2007world,features,feature,map_035,Map 35 Australia: Time of Contact [15],1759
3171,Lardil,,,,lard1243,traditional,asher2007world,features,feature,map_035,Map 35 Australia: Time of Contact [100],3276
1317,Dhuwaya,,,,dhuw1250,traditional,asher2007world,features,feature,map_035,Map 35 Australia: Time of Contact [108],1355
1347,Djinang,,,,djin1253,traditional,asher2007world,features,feature,map_035,Map 35 Australia: Time of Contact [104],1385
3684,Mawng,,,,maun1240,traditional,asher2007world,features,feature,map_035,Map 35 Australia: Time of Contact [18],3803
1661,Gagudju,,,,gaga1251,traditional,asher2007world,features,feature,map_035,Map 35 Australia: Time of Contact [11],1721
584,Barrow Point,,,,barr1247,traditional,asher2007world,features,feature,map_035,Map 35 Australia: Time of Contact [293],603
217,Amurag,,,,amar1271,traditional,asher2007world,features,feature,map_035,Map 35 Australia: Time of Contact [19],222
6653,Yidiny,,,,yidi1250,traditional,asher2007world,features,feature,map_035,Map 35 Australia: Time of Contact [299],6864
622,Batyamal | Pungu-Pungu,,,,pung1239,traditional,asher2007world,features,feature,map_035 map_035,Map 35 Australia: Time of Contact [20]; Map 35 Australia: Time of Contact [21],642 5138
1872,Guragone,,,,gura1252,traditional,asher2007world,features,feature,map_035,Map 35 Australia: Time of Contact [66],1943
3541,Mangerr,,,,mang1382,traditional,asher2007world,features,feature,map_035,Map 35 Australia: Time of Contact [12],3658
4844,Peramangk,,,,,traditional,asher2007world,features,feature,map_035,Map 35 Australia: Time of Contact [438],4986
2988,Kunbarlang,,,,kunb1251,traditional,asher2007world,features,feature,map_035,Map 35 Australia: Time of Contact [53],3086
1536,Emmi | Manhthe | Maranunggu | Marri Ammu,,,,west2434,traditional,asher2007world,features,feature,map_035 map_035 map_035 map_035,Map 35 Australia: Time of Contact [22]; Map 35 Australia: Time of Contact [23]; Map 35 Australia: Time of Contact [24]; Map 35 Australia: Time of Contact [25],1577 3663 3710 3739
1868,Gungaragany,,,,kung1259,traditional,asher2007world,features,feature,map_035,Map 35 Australia: Time of Contact [4],1939
930,Burarra | Gunardba,,,,bura1267,traditional,asher2007world,features,feature,map_035 map_035,Map 35 Australia: Time of Contact [64]; Map 35 Australia: Time of Contact [65],961 1937
4543,Nunggubuyu,,,,nung1290,traditional,asher2007world,features,feature,map_035,Map 35 Australia: Time of Contact [61],4683
1547,Enindhilyagwa,,,,anin1240,traditional,asher2007world,features,feature,map_035,Map 35 Australia: Time of Contact [67],1592
1438,Dyuezun,,,,,traditional,asher2007world,features,feature,map_035,Map 35 Australia: Time of Contact [94],1477
4259,Ngagu | Ngambaa,,,,kumb1268,traditional,asher2007world,features,feature,map_035 map_035,Map 35 Australia: Time of Contact [413]; Map 35 Australia: Time of Contact [414],4392 4402
4331,Ngunawal,,,,ngun1277,traditional,asher2007world,features,feature,map_035,Map 35 Australia: Time of Contact [420],4467
1348,Djinba,,,,djin1252,traditional,asher2007world,features,feature,map_035,Map 35 Australia: Time of Contact [109],1386
6502,Wulna,,,,wuln1239,traditional,asher2007world,features,feature,map_035,Map 35 Australia: Time of Contact [3],6707
3170,Laragiya,,,,lara1258,traditional,asher2007world,features,feature,map_035,Map 35 Australia: Time of Contact [2],3275
6344,Warrgamay,,,,warr1255,traditional,asher2007world,features,feature,map_035,Map 35 Australia: Time of Contact [302],6547
1429,Dyabugay,,,,dyaa1242,traditional,asher2007world,features,feature,map_035,Map 35 Australia: Time of Contact [298],1468
6779,—Murrinhpatha,,,,murr1259,traditional,asher2007world,features,feature,map_035,Map 35 Australia: Time of Contact [39],6992
4356,Nhuvala,,,,nhuw1239,traditional,asher2007world,features,feature,map_035,Map 35 Australia: Time of Contact [134],4492
2808,Kolakngat,,,,cola1237,traditional,asher2007world,features,feature,map_035,Map 35 Australia: Time of Contact [446],2902
3630,Martuthunira,,,,mart1255,traditional,asher2007world,features,feature,map_035,Map 35 Australia: Time of Contact [133],3748
6535,Yabula-Yabula,,,,yabu1234,traditional,asher2007world,features,feature,map_035,Map 35 Australia: Time of Contact [451],6740
2203,Iwaidja,,,,iwai1244,traditional,asher2007world,features,feature,map_035,Map 35 Australia: Time of Contact [17],2284
1870,Gunwinygu,,,,gunw1252,traditional,asher2007world,features,feature,map_035,Map 35 Australia: Time of Contact [54],1941
1308,Dhay'yi,,,,dayi1244,traditional,asher2007world,features,feature,map_035,Map 35 Australia: Time of Contact [111],1346
3465,Malakmalak | Tyeraity,,,,nort1547,traditional,asher2007world,features,feature,map_035 map_035,Map 35 Australia: Time of Contact [33]; Map 35 Australia: Time of Contact [32],3581 6264
5847,Thawa,,,,sout2771,traditional,asher2007world,features,feature,map_035,Map 35 Australia: Time of Contact [422],6033
2793,Koinjmal,,,,dhar1248,traditional,asher2007world,features,feature,map_035,Map 35 Australia: Time of Contact [393],2887
4327,Nguburindi,,,,ngub1238,traditional,asher2007world,features,feature,map_035,Map 35 Australia: Time of Contact [103],4463
6633,Yaygir,,,,yayg1236,traditional,asher2007world,features,feature,map_035,Map 35 Australia: Time of Contact [410],6843
6341,Warndarang,,,,wand1263,traditional,asher2007world,features,feature,map_035,Map 35 Australia: Time of Contact [68],6544
1316,Dhuwala,,,,dhuw1248,traditional,asher2007world,features,feature,map_035,Map 35 Australia: Time of Contact [107],1354
636,Bayali,,,,baya1257,traditional,asher2007world,features,feature,map_035,Map 35 Australia: Time of Contact [394],656
1315,Dhuwal,,,,dhuw1249,traditional,asher2007world,features,feature,map_035,Map 35 Australia: Time of Contact [106],1353
2645,Keramin,,,,kera1256,traditional,asher2007world,features,feature,map_035,Map 35 Australia: Time of Contact [441],2739
1671,Galimbamu,,,,guga1239,traditional,asher2007world,features,feature,map_035,Map 35 Australia: Time of Contact [225],1731
3258,Limilngan,,,,nucl1327,traditional,asher2007world,features,feature,map_035,Map 35 Australia: Time of Contact [5],3364
6328,Waray,,,,wara1290,traditional,asher2007world,features,feature,map_035,Map 35 Australia: Time of Contact [57],6531
3850,Mingin,,,,mink1237,traditional,asher2007world,features,feature,map_035,Map 35 Australia: Time of Contact [102],3975
6631,Yawuru,,,,yawu1244,traditional,asher2007world,features,feature,map_035,Map 35 Australia: Time of Contact [95],6841
1716,Gayabara,,,,waka1274,traditional,asher2007world,features,feature,map_035,Map 35 Australia: Time of Contact [401],1776
5060,Rembarrnga,,,,remb1249,traditional,asher2007world,features,feature,map_035,Map 35 Australia: Time of Contact [58],5207
2950,Kukat),,,,sout3141,traditional,asher2007world,features,feature,map_035,Map 35 Australia: Time of Contact [278],3046
3032,Kuuk Thaayorre | Kuuk Yak | Yir-Thangedl | Yiryoront,,,,sout3141,traditional,asher2007world,features,feature,map_035 map_035 map_035 map_035,Map 35 Australia: Time of Contact [266]; Map 35 Australia: Time of Contact [265]; Map 35 Australia: Time of Contact [267]; Map 35 Australia: Time of Contact [268],3132 3133 6877 6880
4288,Ngarla,,,,ngar1296,traditional,asher2007world,features,feature,map_035,Map 35 Australia: Time of Contact [125],4422
1437,Dyirringany,,,,,traditional,asher2007world,features,feature,map_035,Map 35 Australia: Time of Contact [423],1476
4274,Ngandi,,,,ngan1295,traditional,asher2007world,features,feature,map_035,Map 35 Australia: Time of Contact [59],4407
1431,Dyangadi,,,,dyan1250,traditional,asher2007world,features,feature,map_035,Map 35 Australia: Time of Contact [415],1470
5089,Ritharrngu,,,,rita1239,traditional,asher2007world,features,feature,map_035,Map 35 Australia: Time of Contact [110],5236
3403,Madige | Marridan | Marrimanindii | Marringarr | Marrithiyel | Marrityabin,,,,west2434,traditional,asher2007world,features,feature,map_035 map_035 map_035 map_035 map_035 map_035,Map 35 Australia: Time of Contact [28]; Map 35 Australia: Time of Contact [29]; Map 35 Australia: Time of Contact [30]; Map 35 Australia: Time of Contact [31]; Map 35 Australia: Time of Contact [26]; Map 35 Australia: Time of Contact [27],3517 3740 3741 3742 3743 3744
4292,Ngarti,,,,ngar1288,traditional,asher2007world,features,feature,map_035,Map 35 Australia: Time of Contact [124],4426
4158,Narinari,,,,nari1241,traditional,asher2007world,features,feature,map_035,Map 35 Australia: Time of Contact [444],4287
5905,Tiwi,,,,tiwi1244,traditional,asher2007world,features,feature,map_035,Map 35 Australia: Time of Contact [1],6092
4573,Nyangga,,,,gang1267,traditional,asher2007world,features,feature,map_035,Map 35 Australia: Time of Contact [98],4714
1560,Erre | Urningangg,,,,urni1238,traditional,asher2007world,features,feature,map_035 map_035,Map 35 Australia: Time of Contact [13]; Map 35 Australia: Time of Contact [14],1605 6351
4263,Ngalakan,,,,ngal1293,traditional,asher2007world,features,feature,map_035,Map 35 Australia: Time of Contact [60],4396
916,Bunaba,,,,buna1275,traditional,asher2007world,features,feature,map_035,Map 35 Australia: Time of Contact [87],947
3534,Mangaray!,,,,mang1381,traditional,asher2007world,features,feature,map_035,Map 35 Australia: Time of Contact [52],3651
1888,Guugu Yimidhirr,,,,gugu1255,traditional,asher2007world,features,feature,map_035,Map 35 Australia: Time of Contact [294],1960
6242,Wagiman,,,,wage1238,traditional,asher2007world,features,feature,map_035,Map 35 Australia: Time of Contact [48],6444
4748,Pallanganmiddang,,,,pall1243,traditional,asher2007world,features,feature,map_035,Map 35 Australia: Time of Contact [452],4890
6695,Yugulda,,,,gang1267,traditional,asher2007world,features,feature,map_035,Map 35 Australia: Time of Contact [99],6907
4533,Nukunu,,,,nugu1241,traditional,asher2007world,features,feature,map_035,Map 35 Australia: Time of Contact [203],4673
6348,Warwa,,,,warr1258,traditional,asher2007world,features,feature,map_035,Map 35 Australia: Time of Contact [96],6551
2955,Kuku Yalanj|,,,,kuku1273,traditional,asher2007world,features,feature,map_035,Map 35 Australia: Time of Contact [295],3051
2801,Koko-Bera | Kwanthar,,,,gugu1254,traditional,asher2007world,features,feature,map_035 map_035,Map 35 Australia: Time of Contact [269]; Map 35 Australia: Time of Contact [270],2895 3170
4155,Narangga,,,,naru1238,traditional,asher2007world,features,feature,map_035,Map 35 Australia: Time of Contact [205],4284
4280,Nganyaywana,,,,ngan1296,traditional,asher2007world,features,feature,map_035,Map 35 Australia: Time of Contact [412],4413
2433,Kamu | Matngele | Ngenkityemeri | Noénkikurrunggur | Yunggor,,,,atla1278,traditional,asher2007world,features,feature,map_035 map_035 map_035 map_035 map_035,Map 35 Australia: Time of Contact [36]; Map 35 Australia: Time of Contact [35]; Map 35 Australia: Time of Contact [38]; Map 35 Australia: Time of Contact [37]; Map 35 Australia: Time of Contact [34],2519 3791 4441 4653 6922
6574,Yanda,,,,yand1251,traditional,asher2007world,features,feature,map_035,Map 35 Australia: Time of Contact [340],6783
300,Argu-Tharnggal | Thaypan,,,,thay1250,traditional,asher2007world,features,feature,map_035 map_035,Map 35 Australia: Time of Contact [280]; Map 35 Australia: Time of Contact [279],308 6034
406,Ayerrereng,,,,ayer1246,traditional,asher2007world,features,feature,map_035,Map 35 Australia: Time of Contact [213],415
2578,Kaurna,,,,kaur1267,traditional,asher2007world,features,feature,map_035,Map 35 Australia: Time of Contact [204],2665
1307,Dharuk,,,,sydn1236,traditional,asher2007world,features,feature,map_035,Map 35 Australia: Time of Contact [419],1345
1305,Dharambal,,,,dhar1248,traditional,asher2007world,features,feature,map_035,Map 35 Australia: Time of Contact [395],1343
572,Bardi | Dyaberdyaber | Nimanbur | Nyulnyui,,,,west2872,traditional,asher2007world,features,feature,map_035 map_035 map_035 map_035,Map 35 Australia: Time of Contact [90]; Map 35 Australia: Time of Contact [93]; Map 35 Australia: Time of Contact [91]; Map 35 Australia: Time of Contact [92],590 1467 4503 4736
1436,Dyirbal,,,,dyir1250,traditional,asher2007world,features,feature,map_035,Map 35 Australia: Time of Contact [301],1475
3584,Mara | Yugul,,,,mara1385,traditional,asher2007world,features,feature,map_035 map_035,Map 35 Australia: Time of Contact [70]; Map 35 Australia: Time of Contact [69],3701 6906
752,Birria,,,,pirr1240,traditional,asher2007world,features,feature,map_035,Map 35 Australia: Time of Contact [344],777
4290,Ngarluma,,,,ngar1287,traditional,asher2007world,features,feature,map_035,Map 35 Australia: Time of Contact [132],4424
1306,Dharawal,,,,thur1254,traditional,asher2007world,features,feature,map_035,Map 35 Australia: Time of Contact [425],1344
381,Awabakal,,,,awab1243,traditional,asher2007world,features,feature,map_035,Map 35 Australia: Time of Contact [417],390
6361,Wathawurung,,,,wath1238,traditional,asher2007world,features,feature,map_035,Map 35 Australia: Time of Contact [445],6564
2312,Kaantju | Kuuku Ya'u | Umpila,,,,nort2759,traditional,asher2007world,features,feature,map_035 map_035 map_035,Map 35 Australia: Time of Contact [263]; Map 35 Australia: Time of Contact [262]; Map 35 Australia: Time of Contact [264],2396 3134 6305
2240,Jawony,,,,djau1244,traditional,asher2007world,features,feature,map_035,Map 35 Australia: Time of Contact [56],2323
2484,Karajarri,,,,kara1476,traditional,asher2007world,features,feature,map_035,Map 35 Australia: Time of Contact [112],2571
1033,Cguniyan,,,,,traditional,asher2007world,features,feature,map_035,Map 35 Australia: Time of Contact [88],1067
6540,Yagara,,,,yaga1262,traditional,asher2007world,features,feature,map_035,Map 35 Australia: Time of Contact [404],6745
6557,Yalarnnga,,,,yala1262,traditional,asher2007world,features,feature,map_035,Map 35 Australia: Time of Contact [224],6764
4295,Ngayawung,,,,lowe1402,traditional,asher2007world,features,feature,map_035,Map 35 Australia: Time of Contact [439],4429
1314,Dhurga,,,,dhur1239,traditional,asher2007world,features,feature,map_035,Map 35 Australia: Time of Contact [424],1352
1262,Darkinyung,,,,hawk1239,traditional,asher2007world,features,feature,map_035,Map 35 Australia: Time of Contact [418],1300
2954,Kuku Jangkun | Muluriji,,,,yala1261,traditional,asher2007world,features,feature,map_035 map_035,Map 35 Australia: Time of Contact [296]; Map 35 Australia: Time of Contact [297],3050 4138
890,Bugunidia | Ngunbudj | Ngurmbur | Umbugarla,,,,umbu1235,traditional,asher2007world,features,feature,map_035 map_035 map_035 map_035,Map 35 Australia: Time of Contact [9]; Map 35 Australia: Time of Contact [7]; Map 35 Australia: Time of Contact [8]; Map 35 Australia: Time of Contact [6],919 4468 4476 6301
1238,Dalabon,,,,ngal1292,traditional,asher2007world,features,feature,map_035,Map 35 Australia: Time of Contact [55],1275
2519,Kariyarra,,,,kari1304,traditional,asher2007world,features,feature,map_035,Map 35 Australia: Time of Contact [131],2606
3036,Kuurn Kopan Noot,,,,gund1249,traditional,asher2007world,features,feature,map_035,Map 35 Australia: Time of Contact [449],3136
298,Areba | Kurrtjar | Kuthant,,,,kuth1239,traditional,asher2007world,features,feature,map_035 map_035 map_035,Map 35 Australia: Time of Contact [276]; Map 35 Australia: Time of Contact [275]; Map 35 Australia: Time of Contact [277],306 3110 3127
1863,Gumbaynggir,,,,gumb1242,traditional,asher2007world,features,feature,map_035,Map 35 Australia: Time of Contact [409],1934
82,Adnyamathanha,,,,adny1235,traditional,asher2007world,features,feature,map_035,Map 35 Australia: Time of Contact [206],84
6587,Yanyuwa,,,,yany1243,traditional,asher2007world,features,feature,map_035,Map 35 Australia: Time of Contact [220],6797
1849,Guguwarra | Lama-Lama | Mbariman-Gudhinma | Umbindhamu | Umbuygamu,,,,pama1250,traditional,asher2007world,features,feature,map_035 map_035 map_035 map_035 map_035,Map 35 Australia: Time of Contact [285]; Map 35 Australia: Time of Contact [284]; Map 35 Australia: Time of Contact [283]; Map 35 Australia: Time of Contact [281]; Map 35 Australia: Time of Contact [282],1920 3237 3843 6300 6302
924,Bungandid),,,,bung1264,traditional,asher2007world,features,feature,map_035,Map 35 Australia: Time of Contact [448],955
1221,Dagoman | Yangman,,,,yang1287,traditional,asher2007world,features,feature,map_035 map_035,Map 35 Australia: Time of Contact [49]; Map 35 Australia: Time of Contact [50],1258 6790
4901,Pirlatapa,,,,pirl1238,traditional,asher2007world,features,feature,map_035,Map 35 Australia: Time of Contact [375],5046
1349,Djingili,,,,djin1251,traditional,asher2007world,features,feature,map_035,Map 35 Australia: Time of Contact [43],1387
6223,Waanyi,,,,wany1247,traditional,asher2007world,features,feature,map_035,Map 35 Australia: Time of Contact [73],6424
1312,Dhuduroa,,,,dhud1236,traditional,asher2007world,features,feature,map_035,Map 35 Australia: Time of Contact [453],1350
6687,Yorta-Yorta,,,,yort1237,traditional,asher2007world,features,feature,map_035,Map 35 Australia: Time of Contact [450],6899
6601,Yardliyawara,,,,yard1234,traditional,asher2007world,features,feature,map_035,Map 35 Australia: Time of Contact [388],6811
6303,Wangkajunga,,,,wang1288,traditional,asher2007world,features,feature,map_035,Map 35 Australia: Time of Contact [156],6506
1310,Dhirrari,,,,dira1238,traditional,asher2007world,features,feature,map_035,Map 35 Australia: Time of Contact [374],1348
4353,Nhanda,,,,nhan1238,traditional,asher2007world,features,feature,map_035,Map 35 Australia: Time of Contact [154],4489
523,Bandjalang,,,,band1358,traditional,asher2007world,features,feature,map_035,Map 35 Australia: Time of Contact [408],541
6329,Wardaman,,,,ward1246,traditional,asher2007world,features,feature,map_035,Map 35 Australia: Time of Contact [51],6532
1342,Divyari,,,,dier1241,traditional,asher2007world,features,feature,map_035,Map 35 Australia: Time of Contact [373],1380
22,(Kartangaruru),,,,kart1251,traditional,asher2007world,features,feature,map_035,Map 35 Australia: Time of Contact [123],23
1847,Gugadia,,,,,traditional,asher2007world,features,feature,map_035,Map 35 Australia: Time of Contact [155],1918
2318,Kabi-Kab!,,,,kabi1260,traditional,asher2007world,features,feature,map_035,Map 35 Australia: Time of Contact [398],2403
737,Bindal | Nyawaygi | Wulgur | Yuru,,,,pama1250,traditional,asher2007world,features,feature,map_035 map_035 map_035 map_035,Map 35 Australia: Time of Contact [305]; Map 35 Australia: Time of Contact [303]; Map 35 Australia: Time of Contact [304]; Map 35 Australia: Time of Contact [306],761 4719 6705 6932
6603,Yarluyandi,,,,yarl1238,traditional,asher2007world,features,feature,map_035,Map 35 Australia: Time of Contact [368],6813
2564,Kathang,,,,gath1234,traditional,asher2007world,features,feature,map_035,Map 35 Australia: Time of Contact [416],2651
6668,Yirandhali,,,,yira1239,traditional,asher2007world,features,feature,map_035,Map 35 Australia: Time of Contact [341],6879
4287,Ngarinyman,,,,ngar1235,traditional,asher2007world,features,feature,map_035,Map 35 Australia: Time of Contact [120],4421
6671,Yitha-Yitha,,,,yith1234,traditional,asher2007world,features,feature,map_035,Map 35 Australia: Time of Contact [442],6882
1205,Cundungura,,,,gund1248,traditional,asher2007world,features,feature,map_035,Map 35 Australia: Time of Contact [426],1242
162,Alawa,,,,alaw1244,traditional,asher2007world,features,feature,map_035,Map 35 Australia: Time of Contact [71],167
4257,Ngadjuri,,,,ngad1257,traditional,asher2007world,features,feature,map_035,Map 35 Australia: Time of Contact [207],4390
173,Alngith | Angkamuthi | Aritinngithich | Atampaya | Linngithigh | Luthigh | Mbiywom | Mpalityanh | Mutyanthi | Ndra'ngith | Ngkoth | Tjungundi | Uradhi | Utyangikwathiya | Wudhadhi | Yaraytyana | Yinwum | Yumukuntyi | Yupngayth,,,,nort2758,traditional,asher2007world,features,feature,map_035 map_035 map_035 map_035 map_035 map_035 map_035 map_035 map_035 map_035 map_035 map_035 map_035 map_035 map_035 map_035 map_035 map_035 map_035,Map 35 Australia: Time of Contact [237]; Map 35 Australia: Time of Contact [229]; Map 35 Australia: Time of Contact [242]; Map 35 Australia: Time of Contact [228]; Map 35 Australia: Time of Contact [239]; Map 35 Australia: Time of Contact [238]; Map 35 Australia: Time of Contact [244]; Map 35 Australia: Time of Contact [235]; Map 35 Australia: Time of Contact [231]; Map 35 Australia: Time of Contact [243]; Map 35 Australia: Time of Contact [240]; Map 35 Australia: Time of Contact [234]; Map 35 Australia: Time of Contact [232]; Map 35 Australia: Time of Contact [230]; Map 35 Australia: Time of Contact [233]; Map 35 Australia: Time of Contact [227]; Map 35 Australia: Time of Contact [241]; Map 35 Australia: Time of Contact [226]; Map 35 Australia: Time of Contact [236],178 245 317 357 3370 3488 3858 4108 4189 4348 4447 6095 6333 6370 6702 6810 6876 6921 6924
6693,Yugambal,,,,yuga1244,traditional,asher2007world,features,feature,map_035,Map 35 Australia: Time of Contact [411],6905
4583,Nyigina,,,,nyig1240,traditional,asher2007world,features,feature,map_035,Map 35 Australia: Time of Contact [97],4724
1260,Daribalang | Goreng Goreng,,,,gure1255,traditional,asher2007world,features,feature,map_035 map_035,Map 35 Australia: Time of Contact [397]; Map 35 Australia: Time of Contact [396],1298 1882
1656,Gadjerawang | Miriwung,,,,miri1266,traditional,asher2007world,features,feature,map_035 map_035,Map 35 Australia: Time of Contact [74]; Map 35 Australia: Time of Contact [75],1716 3983
4286,Ngarinyeri,,,,narr1259,traditional,asher2007world,features,feature,map_035,Map 35 Australia: Time of Contact [437],4420
1344,Djamindjung | Ngaliwuru | Nungali,,,,djam1254,traditional,asher2007world,features,feature,map_035 map_035 map_035,Map 35 Australia: Time of Contact [40]; Map 35 Australia: Time of Contact [42]; Map 35 Australia: Time of Contact [41],1382 4397 4682
1889,Guwa,,,,guwa1242,traditional,asher2007world,features,feature,map_035,Map 35 Australia: Time of Contact [339],1961
2397,Kalkatungu,,,,kalk1246,traditional,asher2007world,features,feature,map_035,Map 35 Australia: Time of Contact [223],2483
4271,Ngamini,,,,ngam1284,traditional,asher2007world,features,feature,map_035,Map 35 Australia: Time of Contact [369],4404
1876,Gurindi,,,,guri1247,traditional,asher2007world,features,feature,map_035,Map 35 Australia: Time of Contact [118],1947
6722,Yuyu,,,,yuuy1234,traditional,asher2007world,features,feature,map_035,Map 35 Australia: Time of Contact [440],6934
405,Ayapathu | Kugu-Mancgk | Kugu-Mu'inh | Kugu-Muminh | Kugu-Ugbanh | Kugu-Uwanh | Pakanh | Wik-Ayangenycha | Wik-Ep | Wik-Iyanh | Wik-Keyangan | Wik-Me'anh | Wik-Mungkan | Wik-Ngatharra | Wik-Ngathán | Wik-Ompom | Wik-Paach,,,,comp1236,traditional,asher2007world,features,feature,map_035 map_035 map_035 map_035 map_035 map_035 map_035 map_035 map_035 map_035 map_035 map_035 map_035 map_035 map_035 map_035 map_035,Map 35 Australia: Time of Contact [261]; Map 35 Australia: Time of Contact [257]; Map 35 Australia: Time of Contact [256]; Map 35 Australia: Time of Contact [254]; Map 35 Australia: Time of Contact [253]; Map 35 Australia: Time of Contact [255]; Map 35 Australia: Time of Contact [260]; Map 35 Australia: Time of Contact [245]; Map 35 Australia: Time of Contact [246]; Map 35 Australia: Time of Contact [258]; Map 35 Australia: Time of Contact [259]; Map 35 Australia: Time of Contact [247]; Map 35 Australia: Time of Contact [252]; Map 35 Australia: Time of Contact [251]; Map 35 Australia: Time of Contact [250]; Map 35 Australia: Time of Contact [248]; Map 35 Australia: Time of Contact [249],414 3036 3037 3038 3039 3040 4877 6652 6653 6654 6655 6656 6657 6658 6659 6660 6661
4004,Muk-Thang,,,,gana1279,traditional,asher2007world,features,feature,map_035,Map 35 Australia: Time of Contact [454],4132
245,Anmatyerr,,,,anma1239,traditional,asher2007world,features,feature,map_035,Map 35 Australia: Time of Contact [211],250
3535,Mangarla,,,,mang1383,traditional,asher2007world,features,feature,map_035,Map 35 Australia: Time of Contact [113],3652
736,Binbinga | Gudandi | Ngarndii,,,,wamb1258,traditional,asher2007world,features,feature,map_035 map_035 map_035,Map 35 Australia: Time of Contact [44]; Map 35 Australia: Time of Contact [45]; Map 35 Australia: Time of Contact [46],760 1914 4425
1032,Cgunggari | Kulumal! | Kungatutj,,,,pama1250,traditional,asher2007world,features,feature,map_035 map_035 map_035,Map 35 Australia: Time of Contact [338]; Map 35 Australia: Time of Contact [342]; Map 35 Australia: Time of Contact [343],1066 3065 3090
2308,Juwarliny,,,,djuw1238,traditional,asher2007world,features,feature,map_035,Map 35 Australia: Time of Contact [115],2392
249,Antekerrepenh,,,,ande1247,traditional,asher2007world,features,feature,map_035,Map 35 Australia: Time of Contact [214],254
1697,Garawa,,,,gara1269,traditional,asher2007world,features,feature,map_035,Map 35 Australia: Time of Contact [72],1757
4285,Ngarigu,,,,ngar1297,traditional,asher2007world,features,feature,map_035,Map 35 Australia: Time of Contact [421],4419
6266,Wakaya,,,,waga1260,traditional,asher2007world,features,feature,map_035,Map 35 Australia: Time of Contact [218],6468
6576,Yandruwandha,,,,yand1253,traditional,asher2007world,features,feature,map_035,Map 35 Australia: Time of Contact [371],6785
2604,Kaytetye,,,,kayt1238,traditional,asher2007world,features,feature,map_035,Map 35 Australia: Time of Contact [210],2691
2796,Kok-Nar | Olkola | Uw Oykangand,,,,pama1251,traditional,asher2007world,features,feature,map_035 map_035 map_035,Map 35 Australia: Time of Contact [271]; Map 35 Australia: Time of Contact [273]; Map 35 Australia: Time of Contact [272],2890 4779 6373
6120,Unggumi | Worora,,,,west2435,traditional,asher2007world,features,feature,map_035 map_035,Map 35 Australia: Time of Contact [86]; Map 35 Australia: Time of Contact [85],6314 6698
2232,Jaru,,,,jaru1254,traditional,asher2007world,features,feature,map_035,Map 35 Australia: Time of Contact [117],2314
1462,Eastern Arrernte,,,,east2379,traditional,asher2007world,features,feature,map_035,Map 35 Australia: Time of Contact [216],1501
3998,Mudburra,,,,mudb1240,traditional,asher2007world,features,feature,map_035,Map 35 Australia: Time of Contact [119],4126
6630,Yawarrawarrka,,,,yawa1258,traditional,asher2007world,features,feature,map_035,Map 35 Australia: Time of Contact [370],6840
2529,Karruwali | Marrulha | Mithaka,,,,mith1235,traditional,asher2007world,features,feature,map_035 map_035 map_035,Map 35 Australia: Time of Contact [366]; Map 35 Australia: Time of Contact [367]; Map 35 Australia: Time of Contact [365],2616 3745 3990
6278,Wambaya,,,,wamb1258,traditional,asher2007world,features,feature,map_035,Map 35 Australia: Time of Contact [47],6480
4049,Muruwari,,,,muru1266,traditional,asher2007world,features,feature,map_035,Map 35 Australia: Time of Contact [389],4178
588,Barunggam | Muringam,,,,waka1274,traditional,asher2007world,features,feature,map_035 map_035,Map 35 Australia: Time of Contact [402]; Map 35 Australia: Time of Contact [403],607 4171
3045,Kuyani,,,,guya1249,traditional,asher2007world,features,feature,map_035,Map 35 Australia: Time of Contact [200],3146
6514,Wuywurrung,,,,wulu1244,traditional,asher2007world,features,feature,map_035,Map 35 Australia: Time of Contact [447],6719
3324,Lower Arrernte,,,,lowe1436,traditional,asher2007world,features,feature,map_035,Map 35 Australia: Time of Contact [217],3433
6338,Warlmanpa,,,,warl1255,traditional,asher2007world,features,feature,map_035,Map 35 Australia: Time of Contact [121],6541
1860,Guluwarin | Kitia,,,,kitj1240,traditional,asher2007world,features,feature,map_035 map_035,Map 35 Australia: Time of Contact [76]; Map 35 Australia: Time of Contact [77],1931 2846
1677,Gambera | Miwa | Wilawila | Wunambal,,,,nort2751,traditional,asher2007world,features,feature,map_035 map_035 map_035 map_035,Map 35 Australia: Time of Contact [79]; Map 35 Australia: Time of Contact [80]; Map 35 Australia: Time of Contact [81]; Map 35 Australia: Time of Contact [78],1737 3993 6662 6712
4564,Nyamal,,,,nyam1271,traditional,asher2007world,features,feature,map_035,Map 35 Australia: Time of Contact [126],4705
931,Burduna | Payungu | Thalanyii | Tharrgari,,,,pilb1234,traditional,asher2007world,features,feature,map_035 map_035 map_035 map_035,Map 35 Australia: Time of Contact [146]; Map 35 Australia: Time of Contact [145]; Map 35 Australia: Time of Contact [144]; Map 35 Australia: Time of Contact [142],962 4972 6026 6031
180,Alyawerr,,,,alya1239,traditional,asher2007world,features,feature,map_035,Map 35 Australia: Time of Contact [212],185
6268,Wakka-Wakka | Wuli-Wuli,,,,west2808,traditional,asher2007world,features,feature,map_035 map_035,Map 35 Australia: Time of Contact [400]; Map 35 Australia: Time of Contact [399],6470 6706
272,Arabana,,,,arab1267,traditional,asher2007world,features,feature,map_035,Map 35 Australia: Time of Contact [364],277
2283,Jiwarlu | Kurrama | Pinikura | Thiin | Yindjibarndi,,,,pilb1234,traditional,asher2007world,features,feature,map_035 map_035 map_035 map_035 map_035,Map 35 Australia: Time of Contact [141]; Map 35 Australia: Time of Contact [136]; Map 35 Australia: Time of Contact [143]; Map 35 Australia: Time of Contact [140]; Map 35 Australia: Time of Contact [135],2367 3109 5032 6035 6871
6347,Warumungu,,,,waru1265,traditional,asher2007world,features,feature,map_035,Map 35 Australia: Time of Contact [209],6550
3490,Malyangapa | Wadikali,,,,yarl1236,traditional,asher2007world,features,feature,map_035 map_035,Map 35 Australia: Time of Contact [387]; Map 35 Australia: Time of Contact [386],3606 6437
6305,Wangkangurru,,,,wang1290,traditional,asher2007world,features,feature,map_035,Map 35 Australia: Time of Contact [363],6508
1892,Guwid) | Ungarinjin | Wolyamidi,,,,ngar1284,traditional,asher2007world,features,feature,map_035 map_035 map_035,Map 35 Australia: Time of Contact [84]; Map 35 Australia: Time of Contact [83]; Map 35 Australia: Time of Contact [82],1964 6313 6691
6273,Walmajarri,,,,walm1242,traditional,asher2007world,features,feature,map_035,Map 35 Australia: Time of Contact [116],6475
4890,Pintupi,,,,pint1250,traditional,asher2007world,features,feature,map_035,Map 35 Australia: Time of Contact [157],5035
6412,Western Arrernte,,,,west2441,traditional,asher2007world,features,feature,map_035,Map 35 Australia: Time of Contact [215],6617
4574,Nyangumarta,,,,nyan1301,traditional,asher2007world,features,feature,map_035,Map 35 Australia: Time of Contact [114],4715
2304,Jurruru | Ngarlawangka | Panyjima | Warriyangka | Yinhawangka,,,,pilb1234,traditional,asher2007world,features,feature,map_035 map_035 map_035 map_035 map_035,Map 35 Australia: Time of Contact [128]; Map 35 Australia: Time of Contact [130]; Map 35 Australia: Time of Contact [127]; Map 35 Australia: Time of Contact [139]; Map 35 Australia: Time of Contact [129],2388 4423 4920 6548 6873
6467,Wirangu,,,,wira1265,traditional,asher2007world,features,feature,map_035,Map 35 Australia: Time of Contact [208],6672
6265,Wakapunga | Warluwarra-Bularnu | Yinjilan)I,,,,sout2766,traditional,asher2007world,features,feature,map_035 map_035 map_035,Map 35 Australia: Time of Contact [222]; Map 35 Australia: Time of Contact [219]; Map 35 Australia: Time of Contact [221],6467 6543 6875
5758,Tasmanian Languages,,,,tasm1247,traditional,asher2007world,features,feature,map_035,Map 35 Australia: Time of Contact [455],5938
100,Agwamin | Dagalag | Mbabaram | Mbara | Ngaygungu | Walangama | Wamin,,,,pama1251,traditional,asher2007world,features,feature,map_035 map_035 map_035 map_035 map_035 map_035 map_035,Map 35 Australia: Time of Contact [286]; Map 35 Australia: Time of Contact [289]; Map 35 Australia: Time of Contact [287]; Map 35 Australia: Time of Contact [291]; Map 35 Australia: Time of Contact [288]; Map 35 Australia: Time of Contact [274]; Map 35 Australia: Time of Contact [290],102 1254 3826 3842 4430 6471 6483
580,Barngarla | Nawo,,,,core1260,traditional,asher2007world,features,feature,map_035 map_035,Map 35 Australia: Time of Contact [201]; Map 35 Australia: Time of Contact [202],599 4308
3694,Mayi-Kulan | Mayi-Kutana | Mayi-Thakurti | Mayi-Yapi | Ngawun | Wunumara,,,,maya1279,traditional,asher2007world,features,feature,map_035 map_035 map_035 map_035 map_035 map_035,Map 35 Australia: Time of Contact [346]; Map 35 Australia: Time of Contact [345]; Map 35 Australia: Time of Contact [349]; Map 35 Australia: Time of Contact [347]; Map 35 Australia: Time of Contact [348]; Map 35 Australia: Time of Contact [350],3813 3814 3815 3816 4428 6714
4251,Ng Ami Aa Y,,,,wang1291,traditional,asher2007world,features,feature,map_035,Map 35 Australia: Time of Contact [391],4384
431,Badjiri | Bitjara | Garlali | Karendala | Mambangura | Mingabari | Ngurawarla | Punthamara | Tereila | Wangkumara | Yarumarra,,,,badj1246,traditional,asher2007world,features,feature,map_035 map_035 map_035 map_035 map_035 map_035 map_035 map_035 map_035 map_035 map_035,Map 35 Australia: Time of Contact [383]; Map 35 Australia: Time of Contact [384]; Map 35 Australia: Time of Contact [381]; Map 35 Australia: Time of Contact [376]; Map 35 Australia: Time of Contact [382]; Map 35 Australia: Time of Contact [385]; Map 35 Australia: Time of Contact [372]; Map 35 Australia: Time of Contact [379]; Map 35 Australia: Time of Contact [380]; Map 35 Australia: Time of Contact [378]; Map 35 Australia: Time of Contact [377],441 789 1761 2592 3613 3974 4472 5140 6004 6510 6814
6387,Wemba Wemba,,,,wemb1241,traditional,asher2007world,features,feature,map_035,Map 35 Australia: Time of Contact [443],6590
1680,Gamilaraay,,,,gami1243,traditional,asher2007world,features,feature,map_035,Map 35 Australia: Time of Contact [390],1740
6339,Warlpiri,,,,warl1254,traditional,asher2007world,features,feature,map_035,Map 35 Australia: Time of Contact [122],6542
2492,Karanya | Kunkalanya | Lhanima | Mayawarli | Ngulupulu | Pitta-Pitta | Rakaya | Rangwa | Ringu-Ringu | Wangka-Yutjurru | Wangkamadla | Yurlayurlanya,,,,pitt1246,traditional,asher2007world,features,feature,map_035 map_035 map_035 map_035 map_035 map_035 map_035 map_035 map_035 map_035 map_035 map_035,Map 35 Australia: Time of Contact [358]; Map 35 Australia: Time of Contact [360]; Map 35 Australia: Time of Contact [361]; Map 35 Australia: Time of Contact [362]; Map 35 Australia: Time of Contact [357]; Map 35 Australia: Time of Contact [353]; Map 35 Australia: Time of Contact [356]; Map 35 Australia: Time of Contact [352]; Map 35 Australia: Time of Contact [355]; Map 35 Australia: Time of Contact [354]; Map 35 Australia: Time of Contact [351]; Map 35 Australia: Time of Contact [359],2579 3093 3337 3812 4465 5053 5186 5195 5231 6505 6507 6929
6466,Wiradhuri,,,,wira1262,traditional,asher2007world,features,feature,map_035,Map 35 Australia: Time of Contact [392],6671
416,Baarundi | Bandjigali | Barundi | Dhanggagarli | Gurnu | Marawara | Nabarlgu | Southern Paakantyi | Wanyubarlgu | Wilyagali,,,,darl1243,traditional,asher2007world,features,feature,map_035 map_035 map_035 map_035 map_035 map_035 map_035 map_035 map_035 map_035,Map 35 Australia: Time of Contact [428]; Map 35 Australia: Time of Contact [427]; Map 35 Australia: Time of Contact [435]; Map 35 Australia: Time of Contact [433]; Map 35 Australia: Time of Contact [429]; Map 35 Australia: Time of Contact [436]; Map 35 Australia: Time of Contact [430]; Map 35 Australia: Time of Contact [434]; Map 35 Australia: Time of Contact [431]; Map 35 Australia: Time of Contact [432],426 542 606 1342 1951 3716 4228 5727 6521 6666
2379,Kalaaku | Mirniny | Ngadyumaya | Wudijari,,,,sout3134,traditional,asher2007world,features,feature,map_035 map_035 map_035 map_035,Map 35 Australia: Time of Contact [196]; Map 35 Australia: Time of Contact [199]; Map 35 Australia: Time of Contact [197]; Map 35 Australia: Time of Contact [198],2464 3984 4391 6703
3479,Malgana | Maya | Patimaya | Pulinya | Wajarri | Wirtimay | Yingkarta,,,,pama1250,traditional,asher2007world,features,feature,map_035 map_035 map_035 map_035 map_035 map_035 map_035,Map 35 Australia: Time of Contact [149]; Map 35 Australia: Time of Contact [148]; Map 35 Australia: Time of Contact [153]; Map 35 Australia: Time of Contact [150]; Map 35 Australia: Time of Contact [151]; Map 35 Australia: Time of Contact [152]; Map 35 Australia: Time of Contact [147],3595 3811 4954 5126 6464 6675 6872
2454,Kaniyang | Karlamay | Kwetiman | Mirnong | Nankarti | Pipelman | Tjapanmay | Watjanmay,,,,sout3134,traditional,asher2007world,features,feature,map_035 map_035 map_035 map_035 map_035 map_035 map_035 map_035,Map 35 Australia: Time of Contact [195]; Map 35 Australia: Time of Contact [191]; Map 35 Australia: Time of Contact [193]; Map 35 Australia: Time of Contact [194]; Map 35 Australia: Time of Contact [188]; Map 35 Australia: Time of Contact [192]; Map 35 Australia: Time of Contact [190]; Map 35 Australia: Time of Contact [189],2540 2608 3184 3985 4273 5040 6094 6565
564,Baradha | Barnya | Bidyara | Bir | Cgabalbara | Gangulu | Garingbal | Gayir | Giya | Gudjal | Gugu Badhun | Gungabula | Gunya | Guwamu | Mandandanyi | Margany | Miyan | Nguri | Wadjabangayi | Wadjalang | Wadjigu | Wangan | Warrungu | Wir | Yagalingu | Yambina | Yangga | Yilba | Yiman | Yiningay! | Yuwibara,,,,mari1445,traditional,asher2007world,features,feature,map_035 map_035 map_035 map_035 map_035 map_035 map_035 map_035 map_035 map_035 map_035 map_035 map_035 map_035 map_035 map_035 map_035 map_035 map_035 map_035 map_035 map_035 map_035 map_035 map_035 map_035 map_035 map_035 map_035 map_035 map_035,Map 35 Australia: Time of Contact [318]; Map 35 Australia: Time of Contact [322]; Map 35 Australia: Time of Contact [329]; Map 35 Australia: Time of Contact [311]; Map 35 Australia: Time of Contact [323]; Map 35 Australia: Time of Contact [325]; Map 35 Australia: Time of Contact [328]; Map 35 Australia: Time of Contact [324]; Map 35 Australia: Time of Contact [313]; Map 35 Australia: Time of Contact [309]; Map 35 Australia: Time of Contact [307]; Map 35 Australia: Time of Contact [332]; Map 35 Australia: Time of Contact [335]; Map 35 Australia: Time of Contact [337]; Map 35 Australia: Time of Contact [336]; Map 35 Australia: Time of Contact [334]; Map 35 Australia: Time of Contact [312]; Map 35 Australia: Time of Contact [331]; Map 35 Australia: Time of Contact [327]; Map 35 Australia: Time of Contact [330]; Map 35 Australia: Time of Contact [326]; Map 35 Australia: Time of Contact [321]; Map 35 Australia: Time of Contact [308]; Map 35 Australia: Time of Contact [316]; Map 35 Australia: Time of Contact [320]; Map 35 Australia: Time of Contact [319]; Map 35 Australia: Time of Contact [315]; Map 35 Australia: Time of Contact [310]; Map 35 Australia: Time of Contact [333]; Map 35 Australia: Time of Contact [314]; Map 35 Australia: Time of Contact [317],582 600 737 770 1065 1749 1760 1778 1858 1915 1919 1938 1942 1962 3634 3721 3997 4473 6438 6439 6440 6503 6549 6670 6744 6774 6789 6866 6868 6874 6933
248,Antakarrinya | Balygu | Kartutjarra | Kiyatjarra | Kukata | Kukatia | Kuwarra | Manjiljarra | Mantjintja | Martu Wangka | Murunitja | Nakaku | Ngaanyatjarra | Ngaatatiarra | Ngaliya | Ngurlu | Nhanyatjarra | Nyanganyatjarra | Nyangatjarra | Nyiyabali | Pintini | Pitiantiatiara | Pitungu | Putitiarra | Tjalkatjarra | Wangkayi | Warnman | Wirrtjarakantia | Yankuntjatjara | Yiltawangka | Yulparija | Yumu,,,,pama1250,traditional,asher2007world,features,feature,map_035 map_035 map_035 map_035 map_035 map_035 map_035 map_035 map_035 map_035 map_035 map_035 map_035 map_035 map_035 map_035 map_035 map_035 map_035 map_035 map_035 map_035 map_035 map_035 map_035 map_035 map_035 map_035 map_035 map_035 map_035 map_035,Map 35 Australia: Time of Contact [180]; Map 35 Australia: Time of Contact [137]; Map 35 Australia: Time of Contact [167]; Map 35 Australia: Time of Contact [169]; Map 35 Australia: Time of Contact [181]; Map 35 Australia: Time of Contact [159]; Map 35 Australia: Time of Contact [175]; Map 35 Australia: Time of Contact [166]; Map 35 Australia: Time of Contact [177]; Map 35 Australia: Time of Contact [187]; Map 35 Australia: Time of Contact [184]; Map 35 Australia: Time of Contact [178]; Map 35 Australia: Time of Contact [173]; Map 35 Australia: Time of Contact [170]; Map 35 Australia: Time of Contact [182]; Map 35 Australia: Time of Contact [186]; Map 35 Australia: Time of Contact [171]; Map 35 Australia: Time of Contact [176]; Map 35 Australia: Time of Contact [163]; Map 35 Australia: Time of Contact [138]; Map 35 Australia: Time of Contact [183]; Map 35 Australia: Time of Contact [160]; Map 35 Australia: Time of Contact [172]; Map 35 Australia: Time of Contact [168]; Map 35 Australia: Time of Contact [174]; Map 35 Australia: Time of Contact [185]; Map 35 Australia: Time of Contact [165]; Map 35 Australia: Time of Contact [179]; Map 35 Australia: Time of Contact [161]; Map 35 Australia: Time of Contact [164]; Map 35 Australia: Time of Contact [162]; Map 35 Australia: Time of Contact [158],253 516 2617 2853 3047 3048 3141 3671 3678 3747 4176 4244 4386 4387 4398 4475 4490 4711 4712 4731 5034 5052 5055 5152 6093 6509 6545 6674 6793 6867 6916 6920
1,!'O-!Khung ((!'O-)!Xung),,,,vase1234,2007,asher2007world,features,feature,map_074 map_084,Map 74 Southern Africa [60]; Map 84 Angola [49],1 2
2,!Khong (!/Xõo),,,,xooo1239,2007,asher2007world,features,feature,map_074,Map 74 Southern Africa [56],3
3,!Khung ((!'O-)!Xung),,,,kung1261,2007,asher2007world,features,feature,map_074,Map 74 Southern Africa [59],4
5,'Abābda,,,,abab1239,2007,asher2007world,features,feature,map_071,Map 71 North-East Africa [13],6
6,'Ajmān,,,,najd1235,2007,asher2007world,features,feature,map_070,Map 70 The Middle East and Arabian Peninsula [38],7
7,'Amārāt,,,,najd1235,2007,asher2007world,features,feature,map_070,Map 70 The Middle East and Arabian Peninsula [32],8
8,'Are'are,,,,area1240,2007,asher2007world,features,feature,map_029,Map 29 Solomon Islands and Bougainville [50],9
9,'Asīr Subgroup,,,,hija1235,2007,asher2007world,features,feature,map_070,Map 70 The Middle East and Arabian Peninsula [70],10
10,'Awāzim,,,,najd1235,2007,asher2007world,features,feature,map_070,Map 70 The Middle East and Arabian Peninsula [36],11
11,'Dongo,,,,dong1290,2007,asher2007world,features,feature,map_079,Map 79 Democratic Republic of Congo: Orienta [51],12
12,'Dugwor,,,,dugw1239,2007,asher2007world,features,feature,map_094,Map 94 Northern Cameroon [37],13
13,'Tubu' Dialect,,,,,2007,asher2007world,features,feature,map_071 map_073,Map 71 North-East Africa [38]; Map 73 North-West Africa [28],14
14,'Umūr,,,,najd1235,2007,asher2007world,features,feature,map_070,Map 70 The Middle East and Arabian Peninsula [17],15
15,'Utayba,,,,najd1235,2007,asher2007world,features,feature,map_070,Map 70 The Middle East and Arabian Peninsula [41],16
16,(A)Mandara,,,,aman1261,2007,asher2007world,features,feature,map_095,Map 95 South-Eastern Nigeria and Mid-Western Cameroon [F],17
17,(Chi)Kunda,,,,kund1255,2007,asher2007world,features,feature,map_077,Map 77 Zambia [21],18
18,(Eb)Kuo,,,,okuu1243,2007,asher2007world,features,feature,map_095,Map 95 South-Eastern Nigeria and Mid-Western Cameroon [42d],19
19,(I)Zarek,,,,zari1242,2007,asher2007world,features,feature,map_096,"Map 96 South Plateau, Nigeria [31]",20
20,(Jur) Lwo,,,,luwo1239,2007,asher2007world,features,feature,map_079,Map 79 Democratic Republic of Congo: Orienta [75],21
21,(K)Ukele,,,,kuke1242,2007,asher2007world,features,feature,map_095,Map 95 South-Eastern Nigeria and Mid-Western Cameroon [78a],22
23,(Ma)Popoi,,,,popo1291,2007,asher2007world,features,feature,map_079,Map 79 Democratic Republic of Congo: Orienta [61e],24
24,(N)Abulu,,,,mang1394,2007,asher2007world,features,feature,map_079,Map 79 Democratic Republic of Congo: Orienta [61g],25
25,(N)Dengese,,,,deng1250,2007,asher2007world,features,feature,map_081,Map 81 Democratic Republic of Congo: Kasai [1a],26
26,(Samba) Leko,,,,samb1305,2007,asher2007world,features,feature,map_095 map_098,Map 95 South-Eastern Nigeria and Mid-Western Cameroon [96]; Map 98 North-Eastern Nigeria [55],27 28
27,//Ani,,,,anii1246,2007,asher2007world,features,feature,map_074,Map 74 Southern Africa [53],29
28,//Gana (G//Ana),,,,gana1274,2007,asher2007world,features,feature,map_074,Map 74 Southern Africa [51],30
29,//Gui (G/Ui),,,,gwii1239,2007,asher2007world,features,feature,map_074,Map 74 Southern Africa [50],31
30,//Kh'au-//'E (//X'au-//'E),,,,kxau1241,2007,asher2007world,features,feature,map_074,Map 74 Southern Africa [58],32
31,?Kaskan,,,,,traditional,asher2007world,features,feature,map_010,Map 10 Meso-America: Time of Contact [55],33
32,?Tekockin,,,,,traditional,asher2007world,features,feature,map_010,Map 10 Meso-America: Time of Contact [54],34
33,Aari,,,,aari1239,2007,asher2007world,features,feature,map_072,Map 72 Sudan and the Horn of Africa [106],35
34,Abaga,,,,amba1268,2007,asher2007world,features,feature,map_032,Map 32 Southern Papua New Guinea [145],36
35,Abaga,,,,abag1245,2007,asher2007world,features,feature,map_032 map_033,Map 32 Southern Papua New Guinea [78]; Map 33 Northern Papua New Guinea [144],37
36,Abai Sungai,,,,abai1240,2007,asher2007world,features,feature,map_041,Map 41 Borneo and Madagascar [110],38
37,Abaknon,,,,inab1237,2007,asher2007world,features,feature,map_040,Map 40 The Philippines [120],39
38,Abasakur,,,,pall1244,2007,asher2007world,features,feature,map_033,Map 33 Northern Papua New Guinea [67],40
39,Abau,,,,abau1245,2007,asher2007world,features,feature,map_033 map_034,Map 33 Northern Papua New Guinea [271]; Map 34 Irian Jaya [166],41
40,Abayongo,,,,abay1238,2007,asher2007world,features,feature,map_101,Map 101 South-Western Nigeria [29e],42
41,"Abelam (Abulas, Ambelas)",,,,ambu1247,2007,asher2007world,features,feature,map_033,Map 33 Northern Papua New Guinea [294],43
42,Abenlen Ayta,,,,aben1249,2007,asher2007world,features,feature,map_040,Map 40 The Philippines [42],44
43,Abey,,,,abee1242,2007,asher2007world,features,feature,map_105,Map 105 Ivory Coast [5],45
44,Abia,,,,anem1248,2007,asher2007world,features,feature,map_031,Map 31 South-Eastern Papua New Guinea [56],46
45,Abiji,,,,abid1235,2007,asher2007world,features,feature,map_105,Map 105 Ivory Coast [3],47
46,Abini,,,,abin1242,2007,asher2007world,features,feature,map_101,Map 101 South-Western Nigeria [29c],48
47,Abinsi,,,,wann1241,2007,asher2007world,features,feature,map_095 map_096,"Map 95 South-Eastern Nigeria and Mid-Western Cameroon [80]; Map 96 South Plateau, Nigeria [41]",49
48,Abipón,,,,abip1241,traditional,asher2007world,features,feature,map_022,Map 22 Southern South America: Time of Contact [264],50
49,Abitana-Kumaná,,,,kuyu1236,traditional,asher2007world,features,feature,map_016,Map 16 Western Brazil: Time of Contact [60],51
50,Abkhaz,,,,abkh1244,2007,asher2007world,features,feature,map_059,Map 59 The Caucasus [16],52
51,Aborlan-Tagbanwa,,,,tagb1258,2007,asher2007world,features,feature,map_040,Map 40 The Philippines [58],53
52,Abron,,,,abro1238,2007,asher2007world,features,feature,map_103 map_105,Map 103 Ghana [4]; Map 105 Ivory Coast [18],54
53,Absa,,,,basa1282,2007,asher2007world,features,feature,map_101 map_096,"Map 101 South-Western Nigeria [42]; Map 96 South Plateau, Nigeria [8]",55
54,Abu-Chesu (Arum-Tesu),,,,alum1246,2007,asher2007world,features,feature,map_096,"Map 96 South Plateau, Nigeria [45]",56
55,Abua,,,,abua1244,2007,asher2007world,features,feature,map_101,Map 101 South-Western Nigeria [8a],57
56,Abua,,,,mang1394,2007,asher2007world,features,feature,map_079,Map 79 Democratic Republic of Congo: Orienta [61f],58
57,Abui,,,,abui1241,2007,asher2007world,features,feature,map_038,Map 38 Lesser Sunda Islands and Timor [74],59
58,Abure,,,,abur1243,2007,asher2007world,features,feature,map_105,Map 105 Ivory Coast [10],60
60,Acaxee,,,,,traditional,asher2007world,features,feature,map_003,Map 3 South-Western North America: Time of Contact [88],62
61,Acehnese,,,,achi1257,2007,asher2007world,features,feature,map_043,Map 43 Sumatra [5],63
62,Achang,,,,acha1249,2007,asher2007world,features,feature,map_049,Map 49 Burma (Myanmar) [61],64
63,Achang (Ngochang) [Achang],,,,ngoc1235,2007,asher2007world,features,feature,map_046,"Map 46 Yunnan Province, China [39]",65
64,Achawa,,,,acha1250,traditional,asher2007world,features,feature,map_012,Map 12 Northern South America: Time of Contact [75],66
66,Achipa,,,,east2403,2007,asher2007world,features,feature,map_100 map_101,Map 100 Northern Nigeria and Niger [20a]; Map 101 South-Western Nigeria [47b],68
67,Achol,,,,acol1236,2007,asher2007world,features,feature,map_072,Map 72 Sudan and the Horn of Africa [170],69
68,Acholi,,,,acol1236,2007,asher2007world,features,feature,map_079 map_086,Map 79 Democratic Republic of Congo: Orienta [76]; Map 86 Central East Africa [62],70
69,Achumawi,,,,achu1247,traditional,asher2007world,features,feature,map_004,Map 4 California: Time of Contact [39],71
70,Acoma,,,,acom1246,traditional,asher2007world,features,feature,map_003,Map 3 South-Western North America: Time of Contact [35],72
72,Adai,,,,adai1235,traditional,asher2007world,features,feature,map_002,Map 2 South-Eastern North America: Time of Contact [19],74
73,Adangme,,,,adan1247,2007,asher2007world,features,feature,map_102 map_103,Map 102 Benin and Togo [13]; Map 103 Ghana [36],75
74,Adasen,,,,adas1235,2007,asher2007world,features,feature,map_040,Map 40 The Philippines [10],76
75,Adele (Sedere),,,,adel1244,2007,asher2007world,features,feature,map_103,Map 103 Ghana [22],77
76,Adhola,,,,adho1243,2007,asher2007world,features,feature,map_086,Map 86 Central East Africa [65],78
77,Adi,,,,galo1242,2007,asher2007world,features,feature,map_045 map_051,"Map 45 China and Mongolia [103]; Map 51 North-East India, Bangladesh, Bhutan and Nepal [97]",79
78,Adie,,,,adie1238,2007,asher2007world,features,feature,map_092,Map 92 South-Western Cameroon [37a],80
79,Adim,,,,adim1238,2007,asher2007world,features,feature,map_101,Map 101 South-Western Nigeria [29d],81
80,Adja (Aja),,,,ajab1235,2007,asher2007world,features,feature,map_102,Map 102 Benin and Togo [2b],82
81,Adjora (Adjoria),,,,abuu1241,2007,asher2007world,features,feature,map_033,Map 33 Northern Papua New Guinea [323],83
83,Adyghe (West Circassian),,,,adyg1241,2007,asher2007world,features,feature,map_059,Map 59 The Caucasus [18],85
84,Adzera,,,,adze1240,2007,asher2007world,features,feature,map_032 map_033,Map 32 Southern Papua New Guinea [205]; Map 33 Northern Papua New Guinea [394],86
85,Aera,,,,aeka1244,2007,asher2007world,features,feature,map_032,Map 32 Southern Papua New Guinea [146],87
86,Af-Boon,,,,boon1242,2007,asher2007world,features,feature,map_072,Map 72 Sudan and the Horn of Africa [55f],88
87,Afa'da [Afa'de],,,,afad1236,2007,asher2007world,features,feature,map_099,Map 99 Lake Chad Region [5],89
88,Afar,,,,afar1241,2007,asher2007world,features,feature,map_072,Map 72 Sudan and the Horn of Africa [51],90
89,Afrikaans,,,,afri1274,2007,asher2007world,features,feature,map_074,Map 74 Southern Africa [62],91
91,Agala,,,,femb1238,2007,asher2007world,features,feature,map_032 map_033,Map 32 Southern Papua New Guinea [82]; Map 33 Northern Papua New Guinea [184],93
92,Agbo,,,,,2007,asher2007world,features,feature,map_101,Map 101 South-Western Nigeria [82a],94
93,Aghem,,,,aghe1239,2007,asher2007world,features,feature,map_095,Map 95 South-Eastern Nigeria and Mid-Western Cameroon [41],95
94,Aghu,,,,aghu1255,2007,asher2007world,features,feature,map_034,Map 34 Irian Jaya [13],96
95,Agi,,,,agii1245,2007,asher2007world,features,feature,map_033,Map 33 Northern Papua New Guinea [238],97
96,Agul,,,,aghu1253,2007,asher2007world,features,feature,map_059,Map 59 The Caucasus [40],98
97,Agusan Manobo,,,,agus1235,2007,asher2007world,features,feature,map_040,Map 40 The Philippines [103],99
98,Agutaynon,,,,agut1237,2007,asher2007world,features,feature,map_040,Map 40 The Philippines [56],100
99,Agwagune,,,,agwa1247,2007,asher2007world,features,feature,map_101 map_093,Map 101 South-Western Nigeria [29a]; Map 93 Central South-Western Cameroon [16],101
101,Agöb (Dabu),,,,agob1245,2007,asher2007world,features,feature,map_032,Map 32 Southern Papua New Guinea [190],103
102,Ahanta,,,,ahan1243,2007,asher2007world,features,feature,map_103,Map 103 Ghana [8],104
103,Aheu,,,,aheu1239,2007,asher2007world,features,feature,map_047,"Map 47 Northern Thailand, Laos and Vietnam [78]",105
104,Ahlo(Ng),,,,angl1262,2007,asher2007world,features,feature,map_102 map_103,Map 102 Benin and Togo [3]; Map 103 Ghana [29a],106
105,Ahtna,,,,ahte1237,traditional,asher2007world,features,feature,map_007,Map 7 Northern North America: Time of Contact [22],107
107,Aibondeni,,,,aibo1237,2007,asher2007world,features,feature,map_034,Map 34 Irian Jaya [199],109
108,Aikaná,,,,aika1237,traditional,asher2007world,features,feature,map_016,Map 16 Western Brazil: Time of Contact [328],110
110,Aiku,,,,yang1294,2007,asher2007world,features,feature,map_033,Map 33 Northern Papua New Guinea [242],112
111,Aikwakai,,,,sika1263,2007,asher2007world,features,feature,map_034,Map 34 Irian Jaya [138],113
112,Aimaq-Firozkohi,,,,firo1239,2007,asher2007world,features,feature,map_053,"Map 53 Iran, Afghanistan and Pakistan [8c]",114
113,Aimaq-Jamshidi,,,,jams1238,2007,asher2007world,features,feature,map_053,"Map 53 Iran, Afghanistan and Pakistan [8b]",115
114,Aimaq-Taimani,,,,taim1249,2007,asher2007world,features,feature,map_053,"Map 53 Iran, Afghanistan and Pakistan [8d]",116
115,Aimaq-Taimuri,,,,taim1248,2007,asher2007world,features,feature,map_053,"Map 53 Iran, Afghanistan and Pakistan [8a]",117
116,Aimara,,,,nucl1667,traditional,asher2007world,features,feature,map_020,Map 20 Central Pacific Coast: Time of Contact [209],118
118,Ainu,,,,ainu1252,2007,asher2007world,features,feature,map_050,"Map 50 Japan, Korea and Taiwan [25]",120
119,Aiome,,,,aiom1240,2007,asher2007world,features,feature,map_033,Map 33 Northern Papua New Guinea [331],121
120,Aion,,,,amba1269,2007,asher2007world,features,feature,map_033,Map 33 Northern Papua New Guinea [325],122
121,Airo-Sumaghaghe,,,,awyu1264,2007,asher2007world,features,feature,map_034,Map 34 Irian Jaya [15],123
122,Airoran,,,,airo1242,2007,asher2007world,features,feature,map_034,Map 34 Irian Jaya [156],124
123,Aizi,,,,aizi1248,2007,asher2007world,features,feature,map_105,Map 105 Ivory Coast [21],125
124,Aja,,,,ajas1235,2007,asher2007world,features,feature,map_072 map_079 map_089,Map 72 Sudan and the Horn of Africa [181]; Map 79 Democratic Republic of Congo: Orienta [59]; Map 89 Central African Republic and South-Eastern Chad [79],126
125,Ajië,,,,ajie1238,2007,asher2007world,features,feature,map_027,Map 27 Vanuatu and New Caledonia [124],127
126,Ajukru,,,,adio1239,2007,asher2007world,features,feature,map_105,Map 105 Ivory Coast [4],128
127,Ajuraan,,,,,2007,asher2007world,features,feature,map_072,Map 72 Sudan and the Horn of Africa [53l],129
128,Ak,,,,akkk1240,2007,asher2007world,features,feature,map_033,Map 33 Northern Papua New Guinea [285],130
129,Aka,,,,,2007,asher2007world,features,feature,map_082 map_087,Map 82 Democratic Republic of Congo: Equate [22]; Map 87 Northern Congo and Southern Central African Republic [41],131
130,Ake,,,,akee1238,2007,asher2007world,features,feature,map_096,"Map 96 South Plateau, Nigeria [26]",132
131,Akei,,,,akei1237,2007,asher2007world,features,feature,map_027,Map 27 Vanuatu and New Caledonia [37],133
132,Akha,,,,akha1245,2007,asher2007world,features,feature,map_047 map_048 map_049,"Map 47 Northern Thailand, Laos and Vietnam [90]; Map 48 Southern Thailand, Laos and Vietnam, and Cambodia [80]; Map 49 Burma (Myanmar) [67]",134 135 136
133,Akha [Hanil,,,,akha1245,2007,asher2007world,features,feature,map_046,"Map 46 Yunnan Province, China [90]",137
134,Akhvakh,,,,akhv1240,2007,asher2007world,features,feature,map_059,Map 59 The Caucasus [28],138
135,Aklanon,,,,akla1240,2007,asher2007world,features,feature,map_040,Map 40 The Philippines [68],139
136,Akoko,,,,arig1246,2007,asher2007world,features,feature,map_101,Map 101 South-Western Nigeria [87],140
137,Akoose,,,,akoo1248,2007,asher2007world,features,feature,map_092 map_093,Map 92 South-Western Cameroon [28]; Map 93 Central South-Western Cameroon [84],141
138,Akpafu-Lolobi (Siwu),,,,siwu1238,2007,asher2007world,features,feature,map_102 map_103,Map 102 Benin and Togo [10]; Map 103 Ghana [25],142
139,Akpes,,,,akpe1248,2007,asher2007world,features,feature,map_101,Map 101 South-Western Nigeria [61],143
140,Akposo,,,,ikpo1238,2007,asher2007world,features,feature,map_102 map_103,Map 102 Benin and Togo [4]; Map 103 Ghana [29],144
141,Akroá,,,,acro1239,traditional,asher2007world,features,feature,map_018,Map 18 Brazilian Atlantic Coast: Time of Contact [291],145
142,Akrukay,,,,akru1241,2007,asher2007world,features,feature,map_033,Map 33 Northern Papua New Guinea [348],146
143,Aksaná,,,,aksa1237,traditional,asher2007world,features,feature,map_022,Map 22 Southern South America: Time of Contact [248a],147
144,Akuawa,,,,para1312,traditional,asher2007world,features,feature,map_018,Map 18 Brazilian Atlantic Coast: Time of Contact [346],148
146,Akuriyo,,,,akur1238,traditional,asher2007world,features,feature,map_012,Map 12 Northern South America: Time of Contact [385],150
147,Akutu,,,,kutu1264,2007,asher2007world,features,feature,map_079 map_080 map_081,Map 79 Democratic Republic of Congo: Orienta [41d]; Map 80 Democratic Republic of Congo: Kivu [4h]; Map 81 Democratic Republic of Congo: Kasai [1v],151
148,Akwa,,,,akwa1248,2007,asher2007world,features,feature,map_081 map_083 map_087,Map 81 Democratic Republic of Congo: Kasai [18]; Map 83 Democratic Republic of Congo: Bas Congo and Southern Congo [38]; Map 87 Northern Congo and Southern Central African Republic [42],152
149,Akwapem,,,,akua1239,2007,asher2007world,features,feature,map_102 map_103,Map 102 Benin and Togo [29]; Map 103 Ghana [3],153
150,Al-Bir'āt Subgroup,,,,egyp1253,2007,asher2007world,features,feature,map_071,Map 71 North-East Africa [7],154
151,Al-Hasā,,,,baha1259,2007,asher2007world,features,feature,map_070,Map 70 The Middle East and Arabian Peninsula [59],155
152,Alaba,,,,alab1254,2007,asher2007world,features,feature,map_072,Map 72 Sudan and the Horn of Africa [65],156
153,Alabama,,,,alab1237,traditional,asher2007world,features,feature,map_002,Map 2 South-Eastern North America: Time of Contact [45],157
154,Alabama-Koasati Transitional Dialect,,,,alab1247,traditional,asher2007world,features,feature,map_002,Map 2 South-Eastern North America: Time of Contact [46],158
155,Aladian,,,,alla1248,2007,asher2007world,features,feature,map_105,Map 105 Ivory Coast [1],159
156,Alago,,,,alag1242,2007,asher2007world,features,feature,map_095 map_096,"Map 95 South-Eastern Nigeria and Mid-Western Cameroon [93]; Map 96 South Plateau, Nigeria [55c]",160 161
157,Alagwa,,,,alag1248,2007,asher2007world,features,feature,map_076 map_086,Map 76 Southern Tanzania [69]; Map 86 Central East Africa [91],162
158,Alak,,,,alak1253,2007,asher2007world,features,feature,map_047 map_048,"Map 47 Northern Thailand, Laos and Vietnam [62]; Map 48 Southern Thailand, Laos and Vietnam, and Cambodia [63]",163
159,Alamblak,,,,alam1246,2007,asher2007world,features,feature,map_033,Map 33 Northern Papua New Guinea [312],164
160,Alangan,,,,alan1249,2007,asher2007world,features,feature,map_040,Map 40 The Philippines [50],165
161,Alas-Kluet,,,,bata1292,2007,asher2007world,features,feature,map_043,Map 43 Sumatra [7],166
163,Albanian,,,,alba1267,2007,asher2007world,features,feature,map_061 map_066 map_067,"Map 61 Hungary, Romania and the Balkans [9]; Map 66 Albania, Greece, Crete and Cyprus [1]; Map 67 Italy, Corsica, Sardinia, Sicily and Malta [15]",168
164,Albay Bikol,,,,alba1269,2007,asher2007world,features,feature,map_040,Map 40 The Philippines [63],169
165,Alege,,,,aleg1238,2007,asher2007world,features,feature,map_095,Map 95 South-Eastern Nigeria and Mid-Western Cameroon [73a],170
166,Aleut,,,,aleu1260,2007,asher2007world,features,feature,map_055,Map 55 Eastern Siberia [26],171
167,Aleut,,,,aleu1260,traditional,asher2007world,features,feature,map_007,Map 7 Northern North America: Time of Contact [11],172
169,Alfendio (Arafundi),,,,nanu1240,2007,asher2007world,features,feature,map_033,Map 33 Northern Papua New Guinea [327],174
170,Algiers,,,,algi1247,2007,asher2007world,features,feature,map_073,Map 73 North-West Africa [12],175
171,Ali,,,,alii1241,2007,asher2007world,features,feature,map_033,Map 33 Northern Papua New Guinea [405],176
172,Ali,,,,alii1240,2007,asher2007world,features,feature,map_087 map_089,Map 87 Northern Congo and Southern Central African Republic [81]; Map 89 Central African Republic and South-Eastern Chad [37b],177
174,Alsea,,,,alse1251,traditional,asher2007world,features,feature,map_004,Map 4 California: Time of Contact [17],179
175,Altai (Oirot),,,,nort2686,2007,asher2007world,features,feature,map_056,Map 56 Western Siberia [10],180
176,Alu,,,,diaa1238,2007,asher2007world,features,feature,map_033,Map 33 Northern Papua New Guinea [231],181
177,Alune,,,,alun1238,2007,asher2007world,features,feature,map_037,Map 37 The Moluccas [16],182
178,Aluo [Yi],,,,aluo1235,2007,asher2007world,features,feature,map_046,"Map 46 Yunnan Province, China [59]",183
179,Alur,,,,alur1250,2007,asher2007world,features,feature,map_079,Map 79 Democratic Republic of Congo: Orienta [74],184
181,Alyentiyak,,,,alle1238,traditional,asher2007world,features,feature,map_022,Map 22 Southern South America: Time of Contact [250a],186
182,Ama (Waniabu),,,,amap1240,2007,asher2007world,features,feature,map_033,Map 33 Northern Papua New Guinea [217],187
183,Amadi,,,,made1252,2007,asher2007world,features,feature,map_079,Map 79 Democratic Republic of Congo: Orienta [50],188
184,Amahai,,,,amah1245,2007,asher2007world,features,feature,map_037,Map 37 The Moluccas [13],189
185,Amaimon,,,,amai1246,2007,asher2007world,features,feature,map_033,Map 33 Northern Papua New Guinea [69],190
186,Amal,,,,amal1242,2007,asher2007world,features,feature,map_033,Map 33 Northern Papua New Guinea [273],191
187,Amanayé,,,,aman1266,traditional,asher2007world,features,feature,map_018,Map 18 Brazilian Atlantic Coast: Time of Contact [349],192
189,Amarizana,,,,acha1250,traditional,asher2007world,features,feature,map_012,Map 12 Northern South America: Time of Contact [77],194
191,Amawaka,,,,amah1246,traditional,asher2007world,features,feature,map_014,Map 14 Northern Pacific Coast: Time of Contact [224a],196
193,Amba,,,,amba1263,2007,asher2007world,features,feature,map_079,Map 79 Democratic Republic of Congo: Orienta [9],198
194,Ambai,,,,amba1265,2007,asher2007world,features,feature,map_034,Map 34 Irian Jaya [206],199
195,Ambala Ayta,,,,amba1267,2007,asher2007world,features,feature,map_040,Map 40 The Philippines [46],200
196,Ambam,,,,fang1246,2007,asher2007world,features,feature,map_088 map_092,Map 88 Gabon and Equatorial Guinea [43c]; Map 92 South-Western Cameroon [40d],201
197,Ambelau,,,,ambe1248,2007,asher2007world,features,feature,map_037,Map 37 The Moluccas [36],202
198,Ambele,,,,ambe1247,2007,asher2007world,features,feature,map_093 map_095,Map 93 Central South-Western Cameroon [31]; Map 95 South-Eastern Nigeria and Mid-Western Cameroon [40g],203
199,Amberbaken,,,,mpur1239,2007,asher2007world,features,feature,map_034,Map 34 Irian Jaya [115],204
200,Amblong,,,,ambl1237,2007,asher2007world,features,feature,map_027,Map 27 Vanuatu and New Caledonia [36],205
201,Ambo,,,,ambo1248,2007,asher2007world,features,feature,map_075 map_077,Map 75 Mozambique [34]; Map 77 Zambia [36],206
202,Ameli,,,,amel1241,2007,asher2007world,features,feature,map_033,Map 33 Northern Papua New Guinea [82],207
204,Amerakaéri,,,,amar1274,traditional,asher2007world,features,feature,map_020,Map 20 Central Pacific Coast: Time of Contact [54b],209
205,Amgbe,,,,,2007,asher2007world,features,feature,map_101,Map 101 South-Western Nigeria [86],210
206,Amharic,,,,amha1245,2007,asher2007world,features,feature,map_072,Map 72 Sudan and the Horn of Africa [28],211
207,Amis,,,,amis1246,2007,asher2007world,features,feature,map_050,"Map 50 Japan, Korea and Taiwan [8]",212
208,Amniapé,,,,saki1248,traditional,asher2007world,features,feature,map_016,Map 16 Western Brazil: Time of Contact [370],213
210,Amo,,,,amoo1242,2007,asher2007world,features,feature,map_097,"Map 97 North Plateau, Nigeria [24]",215
211,Amoesha,,,,yane1238,traditional,asher2007world,features,feature,map_014,Map 14 Northern Pacific Coast: Time of Contact [108],216
213,Amonap,,,,nucl1656,traditional,asher2007world,features,feature,map_018,Map 18 Brazilian Atlantic Coast: Time of Contact [413],218
215,Ampari,,,,ampa1238,2007,asher2007world,features,feature,map_104,Map 104 Burkina Faso [4b],220
216,Amto (Ki),,,,amto1250,2007,asher2007world,features,feature,map_033,Map 33 Northern Papua New Guinea [369],221
218,Amusgo,,,,amuz1254,traditional,asher2007world,features,feature,map_010,Map 10 Meso-America: Time of Contact [48],223
220,"Amusgo, Amuzgo",,,,amuz1254,traditional,asher2007world,features,feature,map_010,Map 10 Meso-America: Time of Contact [49a],225
221,Ana,,,,anan1238,2007,asher2007world,features,feature,map_102,Map 102 Benin and Togo [32a],226
222,Anakalanga,,,,anak1240,2007,asher2007world,features,feature,map_038,Map 38 Lesser Sunda Islands and Timor [9],227
223,Anal,,,,anal1239,2007,asher2007world,features,feature,map_051,"Map 51 North-East India, Bangladesh, Bhutan and Nepal [140]",228
224,Anang,,,,anaa1238,2007,asher2007world,features,feature,map_101,Map 101 South-Western Nigeria [19],229
225,Andakí,,,,anda1286,traditional,asher2007world,features,feature,map_012,Map 12 Northern South America: Time of Contact [14],230
226,Andarum,,,,anda1284,2007,asher2007world,features,feature,map_033,Map 33 Northern Papua New Guinea [340],231
227,Andi,,,,andi1255,2007,asher2007world,features,feature,map_059,Map 59 The Caucasus [24],232
228,Andio,,,,andi1257,2007,asher2007world,features,feature,map_039,Map 39 Sulawesi [41],233
230,Andokero,,,,ando1254,traditional,asher2007world,features,feature,map_012,Map 12 Northern South America: Time of Contact [184],235
231,Aneityum,,,,anei1239,2007,asher2007world,features,feature,map_027,Map 27 Vanuatu and New Caledonia [108],236
232,Anem,,,,anem1249,2007,asher2007world,features,feature,map_030,Map 30 New Britain and New Ireland [85],237
233,Angaataha,,,,anga1290,2007,asher2007world,features,feature,map_032,"Map 32 Southern Papua New Guinea [108, G]",238
234,Angal (Mendi),,,,anga1293,2007,asher2007world,features,feature,map_032 map_033,Map 32 Southern Papua New Guinea [24]; Map 33 Northern Papua New Guinea [167],239
235,Angas,,,,ngas1240,2007,asher2007world,features,feature,map_096 map_097 map_098,"Map 96 South Plateau, Nigeria [63]; Map 97 North Plateau, Nigeria [73a]; Map 98 North-Eastern Nigeria [84]",240
236,Angaua,,,,nend1239,2007,asher2007world,features,feature,map_033,Map 33 Northern Papua New Guinea [8],241
237,Angba,,,,ngel1238,2007,asher2007world,features,feature,map_079,Map 79 Democratic Republic of Congo: Orienta [29],242
238,"Anggor (Senagi, Watapor)",,,,ango1254,2007,asher2007world,features,feature,map_033,Map 33 Northern Papua New Guinea [220],243
239,Angika,,,,angi1238,2007,asher2007world,features,feature,map_051,"Map 51 North-East India, Bangladesh, Bhutan and Nepal [170]",244
241,Angkola-Mandailing,,,,angk1248,2007,asher2007world,features,feature,map_043,Map 43 Sumatra [10],246
242,"Angoram (Olem, Pondo)",,,,ango1255,2007,asher2007world,features,feature,map_033,Map 33 Northern Papua New Guinea [354],247
243,Animere,,,,anim1239,2007,asher2007world,features,feature,map_103,Map 103 Ghana [33],248
244,Ankave,,,,anka1246,2007,asher2007world,features,feature,map_032,Map 32 Southern Papua New Guinea [117],249
246,Anor,,,,anor1241,2007,asher2007world,features,feature,map_033,Map 33 Northern Papua New Guinea [330],251
247,Ansus,,,,ansu1237,2007,asher2007world,features,feature,map_034,Map 34 Irian Jaya [196],252
250,Antoniano,,,,anto1235,traditional,asher2007world,features,feature,map_004,Map 4 California: Time of Contact [81],255
251,Anuki,,,,anuk1239,2007,asher2007world,features,feature,map_031,"Map 31 South-Eastern Papua New Guinea [19, A]",256
252,Anung [Nu],,,,nung1282,2007,asher2007world,features,feature,map_046,"Map 46 Yunnan Province, China [35]",257
253,Anyama,,,,anya1245,2007,asher2007world,features,feature,map_101,Map 101 South-Western Nigeria [10c],258
254,Anyi,,,,anyi1245,2007,asher2007world,features,feature,map_103 map_105,Map 103 Ghana [5]; Map 105 Ivory Coast [14],259
255,Anywa,,,,anua1242,2007,asher2007world,features,feature,map_072,Map 72 Sudan and the Horn of Africa [154],260
256,Ao,,,,aona1235,2007,asher2007world,features,feature,map_051,"Map 51 North-East India, Bangladesh, Bhutan and Nepal [125]",261
257,Aoheng,,,,aohe1238,2007,asher2007world,features,feature,map_041,Map 41 Borneo and Madagascar [58],262
258,Aore,,,,aore1237,2007,asher2007world,features,feature,map_027,Map 27 Vanuatu and New Caledonia [29],263
259,Aowin,,,,aowi1238,2007,asher2007world,features,feature,map_103 map_105,Map 103 Ghana [6b]; Map 105 Ivory Coast [15],264
260,Apa Tani,,,,apat1240,2007,asher2007world,features,feature,map_051,"Map 51 North-East India, Bangladesh, Bhutan and Nepal [95]",265
261,Apakibeti,,,,pagi1243,2007,asher2007world,features,feature,map_079 map_082,Map 79 Democratic Republic of Congo: Orienta [32]; Map 82 Democratic Republic of Congo: Equate [35b],266
262,Apalachee,,,,apal1237,traditional,asher2007world,features,feature,map_002,Map 2 South-Eastern North America: Time of Contact [50],267
263,Apalaí,,,,apal1257,traditional,asher2007world,features,feature,map_012,Map 12 Northern South America: Time of Contact [408],268
265,Apiaká,,,,apia1248,traditional,asher2007world,features,feature,map_018,Map 18 Brazilian Atlantic Coast: Time of Contact [357],270
267,Apinayé,,,,apin1244,traditional,asher2007world,features,feature,map_018,Map 18 Brazilian Atlantic Coast: Time of Contact [287],272
269,Apma,,,,apma1240,2007,asher2007world,features,feature,map_027,Map 27 Vanuatu and New Caledonia [51],274
270,Apuriná,,,,apur1254,traditional,asher2007world,features,feature,map_016,Map 16 Western Brazil: Time of Contact [122],275
273,Arabela-Andoa,,,,arab1396,traditional,asher2007world,features,feature,map_014,Map 14 Northern Pacific Coast: Time of Contact [174],278
275,Arabic,,,,arab1395,2007,asher2007world,features,feature,map_053 map_060 map_059,"Map 53 Iran, Afghanistan and Pakistan [67]; Map 60 Turkey [6]; Map 59 The Caucasus [53]",280 281 282
276,Arakajú,,,,arac1235,traditional,asher2007world,features,feature,map_012,Map 12 Northern South America: Time of Contact [407],283
277,Arakanese,,,,rakh1245,2007,asher2007world,features,feature,map_049 map_051,"Map 49 Burma (Myanmar) [55]; Map 51 North-East India, Bangladesh, Bhutan and Nepal [154]",284
278,Aramaic,,,,clas1252,2007,asher2007world,features,feature,map_053 map_059 map_060,"Map 53 Iran, Afghanistan and Pakistan [66]; Map 59 The Caucasus [54]; Map 60 Turkey [7]",285 286
279,Aramo (Aramaue),,,,pina1252,2007,asher2007world,features,feature,map_033,Map 33 Northern Papua New Guinea [365],287
280,Aranama,,,,aran1265,traditional,asher2007world,features,feature,map_002,Map 2 South-Eastern North America: Time of Contact [22],288
281,Arandai,,,,domb1240,2007,asher2007world,features,feature,map_034,Map 34 Irian Jaya [68],289
282,Araona,,,,arao1248,traditional,asher2007world,features,feature,map_016,Map 16 Western Brazil: Time of Contact [240],290
284,Arapaho,,,,arap1274,traditional,asher2007world,features,feature,map_005,Map 5 The Great Plains: Time of Contact [10],292
286,Arara-Parirí,,,,para1310,traditional,asher2007world,features,feature,map_018,Map 18 Brazilian Atlantic Coast: Time of Contact [414],294
287,Arara-Urukú,,,,karo1305,traditional,asher2007world,features,feature,map_016,Map 16 Western Brazil: Time of Contact [375],295
289,Arawe,,,,solo1258,2007,asher2007world,features,feature,map_030,Map 30 New Britain and New Ireland [42],297
291,Arawum,,,,araw1272,2007,asher2007world,features,feature,map_033,Map 33 Northern Papua New Guinea [27],299
292,Arawá,,,,arua1263,traditional,asher2007world,features,feature,map_016,Map 16 Western Brazil: Time of Contact [127],300
293,Arawák,,,,araw1276,traditional,asher2007world,features,feature,map_012,Map 12 Northern South America: Time of Contact [105],301
295,Arbore,,,,arbo1245,2007,asher2007world,features,feature,map_072 map_086,Map 72 Sudan and the Horn of Africa [60]; Map 86 Central East Africa [98],303
296,Arch,,,,arch1244,2007,asher2007world,features,feature,map_059,Map 59 The Caucasus [47],304
297,Are(Mukawa),,,,aree1239,2007,asher2007world,features,feature,map_031,Map 31 South-Eastern Papua New Guinea [16],305
299,Arem,,,,arem1240,2007,asher2007world,features,feature,map_047,"Map 47 Northern Thailand, Laos and Vietnam [76]",307
301,Arhâ,,,,arha1237,2007,asher2007world,features,feature,map_027,Map 27 Vanuatu and New Caledonia [123],309
302,Arhö,,,,arho1237,2007,asher2007world,features,feature,map_027,Map 27 Vanuatu and New Caledonia [122],310
303,Arifama,,,,arif1240,2007,asher2007world,features,feature,map_031,Map 31 South-Eastern Papua New Guinea [13],311
304,Arigibi,,,,arig1248,2007,asher2007world,features,feature,map_032,Map 32 Southern Papua New Guinea [162],312
305,Arikapú,,,,arik1265,traditional,asher2007world,features,feature,map_016,Map 16 Western Brazil: Time of Contact [325],313
307,Arikara,,,,arik1262,traditional,asher2007world,features,feature,map_005,Map 5 The Great Plains: Time of Contact [32],315
310,Ariwaruna,,,,ariw1234,2007,asher2007world,features,feature,map_032,Map 32 Southern Papua New Guinea [107],318
311,Arkhangain,,,,mong1331,2007,asher2007world,features,feature,map_045,Map 45 China and Mongolia [NA],319
312,"Arleng (Karbi, Mikir)",,,,karb1241,2007,asher2007world,features,feature,map_051,"Map 51 North-East India, Bangladesh, Bhutan and Nepal [151]",320
313,Armenian,,,,east2768,2007,asher2007world,features,feature,map_053 map_059,"Map 53 Iran, Afghanistan and Pakistan [1]; Map 59 The Caucasus [7]",321
314,Armenian,,,,homs1234,2007,asher2007world,features,feature,map_059,Map 59 The Caucasus [7],322
315,Aros,,,,aros1241,2007,asher2007world,features,feature,map_029,Map 29 Solomon Islands and Bougainville [54],323
316,Arsi,,,,arsi1238,2007,asher2007world,features,feature,map_072,Map 72 Sudan and the Horn of Africa [53f],324
317,Arta,,,,arta1239,2007,asher2007world,features,feature,map_040,Map 40 The Philippines [21],325
318,Aru,,,,amol1235,2007,asher2007world,features,feature,map_033,Map 33 Northern Papua New Guinea [243],326
319,Aruek (Djang),,,,arue1240,2007,asher2007world,features,feature,map_033,Map 33 Northern Papua New Guinea [252],327
320,Aruop,,,,aruo1240,2007,asher2007world,features,feature,map_033,Map 33 Northern Papua New Guinea [240],328
321,Arusha,,,,arus1243,2007,asher2007world,features,feature,map_086,Map 86 Central East Africa [4],329
323,Aruá,,,,,traditional,asher2007world,features,feature,map_018,Map 18 Brazilian Atlantic Coast: Time of Contact [379],331
324,Aruán,,,,arua1264,traditional,asher2007world,features,feature,map_012,Map 12 Northern South America: Time of Contact [100],332
325,Asala,,,,chad1249,2007,asher2007world,features,feature,map_090 map_099,"Map 90 Central African Republic, South-Western Chad and Cameroon [73c]; Map 99 Lake Chad Region [17]",333
326,Asante,,,,asan1239,2007,asher2007world,features,feature,map_102 map_103 map_105,Map 102 Benin and Togo [28]; Map 103 Ghana [1]; Map 105 Ivory Coast [19],334 335
327,Asas (Kow),,,,asas1240,2007,asher2007world,features,feature,map_033,Map 33 Northern Papua New Guinea [37],336
328,Asat,,,,asat1235,2007,asher2007world,features,feature,map_033,Map 33 Northern Papua New Guinea [131],337
329,Ashkun,,,,ashk1246,2007,asher2007world,features,feature,map_053,"Map 53 Iran, Afghanistan and Pakistan [65]",338
330,Ashraaf,,,,afas1238,2007,asher2007world,features,feature,map_072,Map 72 Sudan and the Horn of Africa [55e],339
331,Ashtiani,,,,asht1244,2007,asher2007world,features,feature,map_053,"Map 53 Iran, Afghanistan and Pakistan [19]",340
334,Asienara,,,,kamb1302,2007,asher2007world,features,feature,map_034,Map 34 Irian Jaya [32],343
335,Asilulu,,,,asil1242,2007,asher2007world,features,feature,map_037,Map 37 The Moluccas [5],344
336,Asom,,,,azom1238,2007,asher2007world,features,feature,map_087 map_091,Map 87 Northern Congo and Southern Central African Republic [48b]; Map 91 Adamawa Region [55],345
337,Assamese,,,,assa1263,2007,asher2007world,features,feature,map_051,"Map 51 North-East India, Bangladesh, Bhutan and Nepal [176]",346
338,Assiniboine,,,,assi1247,traditional,asher2007world,features,feature,map_007,Map 7 Northern North America: Time of Contact [61],347
340,Asua,,,,asoa1238,2007,asher2007world,features,feature,map_079,Map 79 Democratic Republic of Congo: Orienta [61],349
341,Asuri,,,,asur1254,2007,asher2007world,features,feature,map_051,"Map 51 North-East India, Bangladesh, Bhutan and Nepal [202]",350
343,Asyūt Subgroup,,,,asyu1234,2007,asher2007world,features,feature,map_071,Map 71 North-East Africa [5],352
344,Ata,,,,ataa1241,2007,asher2007world,features,feature,map_030,Map 30 New Britain and New Ireland [84],353
345,Ata Manobo,,,,atam1240,2007,asher2007world,features,feature,map_040,Map 40 The Philippines [102],354
346,Atakat,,,,atak1251,2007,asher2007world,features,feature,map_096 map_097,"Map 96 South Plateau, Nigeria [34d]; Map 97 North Plateau, Nigeria [22]",355
347,Atamanu,,,,yala1266,2007,asher2007world,features,feature,map_037,Map 37 The Moluccas [19],356
349,Atanke,,,,kank1244,traditional,asher2007world,features,feature,map_012,Map 12 Northern South America: Time of Contact [34],358
350,Atayal,,,,atay1247,2007,asher2007world,features,feature,map_050,"Map 50 Japan, Korea and Taiwan [5]",359
351,Atemple,,,,atem1241,2007,asher2007world,features,feature,map_033,Map 33 Northern Papua New Guinea [9],360
352,Aten,,,,eten1239,2007,asher2007world,features,feature,map_096 map_097,"Map 96 South Plateau, Nigeria [36b]; Map 97 North Plateau, Nigeria [14]",361
353,Athpare Limbu,,,,athp1241,2007,asher2007world,features,feature,map_051,"Map 51 North-East India, Bangladesh, Bhutan and Nepal [87]",362
354,Atie,,,,atti1239,2007,asher2007world,features,feature,map_105,Map 105 Ivory Coast [6],363
355,Atinggola,,,,atin1241,2007,asher2007world,features,feature,map_039,Map 39 Sulawesi [15],364
356,Atong,,,,aton1241,2007,asher2007world,features,feature,map_051,"Map 51 North-East India, Bangladesh, Bhutan and Nepal [108]",365
357,Atong,,,,aton1242,2007,asher2007world,features,feature,map_093 map_095,Map 93 Central South-Western Cameroon [33]; Map 95 South-Eastern Nigeria and Mid-Western Cameroon [40a],366
358,Ats,,,,fang1246,2007,asher2007world,features,feature,map_088,Map 88 Gabon and Equatorial Guinea [43f],367
359,Atsawaja-Yamiaka,,,,atsa1242,traditional,asher2007world,features,feature,map_014,Map 14 Northern Pacific Coast: Time of Contact [228],368
360,Atsi,,,,zaiw1241,2007,asher2007world,features,feature,map_049,Map 49 Burma (Myanmar) [63],369
361,Atsi (Zaiwa) [Jingpo],,,,zaiw1241,2007,asher2007world,features,feature,map_046,"Map 46 Yunnan Province, China [42]",370
362,Atsugewi,,,,atsu1245,traditional,asher2007world,features,feature,map_004,Map 4 California: Time of Contact [40],371
363,Attikamek,,,,atik1240,traditional,asher2007world,features,feature,map_007,Map 7 Northern North America: Time of Contact [66],372
364,Aturu,,,,maka1315,2007,asher2007world,features,feature,map_032,Map 32 Southern Papua New Guinea [165],373
365,Au,,,,auuu1241,2007,asher2007world,features,feature,map_033,Map 33 Northern Papua New Guinea [229],374
367,Aulua,,,,aulu1238,2007,asher2007world,features,feature,map_027,Map 27 Vanuatu and New Caledonia [76],376
368,Aushi,,,,aush1241,2007,asher2007world,features,feature,map_077,Map 77 Zambia [7],377
369,Autu,,,,awtu1239,2007,asher2007world,features,feature,map_033,Map 33 Northern Papua New Guinea [278],378
370,Auyana,,,,auya1234,2007,asher2007world,features,feature,map_032,Map 32 Southern Papua New Guinea [2],379
371,Ava,,,,nucl1454,2007,asher2007world,features,feature,map_034,Map 34 Irian Jaya [125],380
372,Avar,,,,avar1256,2007,asher2007world,features,feature,map_059,Map 59 The Caucasus [23],381
373,Avatime-Yangbo,,,,avat1243,2007,asher2007world,features,feature,map_102,Map 102 Benin and Togo [6],382
374,Aveteian,,,,dixo1238,2007,asher2007world,features,feature,map_027,Map 27 Vanuatu and New Caledonia [63],383
375,Avikam,,,,avik1243,2007,asher2007world,features,feature,map_105,Map 105 Ivory Coast [2],384
376,Avukaya,,,,avok1242,2007,asher2007world,features,feature,map_079,Map 79 Democratic Republic of Congo: Orienta [65d],385
377,Avá-Canoeiro,,,,avac1239,traditional,asher2007world,features,feature,map_018,Map 18 Brazilian Atlantic Coast: Time of Contact [347],386
379,Awa,,,,awap1236,2007,asher2007world,features,feature,map_032,Map 32 Southern Papua New Guinea [3],388
380,Awa Wa,,,,awac1238,2007,asher2007world,features,feature,map_046,"Map 46 Yunnan Province, China [9]",389
382,Awadhi,,,,awad1243,2007,asher2007world,features,feature,map_051 map_054,"Map 51 North-East India, Bangladesh, Bhutan and Nepal [167]; Map 54 North-West India [70]",391
383,Awak (Yebu),,,,awak1250,2007,asher2007world,features,feature,map_098,Map 98 North-Eastern Nigeria [2],392
385,"Awakateko, Aguacatec, Aguateco",,,,agua1252,traditional,asher2007world,features,feature,map_010,Map 10 Meso-America: Time of Contact [16],394
386,Awar,,,,awar1249,2007,asher2007world,features,feature,map_033,Map 33 Northern Papua New Guinea [336],395
387,Awaruna,,,,agua1253,traditional,asher2007world,features,feature,map_014,Map 14 Northern Pacific Coast: Time of Contact [168b],396
389,Awaswas,,,,sant1428,traditional,asher2007world,features,feature,map_004,Map 4 California: Time of Contact [70],398
390,Aweké,,,,arut1244,traditional,asher2007world,features,feature,map_012,Map 12 Northern South America: Time of Contact [143],399
392,Awetí,,,,awet1244,traditional,asher2007world,features,feature,map_018,Map 18 Brazilian Atlantic Coast: Time of Contact [359],401
394,Awin,,,,aeky1238,2007,asher2007world,features,feature,map_032 map_033,Map 32 Southern Papua New Guinea [92]; Map 33 Northern Papua New Guinea [187],403
395,Awing,,,,awin1248,2007,asher2007world,features,feature,map_093 map_095,Map 93 Central South-Western Cameroon [54]; Map 95 South-Eastern Nigeria and Mid-Western Cameroon [57],404
396,Awngi,,,,awng1244,2007,asher2007world,features,feature,map_072,Map 72 Sudan and the Horn of Africa [49],405
397,Awrās,,,,tach1249,2007,asher2007world,features,feature,map_071 map_073,Map 71 North-East Africa [65]; Map 73 North-West Africa [43],406
398,Awun,,,,awun1245,2007,asher2007world,features,feature,map_033,Map 33 Northern Papua New Guinea [286],407
399,Awutu,,,,awut1241,2007,asher2007world,features,feature,map_102 map_103,Map 102 Benin and Togo [18a]; Map 103 Ghana [20],408
400,Awyi,,,,awyi1241,2007,asher2007world,features,feature,map_034,Map 34 Irian Jaya [102],409
401,Axamb,,,,axam1237,2007,asher2007world,features,feature,map_027,Map 27 Vanuatu and New Caledonia [70],410
402,Axi [Yi],,,,axiy1235,2007,asher2007world,features,feature,map_046,"Map 46 Yunnan Province, China [84]",411
407,Aynu (Abdal Uighur),,,,ainu1251,2007,asher2007world,features,feature,map_045,Map 45 China and Mongolia [128],416
408,Ayomán,,,,jira1235,traditional,asher2007world,features,feature,map_012,Map 12 Northern South America: Time of Contact [5],417
409,Ayoréo,,,,ayor1240,traditional,asher2007world,features,feature,map_018,Map 18 Brazilian Atlantic Coast: Time of Contact [275],418
411,Ayu,,,,ayuu1242,2007,asher2007world,features,feature,map_096 map_097,"Map 96 South Plateau, Nigeria [29]; Map 97 North Plateau, Nigeria [13a]",420
412,Aza,,,,azza1238,2007,asher2007world,features,feature,map_099,Map 99 Lake Chad Region [29],421
413,Azerbaijani,,,,sout2697,2007,asher2007world,features,feature,map_053 map_059,"Map 53 Iran, Afghanistan and Pakistan [71]; Map 59 The Caucasus [9]",422 423
414,Azha [Yi],,,,azha1235,2007,asher2007world,features,feature,map_046,"Map 46 Yunnan Province, China [86]",424
415,Azhe [Yi],,,,azhe1235,2007,asher2007world,features,feature,map_046,"Map 46 Yunnan Province, China [85]",425
417,Babale-Kunda,,,,temb1272,2007,asher2007world,features,feature,map_082,Map 82 Democratic Republic of Congo: Equate [32],427
418,Babale-Lenge,,,,maba1270,2007,asher2007world,features,feature,map_082 map_087,Map 82 Democratic Republic of Congo: Equate [36]; Map 87 Northern Congo and Southern Central African Republic [29],428
419,Babanki,,,,baba1266,2007,asher2007world,features,feature,map_093 map_095,Map 93 Central South-Western Cameroon [40]; Map 95 South-Eastern Nigeria and Mid-Western Cameroon [42c],429
420,Babende,,,,bebe1249,2007,asher2007world,features,feature,map_087,Map 87 Northern Congo and Southern Central African Republic [57d],430
421,Babenzele,,,,bamb1264,2007,asher2007world,features,feature,map_087,Map 87 Northern Congo and Southern Central African Republic [35],431
422,Babine,,,,babi1235,traditional,asher2007world,features,feature,map_006,Map 6 North-Western Pacific America: Time of Contact [7],432
424,Babole,,,,dibo1245,2007,asher2007world,features,feature,map_087,Map 87 Northern Congo and Southern Central African Republic [34],434
425,Baburiwa,,,,erit1239,2007,asher2007world,features,feature,map_034,Map 34 Irian Jaya [143],435
426,Babuyan,,,,babu1242,2007,asher2007world,features,feature,map_040,Map 40 The Philippines [3],436
427,Bachama,,,,baca1246,2007,asher2007world,features,feature,map_091 map_098,Map 91 Adamawa Region [68]; Map 98 North-Eastern Nigeria [108a],437
428,Bada,,,,bada1261,2007,asher2007world,features,feature,map_039,Map 39 Sulawesi [33],438
429,Bada,,,,bada1258,2007,asher2007world,features,feature,map_096 map_097 map_098,"Map 96 South Plateau, Nigeria [48]; Map 97 North Plateau, Nigeria [58]; Map 98 North-Eastern Nigeria [48]",439
430,Bade,,,,bade1248,2007,asher2007world,features,feature,map_100,Map 100 Northern Nigeria and Niger [8],440
432,Baetora,,,,baet1237,2007,asher2007world,features,feature,map_027,Map 27 Vanuatu and New Caledonia [18],442
433,Bafek,,,,bafe1238,2007,asher2007world,features,feature,map_093,Map 93 Central South-Western Cameroon [98c],443
434,Bafut,,,,bafu1246,2007,asher2007world,features,feature,map_093 map_095,Map 93 Central South-Western Cameroon [50]; Map 95 South-Eastern Nigeria and Mid-Western Cameroon [55],444
435,Baga Binari,,,,baga1279,2007,asher2007world,features,feature,map_107,Map 107 Guinea and Mali [11],445
436,Baga Koba,,,,baga1273,2007,asher2007world,features,feature,map_107,Map 107 Guinea and Mali [13],446
437,Baga Mboteni,,,,baga1276,2007,asher2007world,features,feature,map_107,Map 107 Guinea and Mali [4b],447
438,Baga Sitemu,,,,baga1272,2007,asher2007world,features,feature,map_107,Map 107 Guinea and Mali [10b],448
439,Baga Sobane,,,,baga1274,2007,asher2007world,features,feature,map_107,Map 107 Guinea and Mali [12],449
440,Bageto,,,,bage1238,2007,asher2007world,features,feature,map_087,Map 87 Northern Congo and Southern Central African Republic [53g],450
441,Baggāra,,,,chad1249,2007,asher2007world,features,feature,map_071 map_072 map_073 map_099,Map 71 North-East Africa [34]; Map 72 Sudan and the Horn of Africa [22]; Map 73 North-West Africa [26]; Map 99 Lake Chad Region [19],451 452
442,Baghati,,,,bagh1249,2007,asher2007world,features,feature,map_054,Map 54 North-West India [44],453
443,Bagheli,,,,bagh1251,2007,asher2007world,features,feature,map_051 map_054,"Map 51 North-East India, Bangladesh, Bhutan and Nepal [168]; Map 54 North-West India [71]",454 455
444,Bago,,,,bago1246,2007,asher2007world,features,feature,map_102,Map 102 Benin and Togo [48],456
445,Bagobo,,,,gian1241,2007,asher2007world,features,feature,map_040,Map 40 The Philippines [125],457
446,Bagri,,,,bagr1243,2007,asher2007world,features,feature,map_054,Map 54 North-West India [57a],458
447,Bagupi,,,,bagu1252,2007,asher2007world,features,feature,map_033,Map 33 Northern Papua New Guinea [92],459
448,Bagvalal,,,,bagv1239,2007,asher2007world,features,feature,map_059,Map 59 The Caucasus [29],460
449,Bagyeli,,,,gyel1242,2007,asher2007world,features,feature,map_088 map_092,Map 88 Gabon and Equatorial Guinea [34]; Map 92 South-Western Cameroon [32],461
450,Baham,,,,baha1258,2007,asher2007world,features,feature,map_034,Map 34 Irian Jaya [54],462
452,Bahau,,,,baha1257,2007,asher2007world,features,feature,map_041,Map 41 Borneo and Madagascar [52],464
453,Bahau River Kenyah,,,,main1275,2007,asher2007world,features,feature,map_041,Map 41 Borneo and Madagascar [67],465
454,Baheng (Pa Then),,,,pahn1237,2007,asher2007world,features,feature,map_045 map_047,"Map 45 China and Mongolia [56]; Map 47 Northern Thailand, Laos and Vietnam [3]",466
455,Bahinemo (Wogu),,,,bahi1254,2007,asher2007world,features,feature,map_033,Map 33 Northern Papua New Guinea [305],467
456,Bahing,,,,bahi1252,2007,asher2007world,features,feature,map_051,"Map 51 North-East India, Bangladesh, Bhutan and Nepal [62]",468
457,Bahnar,,,,bahn1262,2007,asher2007world,features,feature,map_048,"Map 48 Southern Thailand, Laos and Vietnam, and Cambodia [67]",469
458,Bahrayn,,,,baha1259,2007,asher2007world,features,feature,map_070,Map 70 The Middle East and Arabian Peninsula [57],470
459,Bai [Bai],,,,cent2004,2007,asher2007world,features,feature,map_046,"Map 46 Yunnan Province, China [32]",471
460,Baibai,,,,baib1251,2007,asher2007world,features,feature,map_033,Map 33 Northern Papua New Guinea [211],472
461,Baihong [Hani],,,,baih1238,2007,asher2007world,features,feature,map_046,"Map 46 Yunnan Province, China [93]",473
462,Bailundu,,,,mbal1261,2007,asher2007world,features,feature,map_084,Map 84 Angola [26d],474
463,Baima,,,,baim1244,2007,asher2007world,features,feature,map_045,Map 45 China and Mongolia [111],475
464,Baimak,,,,baim1245,2007,asher2007world,features,feature,map_033,Map 33 Northern Papua New Guinea [96],476
465,Bainapi,,,,dibi1240,2007,asher2007world,features,feature,map_032,Map 32 Southern Papua New Guinea [90],477
466,Baining,,,,bain1263,2007,asher2007world,features,feature,map_030,Map 30 New Britain and New Ireland [82],478
467,Bairin,,,,joud1238,2007,asher2007world,features,feature,map_045,Map 45 China and Mongolia [18],479
468,Bajau,,,,indo1317,2007,asher2007world,features,feature,map_041,Map 41 Borneo and Madagascar [NA],480
469,Bajo,,,,indo1317,2007,asher2007world,features,feature,map_039,Map 39 Sulawesi [60],481
470,Bajun (Tikuu),,,,baju1245,2007,asher2007world,features,feature,map_085,Map 85 Kenyan Coast [1a],482
471,Bajwe,,,,badw1238,2007,asher2007world,features,feature,map_087,Map 87 Northern Congo and Southern Central African Republic [56a],483
472,Bajwo,,,,bajw1238,2007,asher2007world,features,feature,map_095,Map 95 South-Eastern Nigeria and Mid-Western Cameroon [35b],484
473,Baka,,,,baka1274,2007,asher2007world,features,feature,map_079,Map 79 Democratic Republic of Congo: Orienta [64],485
474,Bakairí,,,,baka1277,traditional,asher2007world,features,feature,map_018,Map 18 Brazilian Atlantic Coast: Time of Contact [412],486
476,Baki,,,,baki1244,2007,asher2007world,features,feature,map_027,Map 27 Vanuatu and New Caledonia [95],488
477,Baki,,,,baki1242,2007,asher2007world,features,feature,map_087 map_091,Map 87 Northern Congo and Southern Central African Republic [50]; Map 91 Adamawa Region [56],489
478,Bakoko,,,,bako1249,2007,asher2007world,features,feature,map_092,Map 92 South-Western Cameroon [37],490
479,Bakole,,,,bako1250,2007,asher2007world,features,feature,map_092 map_093,Map 92 South-Western Cameroon [19]; Map 93 Central South-Western Cameroon [89],491
480,Bakoni,,,,bako1251,2007,asher2007world,features,feature,map_093,Map 93 Central South-Western Cameroon [30],492
481,Bakosongo,,,,sans1272,2007,asher2007world,features,feature,map_083,Map 83 Democratic Republic of Congo: Bas Congo and Southern Congo [10],493
482,Bakpinka,,,,bakp1238,2007,asher2007world,features,feature,map_093,Map 93 Central South-Western Cameroon [10a],494
483,Bakundu,,,,loku1238,2007,asher2007world,features,feature,map_093,Map 93 Central South-Western Cameroon [83c],495
484,Bakung Kenyah,,,,main1275,2007,asher2007world,features,feature,map_041,"Map 41 Borneo and Madagascar [71, D]",496
485,Bakwe,,,,bakw1243,2007,asher2007world,features,feature,map_105,Map 105 Ivory Coast [27],497
486,Bala,,,,bolo1261,2007,asher2007world,features,feature,map_084,Map 84 Angola [18],498
487,Balaesan,,,,bala1314,2007,asher2007world,features,feature,map_039,Map 39 Sulawesi [27],499
488,Balangaw,,,,bala1310,2007,asher2007world,features,feature,map_040,Map 40 The Philippines [27],500
489,Balanta,,,,bala1300,2007,asher2007world,features,feature,map_108,"Map 108 Senegal, Gambia and Guinea Bissau [21]",501
490,Balantak,,,,bala1315,2007,asher2007world,features,feature,map_039,Map 39 Sulawesi [42],502
491,Baldamu,,,,bald1241,2007,asher2007world,features,feature,map_094,Map 94 Northern Cameroon [31],503
492,Bale,,,,bale1254,2007,asher2007world,features,feature,map_072,Map 72 Sudan and the Horn of Africa [125],504
493,Bale(Dha),,,,bale1255,2007,asher2007world,features,feature,map_079,Map 79 Democratic Republic of Congo: Orienta [60a],505
494,Bali,,,,bali1274,2007,asher2007world,features,feature,map_079,Map 79 Democratic Republic of Congo: Orienta [28],506
495,Bali,,,,bali1275,2007,asher2007world,features,feature,map_083,Map 83 Democratic Republic of Congo: Bas Congo and Southern Congo [67],507
496,Bali,,,,bali1245,2007,asher2007world,features,feature,map_098,Map 98 North-Eastern Nigeria [33],508
497,Bali Nyonga,,,,bali1269,2007,asher2007world,features,feature,map_093,Map 93 Central South-Western Cameroon [46a],509
498,Bali-Vitu,,,,bali1280,2007,asher2007world,features,feature,map_030,Map 30 New Britain and New Ireland [77],510
499,Balinese,,,,bali1278,2007,asher2007world,features,feature,map_038 map_042,Map 38 Lesser Sunda Islands and Timor [1]; Map 42 Java and Bali [6],511
500,Balong,,,,balo1263,2007,asher2007world,features,feature,map_092 map_093,Map 92 South-Western Cameroon [30]; Map 93 Central South-Western Cameroon [87],512
501,Balti,,,,balt1258,2007,asher2007world,features,feature,map_053 map_054,"Map 53 Iran, Afghanistan and Pakistan [78]; Map 54 North-West India [2]",513
502,Baluan-Lou-Pam,,,,balu1257,2007,asher2007world,features,feature,map_030,Map 30 New Britain and New Ireland [25],514
503,Baluchi,,,,east2304,2007,asher2007world,features,feature,map_053,"Map 53 Iran, Afghanistan and Pakistan [21]",515
505,Balī,,,,hija1235,2007,asher2007world,features,feature,map_070,Map 70 The Middle East and Arabian Peninsula [67],517
506,Bam,,,,bamm1240,2007,asher2007world,features,feature,map_032 map_033,Map 32 Southern Papua New Guinea [61]; Map 33 Northern Papua New Guinea [398],518
507,Bambama,,,,omba1241,2007,asher2007world,features,feature,map_083 map_088,Map 83 Democratic Republic of Congo: Bas Congo and Southern Congo [29a]; Map 88 Gabon and Equatorial Guinea [47],519
508,Bambara,,,,bamb1269,2007,asher2007world,features,feature,map_104 map_107 map_108,"Map 104 Burkina Faso [73]; Map 107 Guinea and Mali [21a]; Map 108 Senegal, Gambia and Guinea Bissau [35a]",520 521
509,Bambili,,,,bamb1267,2007,asher2007world,features,feature,map_095,Map 95 South-Eastern Nigeria and Mid-Western Cameroon [56],522
510,Bambomba,,,,bomb1262,2007,asher2007world,features,feature,map_087,Map 87 Northern Congo and Southern Central African Republic [33a],523
511,Bambuka,,,,bamb1263,2007,asher2007world,features,feature,map_098,Map 98 North-Eastern Nigeria [19],524
512,Bamnyo,,,,bute1243,2007,asher2007world,features,feature,map_091 map_095,Map 91 Adamawa Region [41d]; Map 95 South-Eastern Nigeria and Mid-Western Cameroon [70],525
513,Bamu Kiwai,,,,bamu1257,2007,asher2007world,features,feature,map_032,Map 32 Southern Papua New Guinea [158],526
514,Bamun,,,,bamu1253,2007,asher2007world,features,feature,map_093 map_095,Map 93 Central South-Western Cameroon [47]; Map 95 South-Eastern Nigeria and Mid-Western Cameroon [51],527
515,Bamunka,,,,bamu1256,2007,asher2007world,features,feature,map_093 map_095,Map 93 Central South-Western Cameroon [43]; Map 95 South-Eastern Nigeria and Mid-Western Cameroon [44a],528
516,Bana,,,,bana1305,2007,asher2007world,features,feature,map_094,Map 94 Northern Cameroon [15],529
517,Banam Bay,,,,burm1263,2007,asher2007world,features,feature,map_027,Map 27 Vanuatu and New Caledonia [75],530
518,Banaro,,,,bana1292,2007,asher2007world,features,feature,map_033,Map 33 Northern Papua New Guinea [326],531
519,Banda,,,,band1355,2007,asher2007world,features,feature,map_034,"Map 34 Irian Jaya [225, D]",532
520,Banda,,,,cent2022,2007,asher2007world,features,feature,map_079 map_082 map_087 map_089 map_090 map_082,"Map 79 Democratic Republic of Congo: Orienta [55a]; Map 82 Democratic Republic of Congo: Equate [49, A]; Map 87 Northern Congo and Southern Central African Republic [95]; Map 89 Central African Republic and South-Eastern Chad [10]; Map 90 Central African Republic, South-Western Chad and Cameroon [21]; Map 82 Democratic Republic of Congo: Equate [59, A]",533 534 535 536 537 538
521,Bandawa-Minda,,,,shoo1247,2007,asher2007world,features,feature,map_098,Map 98 North-Eastern Nigeria [60],539
522,Bandi,,,,band1352,2007,asher2007world,features,feature,map_106,Map 106 Liberia and Sierra Leone [27],540
525,Banga,,,,gwam1244,2007,asher2007world,features,feature,map_100 map_102,Map 100 Northern Nigeria and Niger [29]; Map 102 Benin and Togo [43],543
526,Banga,,,,bang1349,2007,asher2007world,features,feature,map_100 map_098,Map 100 Northern Nigeria and Niger [29]; Map 98 North-Eastern Nigeria [9b],544
527,Bangandu,,,,bang1347,2007,asher2007world,features,feature,map_087,Map 87 Northern Congo and Southern Central African Republic [87],545
528,Bangari Me,,,,bang1363,2007,asher2007world,features,feature,map_104,Map 104 Burkina Faso [4f],546
529,Bangba-Mayogo,,,,mayo1260,2007,asher2007world,features,feature,map_079,Map 79 Democratic Republic of Congo: Orienta [47],547
530,Bangem,,,,akoo1248,2007,asher2007world,features,feature,map_093,Map 93 Central South-Western Cameroon [84a],548
531,Banggai,,,,bang1368,2007,asher2007world,features,feature,map_039,Map 39 Sulawesi [43],549
532,Bangkeng,,,,bonk1243,2007,asher2007world,features,feature,map_093,Map 93 Central South-Western Cameroon [88k],550
533,Bango,,,,baba1263,2007,asher2007world,features,feature,map_079 map_082,Map 79 Democratic Republic of Congo: Orienta [26]; Map 82 Democratic Republic of Congo: Equate [30],551
534,Bangru,,,,bang1369,2007,asher2007world,features,feature,map_051,"Map 51 North-East India, Bangladesh, Bhutan and Nepal [93]",552
535,Bangu-Bangu,,,,bang1350,2007,asher2007world,features,feature,map_078 map_080,Map 78 Democratic Republic of Congo: Katang [27]; Map 80 Democratic Republic of Congo: Kivu [61],553
536,Bangwinji,,,,bang1348,2007,asher2007world,features,feature,map_098,Map 98 North-Eastern Nigeria [5],554
537,Baniata,,,,touo1238,2007,asher2007world,features,feature,map_029,Map 29 Solomon Islands and Bougainville [81],555
538,Baniva,,,,guar1293,traditional,asher2007world,features,feature,map_012,Map 12 Northern South America: Time of Contact [92],556
540,Bankal,,,,bank1257,2007,asher2007world,features,feature,map_096 map_097 map_098,"Map 96 South Plateau, Nigeria [50]; Map 97 North Plateau, Nigeria [54]; Map 98 North-Eastern Nigeria [50]",558
541,Banma Tegu,,,,bama1252,2007,asher2007world,features,feature,map_104,Map 104 Burkina Faso [4l],559
542,Banna,,,,hame1242,2007,asher2007world,features,feature,map_072,Map 72 Sudan and the Horn of Africa [104],560
543,Banoni,,,,bann1247,2007,asher2007world,features,feature,map_029,Map 29 Solomon Islands and Bougainville [10],561
544,Banoo,,,,bata1285,2007,asher2007world,features,feature,map_092,Map 92 South-Western Cameroon [23],562
545,Bantawa,,,,bant1281,2007,asher2007world,features,feature,map_051,"Map 51 North-East India, Bangladesh, Bhutan and Nepal [72]",563
546,Bantayanon,,,,bant1293,2007,asher2007world,features,feature,map_040,Map 40 The Philippines [79],564
547,Bantik,,,,bant1286,2007,asher2007world,features,feature,map_039,Map 39 Sulawesi [3],565
548,Banton,,,,bant1289,2007,asher2007world,features,feature,map_040,Map 40 The Philippines [72],566
549,Banyun,,,,bain1259,2007,asher2007world,features,feature,map_108,"Map 108 Senegal, Gambia and Guinea Bissau [27]",567
550,Banū 'Atiyya,,,,hija1235,2007,asher2007world,features,feature,map_070,Map 70 The Middle East and Arabian Peninsula [65],568
551,Banū Hājir,,,,najd1235,2007,asher2007world,features,feature,map_070,Map 70 The Middle East and Arabian Peninsula [42],569
552,Banū Iznasen,,,,beni1249,2007,asher2007world,features,feature,map_073,Map 73 North-West Africa [65],570
553,Banū Kharūş,,,,oman1239,2007,asher2007world,features,feature,map_070,Map 70 The Middle East and Arabian Peninsula [76],571
554,Banū Khālid,,,,najd1235,2007,asher2007world,features,feature,map_070,Map 70 The Middle East and Arabian Peninsula [37],572
555,Banū Salaḥ,,,,chen1266,2007,asher2007world,features,feature,map_073,Map 73 North-West Africa [49],573
556,Banū Snūus,,,,beni1254,2007,asher2007world,features,feature,map_073,Map 73 North-West Africa [54],574
557,Banū Swayf Subgroup,,,,egyp1253,2007,asher2007world,features,feature,map_071,Map 71 North-East Africa [4],575
558,Banū Wahb,,,,najd1235,2007,asher2007world,features,feature,map_070,Map 70 The Middle East and Arabian Peninsula [27],576
559,Banū Yām,,,,najd1235,2007,asher2007world,features,feature,map_070,Map 70 The Middle East and Arabian Peninsula [45],577
560,Banū Şakhr,,,,najd1235,2007,asher2007world,features,feature,map_070,Map 70 The Middle East and Arabian Peninsula [21],578
561,Bapu,,,,nisa1239,2007,asher2007world,features,feature,map_034,Map 34 Irian Jaya [133],579
562,Bapuko,,,,,2007,asher2007world,features,feature,map_088,Map 88 Gabon and Equatorial Guinea [1a],580
563,Bapuku,,,,beng1282,2007,asher2007world,features,feature,map_092,Map 92 South-Western Cameroon [24a],581
565,Barai,,,,nucl1630,2007,asher2007world,features,feature,map_031 map_032,Map 31 South-Eastern Papua New Guinea [50]; Map 32 Southern Papua New Guinea [128],583
566,Barakai,,,,bara1367,2007,asher2007world,features,feature,map_034,Map 34 Irian Jaya [230],584
567,Baram Kayan,,,,bara1370,2007,asher2007world,features,feature,map_041,Map 41 Borneo and Madagascar [48],585
568,Barambo,,,,bara1361,2007,asher2007world,features,feature,map_079,Map 79 Democratic Republic of Congo: Orienta [44],586
569,Barani Ful,,,,west2454,2007,asher2007world,features,feature,map_104,Map 104 Burkina Faso [B],587
570,Barau,,,,bara1347,2007,asher2007world,features,feature,map_034,Map 34 Irian Jaya [69],588
571,Barbareño,,,,barb1263,traditional,asher2007world,features,feature,map_003,Map 3 South-Western North America: Time of Contact [63],589
573,Barein,,,,bare1279,2007,asher2007world,features,feature,map_089,Map 89 Central African Republic and South-Eastern Chad [87],591
574,Bari,,,,bari1284,2007,asher2007world,features,feature,map_072 map_079 map_086,Map 72 Sudan and the Horn of Africa [160]; Map 79 Democratic Republic of Congo: Orienta [69]; Map 86 Central East Africa [67],592
575,Bariai,,,,bari1286,2007,asher2007world,features,feature,map_030,Map 30 New Britain and New Ireland [29],593
576,Bariba (Baatonum),,,,baat1238,2007,asher2007world,features,feature,map_102 map_104,Map 102 Benin and Togo [44]; Map 104 Burkina Faso [67],594
577,Bariji,,,,bari1290,2007,asher2007world,features,feature,map_031,Map 31 South-Eastern Papua New Guinea [60],595
578,Barim,,,,karn1252,2007,asher2007world,features,feature,map_030 map_033,Map 30 New Britain and New Ireland [32]; Map 33 Northern Papua New Guinea [377],596
579,Barma,,,,bagi1246,2007,asher2007world,features,feature,map_090 map_099,"Map 90 Central African Republic, South-Western Chad and Cameroon [44f]; Map 99 Lake Chad Region [34]",597 598
582,Barok,,,,baro1253,2007,asher2007world,features,feature,map_030,Map 30 New Britain and New Ireland [63],601
583,Baropasi,,,,bara1375,2007,asher2007world,features,feature,map_034,Map 34 Irian Jaya [130],602
585,Bartangi,,,,bart1238,2007,asher2007world,features,feature,map_057,Map 57 Central Asia [6],604
586,Baruga,,,,baru1269,2007,asher2007world,features,feature,map_031,Map 31 South-Eastern Papua New Guinea [85],605
589,Baruya,,,,baru1267,2007,asher2007world,features,feature,map_032,Map 32 Southern Papua New Guinea [115],608
590,Barwe (Wesa),,,,barw1243,2007,asher2007world,features,feature,map_074 map_075,Map 74 Southern Africa [18]; Map 75 Mozambique [42c],609
591,Bará-Tuyuka,,,,tuyu1244,traditional,asher2007world,features,feature,map_012,Map 12 Northern South America: Time of Contact [158],610
594,Barí,,,,bari1297,traditional,asher2007world,features,feature,map_012,Map 12 Northern South America: Time of Contact [37],613
596,Basa Kaduna,,,,kadu1255,2007,asher2007world,features,feature,map_101,Map 101 South-Western Nigeria [41],615
597,Basaa,,,,basa1284,2007,asher2007world,features,feature,map_092 map_093,Map 92 South-Western Cameroon [35]; Map 93 Central South-Western Cameroon [95],616
598,Basaa Ba Duala,,,,dual1243,2007,asher2007world,features,feature,map_092,Map 92 South-Western Cameroon [35b],617
599,Basap,,,,basa1286,2007,asher2007world,features,feature,map_041,Map 41 Borneo and Madagascar [46],618
600,Basari,,,,bass1258,2007,asher2007world,features,feature,map_107 map_108,"Map 107 Guinea and Mali [6]; Map 108 Senegal, Gambia and Guinea Bissau [22]",619 620
601,Basari-Toboth,,,,gurm1249,2007,asher2007world,features,feature,map_103,Map 103 Ghana [59],621
602,Bashar,,,,yang1290,2007,asher2007world,features,feature,map_098,Map 98 North-Eastern Nigeria [64a],622
603,Bashgali,,,,kati1270,2007,asher2007world,features,feature,map_053,"Map 53 Iran, Afghanistan and Pakistan [60]",623
604,Bashkardi,,,,bash1263,2007,asher2007world,features,feature,map_053,"Map 53 Iran, Afghanistan and Pakistan [22]",624
605,Bashkarik,,,,kala1373,2007,asher2007world,features,feature,map_053,"Map 53 Iran, Afghanistan and Pakistan [39]",625
606,Bashkir,,,,bash1264,2007,asher2007world,features,feature,map_056 map_058,"Map 56 Western Siberia [3]; Map 58 Western Russia, the Baltic States, Belarus, Ukraine and Moldova [14]",626
607,Basho,,,,bash1265,2007,asher2007world,features,feature,map_095,Map 95 South-Eastern Nigeria and Mid-Western Cameroon [35a],627
608,Basila,,,,basi1245,2007,asher2007world,features,feature,map_102 map_104,Map 102 Benin and Togo [7a]; Map 104 Burkina Faso [69],628
609,Basketo,,,,bask1236,2007,asher2007world,features,feature,map_072,Map 72 Sudan and the Horn of Africa [82],629
610,Basque,,,,basq1248,2007,asher2007world,features,feature,map_068 map_069,"Map 68 The Iberian Peninsula and Atlantic Islands [7]; Map 69 France, Belgium, the Netherlands and Luxembourg [15]",630
611,Bassa,,,,nucl1418,2007,asher2007world,features,feature,map_106,Map 106 Liberia and Sierra Leone [14],631
612,Basum,,,,fali1285,2007,asher2007world,features,feature,map_091,Map 91 Adamawa Region [36a],632
613,Bataan Ayta,,,,bata1297,2007,asher2007world,features,feature,map_040,Map 40 The Philippines [45],633
614,Batak,,,,bata1301,2007,asher2007world,features,feature,map_040,Map 40 The Philippines [57],634
615,Batanga,,,,bata1285,2007,asher2007world,features,feature,map_092,Map 92 South-Western Cameroon [24],635
616,Batangan,,,,bata1318,2007,asher2007world,features,feature,map_040,Map 40 The Philippines [52],636
617,Batek,,,,bate1262,2007,asher2007world,features,feature,map_044,Map 44 West Malaysia and Singapore [5],637
618,Bati,,,,bati1250,2007,asher2007world,features,feature,map_079 map_082,Map 79 Democratic Republic of Congo: Orienta [31]; Map 82 Democratic Republic of Congo: Equate [37],638
619,Bati,,,,bati1251,2007,asher2007world,features,feature,map_092 map_093,Map 92 South-Western Cameroon [10]; Map 93 Central South-Western Cameroon [74],639
620,Batomo,,,,bato1246,2007,asher2007world,features,feature,map_095,Map 95 South-Eastern Nigeria and Mid-Western Cameroon [7],640
621,Batu,,,,batu1255,2007,asher2007world,features,feature,map_095,Map 95 South-Eastern Nigeria and Mid-Western Cameroon [15],641
623,Bau,,,,bauu1244,2007,asher2007world,features,feature,map_033,Map 33 Northern Papua New Guinea [84],643
624,Baukan,,,,bauk1238,2007,asher2007world,features,feature,map_041,Map 41 Borneo and Madagascar [90],644
625,Baule-Ando,,,,baou1238,2007,asher2007world,features,feature,map_105,Map 105 Ivory Coast [13],645
626,Baure,,,,baur1253,traditional,asher2007world,features,feature,map_016,Map 16 Western Brazil: Time of Contact [117],646
628,Bauro,,,,baur1252,2007,asher2007world,features,feature,map_029,Map 29 Solomon Islands and Bougainville [56],648
629,Baushi,,,,bauc1238,2007,asher2007world,features,feature,map_101,Map 101 South-Western Nigeria [45],649
630,Bauwaki,,,,bauw1240,2007,asher2007world,features,feature,map_031,Map 31 South-Eastern Papua New Guinea [64],650
631,Bauzi,,,,bauz1241,2007,asher2007world,features,feature,map_034,Map 34 Irian Jaya [132],651
632,Bay,,,,baii1247,2007,asher2007world,features,feature,map_081,Map 81 Democratic Republic of Congo: Kasai [9],652
633,Bay Miwok,,,,baym1241,traditional,asher2007world,features,feature,map_004,Map 4 California: Time of Contact [61],653
634,Baya,,,,gbey1243,2007,asher2007world,features,feature,map_095,Map 95 South-Eastern Nigeria and Mid-Western Cameroon [98],654
635,Bayad,,,,bayi1240,2007,asher2007world,features,feature,map_045,Map 45 China and Mongolia [NA],655
637,Bayot-Essin,,,,essi1238,2007,asher2007world,features,feature,map_108,"Map 108 Senegal, Gambia and Guinea Bissau [9]",657
638,Bazanche,,,,nort3204,2007,asher2007world,features,feature,map_102 map_104,Map 102 Benin and Togo [16]; Map 104 Burkina Faso [71],658
639,Baḥariyya,,,,west2938,2007,asher2007world,features,feature,map_071,Map 71 North-East Africa [8],659
640,"Be (Ong-Be, Lingao)",,,,beic1239,2007,asher2007world,features,feature,map_045,Map 45 China and Mongolia [71],660
641,Be(E)Ten,,,,bete1264,2007,asher2007world,features,feature,map_087,Map 87 Northern Congo and Southern Central African Republic [49],661
642,Beami (Bedamini),,,,beam1240,2007,asher2007world,features,feature,map_032 map_033,Map 32 Southern Papua New Guinea [84]; Map 33 Northern Papua New Guinea [186],662
643,Bearlake,,,,bear1241,traditional,asher2007world,features,feature,map_007,Map 7 Northern North America: Time of Contact [31],663
644,Beaufort Murut,,,,beau1239,2007,asher2007world,features,feature,map_041,Map 41 Borneo and Madagascar [86],664
645,Beaver,,,,beav1236,traditional,asher2007world,features,feature,map_007,Map 7 Northern North America: Time of Contact [38],665
646,Beba',,,,beba1238,2007,asher2007world,features,feature,map_095,Map 95 South-Eastern Nigeria and Mid-Western Cameroon [55a],666
647,Bebe,,,,bebe1250,2007,asher2007world,features,feature,map_095,Map 95 South-Eastern Nigeria and Mid-Western Cameroon [18],667
648,Bedoanas,,,,bedo1237,2007,asher2007world,features,feature,map_034,Map 34 Irian Jaya [219],668
649,Bedouin Constantine Dialects,,,,cons1245,2007,asher2007world,features,feature,map_071 map_073,Map 71 North-East Africa [47]; Map 73 North-West Africa [19],669
650,Bedouin Dialects,,,,,2007,asher2007world,features,feature,map_072,Map 72 Sudan and the Horn of Africa [9],670
651,Bedouin Dialects,,,,alge1239,2007,asher2007world,features,feature,map_073,Map 73 North-West Africa [1],671
652,Bedouin Hilālāli Dialects,,,,,2007,asher2007world,features,feature,map_073,Map 73 North-West Africa [7],672
653,Bedouin Ma'qilī Dialects,,,,alge1239,2007,asher2007world,features,feature,map_073,Map 73 North-West Africa [16],673
654,Bedouin Saharan Dialects,,,,alge1240,2007,asher2007world,features,feature,map_071 map_073,Map 71 North-East Africa [46]; Map 73 North-West Africa [17],674 675
655,Bedouin Sahel Dialects,,,,alge1239,2007,asher2007world,features,feature,map_073,Map 73 North-West Africa [18],676
656,Bedouin Sulaymī Dialects,,,,,2007,asher2007world,features,feature,map_071,Map 71 North-East Africa [45],677
657,Bedouin Sulāymi Dialects,,,,alge1240,2007,asher2007world,features,feature,map_073,Map 73 North-West Africa [8],678
658,Beeke,,,,,2007,asher2007world,features,feature,map_079,Map 79 Democratic Republic of Congo: Orienta [21],679
659,Beekol,,,,kolc1235,2007,asher2007world,features,feature,map_087,Map 87 Northern Congo and Southern Central African Republic [57e],680
660,Befang,,,,nucl1410,2007,asher2007world,features,feature,map_095,Map 95 South-Eastern Nigeria and Mid-Western Cameroon [39b],681
661,Beik,,,,,2007,asher2007world,features,feature,map_048,"Map 48 Southern Thailand, Laos and Vietnam, and Cambodia [78]",682
662,Beja,,,,beja1238,2007,asher2007world,features,feature,map_072,Map 72 Sudan and the Horn of Africa [45],683
663,Bekware,,,,bekw1241,2007,asher2007world,features,feature,map_095,Map 95 South-Eastern Nigeria and Mid-Western Cameroon [73c],684
664,Bekwil,,,,bekw1242,2007,asher2007world,features,feature,map_087,Map 87 Northern Congo and Southern Central African Republic [53l],685
665,Bekwil Peda,,,,bekw1242,2007,asher2007world,features,feature,map_087,Map 87 Northern Congo and Southern Central African Republic [53m],686
666,Belarusian (Belorussian),,,,bela1254,2007,asher2007world,features,feature,map_058,"Map 58 Western Russia, the Baltic States, Belarus, Ukraine and Moldova [2]",687
667,Bele,,,,bele1248,2007,asher2007world,features,feature,map_091,Map 91 Adamawa Region [37a],688
668,Belhare,,,,belh1239,2007,asher2007world,features,feature,map_051,"Map 51 North-East India, Bangladesh, Bhutan and Nepal [85]",689
669,Beli,,,,beli1258,2007,asher2007world,features,feature,map_033,Map 33 Northern Papua New Guinea [247],690
670,Belingo,,,,band1344,2007,asher2007world,features,feature,map_089,Map 89 Central African Republic and South-Eastern Chad [33],691
671,Bella Coola,,,,bell1243,traditional,asher2007world,features,feature,map_006,Map 6 North-Western Pacific America: Time of Contact [17],692
672,Bemal (Kein),,,,kein1239,2007,asher2007world,features,feature,map_033,Map 33 Northern Papua New Guinea [77],693
673,Bemba,,,,bemb1257,2007,asher2007world,features,feature,map_076 map_077 map_078,Map 76 Southern Tanzania [60]; Map 77 Zambia [1]; Map 78 Democratic Republic of Congo: Katang [29],694
674,Bembe,,,,bemb1255,2007,asher2007world,features,feature,map_080,Map 80 Democratic Republic of Congo: Kivu [48],695
675,Ben(Gan),,,,beng1286,2007,asher2007world,features,feature,map_105,Map 105 Ivory Coast [80],696
676,Bena,,,,bena1262,2007,asher2007world,features,feature,map_076,Map 76 Southern Tanzania [42],697
677,Benaadir,,,,bena1268,2007,asher2007world,features,feature,map_072,Map 72 Sudan and the Horn of Africa [55c],698
678,Benabena,,,,bena1264,2007,asher2007world,features,feature,map_032 map_033,Map 32 Southern Papua New Guinea [11]; Map 33 Northern Papua New Guinea [151],699
679,Bench,,,,benc1235,2007,asher2007world,features,feature,map_072,Map 72 Sudan and the Horn of Africa [89],700
680,Bende,,,,bend1258,2007,asher2007world,features,feature,map_076 map_078,Map 76 Southern Tanzania [23]; Map 78 Democratic Republic of Congo: Katang [42],701
681,Bendeghe,,,,ejag1239,2007,asher2007world,features,feature,map_093 map_095,Map 93 Central South-Western Cameroon [24]; Map 95 South-Eastern Nigeria and Mid-Western Cameroon [33],702
682,Benga,,,,beng1282,2007,asher2007world,features,feature,map_088,Map 88 Gabon and Equatorial Guinea [1],703
683,Bengali,,,,beng1280,2007,asher2007world,features,feature,map_051,"Map 51 North-East India, Bangladesh, Bhutan and Nepal [177]",704
684,Benge,,,,,2007,asher2007world,features,feature,map_079 map_082,Map 79 Democratic Republic of Congo: Orienta [35]; Map 82 Democratic Republic of Congo: Equate [39],705
685,Beothuk,,,,beot1247,traditional,asher2007world,features,feature,map_001,Map 1 East Coast and Great Lakes: Time of Contact [1],706
686,Bepour,,,,bepo1240,2007,asher2007world,features,feature,map_033,Map 33 Northern Papua New Guinea [60],707
687,Berawan,,,,bera1264,2007,asher2007world,features,feature,map_041,Map 41 Borneo and Madagascar [41],708
689,Bereby Kru,,,,sout2826,2007,asher2007world,features,feature,map_105,Map 105 Ivory Coast [28b],710
690,Berik,,,,beri1254,2007,asher2007world,features,feature,map_034,Map 34 Irian Jaya [153],711
691,Besap,,,,bese1242,2007,asher2007world,features,feature,map_087,Map 87 Northern Congo and Southern Central African Republic [57b],712
692,Besawunena,,,,arap1274,traditional,asher2007world,features,feature,map_005,Map 5 The Great Plains: Time of Contact [9],713
693,Besisi,,,,besi1244,2007,asher2007world,features,feature,map_044,Map 44 West Malaysia and Singapore [13],714
694,Besleri,,,,besl1239,2007,asher2007world,features,feature,map_094,Map 94 Northern Cameroon [46],715
695,Bete-Bendi,,,,bete1262,2007,asher2007world,features,feature,map_095,Map 95 South-Eastern Nigeria and Mid-Western Cameroon [73d],716
696,Betoi,,,,beto1236,traditional,asher2007world,features,feature,map_012,Map 12 Northern South America: Time of Contact [13],717
697,Bezhta (Kapuchi),,,,bezh1248,2007,asher2007world,features,feature,map_059,Map 59 The Caucasus [35],718
698,Bhadrawahi,,,,bhad1241,2007,asher2007world,features,feature,map_054,Map 54 North-West India [34],719
699,Bhajjika,,,,bajj1234,2007,asher2007world,features,feature,map_051,"Map 51 North-East India, Bangladesh, Bhutan and Nepal [172]",720
700,Bharmauri (Gaddi Gadi),,,,bhar1240,2007,asher2007world,features,feature,map_054,Map 54 North-West India [48],721
701,Bhatri,,,,bhat1265,2007,asher2007world,features,feature,map_051,"Map 51 North-East India, Bangladesh, Bhutan and Nepal [181]",722
702,Bhili,,,,bhil1251,2007,asher2007world,features,feature,map_052 map_054,Map 52 Southern India and Sri Lanka [8]; Map 54 North-West India [68],723 724
703,Bhojpuri,,,,bhoj1244,2007,asher2007world,features,feature,map_051,"Map 51 North-East India, Bangladesh, Bhutan and Nepal [171]",725
704,Bhramu (Baram),,,,bara1357,2007,asher2007world,features,feature,map_051,"Map 51 North-East India, Bangladesh, Bhutan and Nepal [49]",726
705,Bhumij,,,,bhum1234,2007,asher2007world,features,feature,map_051,"Map 51 North-East India, Bangladesh, Bhutan and Nepal [203]",727
706,Biafada,,,,biaf1240,2007,asher2007world,features,feature,map_107 map_108,"Map 107 Guinea and Mali [8a]; Map 108 Senegal, Gambia and Guinea Bissau [28]",728
707,Biak,,,,biak1248,2007,asher2007world,features,feature,map_034 map_037,Map 34 Irian Jaya [195]; Map 37 The Moluccas [44],729 730 731
708,Biaka,,,,naii1241,2007,asher2007world,features,feature,map_033,Map 33 Northern Papua New Guinea [212],732
709,Bian Marind,,,,bian1251,2007,asher2007world,features,feature,map_032 map_034,Map 32 Southern Papua New Guinea [103]; Map 34 Irian Jaya [35],733
710,Biangai,,,,bian1252,2007,asher2007world,features,feature,map_032,Map 32 Southern Papua New Guinea [120],734
711,Biao,,,,biao1257,2007,asher2007world,features,feature,map_045,Map 45 China and Mongolia [69],735
712,Biatah,,,,biat1246,2007,asher2007world,features,feature,map_041,Map 41 Borneo and Madagascar [20],736
714,Bieno,,,,umbu1257,2007,asher2007world,features,feature,map_084,Map 84 Angola [26e],738
715,Bierebo,,,,bier1244,2007,asher2007world,features,feature,map_027,Map 27 Vanuatu and New Caledonia [94],739
716,Bieri,,,,bial1238,2007,asher2007world,features,feature,map_102 map_103 map_104,Map 102 Benin and Togo [72]; Map 103 Ghana [52]; Map 104 Burkina Faso [35],740
717,Bieria,,,,bier1246,2007,asher2007world,features,feature,map_027,Map 27 Vanuatu and New Caledonia [97],741
718,Big Nambas,,,,bign1238,2007,asher2007world,features,feature,map_027,Map 27 Vanuatu and New Caledonia [85],742
719,Biji,,,,nort2732,2007,asher2007world,features,feature,map_045,Map 45 China and Mongolia [109],743
720,Bijugi,,,,bidj1246,2007,asher2007world,features,feature,map_087,Map 87 Northern Congo and Southern Central African Republic [53c],744
721,Bikaru (Bugalu),,,,biso1243,2007,asher2007world,features,feature,map_033,Map 33 Northern Papua New Guinea [302],745
722,Biksi,,,,yetf1238,2007,asher2007world,features,feature,map_033 map_034,Map 33 Northern Papua New Guinea [270]; Map 34 Irian Jaya [165],746
723,Bilakura,,,,bila1257,2007,asher2007world,features,feature,map_033,Map 33 Northern Papua New Guinea [74],747
724,Bile,,,,bile1244,2007,asher2007world,features,feature,map_098,Map 98 North-Eastern Nigeria [44],748
725,Biliau (Sengam),,,,bili1252,2007,asher2007world,features,feature,map_033,Map 33 Northern Papua New Guinea [390],749
726,Bilibil,,,,bilb1241,2007,asher2007world,features,feature,map_033,Map 33 Northern Papua New Guinea [384],750
727,Bilin,,,,bili1260,2007,asher2007world,features,feature,map_072,Map 72 Sudan and the Horn of Africa [46],751
728,Biloxi,,,,bilo1248,traditional,asher2007world,features,feature,map_002,Map 2 South-Eastern North America: Time of Contact [10],752
729,"Bilua,",,,,bilu1245,2007,asher2007world,features,feature,map_029,Map 29 Solomon Islands and Bougainville [80],753
730,Bima,,,,bima1247,2007,asher2007world,features,feature,map_038,Map 38 Lesser Sunda Islands and Timor [4],754
731,Bima,,,,bima1245,2007,asher2007world,features,feature,map_093,Map 93 Central South-Western Cameroon [82b],755
732,Bimin,,,,bimi1240,2007,asher2007world,features,feature,map_033,Map 33 Northern Papua New Guinea [177],756
733,Bina,,,,bina1271,2007,asher2007world,features,feature,map_031,Map 31 South-Eastern Papua New Guinea [39],757
734,Binahari,,,,bina1274,2007,asher2007world,features,feature,map_031,Map 31 South-Eastern Papua New Guinea [63],758
735,Binandere,,,,bina1277,2007,asher2007world,features,feature,map_031 map_032,Map 31 South-Eastern Papua New Guinea [77]; Map 32 Southern Papua New Guinea [144],759
738,Bindi,,,,binj1249,2007,asher2007world,features,feature,map_078 map_080 map_081,Map 78 Democratic Republic of Congo: Katang [21]; Map 80 Democratic Republic of Congo: Kivu [66]; Map 81 Democratic Republic of Congo: Kasai [69],762 763
739,Bine (Kuninio),,,,bine1240,2007,asher2007world,features,feature,map_032,Map 32 Southern Papua New Guinea [192],764
740,Bintauna,,,,bint1245,2007,asher2007world,features,feature,map_039,Map 39 Sulawesi [12],765
741,Bintulu,,,,bint1246,2007,asher2007world,features,feature,map_041,Map 41 Borneo and Madagascar [33],766
742,Binukid,,,,binu1244,2007,asher2007world,features,feature,map_040,Map 40 The Philippines [99],767
743,Binumarien,,,,binu1245,2007,asher2007world,features,feature,map_032,Map 32 Southern Papua New Guinea [5],768
744,Binza,,,,benz1238,2007,asher2007world,features,feature,map_079,Map 79 Democratic Republic of Congo: Orienta [25],769
746,Bira,,,,bila1255,2007,asher2007world,features,feature,map_079,Map 79 Democratic Republic of Congo: Orienta [11],771
747,Birao,,,,bira1254,2007,asher2007world,features,feature,map_029,Map 29 Solomon Islands and Bougainville [42],772
748,Birawa,,,,bina1270,2007,asher2007world,features,feature,map_097,"Map 97 North Plateau, Nigeria [34]",773
749,Birhor,,,,birh1242,2007,asher2007world,features,feature,map_051,"Map 51 North-East India, Bangladesh, Bhutan and Nepal [204]",774
750,Birifor (Lobr),,,,sout2790,2007,asher2007world,features,feature,map_104,Map 104 Burkina Faso [17],775
751,Birom,,,,bero1242,2007,asher2007world,features,feature,map_096 map_097,"Map 96 South Plateau, Nigeria [36a]; Map 97 North Plateau, Nigeria [15]",776
753,Bisa,,,,biss1248,2007,asher2007world,features,feature,map_102 map_103 map_104,Map 102 Benin and Togo [78]; Map 103 Ghana [83]; Map 104 Burkina Faso [85],778
754,Bisa,,,,bisa1264,2007,asher2007world,features,feature,map_075 map_076 map_077,Map 75 Mozambique [35]; Map 76 Southern Tanzania [68]; Map 77 Zambia [34],779
755,Biseni-Oko(R)Dia,,,,bise1238,2007,asher2007world,features,feature,map_101,Map 101 South-Western Nigeria [6],780
756,Bishnupriya,,,,bish1244,2007,asher2007world,features,feature,map_051,"Map 51 North-East India, Bangladesh, Bhutan and Nepal [183]",781
757,Bisis,,,,bisi1244,2007,asher2007world,features,feature,map_033,Map 33 Northern Papua New Guinea [307],782
758,Bisoo,,,,biso1242,2007,asher2007world,features,feature,map_092 map_093,Map 92 South-Western Cameroon [35c]; Map 93 Central South-Western Cameroon [95a],783
759,Bisu,,,,bisu1244,2007,asher2007world,features,feature,map_047 map_049,"Map 47 Northern Thailand, Laos and Vietnam [95]; Map 49 Burma (Myanmar) [68]",784
760,Bisu [Unclassified],,,,bisu1244,2007,asher2007world,features,feature,map_046,"Map 46 Yunnan Province, China [97]",785
761,Bitara (Apowasi),,,,beri1253,2007,asher2007world,features,feature,map_033,Map 33 Northern Papua New Guinea [304],786
762,Bitare,,,,bita1251,2007,asher2007world,features,feature,map_095,Map 95 South-Eastern Nigeria and Mid-Western Cameroon [14],787
763,Bitieku,,,,biti1245,2007,asher2007world,features,feature,map_093,Map 93 Central South-Western Cameroon [28a],788
765,Biyom (Sasime),,,,biyo1244,2007,asher2007world,features,feature,map_033,Map 33 Northern Papua New Guinea [44],790
766,Biyue [Hanil,,,,biyo1243,2007,asher2007world,features,feature,map_046,"Map 46 Yunnan Province, China [94]",791
767,Blablanga,,,,blab1237,2007,asher2007world,features,feature,map_029,Map 29 Solomon Islands and Bougainville [33],792
768,Blackfoot,,,,siks1238,traditional,asher2007world,features,feature,map_005,Map 5 The Great Plains: Time of Contact [7],793
770,Blagar,,,,blag1240,2007,asher2007world,features,feature,map_038,Map 38 Lesser Sunda Islands and Timor [78],795
771,Blimaw,,,,geba1236,2007,asher2007world,features,feature,map_049,Map 49 Burma (Myanmar) [25],796
772,Bo,,,,haaa1252,2007,asher2007world,features,feature,map_080,Map 80 Democratic Republic of Congo: Kivu [34b],797
773,Bo (Po),,,,bopa1235,2007,asher2007world,features,feature,map_033,Map 33 Northern Papua New Guinea [216],798
774,Boano,,,,boan1242,2007,asher2007world,features,feature,map_037,Map 37 The Moluccas [1],800
775,Boazi,,,,kuni1265,2007,asher2007world,features,feature,map_032 map_034,Map 32 Southern Papua New Guinea [102]; Map 34 Irian Jaya [34],801
776,Bobangi,,,,bang1354,2007,asher2007world,features,feature,map_081 map_082 map_083 map_087,Map 81 Democratic Republic of Congo: Kasai [4]; Map 82 Democratic Republic of Congo: Equate [1]; Map 83 Democratic Republic of Congo: Bas Congo and Southern Congo [62]; Map 87 Northern Congo and Southern Central African Republic [1],802 803 804
777,Bobo (Sya),,,,syaa1239,2007,asher2007world,features,feature,map_104 map_105,Map 104 Burkina Faso [78]; Map 105 Ivory Coast [73],805
778,Bobot,,,,bobo1254,2007,asher2007world,features,feature,map_037,Map 37 The Moluccas [27],806
779,Bodede,,,,bode1245,2007,asher2007world,features,feature,map_088,Map 88 Gabon and Equatorial Guinea [3c],807
780,Bodi,,,,bodi1253,2007,asher2007world,features,feature,map_072,Map 72 Sudan and the Horn of Africa [129],808
781,Bodikiri,,,,budi1248,2007,asher2007world,features,feature,map_090,"Map 90 Central African Republic, South-Western Chad and Cameroon [30]",809
782,Bodiman,,,,bodi1252,2007,asher2007world,features,feature,map_092 map_093,Map 92 South-Western Cameroon [14c]; Map 93 Central South-Western Cameroon [90],810
783,Bodo,,,,bodo1269,2007,asher2007world,features,feature,map_051,"Map 51 North-East India, Bangladesh, Bhutan and Nepal [109]",811
784,Bodo,,,,bodo1272,2007,asher2007world,features,feature,map_079 map_089,Map 79 Democratic Republic of Congo: Orienta [20]; Map 89 Central African Republic and South-Eastern Chad [57],812
785,Bodongo,,,,bogo1240,2007,asher2007world,features,feature,map_082 map_087,Map 82 Democratic Republic of Congo: Equate [27]; Map 87 Northern Congo and Southern Central African Republic [6],813
786,Bofi,,,,bofi1238,2007,asher2007world,features,feature,map_087,Map 87 Northern Congo and Southern Central African Republic [82],814
787,Boghom,,,,bogh1241,2007,asher2007world,features,feature,map_096 map_097 map_098,"Map 96 South Plateau, Nigeria [85]; Map 97 North Plateau, Nigeria [95]; Map 98 North-Eastern Nigeria [94]",815
788,Boguru,,,,bogu1241,2007,asher2007world,features,feature,map_079,Map 79 Democratic Republic of Congo: Orienta [19],816
789,Bohuai,,,,bohu1238,2007,asher2007world,features,feature,map_030,Map 30 New Britain and New Ireland [9],817
790,Bohurá,,,,,traditional,asher2007world,features,feature,map_016,Map 16 Western Brazil: Time of Contact [253],818
791,Bohutu,,,,buhu1237,2007,asher2007world,features,feature,map_031,Map 31 South-Eastern Papua New Guinea [4],819
792,Boianaki,,,,ghay1237,2007,asher2007world,features,feature,map_031,Map 31 South-Eastern Papua New Guinea [18],820
793,Boiken,,,,boik1241,2007,asher2007world,features,feature,map_033,Map 33 Northern Papua New Guinea [295],821
794,Bok(Y)I,,,,boky1238,2007,asher2007world,features,feature,map_095,Map 95 South-Eastern Nigeria and Mid-Western Cameroon [73e],822
795,Bokare,,,,sout2785,2007,asher2007world,features,feature,map_087,Map 87 Northern Congo and Southern Central African Republic [83],823
796,Bokare-Mbakolo,,,,sout2785,2007,asher2007world,features,feature,map_087,Map 87 Northern Congo and Southern Central African Republic [84],824
797,Bokas (Bokkos),,,,bokk1242,2007,asher2007world,features,feature,map_096,"Map 96 South Plateau, Nigeria [74]",825
798,Bokote,,,,mong1338,2007,asher2007world,features,feature,map_081 map_082,Map 81 Democratic Republic of Congo: Kasai [1o]; Map 82 Democratic Republic of Congo: Equate [42c],826
799,Bokotá,,,,boko1272,traditional,asher2007world,features,feature,map_012,Map 12 Northern South America: Time of Contact [43],827
801,Bola,,,,bola1250,2007,asher2007world,features,feature,map_030,Map 30 New Britain and New Ireland [75],829
802,Bola [Jingpo],,,,pela1242,2007,asher2007world,features,feature,map_046,"Map 46 Yunnan Province, China [44]",830
803,Bola'ang Mongondow,,,,mong1342,2007,asher2007world,features,feature,map_039,Map 39 Sulawesi [11],831
804,Bolango,,,,bola1252,2007,asher2007world,features,feature,map_039,Map 39 Sulawesi [14],832
805,Bolano,,,,boan1243,2007,asher2007world,features,feature,map_039,Map 39 Sulawesi [21],833
806,Bole,,,,nucl1695,2007,asher2007world,features,feature,map_100 map_098,Map 100 Northern Nigeria and Niger [4]; Map 98 North-Eastern Nigeria [77],834
807,Bolgo,,,,bolg1251,2007,asher2007world,features,feature,map_089 map_090,"Map 89 Central African Republic and South-Eastern Chad [49]; Map 90 Central African Republic, South-Western Chad and Cameroon [5]",835
808,Bolia,,,,boli1255,2007,asher2007world,features,feature,map_081,Map 81 Democratic Republic of Congo: Kasai [6],836
809,Bolinao,,,,boli1256,2007,asher2007world,features,feature,map_040,Map 40 The Philippines [39],837
810,Bolo,,,,bolo1261,2007,asher2007world,features,feature,map_084,Map 84 Angola [17],838
811,Boloki,,,,bolo1262,2007,asher2007world,features,feature,map_082 map_087,Map 82 Democratic Republic of Congo: Equate [4]; Map 87 Northern Congo and Southern Central African Republic [11],839
812,Bolon,,,,bolo1266,2007,asher2007world,features,feature,map_104,Map 104 Burkina Faso [74],840
813,"Bom (Bogadjim, Lalok)",,,,anja1238,2007,asher2007world,features,feature,map_033,Map 33 Northern Papua New Guinea [24],841
814,Bom-Mani,,,,bomm1240,2007,asher2007world,features,feature,map_106,Map 106 Liberia and Sierra Leone [7],842
815,Boma,,,,boma1251,2007,asher2007world,features,feature,map_081 map_083,Map 81 Democratic Republic of Congo: Kasai [30]; Map 83 Democratic Republic of Congo: Bas Congo and Southern Congo [59],843
816,Bombali,,,,bomb1258,2007,asher2007world,features,feature,map_106,Map 106 Liberia and Sierra Leone [8b],844
817,Bomboma,,,,bomb1262,2007,asher2007world,features,feature,map_082,Map 82 Democratic Republic of Congo: Equate [18],845
818,Bombwanja,,,,luse1252,2007,asher2007world,features,feature,map_081,Map 81 Democratic Republic of Congo: Kasai [2],846
819,Bomudi,,,,bomu1250,2007,asher2007world,features,feature,map_088,Map 88 Gabon and Equatorial Guinea [3a],847
820,Bomwali,,,,bomw1238,2007,asher2007world,features,feature,map_087,Map 87 Northern Congo and Southern Central African Republic [52a],848
821,Bon Gula,,,,bong1282,2007,asher2007world,features,feature,map_089,Map 89 Central African Republic and South-Eastern Chad [51],849
822,Bondanga-Lingonda,,,,ling1264,2007,asher2007world,features,feature,map_082,Map 82 Democratic Republic of Congo: Equate [16],850
823,Bonde,,,,mong1338,2007,asher2007world,features,feature,map_082,Map 82 Democratic Republic of Congo: Equate [42d],851
824,Bondei,,,,bond1247,2007,asher2007world,features,feature,map_085,Map 85 Kenyan Coast [15],852
825,Bondo,,,,kimb1241,2007,asher2007world,features,feature,map_084,Map 84 Angola [21],853
826,Bondum Dom,,,,bond1252,2007,asher2007world,features,feature,map_104,Map 104 Burkina Faso [4g],854
827,Bonerate,,,,bone1254,2007,asher2007world,features,feature,map_039,Map 39 Sulawesi [57],855
828,Bonerif,,,,bone1255,2007,asher2007world,features,feature,map_034,Map 34 Irian Jaya [150],856
829,Bong'omok,,,,bong1286,2007,asher2007world,features,feature,map_086,Map 86 Central East Africa [82],857
830,Bongo,,,,bong1287,2007,asher2007world,features,feature,map_034,Map 34 Irian Jaya [177],858
831,Bongo,,,,bong1283,2007,asher2007world,features,feature,map_082 map_089,Map 82 Democratic Republic of Congo: Equate [52]; Map 89 Central African Republic and South-Eastern Chad [22],859
832,Bongo (& Dialects),,,,bong1285,2007,asher2007world,features,feature,map_079,Map 79 Democratic Republic of Congo: Orienta [58],860
833,Bongo Dialects,,,,bong1285,2007,asher2007world,features,feature,map_072,Map 72 Sudan and the Horn of Africa [178],861
834,Bongu,,,,bong1291,2007,asher2007world,features,feature,map_033,Map 33 Northern Papua New Guinea [22],862
835,Boni,,,,awee1242,2007,asher2007world,features,feature,map_072 map_085,Map 72 Sudan and the Horn of Africa [56]; Map 85 Kenyan Coast [40],863
836,Bonjo,,,,bonj1234,2007,asher2007world,features,feature,map_087,Map 87 Northern Congo and Southern Central African Republic [77],864
837,Bonkiman,,,,bonk1244,2007,asher2007world,features,feature,map_033,Map 33 Northern Papua New Guinea [121],865
838,Bontok,,,,bont1247,2007,asher2007world,features,feature,map_040,Map 40 The Philippines [28],866
839,Booli,,,,boli1263,2007,asher2007world,features,feature,map_080 map_081,Map 80 Democratic Republic of Congo: Kivu [4d]; Map 81 Democratic Republic of Congo: Kasai [1e],867
840,Bora Muinane,,,,muin1242,traditional,asher2007world,features,feature,map_012,Map 12 Northern South America: Time of Contact [183],868
842,Bora-Miranya,,,,bora1263,traditional,asher2007world,features,feature,map_012,Map 12 Northern South America: Time of Contact [182],870
844,Borai,,,,mans1260,2007,asher2007world,features,feature,map_034,Map 34 Irian Jaya [117],872
845,Borana,,,,bora1272,2007,asher2007world,features,feature,map_072 map_085 map_086,Map 72 Sudan and the Horn of Africa [53i]; Map 85 Kenyan Coast [43b]; Map 86 Central East Africa [96b],873
846,Borjeño,,,,coch1272,traditional,asher2007world,features,feature,map_003,Map 3 South-Western North America: Time of Contact [57],874
847,Borneo Coastal Malay,,,,,2007,asher2007world,features,feature,map_041,Map 41 Borneo and Madagascar [12],875
848,Bororo,,,,boro1282,traditional,asher2007world,features,feature,map_018,Map 18 Brazilian Atlantic Coast: Time of Contact [278],876
850,Boruka,,,,boru1252,traditional,asher2007world,features,feature,map_012,Map 12 Northern South America: Time of Contact [45],878
851,Bosaka,,,,mong1338,2007,asher2007world,features,feature,map_080 map_081,Map 80 Democratic Republic of Congo: Kivu [4k]; Map 81 Democratic Republic of Congo: Kasai [1y],879
852,Bosho,,,,bosh1240,2007,asher2007world,features,feature,map_086,Map 86 Central East Africa [6h],880
853,Bosilewa,,,,bose1237,2007,asher2007world,features,feature,map_031,Map 31 South-Eastern Papua New Guinea [24],881
854,Bosman (Bosngun),,,,bosn1248,2007,asher2007world,features,feature,map_033,Map 33 Northern Papua New Guinea [335],882
855,Bosoko,,,,sout2785,2007,asher2007world,features,feature,map_091,Map 91 Adamawa Region [39d],883
856,Botlikh,,,,botl1242,2007,asher2007world,features,feature,map_059,Map 59 The Caucasus [25],884
857,Botolan,,,,boto1242,2007,asher2007world,features,feature,map_040,Map 40 The Philippines [41],885
858,Bouye,,,,bouy1241,2007,asher2007world,features,feature,map_033,Map 33 Northern Papua New Guinea [277],886
859,Bowiri,,,,tuwu1238,2007,asher2007world,features,feature,map_102 map_103,Map 102 Benin and Togo [4a]; Map 103 Ghana [28],887
860,Bowol (Bwol),,,,bwol1240,2007,asher2007world,features,feature,map_096,"Map 96 South Plateau, Nigeria [65d]",888
861,Bozo,,,,bozo1252,2007,asher2007world,features,feature,map_104 map_073,Map 104 Burkina Faso [80]; Map 73 North-West Africa [75],889
862,Boţahārī,,,,bath1244,2007,asher2007world,features,feature,map_070,Map 70 The Middle East and Arabian Peninsula [103],890
863,Bragat,,,,brag1240,2007,asher2007world,features,feature,map_033,Map 33 Northern Papua New Guinea [241],891
864,Brahui,,,,brah1256,2007,asher2007world,features,feature,map_053 map_054,"Map 53 Iran, Afghanistan and Pakistan [80]; Map 54 North-West India [78]",892
865,Brao,,,,lave1249,2007,asher2007world,features,feature,map_048,"Map 48 Southern Thailand, Laos and Vietnam, and Cambodia [43]",893
866,Brat,,,,maib1239,2007,asher2007world,features,feature,map_034,Map 34 Irian Jaya [114],894
867,Bre,,,,brek1238,2007,asher2007world,features,feature,map_049,Map 49 Burma (Myanmar) [26],895
868,Brer,,,,brer1240,2007,asher2007world,features,feature,map_033,Map 33 Northern Papua New Guinea [345],896
869,Breton,,,,bret1244,2007,asher2007world,features,feature,map_063 map_069,"Map 63 The British Isles [3]; Map 69 France, Belgium, the Netherlands and Luxembourg [14]",897
870,Bria,,,,bere1248,2007,asher2007world,features,feature,map_089,Map 89 Central African Republic and South-Eastern Chad [25],898
871,Bribri,,,,brib1243,traditional,asher2007world,features,feature,map_012,Map 12 Northern South America: Time of Contact [46b],899
872,Bru/ Vankieu,,,,brou1236,2007,asher2007world,features,feature,map_047,"Map 47 Northern Thailand, Laos and Vietnam [47]",900
873,Bu-Za-Ngem,,,,bebo1243,2007,asher2007world,features,feature,map_095,Map 95 South-Eastern Nigeria and Mid-Western Cameroon [24],901
874,Bua (& Mana?),,,,buaa1245,2007,asher2007world,features,feature,map_089,Map 89 Central African Republic and South-Eastern Chad [45],902
875,Bubalia,,,,baba1273,2007,asher2007world,features,feature,map_099,Map 99 Lake Chad Region [33],903
876,Bubalia (Beraku),,,,baba1273,2007,asher2007world,features,feature,map_090,"Map 90 Central African Republic, South-Western Chad and Cameroon [44d]",904
877,Bubi,,,,bube1242,2007,asher2007world,features,feature,map_092,Map 92 South-Western Cameroon [20],905
878,Bubia,,,,bubi1249,2007,asher2007world,features,feature,map_092,Map 92 South-Western Cameroon [16],906
879,Buda-Mono,,,,sout2785,2007,asher2007world,features,feature,map_087,Map 87 Northern Congo and Southern Central African Republic [92],907
880,Budu,,,,budu1250,2007,asher2007world,features,feature,map_079,Map 79 Democratic Republic of Congo: Orienta [15],908
881,Budukh,,,,budu1248,2007,asher2007world,features,feature,map_059,Map 59 The Caucasus [42],909
882,Buduma,,,,budu1265,2007,asher2007world,features,feature,map_071 map_073 map_099,Map 71 North-East Africa [49]; Map 73 North-West Africa [31]; Map 99 Lake Chad Region [12],910
883,Budya,,,,song1303,2007,asher2007world,features,feature,map_078,Map 78 Democratic Republic of Congo: Katang [20b],911
884,Budza,,,,budz1238,2007,asher2007world,features,feature,map_082,Map 82 Democratic Republic of Congo: Equate [28b],912
885,Buena Vista,,,,buen1244,traditional,asher2007world,features,feature,map_004,Map 4 California: Time of Contact [79],913
886,Buga,,,,kxoe1243,2007,asher2007world,features,feature,map_074 map_077,Map 74 Southern Africa [54]; Map 77 Zambia [77],914
887,Bugis,,,,bugi1244,2007,asher2007world,features,feature,map_039 map_041,Map 39 Sulawesi [45]; Map 41 Borneo and Madagascar [0],915 916
888,Bugotu,,,,bugh1239,2007,asher2007world,features,feature,map_029,Map 29 Solomon Islands and Bougainville [36],917
889,Bugun,,,,bugu1246,2007,asher2007world,features,feature,map_051,"Map 51 North-East India, Bangladesh, Bhutan and Nepal [90]",918
891,Buhid,,,,buhi1245,2007,asher2007world,features,feature,map_040,Map 40 The Philippines [53],920
892,Buin,,,,buin1248,2007,asher2007world,features,feature,map_029,Map 29 Solomon Islands and Bougainville [78],921
893,Buja,,,,,2007,asher2007world,features,feature,map_079 map_082,Map 79 Democratic Republic of Congo: Orienta [27]; Map 82 Democratic Republic of Congo: Equate [23],922
894,Bujeba,,,,kwas1243,2007,asher2007world,features,feature,map_088 map_092,Map 88 Gabon and Equatorial Guinea [35]; Map 92 South-Western Cameroon [33],923 924
895,Buji,,,,buji1242,2007,asher2007world,features,feature,map_097,"Map 97 North Plateau, Nigeria [46b]",925
896,Bukar Sadong,,,,buka1259,2007,asher2007world,features,feature,map_041,Map 41 Borneo and Madagascar [21],926
897,Bukat,,,,buka1261,2007,asher2007world,features,feature,map_041,Map 41 Borneo and Madagascar [61],927
898,Bukawa,,,,buga1250,2007,asher2007world,features,feature,map_032,Map 32 Southern Papua New Guinea [197],928
899,Bukitan,,,,buki1248,2007,asher2007world,features,feature,map_041,Map 41 Borneo and Madagascar [36],929
900,Bukusu,,,,buku1249,2007,asher2007world,features,feature,map_086,Map 86 Central East Africa [35a],930
901,Bulang Wa,,,,bula1260,2007,asher2007world,features,feature,map_046,"Map 46 Yunnan Province, China [10]",931
902,Bulba (Nootre),,,,notr1240,2007,asher2007world,features,feature,map_102,Map 102 Benin and Togo [63],932
903,Bulgarian,,,,bulg1262,2007,asher2007world,features,feature,map_058 map_060 map_061 map_066,"Map 58 Western Russia, the Baltic States, Belarus, Ukraine and Moldova [6]; Map 60 Turkey [1]; Map 61 Hungary, Romania and the Balkans [7]; Map 66 Albania, Greece, Crete and Cyprus [5]",933 934
904,Bulgebi,,,,bulg1265,2007,asher2007world,features,feature,map_033,Map 33 Northern Papua New Guinea [136],935
905,Buli,,,,buli1254,2007,asher2007world,features,feature,map_103 map_104,Map 103 Ghana [54]; Map 104 Burkina Faso [39a],936
906,Buli,,,,buli1256,2007,asher2007world,features,feature,map_037,Map 37 The Moluccas [43],937
907,Buli,,,,sout2785,2007,asher2007world,features,feature,map_091,Map 91 Adamawa Region [39b],938
908,Bulu,,,,bulu1253,2007,asher2007world,features,feature,map_030,Map 30 New Britain and New Ireland [76],939
909,Bulu,,,,bulu1251,2007,asher2007world,features,feature,map_092,Map 92 South-Western Cameroon [40f],940
910,Bum,,,,bumm1238,2007,asher2007world,features,feature,map_095,Map 95 South-Eastern Nigeria and Mid-Western Cameroon [42a],941
911,Bumaji,,,,buma1244,2007,asher2007world,features,feature,map_095,Map 95 South-Eastern Nigeria and Mid-Western Cameroon [73h],942
912,Bumbita (Bumbita Arapesh),,,,bumb1241,2007,asher2007world,features,feature,map_033,Map 33 Northern Papua New Guinea [259],943
913,Bumthang,,,,bumt1240,2007,asher2007world,features,feature,map_051,"Map 51 North-East India, Bangladesh, Bhutan and Nepal [33]",944
914,Bun,,,,bunn1240,2007,asher2007world,features,feature,map_033,Map 33 Northern Papua New Guinea [361],945
915,Buna,,,,buna1277,2007,asher2007world,features,feature,map_033,Map 33 Northern Papua New Guinea [267],946
917,Bunabun,,,,brem1238,2007,asher2007world,features,feature,map_033,Map 33 Northern Papua New Guinea [53],948
918,Bunak,,,,buna1278,2007,asher2007world,features,feature,map_038,Map 38 Lesser Sunda Islands and Timor [66],949
919,Bunama,,,,buna1276,2007,asher2007world,features,feature,map_031,Map 31 South-Eastern Papua New Guinea [26],950
920,Bunan,,,,gahr1239,2007,asher2007world,features,feature,map_054,Map 54 North-West India [18],951
921,Bunda,,,,koon1244,2007,asher2007world,features,feature,map_084,Map 84 Angola [1g],952
922,Bundeli,,,,bund1253,2007,asher2007world,features,feature,map_054,Map 54 North-West India [66],953
923,Bungain,,,,bung1270,2007,asher2007world,features,feature,map_033,Map 33 Northern Papua New Guinea [264],954
925,Bungku,,,,bung1269,2007,asher2007world,features,feature,map_039,Map 39 Sulawesi [36],956
926,Bunun,,,,bunu1267,2007,asher2007world,features,feature,map_050,"Map 50 Japan, Korea and Taiwan [15]",957
927,Buol,,,,buol1237,2007,asher2007world,features,feature,map_039,Map 39 Sulawesi [18],958
928,Bura,,,,bura1292,2007,asher2007world,features,feature,map_100 map_094 map_098,Map 100 Northern Nigeria and Niger [11]; Map 94 Northern Cameroon [9]; Map 98 North-Eastern Nigeria [104],959
929,Burak,,,,bura1271,2007,asher2007world,features,feature,map_098,Map 98 North-Eastern Nigeria [16],960
932,Burhinyi,,,,shii1238,2007,asher2007world,features,feature,map_080,Map 80 Democratic Republic of Congo: Kivu [46],963
933,Burji,,,,burj1242,2007,asher2007world,features,feature,map_072 map_085 map_086,Map 72 Sudan and the Horn of Africa [69]; Map 85 Kenyan Coast [42]; Map 86 Central East Africa [95],964 965
934,Burmese,,,,nucl1310,2007,asher2007world,features,feature,map_049,Map 49 Burma (Myanmar) [54],966
935,Buru,,,,buru1303,2007,asher2007world,features,feature,map_037,Map 37 The Moluccas [33],967
936,Burum,,,,buru1306,2007,asher2007world,features,feature,map_032,Map 32 Southern Papua New Guinea [47],968
937,Burun,,,,buru1301,2007,asher2007world,features,feature,map_072,Map 72 Sudan and the Horn of Africa [153],969
938,Burunge,,,,buru1320,2007,asher2007world,features,feature,map_076 map_086,Map 76 Southern Tanzania [70]; Map 86 Central East Africa [92],970
939,Burushaski,,,,buru1296,2007,asher2007world,features,feature,map_053,"Map 53 Iran, Afghanistan and Pakistan [79a]",971
940,Burusu,,,,buru1304,2007,asher2007world,features,feature,map_041,Map 41 Borneo and Madagascar [45],972
941,Buryat,,,,russ1264,2007,asher2007world,features,feature,map_055,Map 55 Eastern Siberia [9],973
942,Buryat (Buriat),,,,mong1330,2007,asher2007world,features,feature,map_045,Map 45 China and Mongolia [28],974
943,Busa,,,,busa1253,2007,asher2007world,features,feature,map_100 map_101 map_102,Map 100 Northern Nigeria and Niger [30]; Map 101 South-Western Nigeria [94]; Map 102 Benin and Togo [76],975
944,Busam,,,,busa1251,2007,asher2007world,features,feature,map_093 map_095,Map 93 Central South-Western Cameroon [32]; Map 95 South-Eastern Nigeria and Mid-Western Cameroon [40h],976
945,Busami,,,,busa1254,2007,asher2007world,features,feature,map_034,Map 34 Irian Jaya [203],977
946,Busang,,,,maha1298,2007,asher2007world,features,feature,map_041,Map 41 Borneo and Madagascar [51],978
947,Bushong (Kuba),,,,bush1247,2007,asher2007world,features,feature,map_081,Map 81 Democratic Republic of Congo: Kasai [49],979
948,Butam,,,,buta1242,2007,asher2007world,features,feature,map_030,Map 30 New Britain and New Ireland [80],980
949,Butmas-Tur,,,,butm1237,2007,asher2007world,features,feature,map_027,Map 27 Vanuatu and New Caledonia [25],981
950,Buton,,,,ciac1237,2007,asher2007world,features,feature,map_039,Map 39 Sulawesi [55],982
951,Butu-Ningi,,,,gamo1241,2007,asher2007world,features,feature,map_097,"Map 97 North Plateau, Nigeria [30]",983
952,Butuanon,,,,butu1244,2007,asher2007world,features,feature,map_040,Map 40 The Philippines [81],984
953,Buu-1,,,,poko1261,2007,asher2007world,features,feature,map_085,Map 85 Kenyan Coast [3k],985
954,Buu-2,,,,poko1261,2007,asher2007world,features,feature,map_085,Map 85 Kenyan Coast [3h],986
955,Buu-3,,,,poko1261,2007,asher2007world,features,feature,map_085,Map 85 Kenyan Coast [3m],987
956,Buwal,,,,buwa1243,2007,asher2007world,features,feature,map_094,Map 94 Northern Cameroon [43],988
957,Buyu,,,,buyu1239,2007,asher2007world,features,feature,map_078 map_080,Map 78 Democratic Republic of Congo: Katang [26]; Map 80 Democratic Republic of Congo: Kivu [59],989
958,Bveri,,,,bver1238,2007,asher2007world,features,feature,map_091 map_094,Map 91 Adamawa Region [36c]; Map 94 Northern Cameroon [6c],990
959,Bviri,,,,birr1240,2007,asher2007world,features,feature,map_079,Map 79 Democratic Republic of Congo: Orienta [67],991
960,Bwa,,,,bwaa1238,2007,asher2007world,features,feature,map_079,Map 79 Democratic Republic of Congo: Orienta [30],992
961,Bwaidoga,,,,bwai1243,2007,asher2007world,features,feature,map_031,Map 31 South-Eastern Papua New Guinea [30],993
962,Bwamu,,,,buam1238,2007,asher2007world,features,feature,map_104 map_105,Map 104 Burkina Faso [40a]; Map 105 Ivory Coast [36],994 995
963,Bwari,,,,kabw1242,2007,asher2007world,features,feature,map_080,Map 80 Democratic Republic of Congo: Kivu [49],996
964,Bwende,,,,bwen1238,2007,asher2007world,features,feature,map_083,Map 83 Democratic Republic of Congo: Bas Congo and Southern Congo [3],997
965,Bweru,,,,rund1242,2007,asher2007world,features,feature,map_080,Map 80 Democratic Republic of Congo: Kivu [23a],998
966,Bwiko,,,,bwek1239,2007,asher2007world,features,feature,map_088,Map 88 Gabon and Equatorial Guinea [3d],999
967,Bwile,,,,bwil1245,2007,asher2007world,features,feature,map_078,Map 78 Democratic Republic of Congo: Katang [31a],1000
968,Bwisi,,,,tali1258,2007,asher2007world,features,feature,map_079,Map 79 Democratic Republic of Congo: Orienta [5],1001
969,Bwisi,,,,bwis1242,2007,asher2007world,features,feature,map_083 map_088,Map 83 Democratic Republic of Congo: Bas Congo and Southern Congo [23]; Map 88 Gabon and Equatorial Guinea [16],1002
970,Bworo,,,,boro1277,2007,asher2007world,features,feature,map_072,Map 72 Sudan and the Horn of Africa [94],1003
971,Byangsi,,,,byan1241,2007,asher2007world,features,feature,map_051 map_054,"Map 51 North-East India, Bangladesh, Bhutan and Nepal [46b]; Map 54 North-West India [15b]",1004
972,Byep,,,,nucl1407,2007,asher2007world,features,feature,map_087,Map 87 Northern Congo and Southern Central African Republic [57a],1005
973,C(H)Ara,,,,cara1270,2007,asher2007world,features,feature,map_097,"Map 97 North Plateau, Nigeria [16a]",1006
974,Ca',,,,caaa1238,2007,asher2007world,features,feature,map_093,Map 93 Central South-Western Cameroon [64f],1007
975,Caac,,,,caac1237,2007,asher2007world,features,feature,map_027,Map 27 Vanuatu and New Caledonia [111],1008
976,Caddo,,,,cadd1256,traditional,asher2007world,features,feature,map_002,Map 2 South-Eastern North America: Time of Contact [15],1009
978,Cadegomeño,,,,coch1272,traditional,asher2007world,features,feature,map_003,Map 3 South-Western North America: Time of Contact [59],1011
979,Cahto,,,,kato1244,traditional,asher2007world,features,feature,map_004,Map 4 California: Time of Contact [30],1012
980,Cahuilla,,,,cahu1264,traditional,asher2007world,features,feature,map_003,Map 3 South-Western North America: Time of Contact [22],1013
981,Caijia,,,,caij1234,2007,asher2007world,features,feature,map_045,Map 45 China and Mongolia [17],1014
983,Caka,,,,caka1240,2007,asher2007world,features,feature,map_095,Map 95 South-Eastern Nigeria and Mid-Western Cameroon [12],1016
984,Calusa,,,,calu1239,traditional,asher2007world,features,feature,map_002,Map 2 South-Eastern North America: Time of Contact [53],1017
985,Caolan,,,,caol1238,2007,asher2007world,features,feature,map_047,"Map 47 Northern Thailand, Laos and Vietnam [13]",1018
986,Cape Cumberland,,,,nort3217,2007,asher2007world,features,feature,map_027,Map 27 Vanuatu and New Caledonia [47],1019
987,Capiznon,,,,capi1239,2007,asher2007world,features,feature,map_040,Map 40 The Philippines [77],1020
988,Carolina Algonquian,,,,caro1243,traditional,asher2007world,features,feature,map_001,Map 1 East Coast and Great Lakes: Time of Contact [34],1021
989,Carrier,,,,carr1249,traditional,asher2007world,features,feature,map_006,Map 6 North-Western Pacific America: Time of Contact [8],1022
991,Casiguran Dumagat,,,,casi1235,2007,asher2007world,features,feature,map_040,Map 40 The Philippines [7],1024
992,Casuarina Coast Asmat,,,,casu1237,2007,asher2007world,features,feature,map_034,Map 34 Irian Jaya [26],1025
993,Catalan,,,,stan1289,2007,asher2007world,features,feature,map_068 map_069,"Map 68 The Iberian Peninsula and Atlantic Islands [3]; Map 69 France, Belgium, the Netherlands and Luxembourg [6]",1026
994,Catawba,,,,cata1286,traditional,asher2007world,features,feature,map_002,Map 2 South-Eastern North America: Time of Contact [12],1027
995,Cathlamet,,,,kath1253,traditional,asher2007world,features,feature,map_004,Map 4 California: Time of Contact [6],1028
996,Cayuga,,,,cayu1261,traditional,asher2007world,features,feature,map_001,Map 1 East Coast and Great Lakes: Time of Contact [40],1029
997,Cayuse,,,,cayu1241,traditional,asher2007world,features,feature,map_004,Map 4 California: Time of Contact [12],1030
998,Cebuano,,,,cebu1242,2007,asher2007world,features,feature,map_040,Map 40 The Philippines [80],1031
999,Cemuhî,,,,cemu1238,2007,asher2007world,features,feature,map_027,Map 27 Vanuatu and New Caledonia [120],1032
1000,Central (Minzhong) Dialect,,,,minz1235,2007,asher2007world,features,feature,map_045,Map 45 China and Mongolia [10],1033
1002,Central Asmat,,,,cent2117,2007,asher2007world,features,feature,map_034,Map 34 Irian Jaya [25],1035
1003,Central Cagayan Agta,,,,cent2084,2007,asher2007world,features,feature,map_040,Map 40 The Philippines [16],1036
1004,Central Chin,,,,fala1243,2007,asher2007world,features,feature,map_049,Map 49 Burma (Myanmar) [48],1037
1005,Central Delta,,,,sout3113,2007,asher2007world,features,feature,map_071,Map 71 North-East Africa [2],1038
1006,Central Idoma,,,,idom1241,2007,asher2007world,features,feature,map_101,"Map 101 South-Western Nigeria [60b, 60c, 60d]",1039
1007,Central Igbo,,,,nucl1417,2007,asher2007world,features,feature,map_101,Map 101 South-Western Nigeria [83],1040
1008,Central Ijo,,,,izon1238,2007,asher2007world,features,feature,map_101,Map 101 South-Western Nigeria [5],1041
1009,Central Kalapuyan,,,,kala1400,traditional,asher2007world,features,feature,map_004,Map 4 California: Time of Contact [14],1042
1010,Central Karanga,,,,kara1480,2007,asher2007world,features,feature,map_074 map_075,Map 74 Southern Africa [16]; Map 75 Mozambique [42h],1043
1011,Central Maewo,,,,cent2058,2007,asher2007world,features,feature,map_027,Map 27 Vanuatu and New Caledonia [17],1044
1013,Central Mnong,,,,cent1992,2007,asher2007world,features,feature,map_048,"Map 48 Southern Thailand, Laos and Vietnam, and Cambodia [73]",1046
1015,"Central Nawa, Central Nahuatl",,,,cent2258,traditional,asher2007world,features,feature,map_010,Map 10 Meso-America: Time of Contact [59a],1048
1016,Central Nosu [Shengza],,,,sich1238,2007,asher2007world,features,feature,map_046,"Map 46 Yunnan Province, China [48C]",1049
1017,Central Nupe,,,,nupe1256,2007,asher2007world,features,feature,map_101 map_102 map_097,"Map 101 South-Western Nigeria [57]; Map 102 Benin and Togo [35]; Map 97 North Plateau, Nigeria [65]",1050 1051
1019,Central Pomo,,,,cent2138,traditional,asher2007world,features,feature,map_004,Map 4 California: Time of Contact [55],1053
1020,Central Sama,,,,cent2092,2007,asher2007world,features,feature,map_040,Map 40 The Philippines [118],1054
1022,"Central Sapoteko, Central Zapoteco",,,,cent2146,traditional,asher2007world,features,feature,map_010,Map 10 Meso-America: Time of Contact [46c],1056
1024,Central Sierra Miwok,,,,cent2140,traditional,asher2007world,features,feature,map_004,Map 4 California: Time of Contact [64],1058
1025,Central Southern Ojibwe,,,,cent2136,traditional,asher2007world,features,feature,map_007,Map 7 Northern North America: Time of Contact [75],1059
1027,Central Subanen,,,,cent2089,2007,asher2007world,features,feature,map_040,Map 40 The Philippines [91],1061
1028,Central Syrian Dialects,,,,,2007,asher2007world,features,feature,map_070,Map 70 The Middle East and Arabian Peninsula [89],1062
1029,Central Yoruba,,,,yoru1245,2007,asher2007world,features,feature,map_101 map_102,Map 101 South-Western Nigeria [88]; Map 102 Benin and Togo [30],1063
1030,Central-Eastern Choiseul,,,,east2760,2007,asher2007world,features,feature,map_029,Map 29 Solomon Islands and Bougainville [18],1064
1035,Chakali,,,,chak1271,2007,asher2007world,features,feature,map_103 map_104,Map 103 Ghana [71]; Map 104 Burkina Faso [53],1069
1036,Chakchiuma,,,,west2614,traditional,asher2007world,features,feature,map_002,Map 2 South-Eastern North America: Time of Contact [44],1070
1037,Chakfam-Moshere,,,,cakf1236,2007,asher2007world,features,feature,map_096,"Map 96 South Plateau, Nigeria [60]",1071
1038,Chakhesang,,,,chok1243,2007,asher2007world,features,feature,map_051,"Map 51 North-East India, Bangladesh, Bhutan and Nepal [132]",1072
1039,Chakosi,,,,anuf1239,2007,asher2007world,features,feature,map_102 map_103 map_104,Map 102 Benin and Togo [27]; Map 103 Ghana [9]; Map 104 Burkina Faso [70],1073
1040,Chala,,,,chal1269,2007,asher2007world,features,feature,map_102 map_103,Map 102 Benin and Togo [51]; Map 103 Ghana [64],1074
1041,Chalikha,,,,chal1267,2007,asher2007world,features,feature,map_051,"Map 51 North-East India, Bangladesh, Bhutan and Nepal [38]",1075
1042,Chalon,,,,chal1270,traditional,asher2007world,features,feature,map_004,Map 4 California: Time of Contact [71],1076
1043,Cham,,,,east2563,2007,asher2007world,features,feature,map_048,"Map 48 Southern Thailand, Laos and Vietnam, and Cambodia [2]",1077
1044,Cham-Mwana,,,,diji1241,2007,asher2007world,features,feature,map_098,Map 98 North-Eastern Nigeria [6],1078
1045,Chamakoko,,,,cham1315,traditional,asher2007world,features,feature,map_018,Map 18 Brazilian Atlantic Coast: Time of Contact [276],1079
1047,Chamalal,,,,cham1309,2007,asher2007world,features,feature,map_059,Map 59 The Caucasus [31],1081
1048,Chamba Daka,,,,nucl1416,2007,asher2007world,features,feature,map_091 map_095 map_098,Map 91 Adamawa Region [45]; Map 95 South-Eastern Nigeria and Mid-Western Cameroon [72a]; Map 98 North-Eastern Nigeria [51],1082
1049,Chambri (Tchambuli),,,,cham1313,2007,asher2007world,features,feature,map_033,Map 33 Northern Papua New Guinea [351],1083
1050,Chameali,,,,cham1307,2007,asher2007world,features,feature,map_054,Map 54 North-West India [38],1084
1052,Chamling,,,,caml1239,2007,asher2007world,features,feature,map_051,"Map 51 North-East India, Bangladesh, Bhutan and Nepal [73]",1086
1053,Chamorro,,,,cham1312,2007,asher2007world,features,feature,map_028,Map 28 Micronesia [23],1087
1054,Chamus,,,,cham1311,2007,asher2007world,features,feature,map_072 map_086,Map 72 Sudan and the Horn of Africa [163]; Map 86 Central East Africa [76],1088
1055,Chana,,,,chan1296,traditional,asher2007world,features,feature,map_022,Map 22 Southern South America: Time of Contact [268],1089
1056,Chang,,,,chan1313,2007,asher2007world,features,feature,map_051,"Map 51 North-East India, Bangladesh, Bhutan and Nepal [117]",1090
1057,Changriwa,,,,chan1319,2007,asher2007world,features,feature,map_033,Map 33 Northern Papua New Guinea [358],1091
1058,Chantel,,,,chan1310,2007,asher2007world,features,feature,map_051,"Map 51 North-East India, Bangladesh, Bhutan and Nepal [2]",1092
1059,Chapakura,,,,chap1269,traditional,asher2007world,features,feature,map_020,Map 20 Central Pacific Coast: Time of Contact [64],1093
1060,Char,,,,char1283,2007,asher2007world,features,feature,map_071 map_073,Map 71 North-East Africa [37]; Map 73 North-West Africa [27],1094
1061,Chara,,,,char1269,2007,asher2007world,features,feature,map_072,Map 72 Sudan and the Horn of Africa [88],1095
1062,Charrúa,,,,char1240,traditional,asher2007world,features,feature,map_022,Map 22 Southern South America: Time of Contact [267],1096
1063,Chatino,,,,chat1268,traditional,asher2007world,features,feature,map_010,Map 10 Meso-America: Time of Contact [47],1097
1065,Chatong,,,,chat1270,2007,asher2007world,features,feature,map_047,"Map 47 Northern Thailand, Laos and Vietnam [55]",1099
1066,Chatthare Limbu,,,,chat1267,2007,asher2007world,features,feature,map_051,"Map 51 North-East India, Bangladesh, Bhutan and Nepal [86]",1100
1067,Chattisgarhi,,,,chha1249,2007,asher2007world,features,feature,map_051 map_054,"Map 51 North-East India, Bangladesh, Bhutan and Nepal [169]; Map 54 North-West India [72]",1101 1102
1068,Chaudangsi,,,,chau1259,2007,asher2007world,features,feature,map_051 map_054,"Map 51 North-East India, Bangladesh, Bhutan and Nepal [46a]; Map 54 North-West India [15a]",1103
1069,Chaurasia,,,,chau1260,2007,asher2007world,features,feature,map_051,"Map 51 North-East India, Bangladesh, Bhutan and Nepal [60]",1104
1070,Chavacano,,,,chav1241,2007,asher2007world,features,feature,map_040,Map 40 The Philippines [126],1105
1071,Chavikwa,,,,,2007,asher2007world,features,feature,map_084,Map 84 Angola [33],1106
1072,Chawai (Atsam),,,,atsa1241,2007,asher2007world,features,feature,map_097,"Map 97 North Plateau, Nigeria [25b]",1107
1073,Chawasha,,,,,traditional,asher2007world,features,feature,map_002,Map 2 South-Eastern North America: Time of Contact [32],1108
1074,Chawte,,,,chot1239,2007,asher2007world,features,feature,map_051,"Map 51 North-East India, Bangladesh, Bhutan and Nepal [142]",1109
1075,Chayawita,,,,chay1248,traditional,asher2007world,features,feature,map_014,Map 14 Northern Pacific Coast: Time of Contact [169],1110
1077,Che'wong,,,,chew1245,2007,asher2007world,features,feature,map_044,Map 44 West Malaysia and Singapore [6],1112
1078,Chechen,,,,chec1245,2007,asher2007world,features,feature,map_059,Map 59 The Caucasus [20],1113
1079,Chedepo,,,,ched1238,2007,asher2007world,features,feature,map_106,Map 106 Liberia and Sierra Leone [12a],1114
1080,Chemakum,,,,chim1310,traditional,asher2007world,features,feature,map_006,Map 6 North-Western Pacific America: Time of Contact [46],1115
1081,Chembara,,,,kiem1238,2007,asher2007world,features,feature,map_104 map_105 map_107,Map 104 Burkina Faso [8c]; Map 105 Ivory Coast [61a]; Map 107 Guinea and Mali [28],1116
1082,Chemehuevi,,,,chem1251,traditional,asher2007world,features,feature,map_003,Map 3 South-Western North America: Time of Contact [14],1117
1083,"Chenapian (Tsenap, Zenap)",,,,chen1259,2007,asher2007world,features,feature,map_033,Map 33 Northern Papua New Guinea [274],1118
1084,Chepang,,,,chep1245,2007,asher2007world,features,feature,map_051,"Map 51 North-East India, Bangladesh, Bhutan and Nepal [53]",1119
1085,Cherepong,,,,cher1271,2007,asher2007world,features,feature,map_102 map_103,Map 102 Benin and Togo [26]; Map 103 Ghana [19],1120
1086,Cherokee,,,,cher1273,traditional,asher2007world,features,feature,map_002,Map 2 South-Eastern North America: Time of Contact [54],1121
1088,Chesu [Yi],,,,ches1238,2007,asher2007world,features,feature,map_046,"Map 46 Yunnan Province, China [58]",1123
1089,Chewa,,,,chew1246,2007,asher2007world,features,feature,map_075 map_076,Map 75 Mozambique [22]; Map 76 Southern Tanzania [59a],1124
1090,Chewele,,,,ilwa1237,2007,asher2007world,features,feature,map_085,Map 85 Kenyan Coast [2a],1125
1091,Cheyenne,,,,chey1247,traditional,asher2007world,features,feature,map_005,Map 5 The Great Plains: Time of Contact [12],1126
1093,"Chiapaneko, Chiapaneco",,,,chia1262,traditional,asher2007world,features,feature,map_010,Map 10 Meso-America: Time of Contact [41],1128
1094,Chibcha,,,,chib1270,traditional,asher2007world,features,feature,map_012,Map 12 Northern South America: Time of Contact [39],1129
1096,Chickasaw,,,,chic1270,traditional,asher2007world,features,feature,map_002,Map 2 South-Eastern North America: Time of Contact [43],1131
1098,Chikitano,,,,chiq1253,traditional,asher2007world,features,feature,map_016,Map 16 Western Brazil: Time of Contact [277],1133
1100,Chilcotin,,,,tsil1234,traditional,asher2007world,features,feature,map_006,Map 6 North-Western Pacific America: Time of Contact [9],1135
1102,Chilis,,,,chil1275,2007,asher2007world,features,feature,map_053,"Map 53 Iran, Afghanistan and Pakistan [42]",1137
1103,Chimane,,,,mose1249,traditional,asher2007world,features,feature,map_020,Map 20 Central Pacific Coast: Time of Contact [244b],1138
1104,Chimariko,,,,chim1301,traditional,asher2007world,features,feature,map_004,Map 4 California: Time of Contact [42],1139
1105,Chimba-Herero,,,,zemb1238,2007,asher2007world,features,feature,map_074,Map 74 Southern Africa [44a],1140
1106,Chimbu,,,,,2007,asher2007world,features,feature,map_032 map_033,Map 32 Southern Papua New Guinea [15]; Map 33 Northern Papua New Guinea [153],1141
1107,Chimila,,,,chim1309,traditional,asher2007world,features,feature,map_012,Map 12 Northern South America: Time of Contact [36],1142
1110,"Chinanteko, Chinanteco",,,,chin1484,traditional,asher2007world,features,feature,map_010,Map 10 Meso-America: Time of Contact [38],1145
1111,Chintang,,,,chhi1245,2007,asher2007world,features,feature,map_051,"Map 51 North-East India, Bangladesh, Bhutan and Nepal [74]",1146
1112,Chintao /Achang],,,,xian1249,2007,asher2007world,features,feature,map_046,"Map 46 Yunnan Province, China [40]",1147
1113,Chip,,,,mish1244,2007,asher2007world,features,feature,map_096,"Map 96 South Plateau, Nigeria [62]",1148
1114,Chipaya,,,,chip1262,traditional,asher2007world,features,feature,map_020,Map 20 Central Pacific Coast: Time of Contact [210b],1149
1116,Chipewyan,,,,chip1261,traditional,asher2007world,features,feature,map_007,Map 7 Northern North America: Time of Contact [35],1151
1118,Chiricahua,,,,mesc1238,traditional,asher2007world,features,feature,map_003,Map 3 South-Western North America: Time of Contact [8],1153
1121,Chitimacha,,,,chit1248,traditional,asher2007world,features,feature,map_002,Map 2 South-Eastern North America: Time of Contact [31],1156
1122,Chittagonian,,,,chit1275,2007,asher2007world,features,feature,map_051,"Map 51 North-East India, Bangladesh, Bhutan and Nepal [178]",1157
1123,Chitwania Tharu,,,,chit1274,2007,asher2007world,features,feature,map_051,"Map 51 North-East India, Bangladesh, Bhutan and Nepal [165d]",1158
1124,Chiwere,,,,iowa1245,traditional,asher2007world,features,feature,map_005,Map 5 The Great Plains: Time of Contact [29],1159
1125,Chochennyo,,,,east2548,traditional,asher2007world,features,feature,map_004,Map 4 California: Time of Contact [67],1160
1127,Chocho Proper,,,,choc1279,traditional,asher2007world,features,feature,map_010,Map 10 Meso-America: Time of Contact [45a],1162
1128,Choctaw,,,,choc1276,traditional,asher2007world,features,feature,map_002,Map 2 South-Eastern North America: Time of Contact [42],1163
1129,Chokobo,,,,chok1248,2007,asher2007world,features,feature,map_097,"Map 97 North Plateau, Nigeria [32]",1164
1130,Chokwe,,,,chok1245,2007,asher2007world,features,feature,map_077 map_081 map_084,Map 77 Zambia [68]; Map 81 Democratic Republic of Congo: Kasai [77]; Map 84 Angola [41],1165 1166
1131,Chol,,,,chol1282,traditional,asher2007world,features,feature,map_010,Map 10 Meso-America: Time of Contact [6],1167
1133,Choltí,,,,chol1283,traditional,asher2007world,features,feature,map_010,Map 10 Meso-America: Time of Contact [5a],1169
1134,Cholón,,,,chol1284,traditional,asher2007world,features,feature,map_014,Map 14 Northern Pacific Coast: Time of Contact [195],1170
1135,Chomo(-Karim),,,,como1258,2007,asher2007world,features,feature,map_095 map_098,Map 95 South-Eastern Nigeria and Mid-Western Cameroon [85]; Map 98 North-Eastern Nigeria [61],1171
1136,Chong,,,,chon1284,2007,asher2007world,features,feature,map_048,"Map 48 Southern Thailand, Laos and Vietnam, and Cambodia [28]",1172
1138,Chontal (Of Oxaca),,,,lowl1260,traditional,asher2007world,features,feature,map_010,Map 10 Meso-America: Time of Contact [32],1174
1139,Chonyi,,,,chon1287,2007,asher2007world,features,feature,map_085,Map 85 Kenyan Coast [6],1175
1140,Chopi,,,,chop1243,2007,asher2007world,features,feature,map_075,Map 75 Mozambique [44],1176
1141,Chorote,,,,chor1274,traditional,asher2007world,features,feature,map_020,Map 20 Central Pacific Coast: Time of Contact [257],1177
1143,Chorotega,,,,chor1275,traditional,asher2007world,features,feature,map_010,Map 10 Meso-America: Time of Contact [42],1179
1144,Chortí,,,,chor1273,traditional,asher2007world,features,feature,map_010,Map 10 Meso-America: Time of Contact [5b],1180
1146,Choyo,,,,quey1238,2007,asher2007world,features,feature,map_045,Map 45 China and Mongolia [122],1182
1147,Chrau,,,,chra1242,2007,asher2007world,features,feature,map_048,"Map 48 Southern Thailand, Laos and Vietnam, and Cambodia [68]",1183
1148,Chru,,,,chru1239,2007,asher2007world,features,feature,map_048,"Map 48 Southern Thailand, Laos and Vietnam, and Cambodia [5]",1184
1149,Chu-Ung,,,,saoc1239,2007,asher2007world,features,feature,map_048,"Map 48 Southern Thailand, Laos and Vietnam, and Cambodia [33]",1185
1150,Chuave,,,,chua1250,2007,asher2007world,features,feature,map_032,Map 32 Southern Papua New Guinea [16],1186
1151,Chuckchi,,,,chuk1273,2007,asher2007world,features,feature,map_055,Map 55 Eastern Siberia [22],1187
1152,Chuj,,,,chuj1250,traditional,asher2007world,features,feature,map_010,Map 10 Meso-America: Time of Contact [11],1188
1154,Chuka,,,,chuk1274,2007,asher2007world,features,feature,map_072 map_085 map_086,Map 72 Sudan and the Horn of Africa [207]; Map 85 Kenyan Coast [33]; Map 86 Central East Africa [14],1190
1155,Chukwa,,,,chuk1270,2007,asher2007world,features,feature,map_051,"Map 51 North-East India, Bangladesh, Bhutan and Nepal [69]",1191
1156,Chulung,,,,chhu1238,2007,asher2007world,features,feature,map_051,"Map 51 North-East India, Bangladesh, Bhutan and Nepal [76]",1192
1158,Chumbia,,,,,traditional,asher2007world,features,feature,map_010,Map 10 Meso-America: Time of Contact [64],1194
1159,Chumbuli,,,,tchu1241,2007,asher2007world,features,feature,map_102,Map 102 Benin and Togo [15],1195
1160,Chumburung (Yeji),,,,yeji1238,2007,asher2007world,features,feature,map_103,Map 103 Ghana [13],1196
1161,Chuqu Dialect,,,,chuq1241,2007,asher2007world,features,feature,map_045,Map 45 China and Mongolia [7e],1197
1162,Churahi,,,,chur1258,2007,asher2007world,features,feature,map_054,Map 54 North-West India [36],1198
1163,Churuya,,,,,traditional,asher2007world,features,feature,map_012,Map 12 Northern South America: Time of Contact [71],1199
1165,Chuvash,,,,chuv1255,2007,asher2007world,features,feature,map_058,"Map 58 Western Russia, the Baltic States, Belarus, Ukraine and Moldova [10]",1201
1166,Chwabo,,,,chuw1238,2007,asher2007world,features,feature,map_075,Map 75 Mozambique [29],1202
1167,Chwaka,,,,chwa1242,2007,asher2007world,features,feature,map_085,Map 85 Kenyan Coast [12a],1203
1168,Chákobo,,,,chac1251,traditional,asher2007world,features,feature,map_014,Map 14 Northern Pacific Coast: Time of Contact [234],1204
1170,Chähä,,,,chah1248,2007,asher2007world,features,feature,map_072,Map 72 Sudan and the Horn of Africa [40],1206
1171,Ci Banda,,,,,2007,asher2007world,features,feature,map_083,Map 83 Democratic Republic of Congo: Bas Congo and Southern Congo [6b],1207
1172,Ci Mongo,,,,,2007,asher2007world,features,feature,map_083,Map 83 Democratic Republic of Congo: Bas Congo and Southern Congo [6a],1208
1173,Ciinaluul,,,,kany1247,2007,asher2007world,features,feature,map_078,Map 78 Democratic Republic of Congo: Katang [24c],1209
1174,Ciley,,,,kany1247,2007,asher2007world,features,feature,map_078,Map 78 Democratic Republic of Congo: Katang [24b],1210
1175,Cinda,,,,cind1242,2007,asher2007world,features,feature,map_100 map_101,Map 100 Northern Nigeria and Niger [20]; Map 101 South-Western Nigeria [47a],1211
1176,Citak Asmat,,,,cita1245,2007,asher2007world,features,feature,map_034,Map 34 Irian Jaya [27],1212
1177,Clallam,,,,clal1241,traditional,asher2007world,features,feature,map_006,Map 6 North-Western Pacific America: Time of Contact [27],1213
1178,Clatskanie,,,,clat1234,traditional,asher2007world,features,feature,map_004,Map 4 California: Time of Contact [22],1214
1179,Coahuilteco,,,,coah1252,traditional,asher2007world,features,feature,map_003,Map 3 South-Western North America: Time of Contact [74],1215
1180,Coast Miwok,,,,coas1301,traditional,asher2007world,features,feature,map_004,Map 4 California: Time of Contact [60],1216
1181,Coast Tsimshian,,,,coas1300,traditional,asher2007world,features,feature,map_006,Map 6 North-Western Pacific America: Time of Contact [15],1217
1182,Coastal Malay,,,,,2007,asher2007world,features,feature,map_044,Map 44 West Malaysia and Singapore [24],1218
1183,Cocopa,,,,coco1261,traditional,asher2007world,features,feature,map_003,Map 3 South-Western North America: Time of Contact [55],1219
1185,Coeur D'alene,,,,coeu1236,traditional,asher2007world,features,feature,map_006,Map 6 North-Western Pacific America: Time of Contact [33],1221
1186,Colapissa,,,,,traditional,asher2007world,features,feature,map_002,Map 2 South-Eastern North America: Time of Contact [40],1222
1187,Colo (Shilluk),,,,shil1265,2007,asher2007world,features,feature,map_072,Map 72 Sudan and the Horn of Africa [155],1223
1188,Columbian,,,,colu1241,traditional,asher2007world,features,feature,map_006,Map 6 North-Western Pacific America: Time of Contact [34],1224
1190,Comanche,,,,coma1245,traditional,asher2007world,features,feature,map_003,Map 3 South-Western North America: Time of Contact [12],1226
1191,Comecrudo,,,,come1253,traditional,asher2007world,features,feature,map_003,Map 3 South-Western North America: Time of Contact [78],1227
1192,Common Somali,,,,soma1255,2007,asher2007world,features,feature,map_085,Map 85 Kenyan Coast [41a],1228
1193,Comox,,,,como1259,traditional,asher2007world,features,feature,map_006,Map 6 North-Western Pacific America: Time of Contact [18],1229
1194,Cone,,,,chon1285,2007,asher2007world,features,feature,map_045,Map 45 China and Mongolia [93],1230
1196,Cosung,,,,coon1239,2007,asher2007world,features,feature,map_047,"Map 47 Northern Thailand, Laos and Vietnam [88]",1232
1197,Cotabato Manobo,,,,cota1241,2007,asher2007world,features,feature,map_040,Map 40 The Philippines [112],1233
1198,Cotoname,,,,coto1248,traditional,asher2007world,features,feature,map_003,Map 3 South-Western North America: Time of Contact [77],1234
1199,Cowlitz,,,,cowl1242,traditional,asher2007world,features,feature,map_006,Map 6 North-Western Pacific America: Time of Contact [38],1235
1200,Creek,,,,cree1270,traditional,asher2007world,features,feature,map_002,Map 2 South-Eastern North America: Time of Contact [48],1236
1201,Crioulo,,,,uppe1455,2007,asher2007world,features,feature,map_108,"Map 108 Senegal, Gambia and Guinea Bissau [C]",1238
1202,Crioulo,,,,kabu1256,2007,asher2007world,features,feature,map_068,Map 68 The Iberian Peninsula and Atlantic Islands [4],1239
1203,Crow,,,,crow1244,traditional,asher2007world,features,feature,map_005,Map 5 The Great Plains: Time of Contact [21],1240
1206,Cupeño,,,,cupe1243,traditional,asher2007world,features,feature,map_003,Map 3 South-Western North America: Time of Contact [21],1243
1207,Cuvak,,,,cuvo1236,2007,asher2007world,features,feature,map_094,Map 94 Northern Cameroon [40],1244
1208,Cuyama,,,,,traditional,asher2007world,features,feature,map_004,Map 4 California: Time of Contact [90],1245
1209,Czech,,,,czec1258,2007,asher2007world,features,feature,map_062 map_065,"Map 62 Poland, the Czech Republic and Slovakia [5]; Map 65 Germany, Austria, Liechtenstein and Switzerland [16]",1246
1210,Daba,,,,nucl1683,2007,asher2007world,features,feature,map_094,Map 94 Northern Cameroon [45],1247
1211,Dabra,,,,tawo1244,2007,asher2007world,features,feature,map_034,Map 34 Irian Jaya [135],1248
1212,"Dadibi (Daribi, Mikaru)",,,,dadi1250,2007,asher2007world,features,feature,map_032,Map 32 Southern Papua New Guinea [153],1249
1213,Dafo-Batura,,,,daff1239,2007,asher2007world,features,feature,map_096,"Map 96 South Plateau, Nigeria [79]",1250
1214,Daga (Dimuga),,,,daga1275,2007,asher2007world,features,feature,map_031,Map 31 South-Eastern Papua New Guinea [67],1251
1215,Daga-Nyonga (Samba Leeko),,,,,2007,asher2007world,features,feature,map_093 map_095,Map 93 Central South-Western Cameroon [100]; Map 95 South-Eastern Nigeria and Mid-Western Cameroon [96a],1252
1216,Dagaari,,,,nort2780,2007,asher2007world,features,feature,map_103 map_104 map_105,Map 103 Ghana [40]; Map 104 Burkina Faso [16]; Map 105 Ivory Coast [33],1253
1218,Dagana,,,,,2007,asher2007world,features,feature,map_099,Map 99 Lake Chad Region [14],1255
1219,Dagbani,,,,dagb1246,2007,asher2007world,features,feature,map_102 map_103 map_104,Map 102 Benin and Togo [68]; Map 103 Ghana [48]; Map 104 Burkina Faso [23],1256
1220,Dagergjas,,,,gerg1239,2007,asher2007world,features,feature,map_045,Map 45 China and Mongolia [96e],1257
1222,Dagur (Daur),,,,daur1238,2007,asher2007world,features,feature,map_045,Map 45 China and Mongolia [35],1259
1223,Dahalo,,,,daha1245,2007,asher2007world,features,feature,map_072 map_085,Map 72 Sudan and the Horn of Africa [72]; Map 85 Kenyan Coast [38],1260
1224,Dahating,,,,gwap1238,2007,asher2007world,features,feature,map_033,Map 33 Northern Papua New Guinea [135],1261
1225,Dahejla Dialect (Darhejia),,,,jish1241,2007,asher2007world,features,feature,map_045,Map 45 China and Mongolia [31],1262
1226,Dahomey Ful,,,,borg1235,2007,asher2007world,features,feature,map_102,Map 102 Benin and Togo [D],1263
1227,Dai,,,,daii1240,2007,asher2007world,features,feature,map_038,Map 38 Lesser Sunda Islands and Timor [50],1264
1228,Dai,,,,dayy1236,2007,asher2007world,features,feature,map_089 map_090,"Map 89 Central African Republic and South-Eastern Chad [55]; Map 90 Central African Republic, South-Western Chad and Cameroon [8]",1265
1229,Dai Lue (Xishuangbanna Dai),,,,luuu1242,2007,asher2007world,features,feature,map_046,"Map 46 Yunnan Province, China [16]",1266
1230,Dai Mao (Dehong Dai),,,,deho1238,2007,asher2007world,features,feature,map_046,"Map 46 Yunnan Province, China [14]",1267
1231,Dai Neua,,,,tain1252,2007,asher2007world,features,feature,map_046,"Map 46 Yunnan Province, China [15]",1268
1232,"Dai Sa (Dai Duan, Dai Luomi, Bumang)",,,,buma1247,2007,asher2007world,features,feature,map_046,"Map 46 Yunnan Province, China [18]",1269
1233,Dakaka,,,,daka1243,2007,asher2007world,features,feature,map_027,Map 27 Vanuatu and New Caledonia [57],1270
1234,Dakhla,,,,west2939,2007,asher2007world,features,feature,map_071,Map 71 North-East Africa [10],1271
1235,Dakkang,,,,dakk1239,2007,asher2007world,features,feature,map_047,"Map 47 Northern Thailand, Laos and Vietnam [56]",1272
1236,Dakpa,,,,band1342,2007,asher2007world,features,feature,map_089,Map 89 Central African Republic and South-Eastern Chad [8],1273
1237,Dakpakha,,,,dakp1242,2007,asher2007world,features,feature,map_051,"Map 51 North-East India, Bangladesh, Bhutan and Nepal [37]",1274
1239,Daloa,,,,dalo1238,2007,asher2007world,features,feature,map_105,Map 105 Ivory Coast [24b],1276
1240,Dama,,,,dama1267,2007,asher2007world,features,feature,map_091,Map 91 Adamawa Region [24],1277
1241,Damar,,,,west2548,2007,asher2007world,features,feature,map_038,Map 38 Lesser Sunda Islands and Timor [53],1278
1242,Dameli,,,,dame1241,2007,asher2007world,features,feature,map_053,"Map 53 Iran, Afghanistan and Pakistan [47]",1279
1243,Dampelasa,,,,damp1237,2007,asher2007world,features,feature,map_039,Map 39 Sulawesi [23],1280
1244,Dan,,,,dann1241,2007,asher2007world,features,feature,map_105 map_106,Map 105 Ivory Coast [74]; Map 106 Liberia and Sierra Leone [D],1281
1245,Dan (Gio),,,,dann1241,2007,asher2007world,features,feature,map_106,Map 106 Liberia and Sierra Leone [31],1282
1246,Dan Muure,,,,danm1238,2007,asher2007world,features,feature,map_091 map_095,Map 91 Adamawa Region [5a]; Map 95 South-Eastern Nigeria and Mid-Western Cameroon [97b],1283
1247,Danaru,,,,dana1254,2007,asher2007world,features,feature,map_033,Map 33 Northern Papua New Guinea [41],1284
1248,Danaw,,,,dana1252,2007,asher2007world,features,feature,map_049,Map 49 Burma (Myanmar) [10],1285
1249,Dangal,,,,dang1263,2007,asher2007world,features,feature,map_032,Map 32 Southern Papua New Guinea [203],1286
1250,Dangaura Tharu,,,,dang1260,2007,asher2007world,features,feature,map_051 map_054,"Map 51 North-East India, Bangladesh, Bhutan and Nepal [165c]; Map 54 North-West India [52c]",1287
1251,Danish,,,,dani1285,2007,asher2007world,features,feature,map_062 map_064 map_065,"Map 62 Poland, the Czech Republic and Slovakia [11]; Map 64 The Nordic Countries [1]; Map 65 Germany, Austria, Liechtenstein and Switzerland [6]",1288 1289
1253,Danjong,,,,sikk1242,2007,asher2007world,features,feature,map_051,"Map 51 North-East India, Bangladesh, Bhutan and Nepal [29]",1291
1254,Danu,,,,danu1251,2007,asher2007world,features,feature,map_049,Map 49 Burma (Myanmar) [56],1292
1255,Danuwar (Dhanwar),,,,dhan1265,2007,asher2007world,features,feature,map_051,"Map 51 North-East India, Bangladesh, Bhutan and Nepal [156]",1293
1256,Daonda,,,,daon1243,2007,asher2007world,features,feature,map_033,Map 33 Northern Papua New Guinea [201],1294
1257,Darai,,,,dara1250,2007,asher2007world,features,feature,map_051,"Map 51 North-East India, Bangladesh, Bhutan and Nepal [157]",1295
1258,Dargi,,,,darg1241,2007,asher2007world,features,feature,map_059,Map 59 The Caucasus [38],1296
1259,Dari,,,,dari1249,2007,asher2007world,features,feature,map_053,"Map 53 Iran, Afghanistan and Pakistan [7]",1297
1261,Dariganga,,,,dari1250,2007,asher2007world,features,feature,map_045,Map 45 China and Mongolia [NA],1299
1263,Darmiya,,,,darm1243,2007,asher2007world,features,feature,map_051 map_054,"Map 51 North-East India, Bangladesh, Bhutan and Nepal [45]; Map 54 North-West India [14]",1301
1264,Darood-Digil,,,,,2007,asher2007world,features,feature,map_072,Map 72 Sudan and the Horn of Africa [55b],1302
1265,Das(S),,,,dass1243,2007,asher2007world,features,feature,map_096 map_097,"Map 96 South Plateau, Nigeria [82]; Map 97 North Plateau, Nigeria [87]",1303
1266,Dasenech,,,,daas1238,2007,asher2007world,features,feature,map_072 map_086,Map 72 Sudan and the Horn of Africa [59]; Map 86 Central East Africa [97],1304
1267,Dathina,,,,,2007,asher2007world,features,feature,map_070,Map 70 The Middle East and Arabian Peninsula [98],1305
1268,Datoga,,,,dato1239,2007,asher2007world,features,feature,map_086,Map 86 Central East Africa [89],1306
1269,Davaweño,,,,dava1245,2007,asher2007world,features,feature,map_040,Map 40 The Philippines [86],1307
1270,Dawawa,,,,dawa1242,2007,asher2007world,features,feature,map_031,Map 31 South-Eastern Papua New Guinea [6],1308
1271,Dawera-Daweloor,,,,dawe1237,2007,asher2007world,features,feature,map_038,Map 38 Lesser Sunda Islands and Timor [51],1309
1272,Dawāsir,,,,najd1235,2007,asher2007world,features,feature,map_070,Map 70 The Middle East and Arabian Peninsula [43],1310
1273,Dbus,,,,dbus1238,2007,asher2007world,features,feature,map_045,Map 45 China and Mongolia [85],1311
1274,De(Woin),,,,dewo1238,2007,asher2007world,features,feature,map_106,Map 106 Liberia and Sierra Leone [16],1312
1275,Debaba,,,,,2007,asher2007world,features,feature,map_090 map_099,"Map 90 Central African Republic, South-Western Chad and Cameroon [73a]; Map 99 Lake Chad Region [15]",1313
1276,Dedua,,,,dedu1240,2007,asher2007world,features,feature,map_032,Map 32 Southern Papua New Guinea [33],1314
1277,Defaka-Nkoro,,,,defa1248,2007,asher2007world,features,feature,map_101,Map 101 South-Western Nigeria [1],1315
1279,Degema,,,,dege1246,2007,asher2007world,features,feature,map_101,Map 101 South-Western Nigeria [62b],1317
1280,Degenan,,,,dege1247,2007,asher2007world,features,feature,map_033,Map 33 Northern Papua New Guinea [130],1318
1281,Degha,,,,degg1238,2007,asher2007world,features,feature,map_103,Map 103 Ghana [74],1319
1282,Delo (Ntrubo),,,,delo1240,2007,asher2007world,features,feature,map_102 map_103,Map 102 Benin and Togo [49]; Map 103 Ghana [63],1320
1283,Dem,,,,demm1245,2007,asher2007world,features,feature,map_034,Map 34 Irian Jaya [58],1321
1284,Demta,,,,demt1241,2007,asher2007world,features,feature,map_034,Map 34 Irian Jaya [124],1322
1285,Dendi,,,,dend1243,2007,asher2007world,features,feature,map_102,Map 102 Benin and Togo [80],1323
1286,Dendi,,,,dend1242,2007,asher2007world,features,feature,map_082 map_089,Map 82 Democratic Republic of Congo: Equate [46]; Map 89 Central African Republic and South-Eastern Chad [41],1324
1287,Dengfap,,,,,2007,asher2007world,features,feature,map_093,Map 93 Central South-Western Cameroon [64c],1325
1288,Denje (Na),,,,dunj1238,2007,asher2007world,features,feature,map_089,Map 89 Central African Republic and South-Eastern Chad [73],1326
1289,Denkwop,,,,,2007,asher2007world,features,feature,map_093,Map 93 Central South-Western Cameroon [62e],1327
1290,Denya,,,,deny1238,2007,asher2007world,features,feature,map_093 map_095,Map 93 Central South-Western Cameroon [28]; Map 95 South-Eastern Nigeria and Mid-Western Cameroon [35],1328
1292,Deori,,,,deor1238,2007,asher2007world,features,feature,map_051,"Map 51 North-East India, Bangladesh, Bhutan and Nepal [115]",1330
1293,Dera,,,,dera1245,2007,asher2007world,features,feature,map_034 map_034,Map 34 Irian Jaya [104]; Map 34 Irian Jaya [104],1331
1294,"Dera (Dra, Kamberatoro)",,,,dera1245,2007,asher2007world,features,feature,map_033 map_033,Map 33 Northern Papua New Guinea [221]; Map 33 Northern Papua New Guinea [221],1332
1295,Dera (Kanakuru),,,,dera1248,2007,asher2007world,features,feature,map_091 map_098,Map 91 Adamawa Region [71]; Map 98 North-Eastern Nigeria [83],1333
1296,Desano-Siriana,,,,siri1280,traditional,asher2007world,features,feature,map_012,Map 12 Northern South America: Time of Contact [157],1334
1298,Dese,,,,tese1238,2007,asher2007world,features,feature,map_071 map_072,Map 71 North-East Africa [82]; Map 72 Sudan and the Horn of Africa [139],1336
1299,Dghwe'de,,,,dghw1239,2007,asher2007world,features,feature,map_094,Map 94 Northern Cameroon [23],1337
1301,Dhafīr,,,,qasi1234,2007,asher2007world,features,feature,map_070,Map 70 The Middle East and Arabian Peninsula [16],1339
1302,Dhammai,,,,saja1240,2007,asher2007world,features,feature,map_051,"Map 51 North-East India, Bangladesh, Bhutan and Nepal [92]",1340
1303,Dhangar Kurux (Jhangar),,,,kuru1302,2007,asher2007world,features,feature,map_051,"Map 51 North-East India, Bangladesh, Bhutan and Nepal [186b]",1341
1309,Dhimal,,,,dhim1246,2007,asher2007world,features,feature,map_051,"Map 51 North-East India, Bangladesh, Bhutan and Nepal [103]",1347
1311,Dhopaluo (Chopi),,,,dhop1238,2007,asher2007world,features,feature,map_072 map_079 map_086,Map 72 Sudan and the Horn of Africa [173]; Map 79 Democratic Republic of Congo: Orienta [73]; Map 86 Central East Africa [60],1349
1313,Dhundari,,,,dhun1238,2007,asher2007world,features,feature,map_054,Map 54 North-West India [64],1351
1318,Dia,,,,bang1354,2007,asher2007world,features,feature,map_081,Map 81 Democratic Republic of Congo: Kasai [8],1356
1319,Dibabawon,,,,diba1242,2007,asher2007world,features,feature,map_040,Map 40 The Philippines [109],1357
1320,Dibo,,,,dibo1247,2007,asher2007world,features,feature,map_101,Map 101 South-Western Nigeria [50],1358
1321,Dibumum,,,,,2007,asher2007world,features,feature,map_093,Map 93 Central South-Western Cameroon [94],1359
1322,Dida,,,,lako1244,2007,asher2007world,features,feature,map_105,Map 105 Ivory Coast [22],1360
1323,Didinga,,,,didi1258,2007,asher2007world,features,feature,map_072 map_086,Map 72 Sudan and the Horn of Africa [124]; Map 86 Central East Africa [59],1361
1324,Digo,,,,digo1243,2007,asher2007world,features,feature,map_076 map_085,Map 76 Southern Tanzania [2]; Map 85 Kenyan Coast [12],1362
1325,Dii,,,,diii1241,2007,asher2007world,features,feature,map_090 map_091,"Map 90 Central African Republic, South-Western Chad and Cameroon [20]; Map 91 Adamawa Region [1]",1363
1327,Dilling,,,,dill1242,2007,asher2007world,features,feature,map_071 map_072,Map 71 North-East Africa [76]; Map 72 Sudan and the Horn of Africa [118],1365
1328,Dimasa,,,,dima1251,2007,asher2007world,features,feature,map_051,"Map 51 North-East India, Bangladesh, Bhutan and Nepal [112]",1366
1329,Dimba,,,,zemb1238,2007,asher2007world,features,feature,map_084,Map 84 Angola [32],1367
1330,Dimbambang,,,,dimb1238,2007,asher2007world,features,feature,map_092 map_093,Map 92 South-Western Cameroon [39]; Map 93 Central South-Western Cameroon [93],1368
1331,Dimbong,,,,dimb1238,2007,asher2007world,features,feature,map_093,Map 93 Central South-Western Cameroon [79],1369
1332,Dime,,,,dime1235,2007,asher2007world,features,feature,map_072,Map 72 Sudan and the Horn of Africa [107],1370
1333,Dimir,,,,dimi1244,2007,asher2007world,features,feature,map_033,Map 33 Northern Papua New Guinea [51],1371
1334,Ding,,,,ding1239,2007,asher2007world,features,feature,map_081,Map 81 Democratic Republic of Congo: Kasai [39],1372
1335,Dinik,,,,afit1238,2007,asher2007world,features,feature,map_071 map_072,Map 71 North-East Africa [86]; Map 72 Sudan and the Horn of Africa [144],1373
1336,Diodio,,,,diod1237,2007,asher2007world,features,feature,map_031,Map 31 South-Eastern Papua New Guinea [29],1374
1337,Diola-Fogny,,,,jola1263,2007,asher2007world,features,feature,map_108,"Map 108 Senegal, Gambia and Guinea Bissau [12]",1375
1338,Dirak,,,,maee1241,2007,asher2007world,features,feature,map_027,Map 27 Vanuatu and New Caledonia [87],1376
1339,Dirim,,,,diri1253,2007,asher2007world,features,feature,map_091 map_095,Map 91 Adamawa Region [44]; Map 95 South-Eastern Nigeria and Mid-Western Cameroon [72b],1377
1340,Dirya,,,,diri1259,2007,asher2007world,features,feature,map_097 map_098,"Map 97 North Plateau, Nigeria [77]; Map 98 North-Eastern Nigeria [88]",1378
1341,Disa,,,,disa1239,2007,asher2007world,features,feature,map_089,Map 89 Central African Republic and South-Eastern Chad [65],1379
1343,Diz,,,,dizi1235,2007,asher2007world,features,feature,map_072,Map 72 Sudan and the Horn of Africa [96],1381
1350,Dobel,,,,dobe1238,2007,asher2007world,features,feature,map_034,Map 34 Irian Jaya [229],1388
1351,Dobu,,,,dobu1241,2007,asher2007world,features,feature,map_031,Map 31 South-Eastern Papua New Guinea [20],1389
1352,Doda Siraji,,,,sira1264,2007,asher2007world,features,feature,map_054,Map 54 North-West India [26],1390
1353,Dodoth,,,,dodo1240,2007,asher2007world,features,feature,map_072,Map 72 Sudan and the Horn of Africa [162a],1391
1354,Doe,,,,doee1238,2007,asher2007world,features,feature,map_076 map_085,Map 76 Southern Tanzania [6]; Map 85 Kenyan Coast [17],1392
1355,Doemak,,,,dimm1243,2007,asher2007world,features,feature,map_096,"Map 96 South Plateau, Nigeria [65b]",1393
1356,Doga,,,,doga1238,2007,asher2007world,features,feature,map_031,Map 31 South-Eastern Papua New Guinea [15],1394
1357,Dogo Dum,,,,dogu1235,2007,asher2007world,features,feature,map_104,Map 104 Burkina Faso [4j],1395
1358,Dogon,,,,bang1363,2007,asher2007world,features,feature,map_104 map_073,Map 104 Burkina Faso [4]; Map 73 North-West Africa [76],1396
1359,Dogoro,,,,dogh1241,2007,asher2007world,features,feature,map_031,Map 31 South-Eastern Papua New Guinea [86],1397
1360,Dogose,,,,dogo1295,2007,asher2007world,features,feature,map_104,Map 104 Burkina Faso [59],1398
1361,Dogri,,,,dogr1250,2007,asher2007world,features,feature,map_054,Map 54 North-West India [33],1399
1362,Dogrib,,,,dogr1252,traditional,asher2007world,features,feature,map_007,Map 7 Northern North America: Time of Contact [34],1400
1363,Dohoi,,,,doho1239,2007,asher2007world,features,feature,map_041,Map 41 Borneo and Madagascar [4],1401
1364,Doka,,,,doka1242,2007,asher2007world,features,feature,map_097,"Map 97 North Plateau, Nigeria [4]",1402
1365,Doko,,,,nort3161,2007,asher2007world,features,feature,map_072,Map 72 Sudan and the Horn of Africa [83],1403
1366,Doko,,,,doko1243,2007,asher2007world,features,feature,map_093,Map 93 Central South-Western Cameroon [11],1404
1367,Doko-Yumba,,,,ngom1268,2007,asher2007world,features,feature,map_082,Map 82 Democratic Republic of Congo: Equate [34c],1405
1368,Dolpo,,,,dolp1239,2007,asher2007world,features,feature,map_051,"Map 51 North-East India, Bangladesh, Bhutan and Nepal [14]",1406
1369,Domaki (Dumaki),,,,doma1260,2007,asher2007world,features,feature,map_053,"Map 53 Iran, Afghanistan and Pakistan [37]",1407
1370,Dombondola,,,,domd1234,2007,asher2007world,features,feature,map_084,Map 84 Angola [36f],1408
1371,Dompago,,,,lukp1238,2007,asher2007world,features,feature,map_102,Map 102 Benin and Togo [46],1409
1372,Domu,,,,domu1245,2007,asher2007world,features,feature,map_031,Map 31 South-Eastern Papua New Guinea [61],1410
1373,Domung,,,,domu1246,2007,asher2007world,features,feature,map_033,Map 33 Northern Papua New Guinea [120],1411
1374,Dondo,,,,dond1249,2007,asher2007world,features,feature,map_039,Map 39 Sulawesi [22],1412
1375,Dondo,,,,doon1238,2007,asher2007world,features,feature,map_083,Map 83 Democratic Republic of Congo: Bas Congo and Southern Congo [11],1413
1376,Dong,,,,dong1293,2007,asher2007world,features,feature,map_098,Map 98 North-Eastern Nigeria [57],1414
1377,Dongolawi,,,,dong1288,2007,asher2007world,features,feature,map_071 map_072,Map 71 North-East Africa [74]; Map 72 Sudan and the Horn of Africa [116],1415
1378,Dongxiang,,,,dong1285,2007,asher2007world,features,feature,map_045,Map 45 China and Mongolia [33],1416
1379,Donno So,,,,donn1239,2007,asher2007world,features,feature,map_104,Map 104 Burkina Faso [4n],1417
1380,Dooyaa(Ng)Yo,,,,doya1240,2007,asher2007world,features,feature,map_091,Map 91 Adamawa Region [8],1418
1381,Doraske,,,,dora1242,traditional,asher2007world,features,feature,map_012,Map 12 Northern South America: Time of Contact [44],1419
1382,Dori'o,,,,dori1246,2007,asher2007world,features,feature,map_029,Map 29 Solomon Islands and Bougainville [49],1420
1383,Doriri,,,,moik1239,2007,asher2007world,features,feature,map_031 map_032,Map 31 South-Eastern Papua New Guinea [57]; Map 32 Southern Papua New Guinea [133],1421
1384,Doromu,,,,doro1266,2007,asher2007world,features,feature,map_031 map_032,Map 31 South-Eastern Papua New Guinea [55]; Map 32 Southern Papua New Guinea [139],1422
1385,Dorro,,,,namo1246,2007,asher2007world,features,feature,map_032,Map 32 Southern Papua New Guinea [184],1423
1386,Dorze,,,,dorz1235,2007,asher2007world,features,feature,map_072,Map 72 Sudan and the Horn of Africa [79],1424
1387,Dotanga,,,,,2007,asher2007world,features,feature,map_093,Map 93 Central South-Western Cameroon [82c],1425
1388,Doura,,,,tour1243,2007,asher2007world,features,feature,map_032,Map 32 Southern Papua New Guinea [231],1426
1389,Drehu,,,,dehu1237,2007,asher2007world,features,feature,map_027,Map 27 Vanuatu and New Caledonia [134],1427
1390,Duala,,,,dual1243,2007,asher2007world,features,feature,map_092,Map 92 South-Western Cameroon [14],1428
1391,Duano',,,,duan1242,2007,asher2007world,features,feature,map_044,Map 44 West Malaysia and Singapore [18],1429
1392,Duau,,,,duau1237,2007,asher2007world,features,feature,map_031,Map 31 South-Eastern Papua New Guinea [25],1430
1393,Dubea,,,,dumb1241,2007,asher2007world,features,feature,map_027,Map 27 Vanuatu and New Caledonia [131],1431
1394,Dubu,,,,dubu1240,2007,asher2007world,features,feature,map_034,Map 34 Irian Jaya [80],1432
1395,Duduela,,,,dudu1240,2007,asher2007world,features,feature,map_033,Map 33 Northern Papua New Guinea [47],1433
1396,Dugbo,,,,dugb1238,2007,asher2007world,features,feature,map_105,Map 105 Ivory Coast [28a],1434
1397,Duguri,,,,dugu1249,2007,asher2007world,features,feature,map_096 map_098,"Map 96 South Plateau, Nigeria [47]; Map 98 North-Eastern Nigeria [47]",1435
1398,Duguza,,,,tunz1235,2007,asher2007world,features,feature,map_096 map_097,"Map 96 South Plateau, Nigeria [6]; Map 97 North Plateau, Nigeria [49]",1436
1399,Duka,,,,huns1239,2007,asher2007world,features,feature,map_100 map_102,Map 100 Northern Nigeria and Niger [27]; Map 102 Benin and Togo [41],1437 1438
1400,Duke Of York,,,,ramo1244,2007,asher2007world,features,feature,map_030,Map 30 New Britain and New Ireland [55],1439
1401,Dulbu,,,,dulb1238,2007,asher2007world,features,feature,map_097 map_098,"Map 97 North Plateau, Nigeria [57]; Map 98 North-Eastern Nigeria [46]",1440
1402,Duleri Dom,,,,tira1258,2007,asher2007world,features,feature,map_104,Map 104 Burkina Faso [4e],1441
1403,Duli,,,,duli1241,2007,asher2007world,features,feature,map_091,Map 91 Adamawa Region [15],1442
1404,Dullay,,,,gaww1239,2007,asher2007world,features,feature,map_072,Map 72 Sudan and the Horn of Africa [70],1443
1405,Dulong [Dulong],,,,dulo1243,2007,asher2007world,features,feature,map_046,"Map 46 Yunnan Province, China [34]",1444
1406,Duma,,,,duma1253,2007,asher2007world,features,feature,map_083 map_088,Map 83 Democratic Republic of Congo: Bas Congo and Southern Congo [42]; Map 88 Gabon and Equatorial Guinea [44],1445
1407,Dumbule,,,,mbul1262,2007,asher2007world,features,feature,map_092 map_093,Map 92 South-Western Cameroon [6]; Map 93 Central South-Western Cameroon [69b],1446
1408,Dumi,,,,dumi1241,2007,asher2007world,features,feature,map_051,"Map 51 North-East India, Bangladesh, Bhutan and Nepal [65]",1447
1409,Dumpas,,,,dump1242,2007,asher2007world,features,feature,map_041,Map 41 Borneo and Madagascar [108],1448
1410,Dumpu (Watiwa),,,,dump1243,2007,asher2007world,features,feature,map_033,Map 33 Northern Papua New Guinea [35],1449
1411,Dumun (Bai),,,,dumu1246,2007,asher2007world,features,feature,map_033,Map 33 Northern Papua New Guinea [19],1450
1412,Duna,,,,duna1248,2007,asher2007world,features,feature,map_033,Map 33 Northern Papua New Guinea [181],1451
1413,Dunci,,,,,2007,asher2007world,features,feature,map_097,"Map 97 North Plateau, Nigeria [39]",1452
1414,"Dunganese (Hwei,Hui)",,,,dung1253,2007,asher2007world,features,feature,map_057,Map 57 Central Asia [18],1453
1415,Dungmali Khesang,,,,khes1241,2007,asher2007world,features,feature,map_051,"Map 51 North-East India, Bangladesh, Bhutan and Nepal [77]",1454
1416,Dura,,,,dura1244,2007,asher2007world,features,feature,map_051,"Map 51 North-East India, Bangladesh, Bhutan and Nepal [5]",1455
1417,Duranmin,,,,suar1238,2007,asher2007world,features,feature,map_033,Map 33 Northern Papua New Guinea [318],1456
1418,Durbeye,,,,dour1238,2007,asher2007world,features,feature,map_091 map_094,Map 91 Adamawa Region [36b]; Map 94 Northern Cameroon [6a],1457
1419,Duruma,,,,duru1249,2007,asher2007world,features,feature,map_085,Map 85 Kenyan Coast [11],1458
1420,Dusun Deyah,,,,dusu1271,2007,asher2007world,features,feature,map_041,Map 41 Borneo and Madagascar [2],1459
1422,Duupa,,,,duup1238,2007,asher2007world,features,feature,map_091,Map 91 Adamawa Region [2],1461
1423,Duwai,,,,duwa1244,2007,asher2007world,features,feature,map_100,Map 100 Northern Nigeria and Niger [9],1462
1424,Duwet,,,,duwe1237,2007,asher2007world,features,feature,map_032,Map 32 Southern Papua New Guinea [201],1463
1425,Dvngsar,,,,tang1339,2007,asher2007world,features,feature,map_049,Map 49 Burma (Myanmar) [17],1464
1426,Dvru,,,,drun1238,2007,asher2007world,features,feature,map_049,Map 49 Burma (Myanmar) [16],1465
1427,Dwentza Ful,,,,,2007,asher2007world,features,feature,map_104,Map 104 Burkina Faso [D],1466
1430,Dyan,,,,dyan1251,2007,asher2007world,features,feature,map_103 map_104 map_105,Map 103 Ghana [77]; Map 104 Burkina Faso [62b]; Map 105 Ivory Coast [45],1469
1432,Dyapá,,,,kana1291,traditional,asher2007world,features,feature,map_014,Map 14 Northern Pacific Coast: Time of Contact [141],1471
1434,Dye,,,,ngan1299,2007,asher2007world,features,feature,map_102,Map 102 Benin and Togo [58],1473
1435,Dyimini,,,,djim1235,2007,asher2007world,features,feature,map_105,Map 105 Ivory Coast [57],1474
1439,Dyula,,,,dyul1238,2007,asher2007world,features,feature,map_104 map_105,Map 104 Burkina Faso [77]; Map 105 Ivory Coast [69d],1478
1440,Dzalakha,,,,dzal1238,2007,asher2007world,features,feature,map_051,"Map 51 North-East India, Bangladesh, Bhutan and Nepal [39]",1479
1441,Dzodinka,,,,dzod1238,2007,asher2007world,features,feature,map_095,Map 95 South-Eastern Nigeria and Mid-Western Cameroon [46],1480
1442,Dzongkha,,,,dzon1239,2007,asher2007world,features,feature,map_051,"Map 51 North-East India, Bangladesh, Bhutan and Nepal [30]",1481
1443,Dzunza,,,,,2007,asher2007world,features,feature,map_085,Map 85 Kenyan Coast [3l],1482
1444,Dörvöd,,,,khow1243,2007,asher2007world,features,feature,map_045,Map 45 China and Mongolia [NA],1483
1445,East Cagayan Negrito,,,,dupa1235,2007,asher2007world,features,feature,map_040,Map 40 The Philippines [4],1484
1446,East Cree,,,,nort1552,traditional,asher2007world,features,feature,map_007,Map 7 Northern North America: Time of Contact [67],1485
1447,East Daju,,,,,2007,asher2007world,features,feature,map_079,Map 79 Democratic Republic of Congo: Orienta [68],1486
1448,East Ejagham,,,,east2411,2007,asher2007world,features,feature,map_093,Map 93 Central South-Western Cameroon [22a],1487
1449,East Greenlandic,,,,tunu1234,traditional,asher2007world,features,feature,map_007,Map 7 Northern North America: Time of Contact [10],1488
1451,East Kare,,,,kare1338,2007,asher2007world,features,feature,map_090,"Map 90 Central African Republic, South-Western Chad and Cameroon [12a]",1490
1452,East Makian,,,,east2440,2007,asher2007world,features,feature,map_037,Map 37 The Moluccas [37],1491
1453,East Massina Ful,,,,east2389,2007,asher2007world,features,feature,map_104,Map 104 Burkina Faso [E],1492
1454,East Mbum,,,,mbum1254,2007,asher2007world,features,feature,map_090 map_091,"Map 90 Central African Republic, South-Western Chad and Cameroon [9]; Map 91 Adamawa Region [27]",1493
1455,East Nyala,,,,east2409,2007,asher2007world,features,feature,map_086,Map 86 Central East Africa [35d],1494
1456,East Oroko,,,,orok1266,2007,asher2007world,features,feature,map_092 map_093,Map 92 South-Western Cameroon [26]; Map 93 Central South-Western Cameroon [83],1495
1457,East Sumbanese,,,,kamb1299,2007,asher2007world,features,feature,map_038,Map 38 Lesser Sunda Islands and Timor [11],1496
1458,East Teke,,,,teke1278,2007,asher2007world,features,feature,map_081 map_083,Map 81 Democratic Republic of Congo: Kasai [25]; Map 83 Democratic Republic of Congo: Bas Congo and Southern Congo [30],1497
1459,Eastern (Mindong) Dialect,,,,mind1253,2007,asher2007world,features,feature,map_045,Map 45 China and Mongolia [12],1498
1460,Eastern (Xianjiang / Jiang-Huai) Dialect,,,,jing1262,2007,asher2007world,features,feature,map_045,Map 45 China and Mongolia [2],1499
1461,Eastern Abenaki,,,,east2544,traditional,asher2007world,features,feature,map_001,Map 1 East Coast and Great Lakes: Time of Contact [22],1500
1463,Eastern Atakapa,,,,east2802,traditional,asher2007world,features,feature,map_002,Map 2 South-Eastern North America: Time of Contact [30],1502
1464,Eastern Canadian Inuktitut,,,,east2534,traditional,asher2007world,features,feature,map_007,Map 7 Northern North America: Time of Contact [8],1503
1466,Eastern Delta,,,,east2848,2007,asher2007world,features,feature,map_071,Map 71 North-East Africa [1],1505
1467,Eastern Dialects,,,,sana1295,2007,asher2007world,features,feature,map_070,Map 70 The Middle East and Arabian Peninsula [92],1506
1468,Eastern Fijian,,,,fiji1243,2007,asher2007world,features,feature,map_026,Map 26 Polynesia [3],1507
1469,Eastern Huang (+Hõã),,,,huaa1249,2007,asher2007world,features,feature,map_074,Map 74 Southern Africa [61],1508
1470,Eastern Kadazan,,,,labu1249,2007,asher2007world,features,feature,map_041,Map 41 Borneo and Madagascar [99],1509
1471,Eastern Kham,,,,east2344,2007,asher2007world,features,feature,map_046,"Map 46 Yunnan Province, China [25]",1510
1472,Eastern Khams,,,,east2344,2007,asher2007world,features,feature,map_045,Map 45 China and Mongolia [88],1511
1473,Eastern Mnong,,,,east2333,2007,asher2007world,features,feature,map_048,"Map 48 Southern Thailand, Laos and Vietnam, and Cambodia [71]",1512
1474,Eastern Monpa,,,,,2007,asher2007world,features,feature,map_045 map_051,"Map 45 China and Mongolia [99]; Map 51 North-East India, Bangladesh, Bhutan and Nepal [40]",1513 1514
1476,"Eastern Nawa, Eastern Nahuatl",,,,east2720,traditional,asher2007world,features,feature,map_010,Map 10 Meso-America: Time of Contact [59d],1516
1477,Eastern Ojibwe,,,,east2542,traditional,asher2007world,features,feature,map_007,Map 7 Northern North America: Time of Contact [76],1517
1479,Eastern Oromo,,,,east2652,2007,asher2007world,features,feature,map_072,Map 72 Sudan and the Horn of Africa [53g],1519
1480,Eastern Pomo,,,,east2545,traditional,asher2007world,features,feature,map_004,Map 4 California: Time of Contact [53],1520
1482,"Eastern Popoloka, Eastern Popoloca",,,,sanl1248,traditional,asher2007world,features,feature,map_010,Map 10 Meso-America: Time of Contact [45d],1522
1484,"Eastern Sapoteko, Eastern Zapoteco",,,,tran1297,traditional,asher2007world,features,feature,map_010,Map 10 Meso-America: Time of Contact [46b],1524
1485,Eastern Shoshone,,,,shos1248,traditional,asher2007world,features,feature,map_005,Map 5 The Great Plains: Time of Contact [45],1525
1487,"Eastern Soke, Zoque",,,,chia1262,traditional,asher2007world,features,feature,map_010,Map 10 Meso-America: Time of Contact [22b],1527
1488,Eastern Swampy Cree,,,,east2541,traditional,asher2007world,features,feature,map_007,Map 7 Northern North America: Time of Contact [65],1528
1490,Eastern Tol,,,,toll1241,traditional,asher2007world,features,feature,map_010,Map 10 Meso-America: Time of Contact [33b],1530
1492,Eastern Yugur,,,,east2337,2007,asher2007world,features,feature,map_045,Map 45 China and Mongolia [34],1532
1493,Ebira,,,,ebir1243,2007,asher2007world,features,feature,map_101,Map 101 South-Western Nigeria [51],1533
1494,Eboi,,,,teke1284,2007,asher2007world,features,feature,map_083,Map 83 Democratic Republic of Congo: Bas Congo and Southern Congo [34a],1534
1495,Ebrie,,,,ebri1238,2007,asher2007world,features,feature,map_105,Map 105 Ivory Coast [9],1535
1496,Echie,,,,eche1239,2007,asher2007world,features,feature,map_101,Map 101 South-Western Nigeria [83c],1536
1497,Ederah,,,,eder1237,2007,asher2007world,features,feature,map_034,Map 34 Irian Jaya [19],1537
1498,Ediamat,,,,ejam1238,2007,asher2007world,features,feature,map_108,"Map 108 Senegal, Gambia and Guinea Bissau [15]",1538
1499,Edo (Bini),,,,bini1246,2007,asher2007world,features,feature,map_101,Map 101 South-Western Nigeria [64],1539
1500,Eel River,,,,wail1244,traditional,asher2007world,features,feature,map_004,Map 4 California: Time of Contact [29],1540
1501,Efe,,,,efee1239,2007,asher2007world,features,feature,map_079,Map 79 Democratic Republic of Congo: Orienta [63b],1541
1502,Efik,,,,efik1245,2007,asher2007world,features,feature,map_101 map_092 map_093,Map 101 South-Western Nigeria [17]; Map 92 South-Western Cameroon [1]; Map 93 Central South-Western Cameroon [1],1542 1543
1503,Efutop,,,,efut1242,2007,asher2007world,features,feature,map_093 map_095,Map 93 Central South-Western Cameroon [26]; Map 95 South-Eastern Nigeria and Mid-Western Cameroon [27],1544
1504,Efutu,,,,efut1241,2007,asher2007world,features,feature,map_103,Map 103 Ghana [21],1545
1505,Ega,,,,egaa1242,2007,asher2007world,features,feature,map_105,Map 105 Ivory Coast [7],1546
1506,Egan,,,,dibo1247,2007,asher2007world,features,feature,map_101,Map 101 South-Western Nigeria [52],1547
1507,Egbema,,,,egbe1246,2007,asher2007world,features,feature,map_101,Map 101 South-Western Nigeria [81a],1548
1508,Eggon,,,,eggo1239,2007,asher2007world,features,feature,map_095 map_096,"Map 95 South-Eastern Nigeria and Mid-Western Cameroon [86]; Map 96 South Plateau, Nigeria [27]",1549
1509,Ehabo,,,,,2007,asher2007world,features,feature,map_093,Map 93 Central South-Western Cameroon [88i],1550
1510,Ehanda,,,,hand1240,2007,asher2007world,features,feature,map_084,Map 84 Angola [36d],1551
1511,Ehow,,,,,2007,asher2007world,features,feature,map_093,Map 93 Central South-Western Cameroon [88d],1552
1512,Eipo-Mek,,,,eipo1242,2007,asher2007world,features,feature,map_034,Map 34 Irian Jaya [64],1553
1513,Eitiep,,,,eiti1240,2007,asher2007world,features,feature,map_033,Map 33 Northern Papua New Guinea [254],1554
1514,Eivo,,,,asko1238,2007,asher2007world,features,feature,map_029,Map 29 Solomon Islands and Bougainville [72],1555
1515,Ejagham,,,,ejag1239,2007,asher2007world,features,feature,map_093 map_095,Map 93 Central South-Western Cameroon [22]; Map 95 South-Eastern Nigeria and Mid-Western Cameroon [34],1556
1516,Ejine (Ejin),,,,ejin1238,2007,asher2007world,features,feature,map_045,Map 45 China and Mongolia [23],1557
1517,Ekagi,,,,ekar1243,2007,asher2007world,features,feature,map_034,Map 34 Irian Jaya [53],1558
1518,Ekajuk,,,,ekaj1238,2007,asher2007world,features,feature,map_095,Map 95 South-Eastern Nigeria and Mid-Western Cameroon [31],1559
1519,Eki,,,,,2007,asher2007world,features,feature,map_087 map_091 map_092 map_093,Map 87 Northern Congo and Southern Central African Republic [70c]; Map 91 Adamawa Region [54]; Map 92 South-Western Cameroon [40i]; Map 93 Central South-Western Cameroon [98],1560
1520,Ekit,,,,ekit1246,2007,asher2007world,features,feature,map_101 map_093,Map 101 South-Western Nigeria [20]; Map 93 Central South-Western Cameroon [2],1561
1521,Eko,,,,,2007,asher2007world,features,feature,map_101 map_102,Map 101 South-Western Nigeria [90a]; Map 102 Benin and Togo [31c],1562
1522,Ekombe,,,,ekom1238,2007,asher2007world,features,feature,map_092 map_093,Map 92 South-Western Cameroon [26a]; Map 93 Central South-Western Cameroon [83a],1563
1523,Ekota,,,,mong1338,2007,asher2007world,features,feature,map_079 map_080 map_081,Map 79 Democratic Republic of Congo: Orienta [41c]; Map 80 Democratic Republic of Congo: Kivu [4j]; Map 81 Democratic Republic of Congo: Kasai [1x],1564
1524,Ekpanu,,,,ikpo1239,2007,asher2007world,features,feature,map_102 map_103,Map 102 Benin and Togo [12]; Map 103 Ghana [27],1565
1525,Ekpeye,,,,ekpe1253,2007,asher2007world,features,feature,map_101,Map 101 South-Western Nigeria [85a],1566
1526,Eleme-Ogoi,,,,elem1253,2007,asher2007world,features,feature,map_101,Map 101 South-Western Nigeria [15],1567
1527,Elepi(Sampi),,,,elep1240,2007,asher2007world,features,feature,map_033,Map 33 Northern Papua New Guinea [266],1568
1528,Elkei,,,,elke1240,2007,asher2007world,features,feature,map_033,Map 33 Northern Papua New Guinea [228],1569
1529,Eloyi,,,,eloy1241,2007,asher2007world,features,feature,map_095 map_096,"Map 95 South-Eastern Nigeria and Mid-Western Cameroon [88]; Map 96 South Plateau, Nigeria [55b]",1570
1530,Elung,,,,elun1242,2007,asher2007world,features,feature,map_093,Map 93 Central South-Western Cameroon [84b],1571
1531,Emae,,,,emae1237,2007,asher2007world,features,feature,map_026 map_027,Map 26 Polynesia [18]; Map 27 Vanuatu and New Caledonia [136],1572
1532,Eman,,,,eman1238,2007,asher2007world,features,feature,map_095,Map 95 South-Eastern Nigeria and Mid-Western Cameroon [11],1573
1533,Embu,,,,embu1241,2007,asher2007world,features,feature,map_072 map_085 map_086,Map 72 Sudan and the Horn of Africa [208]; Map 85 Kenyan Coast [32]; Map 86 Central East Africa [8],1574
1534,Emerum,,,,apal1256,2007,asher2007world,features,feature,map_033,Map 33 Northern Papua New Guinea [10],1575
1535,Emira-Mussau,,,,muss1246,2007,asher2007world,features,feature,map_030,Map 30 New Britain and New Ireland [78],1576
1537,Emumu,,,,emum1240,2007,asher2007world,features,feature,map_033 map_034,Map 33 Northern Papua New Guinea [190]; Map 34 Irian Jaya [79],1578
1538,Ende-Lio,,,,lioo1240,2007,asher2007world,features,feature,map_038,Map 38 Lesser Sunda Islands and Timor [26],1579
1539,Enenga,,,,enen1239,2007,asher2007world,features,feature,map_088,Map 88 Gabon and Equatorial Guinea [4],1580
1540,Enets (Yenisey Samoyed),,,,tund1254,2007,asher2007world,features,feature,map_055 map_056,Map 55 Eastern Siberia [18]; Map 56 Western Siberia [13],1581
1541,Enga,,,,enga1252,2007,asher2007world,features,feature,map_032 map_033,Map 32 Southern Papua New Guinea [21]; Map 33 Northern Papua New Guinea [161],1582 1583
1542,Enga,,,,bang1354,2007,asher2007world,features,feature,map_082 map_087,Map 82 Democratic Republic of Congo: Equate [3]; Map 87 Northern Congo and Southern Central African Republic [10],1584
1543,Engeni (Egene),,,,enge1239,2007,asher2007world,features,feature,map_101,Map 101 South-Western Nigeria [62a],1585
1544,Enggano,,,,engg1245,2007,asher2007world,features,feature,map_043,Map 43 Sumatra [4],1586
1546,English,,,,stan1293,2007,asher2007world,features,feature,map_063 map_069 map_074,"Map 63 The British Isles [1]; Map 69 France, Belgium, the Netherlands and Luxembourg [11]; Map 74 Southern Africa [E]",1588 1589 1590
1548,Enow,,,,,2007,asher2007world,features,feature,map_093,Map 93 Central South-Western Cameroon [88e],1593
1549,Enyele,,,,bomi1238,2007,asher2007world,features,feature,map_082 map_087,Map 82 Democratic Republic of Congo: Equate [28]; Map 87 Northern Congo and Southern Central African Republic [7],1594
1550,Enyom Igbo,,,,,2007,asher2007world,features,feature,map_101,Map 101 South-Western Nigeria [84],1595
1551,Eotile,,,,beti1248,2007,asher2007world,features,feature,map_105,Map 105 Ivory Coast [11],1596
1552,Epie-Atisa,,,,atis1238,2007,asher2007world,features,feature,map_101,Map 101 South-Western Nigeria [62c],1597
1553,Erei,,,,erei1238,2007,asher2007world,features,feature,map_101,Map 101 South-Western Nigeria [29b],1598
1554,Erem,,,,,2007,asher2007world,features,feature,map_033,Map 33 Northern Papua New Guinea [368],1599
1555,Erengo,,,,eren1239,2007,asher2007world,features,feature,map_071 map_072,Map 71 North-East Africa [88]; Map 72 Sudan and the Horn of Africa [146],1600
1556,Ergong,,,,horp1240,2007,asher2007world,features,feature,map_045,Map 45 China and Mongolia [114],1601
1557,Erie,,,,erie1238,traditional,asher2007world,features,feature,map_001,Map 1 East Coast and Great Lakes: Time of Contact [44],1602
1558,Erima,,,,ogea1238,2007,asher2007world,features,feature,map_033,Map 33 Northern Papua New Guinea [46],1603
1559,Erokwanus,,,,erok1237,2007,asher2007world,features,feature,map_034,Map 34 Irian Jaya [220],1604
1561,Ersu,,,,ersu1241,2007,asher2007world,features,feature,map_045,Map 45 China and Mongolia [118],1606
1562,Eruwa,,,,eruw1238,2007,asher2007world,features,feature,map_101,Map 101 South-Western Nigeria [63a],1607
1563,Esan,,,,esan1238,2007,asher2007world,features,feature,map_101,Map 101 South-Western Nigeria [65],1608
1564,Ese'eha,,,,esee1248,traditional,asher2007world,features,feature,map_014,Map 14 Northern Pacific Coast: Time of Contact [242],1609
1566,Esel,,,,esel1238,2007,asher2007world,features,feature,map_087,Map 87 Northern Congo and Southern Central African Republic [53a],1611
1567,Esimbi,,,,esim1238,2007,asher2007world,features,feature,map_095,Map 95 South-Eastern Nigeria and Mid-Western Cameroon [9],1612
1568,Esinga,,,,kuan1247,2007,asher2007world,features,feature,map_084,Map 84 Angola [36g],1613
1569,Esselen,,,,esse1238,traditional,asher2007world,features,feature,map_004,Map 4 California: Time of Contact [80],1614
1570,Estonian,,,,esto1258,2007,asher2007world,features,feature,map_058 map_062 map_064,"Map 58 Western Russia, the Baltic States, Belarus, Ukraine and Moldova [19]; Map 62 Poland, the Czech Republic and Slovakia [15]; Map 64 The Nordic Countries [14]",1615 1616
1571,Etchemin,,,,,traditional,asher2007world,features,feature,map_001,Map 1 East Coast and Great Lakes: Time of Contact [24],1617
1572,Eton,,,,eton1253,2007,asher2007world,features,feature,map_092,Map 92 South-Western Cameroon [40h],1618
1573,Etono,,,,eton1251,2007,asher2007world,features,feature,map_101,Map 101 South-Western Nigeria [29f],1619
1574,Etsako (Yekhee),,,,yekh1238,2007,asher2007world,features,feature,map_101,Map 101 South-Western Nigeria [66],1620
1575,Etulo,,,,etul1245,2007,asher2007world,features,feature,map_095,Map 95 South-Eastern Nigeria and Mid-Western Cameroon [92],1621
1576,Eudeve,,,,eude1234,traditional,asher2007world,features,feature,map_003,Map 3 South-Western North America: Time of Contact [28],1622
1577,Eunda-Kolonkodhi,,,,eund1238,2007,asher2007world,features,feature,map_084,Map 84 Angola [36h],1623
1578,Evale,,,,kuan1247,2007,asher2007world,features,feature,map_084,Map 84 Angola [36e],1624
1579,Evand,,,,evan1238,2007,asher2007world,features,feature,map_095,Map 95 South-Eastern Nigeria and Mid-Western Cameroon [5],1625
1580,Even (Lamut),,,,even1260,2007,asher2007world,features,feature,map_055,Map 55 Eastern Siberia [11],1626
1581,Evenki (Tungus),,,,even1259,2007,asher2007world,features,feature,map_055 map_056,Map 55 Eastern Siberia [10]; Map 56 Western Siberia [11],1627 1628
1582,Ewe,,,,ewee1241,2007,asher2007world,features,feature,map_102 map_103,Map 102 Benin and Togo [2]; Map 103 Ghana [37],1629
1583,Ewenke (Evenki) (Solon),,,,solo1263,2007,asher2007world,features,feature,map_045,Map 45 China and Mongolia [49],1630
1584,Ewondo,,,,ewon1239,2007,asher2007world,features,feature,map_092,Map 92 South-Western Cameroon [40g],1631
1585,Eyak,,,,eyak1241,traditional,asher2007world,features,feature,map_007,Map 7 Northern North America: Time of Contact [13],1632
1587,Eza,,,,ezaa1238,2007,asher2007world,features,feature,map_101,Map 101 South-Western Nigeria [78c],1634
1588,Ezha,,,,ezha1238,2007,asher2007world,features,feature,map_072,Map 72 Sudan and the Horn of Africa [39],1635
1589,Fa!,,,,lefa1242,2007,asher2007world,features,feature,map_093,Map 93 Central South-Western Cameroon [63b],1636
1590,Faeroese,,,,faro1244,2007,asher2007world,features,feature,,NA [4],1637
1591,Faga-Uvea,,,,west2516,2007,asher2007world,features,feature,map_027,Map 27 Vanuatu and New Caledonia [139],1638
1592,Fagani,,,,faga1239,2007,asher2007world,features,feature,map_029,Map 29 Solomon Islands and Bougainville [55],1639
1593,Fagululu,,,,moli1248,2007,asher2007world,features,feature,map_031,Map 31 South-Eastern Papua New Guinea [33],1640
1594,Faire Atta,,,,fair1238,2007,asher2007world,features,feature,map_040,Map 40 The Philippines [15],1641
1595,Faita,,,,fait1240,2007,asher2007world,features,feature,map_033,Map 33 Northern Papua New Guinea [13],1642
1596,Faiwol,,,,faiw1243,2007,asher2007world,features,feature,map_033,Map 33 Northern Papua New Guinea [175],1643
1597,Fam,,,,famm1241,2007,asher2007world,features,feature,map_095,Map 95 South-Eastern Nigeria and Mid-Western Cameroon [71],1644
1598,Fang,,,,fang1247,2007,asher2007world,features,feature,map_088 map_092,Map 88 Gabon and Equatorial Guinea [43]; Map 92 South-Western Cameroon [40a],1645
1599,Fang-Beti,,,,fang1246,2007,asher2007world,features,feature,map_087,Map 87 Northern Congo and Southern Central African Republic [70],1646
1600,Fanian (& Mana?),,,,fani1244,2007,asher2007world,features,feature,map_089,Map 89 Central African Republic and South-Eastern Chad [47],1647
1601,Fante,,,,fant1241,2007,asher2007world,features,feature,map_102 map_103,Map 102 Benin and Togo [29a]; Map 103 Ghana [2],1648
1602,Fars,,,,najd1235,2007,asher2007world,features,feature,map_070,Map 70 The Middle East and Arabian Peninsula [49],1649
1603,Farāfira,,,,,2007,asher2007world,features,feature,map_071,Map 71 North-East Africa [9],1650
1604,Fasu,,,,fasu1242,2007,asher2007world,features,feature,map_032,Map 32 Southern Papua New Guinea [98],1651
1605,Fataluku,,,,fata1247,2007,asher2007world,features,feature,map_038,Map 38 Lesser Sunda Islands and Timor [65],1652
1606,Faḑl,,,,,2007,asher2007world,features,feature,map_070,Map 70 The Middle East and Arabian Peninsula [62],1653
1607,Fe'fe,,,,fefe1239,2007,asher2007world,features,feature,map_093,Map 93 Central South-Western Cameroon [63],1654
1608,Fer,,,,kara1482,2007,asher2007world,features,feature,map_089,Map 89 Central African Republic and South-Eastern Chad [74],1655
1609,Fid'ān,,,,najd1235,2007,asher2007world,features,feature,map_070,Map 70 The Middle East and Arabian Peninsula [33],1656
1610,Finnish,,,,finn1318,2007,asher2007world,features,feature,map_064,Map 64 The Nordic Countries [12],1657
1611,Finungura,,,,fino1238,2007,asher2007world,features,feature,map_032,Map 32 Southern Papua New Guinea [57],1658
1612,Fipa,,,,fipa1238,2007,asher2007world,features,feature,map_076 map_077 map_078,Map 76 Southern Tanzania [25]; Map 77 Zambia [73c]; Map 78 Democratic Republic of Congo: Katang [39],1659
1613,Fiwaga,,,,fiwa1240,2007,asher2007world,features,feature,map_032,Map 32 Southern Papua New Guinea [97],1660
1615,Foe,,,,foii1241,2007,asher2007world,features,feature,map_032,Map 32 Southern Papua New Guinea [96],1662
1616,Fon,,,,fonn1241,2007,asher2007world,features,feature,map_102,Map 102 Benin and Togo [1],1663
1617,Fongoro,,,,fong1243,2007,asher2007world,features,feature,map_071 map_072,Map 71 North-East Africa [91]; Map 72 Sudan and the Horn of Africa [180],1664
1618,Forak,,,,fora1245,2007,asher2007world,features,feature,map_033,Map 33 Northern Papua New Guinea [132],1665
1619,Fore,,,,fore1270,2007,asher2007world,features,feature,map_032,Map 32 Southern Papua New Guinea [13],1666
1621,French,,,,stan1290,2007,asher2007world,features,feature,map_063 map_065 map_067 map_068 map_069,"Map 63 The British Isles [6]; Map 65 Germany, Austria, Liechtenstein and Switzerland [7]; Map 67 Italy, Corsica, Sardinia, Sicily and Malta [4]; Map 68 The Iberian Peninsula and Atlantic Islands [5]; Map 69 France, Belgium, the Netherlands and Luxembourg [1]",1668 1669
1622,Friulian,,,,friu1240,2007,asher2007world,features,feature,map_065 map_067,"Map 65 Germany, Austria, Liechtenstein and Switzerland [12]; Map 67 Italy, Corsica, Sardinia, Sicily and Malta [8]",1671
1623,Fu'da,,,,,2007,asher2007world,features,feature,map_093,Map 93 Central South-Western Cameroon [62b],1672
1624,Fu'sap,,,,,2007,asher2007world,features,feature,map_093,Map 93 Central South-Western Cameroon [62i],1673
1625,Ful(Ani),,,,fula1264,2007,asher2007world,features,feature,map_100 map_101 map_102 map_073 map_091 map_097 map_099 map_094 map_108 map_095,"Map 100 Northern Nigeria and Niger [F]; Map 101 South-Western Nigeria [F]; Map 102 Benin and Togo [F]; Map 73 North-West Africa [74]; Map 91 Adamawa Region [60/F]; Map 97 North Plateau, Nigeria [F]; Map 99 Lake Chad Region [F]; Map 94 Northern Cameroon [1]; Map 108 Senegal, Gambia and Guinea Bissau [1, F]; Map 95 South-Eastern Nigeria and Mid-Western Cameroon [99]",1674 1675 1676 1677 1680 1682 1683 1684
1626,Ful(Ani),,,,west2454,2007,asher2007world,features,feature,map_102 map_073,Map 102 Benin and Togo [F]; Map 73 North-West Africa [74],1678 1681
1627,Ful(Ani),,,,pula1262,2007,asher2007world,features,feature,map_106 map_108 map_073,"Map 106 Liberia and Sierra Leone [F, 9]; Map 108 Senegal, Gambia and Guinea Bissau [1, F]; Map 73 North-West Africa [74]",1679
1628,Fulani,,,,fula1264,2007,asher2007world,features,feature,map_079 map_089 map_090 map_089,"Map 79 Democratic Republic of Congo: Orienta [57]; Map 89 Central African Republic and South-Eastern Chad [60, F]; Map 90 Central African Republic, South-Western Chad and Cameroon [39]; Map 89 Central African Republic and South-Eastern Chad [60,F]",1685 1686 1687
1629,Fulbe,,,,,2007,asher2007world,features,feature,map_071 map_072,Map 71 North-East Africa [98]; Map 72 Sudan and the Horn of Africa [195],1688
1630,Fuliro,,,,fuli1240,2007,asher2007world,features,feature,map_080,Map 80 Democratic Republic of Congo: Kivu [25a],1689
1631,Fulnió,,,,fuln1247,traditional,asher2007world,features,feature,map_018,Map 18 Brazilian Atlantic Coast: Time of Contact [306],1690
1633,Fumu,,,,fuum1238,2007,asher2007world,features,feature,map_081 map_083,"Map 81 Democratic Republic of Congo: Kasai [27]; Map 83 Democratic Republic of Congo: Bas Congo and Southern Congo [26, 26a]",1692
1634,Fumuwumbu,,,,yaka1270,2007,asher2007world,features,feature,map_081,Map 81 Democratic Republic of Congo: Kasai [62],1693
1635,Fundi (Shirazi),,,,fund1238,2007,asher2007world,features,feature,map_085,Map 85 Kenyan Coast [1g],1694
1636,Fur,,,,furr1244,2007,asher2007world,features,feature,map_071 map_072 map_089,Map 71 North-East Africa [72]; Map 72 Sudan and the Horn of Africa [114]; Map 89 Central African Republic and South-Eastern Chad [80],1695 1696
1637,Furi,,,,sout2795,2007,asher2007world,features,feature,map_103 map_104,Map 103 Ghana [70]; Map 104 Burkina Faso [45],1697
1638,Furu,,,,furu1242,2007,asher2007world,features,feature,map_082 map_089,Map 82 Democratic Republic of Congo: Equate [72]; Map 89 Central African Republic and South-Eastern Chad [78],1698
1639,Futa-Jalon Ful,,,,pula1262,2007,asher2007world,features,feature,map_107,Map 107 Guinea and Mali [1b],1699
1640,Fuyuge,,,,fuyu1242,2007,asher2007world,features,feature,map_032,Map 32 Southern Papua New Guinea [124],1700
1641,Fuái,,,,fwai1237,2007,asher2007world,features,feature,map_027,Map 27 Vanuatu and New Caledonia [118],1701
1642,Fwe,,,,fwee1238,2007,asher2007world,features,feature,map_074 map_077,Map 74 Southern Africa [24]; Map 77 Zambia [26],1702
1643,Fyam (Fyem),,,,fyam1238,2007,asher2007world,features,feature,map_096 map_097,"Map 96 South Plateau, Nigeria [38a]; Map 97 North Plateau, Nigeria [51]",1703
1644,Fyer,,,,fyer1241,2007,asher2007world,features,feature,map_096 map_097,"Map 96 South Plateau, Nigeria [73a]; Map 97 North Plateau, Nigeria [74]",1704
1645,Ga,,,,gaaa1244,2007,asher2007world,features,feature,map_102 map_103,Map 102 Benin and Togo [14]; Map 103 Ghana [35],1705
1646,Ga'aliyyin,,,,suda1236,2007,asher2007world,features,feature,map_072,Map 72 Sudan and the Horn of Africa [4],1706
1647,Ga'an(D)A,,,,gaan1243,2007,asher2007world,features,feature,map_091 map_098,Map 91 Adamawa Region [63]; Map 98 North-Eastern Nigeria [102],1707
1648,Ga-Dang,,,,gada1258,2007,asher2007world,features,feature,map_040,Map 40 The Philippines [18],1708
1649,Gabadi,,,,abad1241,2007,asher2007world,features,feature,map_032,Map 32 Southern Papua New Guinea [233],1709
1650,Gabiano,,,,gabi1241,2007,asher2007world,features,feature,map_033,Map 33 Northern Papua New Guinea [300],1710
1651,Gabri,,,,gabr1253,2007,asher2007world,features,feature,map_090,"Map 90 Central African Republic, South-Western Chad and Cameroon [52]",1711
1652,Gabutamon,,,,gabu1248,2007,asher2007world,features,feature,map_033,Map 33 Northern Papua New Guinea [126],1712
1653,Gadang,,,,gada1262,2007,asher2007world,features,feature,map_090,"Map 90 Central African Republic, South-Western Chad and Cameroon [50]",1713
1654,Gaddang,,,,gadd1244,2007,asher2007world,features,feature,map_040,Map 40 The Philippines [19],1714
1655,Gade,,,,gade1242,2007,asher2007world,features,feature,map_101,Map 101 South-Western Nigeria [53],1715
1657,Gadsup,,,,gads1258,2007,asher2007world,features,feature,map_032 map_033,Map 32 Southern Papua New Guinea [1]; Map 33 Northern Papua New Guinea [146],1717
1658,Gaelic,,,,scot1245,2007,asher2007world,features,feature,map_063,Map 63 The British Isles [5],1718
1659,Gafat,,,,gafa1240,2007,asher2007world,features,feature,map_072,Map 72 Sudan and the Horn of Africa [34],1719
1660,Gagauz,,,,gaga1249,2007,asher2007world,features,feature,map_058 map_061,"Map 58 Western Russia, the Baltic States, Belarus, Ukraine and Moldova [11]; Map 61 Hungary, Romania and the Balkans [16]",1720
1662,Gahuku-Asaro,,,,gahu1246,2007,asher2007world,features,feature,map_032,Map 32 Southern Papua New Guinea [10],1722
1663,Gahukui-Asaro,,,,gahu1246,2007,asher2007world,features,feature,map_033,Map 33 Northern Papua New Guinea [150],1723
1664,Gaina,,,,gain1243,2007,asher2007world,features,feature,map_031,Map 31 South-Eastern Papua New Guinea [84],1724
1665,Gal,,,,gall1278,2007,asher2007world,features,feature,map_033,Map 33 Northern Papua New Guinea [95],1725
1666,Galambi,,,,gala1264,2007,asher2007world,features,feature,map_097,"Map 97 North Plateau, Nigeria [72]",1726
1667,Galela,,,,gale1259,2007,asher2007world,features,feature,map_037,Map 37 The Moluccas [62],1727
1668,Galeshi,,,,gale1256,2007,asher2007world,features,feature,map_053,"Map 53 Iran, Afghanistan and Pakistan [15]",1728
1669,Galeya,,,,gale1257,2007,asher2007world,features,feature,map_031,Map 31 South-Eastern Papua New Guinea [23],1729
1670,Galice-Applegate,,,,gali1261,traditional,asher2007world,features,feature,map_004,Map 4 California: Time of Contact [24],1730
1672,Galoli,,,,galo1243,2007,asher2007world,features,feature,map_038,Map 38 Lesser Sunda Islands and Timor [42],1732
1673,Galu,,,,sina1269,2007,asher2007world,features,feature,map_033,Map 33 Northern Papua New Guinea [235],1733
1674,Galwa,,,,galw1238,2007,asher2007world,features,feature,map_088,Map 88 Gabon and Equatorial Guinea [6],1734
1675,Gamargu,,,,gama1258,2007,asher2007world,features,feature,map_094 map_099,Map 94 Northern Cameroon [19a]; Map 99 Lake Chad Region [2a],1735
1676,Gamba,,,,sara1345,2007,asher2007world,features,feature,map_090,"Map 90 Central African Republic, South-Western Chad and Cameroon [41f]",1736
1678,Game,,,,bore1247,2007,asher2007world,features,feature,map_033,Map 33 Northern Papua New Guinea [333],1738
1679,Gamela,,,,game1240,traditional,asher2007world,features,feature,map_018,Map 18 Brazilian Atlantic Coast: Time of Contact [320],1739
1681,Gamo,,,,gamo1243,2007,asher2007world,features,feature,map_072,Map 72 Sudan and the Horn of Africa [74],1741
1682,Gan,,,,kaan1246,2007,asher2007world,features,feature,map_104 map_105,Map 104 Burkina Faso [57]; Map 105 Ivory Coast [47a],1742
1683,Gan,,,,ganc1239,2007,asher2007world,features,feature,map_045,Map 45 China and Mongolia [6],1743
1684,Gana,,,,gana1277,2007,asher2007world,features,feature,map_041,Map 41 Borneo and Madagascar [93],1744
1685,Ganan,,,,gana1267,2007,asher2007world,features,feature,map_049,Map 49 Burma (Myanmar) [41],1745
1686,Ganda,,,,hand1240,2007,asher2007world,features,feature,map_084,Map 84 Angola [26c],1746
1687,Gangam,,,,ngan1299,2007,asher2007world,features,feature,map_102,Map 102 Benin and Togo [59],1747
1688,Ganglau,,,,gang1270,2007,asher2007world,features,feature,map_033,Map 33 Northern Papua New Guinea [18],1748
1690,Ganja,,,,nara1264,2007,asher2007world,features,feature,map_033,Map 33 Northern Papua New Guinea [158],1750
1691,Ganja (Ja),,,,fgan1238,2007,asher2007world,features,feature,map_108,"Map 108 Senegal, Gambia and Guinea Bissau [21a]",1751
1692,Gants,,,,gant1244,2007,asher2007world,features,feature,map_033,Map 33 Northern Papua New Guinea [14],1752
1693,Ganyoa,,,,gagn1235,2007,asher2007world,features,feature,map_105,Map 105 Ivory Coast [24d],1753
1694,Ganza,,,,ganz1246,2007,asher2007world,features,feature,map_072,Map 72 Sudan and the Horn of Africa [102],1754
1695,Gao,,,,gaoo1237,2007,asher2007world,features,feature,map_029,Map 29 Solomon Islands and Bougainville [35],1755
1696,Gapun,,,,taia1239,2007,asher2007world,features,feature,map_033,Map 33 Northern Papua New Guinea [357],1756
1698,Garhwali,,,,garh1243,2007,asher2007world,features,feature,map_054,Map 54 North-West India [50],1758
1702,Garo,,,,,2007,asher2007world,features,feature,map_041,Map 41 Borneo and Madagascar [102],1762
1703,Garo,,,,garo1247,2007,asher2007world,features,feature,map_051,"Map 51 North-East India, Bangladesh, Bhutan and Nepal [106]",1763
1704,Garre,,,,garr1259,2007,asher2007world,features,feature,map_072,Map 72 Sudan and the Horn of Africa [53k],1764
1705,Garreh,,,,garr1259,2007,asher2007world,features,feature,map_085,Map 85 Kenyan Coast [43d],1765
1706,Garuh,,,,nobo1238,2007,asher2007world,features,feature,map_033,Map 33 Northern Papua New Guinea [89],1766
1707,Garus,,,,garu1246,2007,asher2007world,features,feature,map_033,Map 33 Northern Papua New Guinea [88],1767
1708,Garuwahi,,,,gwed1239,2007,asher2007world,features,feature,map_031,Map 31 South-Eastern Papua New Guinea [11],1768
1709,Garza,,,,garz1234,traditional,asher2007world,features,feature,map_003,Map 3 South-Western North America: Time of Contact [80],1769
1711,Gashowu,,,,gash1251,traditional,asher2007world,features,feature,map_004,Map 4 California: Time of Contact [75],1771
1712,Gauro,,,,gowr1239,2007,asher2007world,features,feature,map_053,"Map 53 Iran, Afghanistan and Pakistan [43]",1772
1713,Gavar,,,,gava1241,2007,asher2007world,features,feature,map_094,Map 94 Northern Cameroon [44],1773
1714,Gawar-Bati,,,,gawa1247,2007,asher2007world,features,feature,map_053,"Map 53 Iran, Afghanistan and Pakistan [49]",1774
1715,Gaya,,,,,2007,asher2007world,features,feature,map_086,Map 86 Central East Africa [30c],1775
1719,Gayo,,,,gayo1244,2007,asher2007world,features,feature,map_043,Map 43 Sumatra [6],1779
1720,Gayon,,,,jira1235,traditional,asher2007world,features,feature,map_012,Map 12 Northern South America: Time of Contact [6],1780
1721,Gbagyi,,,,gbag1258,2007,asher2007world,features,feature,map_101,Map 101 South-Western Nigeria [54],1781
1722,Gbagyi (Gwari-Matai),,,,gbag1258,2007,asher2007world,features,feature,map_096,"Map 96 South Plateau, Nigeria [56]",1782
1723,Gban (Gagu),,,,gagu1242,2007,asher2007world,features,feature,map_105,Map 105 Ivory Coast [78],1783
1724,Gbanu,,,,gban1260,2007,asher2007world,features,feature,map_087 map_089 map_090,"Map 87 Northern Congo and Southern Central African Republic [80a]; Map 89 Central African Republic and South-Eastern Chad [38]; Map 90 Central African Republic, South-Western Chad and Cameroon [34]",1784
1725,Gbanzili (Buraka),,,,gban1258,2007,asher2007world,features,feature,map_082 map_087 map_089,Map 82 Democratic Republic of Congo: Equate [67]; Map 87 Northern Congo and Southern Central African Republic [73]; Map 89 Central African Republic and South-Eastern Chad [3],1785
1726,Gbaya,,,,sout2785,2007,asher2007world,features,feature,map_087,Map 87 Northern Congo and Southern Central African Republic [88],1786
1727,Gbaya Kara,,,,gbay1283,2007,asher2007world,features,feature,map_090 map_091,"Map 90 Central African Republic, South-Western Chad and Cameroon [36]; Map 91 Adamawa Region [38b]",1787
1728,Gbaya-Biyanda,,,,sout2785,2007,asher2007world,features,feature,map_087 map_091,Map 87 Northern Congo and Southern Central African Republic [90]; Map 91 Adamawa Region [39c],1788
1729,Gbaya-Bokoto,,,,boko1261,2007,asher2007world,features,feature,map_090,"Map 90 Central African Republic, South-Western Chad and Cameroon [33]",1789
1730,Gbaya-Ngombe,,,,bang1347,2007,asher2007world,features,feature,map_087,Map 87 Northern Congo and Southern Central African Republic [93],1790
1731,Gbaya-Toongo,,,,,2007,asher2007world,features,feature,map_091,Map 91 Adamawa Region [39a],1791
1732,Gbaya-Yancgere,,,,band1348,2007,asher2007world,features,feature,map_087,Map 87 Northern Congo and Southern Central African Republic [91],1792
1733,Gbede,,,,gbed1241,2007,asher2007world,features,feature,map_101,Map 101 South-Western Nigeria [89b],1793
1734,Gbee (Gbii),,,,gbii1242,2007,asher2007world,features,feature,map_106,Map 106 Liberia and Sierra Leone [15],1794
1735,Gbende,,,,gben1241,2007,asher2007world,features,feature,map_082 map_089,Map 82 Democratic Republic of Congo: Equate [54]; Map 89 Central African Republic and South-Eastern Chad [31],1795
1736,Gbete,,,,gbet1241,2007,asher2007world,features,feature,map_087 map_091,Map 87 Northern Congo and Southern Central African Republic [72]; Map 91 Adamawa Region [31],1796
1737,Gbeya,,,,gbay1287,2007,asher2007world,features,feature,map_089 map_090,"Map 89 Central African Republic and South-Eastern Chad [39]; Map 90 Central African Republic, South-Western Chad and Cameroon [29]",1797
1738,Gbwata,,,,bata1314,2007,asher2007world,features,feature,map_091,Map 91 Adamawa Region [66],1798
1739,Gbwata (Bata),,,,bata1314,2007,asher2007world,features,feature,map_098,Map 98 North-Eastern Nigeria [108],1799
1740,Gcaleka,,,,geal1238,2007,asher2007world,features,feature,map_074,Map 74 Southern Africa [4b],1800
1741,Gciriku (Dciriku),,,,gcir1234,2007,asher2007world,features,feature,map_084,Map 84 Angola [25b],1801
1742,Ge (Mina),,,,genn1243,2007,asher2007world,features,feature,map_102,Map 102 Benin and Togo [2a],1802
1743,Geba,,,,geba1237,2007,asher2007world,features,feature,map_049,Map 49 Burma (Myanmar) [27],1803
1744,Gebe,,,,gebe1237,2007,asher2007world,features,feature,map_037,Map 37 The Moluccas [51],1804
1745,Gedaged,,,,geda1237,2007,asher2007world,features,feature,map_033,Map 33 Northern Papua New Guinea [385],1805
1746,Gedeo,,,,gede1246,2007,asher2007world,features,feature,map_072,Map 72 Sudan and the Horn of Africa [67],1806
1747,Geji,,,,geji1247,2007,asher2007world,features,feature,map_097 map_098,"Map 97 North Plateau, Nigeria [88]; Map 98 North-Eastern Nigeria [97]",1807
1748,Gekhu,,,,geko1235,2007,asher2007world,features,feature,map_049,Map 49 Burma (Myanmar) [30],1808
1749,Gela,,,,gela1263,2007,asher2007world,features,feature,map_029,Map 29 Solomon Islands and Bougainville [37],1809
1750,Gelao,,,,gela1261,2007,asher2007world,features,feature,map_045,Map 45 China and Mongolia [74],1810
1751,Gelao,,,,whit1267,2007,asher2007world,features,feature,map_045 map_047,"Map 45 China and Mongolia [74]; Map 47 Northern Thailand, Laos and Vietnam [6]",1811
1752,Gelao [Various Languages],,,,gela1261,2007,asher2007world,features,feature,map_046,"Map 46 Yunnan Province, China [21]",1812
1753,Gelvaxdaxa,,,,glav1244,2007,asher2007world,features,feature,map_094,Map 94 Northern Cameroon [20],1813
1754,Geme,,,,geme1244,2007,asher2007world,features,feature,map_089,Map 89 Central African Republic and South-Eastern Chad [5],1814
1755,Gende (Bundi),,,,gend1249,2007,asher2007world,features,feature,map_033,Map 33 Northern Papua New Guinea [148],1815
1756,Gengle,,,,geng1243,2007,asher2007world,features,feature,map_098,Map 98 North-Eastern Nigeria [31],1816
1757,Georgian,,,,nucl1302,2007,asher2007world,features,feature,map_059,Map 59 The Caucasus [49],1817
1758,Gepo [Yi],,,,gepo1234,2007,asher2007world,features,feature,map_046,"Map 46 Yunnan Province, China [54]",1818
1759,Gera,,,,gera1246,2007,asher2007world,features,feature,map_097 map_098,"Map 97 North Plateau, Nigeria [69]; Map 98 North-Eastern Nigeria [73]",1819
1760,Gerka,,,,yiwo1237,2007,asher2007world,features,feature,map_096,"Map 96 South Plateau, Nigeria [72]",1820
1761,German,,,,stan1295,2007,asher2007world,features,feature,map_058 map_061 map_062 map_064 map_065 map_067 map_069,"Map 58 Western Russia, the Baltic States, Belarus, Ukraine and Moldova [G]; Map 61 Hungary, Romania and the Balkans [12]; Map 62 Poland, the Czech Republic and Slovakia [12]; Map 64 The Nordic Countries [6]; Map 65 Germany, Austria, Liechtenstein and Switzerland [1]; Map 67 Italy, Corsica, Sardinia, Sicily and Malta [9]; Map 69 France, Belgium, the Netherlands and Luxembourg [8]",1821 1822 1823 1824 1825 1826
1762,Geruma,,,,geru1240,2007,asher2007world,features,feature,map_097 map_098,"Map 97 North Plateau, Nigeria [71]; Map 98 North-Eastern Nigeria [75]",1827
1763,Geser-Goram,,,,gese1240,2007,asher2007world,features,feature,map_034 map_037,Map 34 Irian Jaya [223]; Map 37 The Moluccas [30],1828
1764,Geta (Gtah),,,,gata1239,2007,asher2007world,features,feature,map_051,"Map 51 North-East India, Bangladesh, Bhutan and Nepal [210]",1829
1765,Gey,,,,geya1234,2007,asher2007world,features,feature,map_091 map_094,Map 91 Adamawa Region [34]; Map 94 Northern Cameroon [3],1830
1766,Ghale,,,,ghal1246,2007,asher2007world,features,feature,map_051,"Map 51 North-East India, Bangladesh, Bhutan and Nepal [6]",1831
1767,Ghanongga,,,,ghan1242,2007,asher2007world,features,feature,map_029,Map 29 Solomon Islands and Bougainville [19],1832
1768,Gharti (Bujheli),,,,bujh1238,2007,asher2007world,features,feature,map_051,"Map 51 North-East India, Bangladesh, Bhutan and Nepal [54]",1833
1769,Ghomozo [Yi],,,,,2007,asher2007world,features,feature,map_046,"Map 46 Yunnan Province, China [50]",1834
1770,Ghotuo,,,,ghot1243,2007,asher2007world,features,feature,map_101,Map 101 South-Western Nigeria [68],1835
1771,Ghumāra,,,,ghom1257,2007,asher2007world,features,feature,map_073,Map 73 North-West Africa [67],1836
1772,Ghumāra Subgroup,,,,ghom1257,2007,asher2007world,features,feature,map_073,Map 73 North-West Africa [24],1837
1773,Gichode,,,,giky1238,2007,asher2007world,features,feature,map_102 map_103,Map 102 Benin and Togo [23]; Map 103 Ghana [16],1838
1774,Gidra (Jibu),,,,wipi1242,2007,asher2007world,features,feature,map_032,Map 32 Southern Papua New Guinea [193],1839
1775,Gikuyu,,,,kiku1240,2007,asher2007world,features,feature,map_072 map_085 map_086,Map 72 Sudan and the Horn of Africa [201]; Map 85 Kenyan Coast [37]; Map 86 Central East Africa [9],1840
1776,Gilak,,,,gila1241,2007,asher2007world,features,feature,map_053,"Map 53 Iran, Afghanistan and Pakistan [13]",1841
1777,Gilbertese,,,,gilb1244,2007,asher2007world,features,feature,map_028,Map 28 Micronesia [18],1842
1778,Giman,,,,gane1237,2007,asher2007world,features,feature,map_037,Map 37 The Moluccas [38],1843
1779,Gimi,,,,gimi1243,2007,asher2007world,features,feature,map_032,Map 32 Southern Papua New Guinea [14],1844
1780,Gimme,,,,gimm1241,2007,asher2007world,features,feature,map_091 map_098,Map 91 Adamawa Region [9]; Map 98 North-Eastern Nigeria [25e],1845
1781,Gimnime,,,,gimn1238,2007,asher2007world,features,feature,map_091,Map 91 Adamawa Region [10],1846
1782,Gina Subgroup,,,,gina1240,2007,asher2007world,features,feature,map_071,Map 71 North-East Africa [6],1847
1783,Ginao,,,,guin1258,traditional,asher2007world,features,feature,map_012,Map 12 Northern South America: Time of Contact [90],1848
1784,Gingwak,,,,ging1241,2007,asher2007world,features,feature,map_096 map_097 map_098,"Map 96 South Plateau, Nigeria [49]; Map 97 North Plateau, Nigeria [61]; Map 98 North-Eastern Nigeria [49]",1849
1785,Ginuman (Dime),,,,ginu1240,2007,asher2007world,features,feature,map_031,Map 31 South-Eastern Papua New Guinea [73],1850
1786,Gir (Kire),,,,kire1240,2007,asher2007world,features,feature,map_033,Map 33 Northern Papua New Guinea [337],1851
1787,Gira,,,,madi1261,2007,asher2007world,features,feature,map_033,Map 33 Northern Papua New Guinea [137],1852
1788,Girawa (Bagasin),,,,gira1247,2007,asher2007world,features,feature,map_033,Map 33 Northern Papua New Guinea [78],1853
1789,Giriama,,,,giry1241,2007,asher2007world,features,feature,map_085,Map 85 Kenyan Coast [4],1854
1790,Gisu,,,,masa1299,2007,asher2007world,features,feature,map_086,Map 86 Central East Africa [37],1855
1791,Gitksan,,,,gitx1241,traditional,asher2007world,features,feature,map_006,Map 6 North-Western Pacific America: Time of Contact [14],1856
1792,Gitua,,,,gitu1237,2007,asher2007world,features,feature,map_032 map_033,Map 32 Southern Papua New Guinea [227]; Map 33 Northern Papua New Guinea [375],1857
1794,Giziga North,,,,nort3047,2007,asher2007world,features,feature,map_094,Map 94 Northern Cameroon [38a],1859
1795,Giziga South,,,,sout3051,2007,asher2007world,features,feature,map_094,Map 94 Northern Cameroon [38b],1860
1796,Gizra (Toga),,,,gizr1240,2007,asher2007world,features,feature,map_032,Map 32 Southern Papua New Guinea [194],1861
1797,Gnau,,,,gnau1240,2007,asher2007world,features,feature,map_033,Map 33 Northern Papua New Guinea [233],1862
1798,Goba (Mozambian Korekore),,,,kore1281,2007,asher2007world,features,feature,map_077,Map 77 Zambia [57a],1863
1799,Godie,,,,godi1239,2007,asher2007world,features,feature,map_105,Map 105 Ivory Coast [25],1864
1800,Godoberi,,,,ghod1238,2007,asher2007world,features,feature,map_059,Map 59 The Caucasus [26],1865
1801,Godwari,,,,godw1241,2007,asher2007world,features,feature,map_054,Map 54 North-West India [57b],1866
1802,Goemai,,,,goem1240,2007,asher2007world,features,feature,map_096 map_098,"Map 96 South Plateau, Nigeria [70]; Map 98 North-Eastern Nigeria [86]",1867
1803,Gofa,,,,gofa1235,2007,asher2007world,features,feature,map_072,Map 72 Sudan and the Horn of Africa [75],1868
1804,Gogo,,,,gogo1263,2007,asher2007world,features,feature,map_076,Map 76 Southern Tanzania [16],1869
1805,Gogodala,,,,gogo1265,2007,asher2007world,features,feature,map_032,Map 32 Southern Papua New Guinea [106],1870
1806,Gogot,,,,kist1241,2007,asher2007world,features,feature,map_072,Map 72 Sudan and the Horn of Africa [36],1871
1807,Gokana,,,,goka1239,2007,asher2007world,features,feature,map_101,Map 101 South-Western Nigeria [16b],1872
1808,Gola,,,,gola1255,2007,asher2007world,features,feature,map_106,"Map 106 Liberia and Sierra Leone [G, 2]",1873
1809,Goliath,,,,unaa1239,2007,asher2007world,features,feature,map_034,Map 34 Irian Jaya [63],1874
1810,Golo,,,,,2007,asher2007world,features,feature,map_079 map_082,Map 79 Democratic Republic of Congo: Orienta [34]; Map 82 Democratic Republic of Congo: Equate [38],1875
1811,Gondi,,,,nort2702,2007,asher2007world,features,feature,map_051 map_052,"Map 51 North-East India, Bangladesh, Bhutan and Nepal [191]; Map 52 Southern India and Sri Lanka [25]",1876
1812,Gondi,,,,gond1265,2007,asher2007world,features,feature,map_051 map_052 map_054,"Map 51 North-East India, Bangladesh, Bhutan and Nepal [191]; Map 52 Southern India and Sri Lanka [25]; Map 54 North-West India [81]",1877
1813,Gongduk,,,,gong1251,2007,asher2007world,features,feature,map_051,"Map 51 North-East India, Bangladesh, Bhutan and Nepal [42]",1878
1814,Gonge,,,,gong1240,2007,asher2007world,features,feature,map_090,"Map 90 Central African Republic, South-Western Chad and Cameroon [18]",1879
1815,Gonja,,,,gonj1241,2007,asher2007world,features,feature,map_102 map_103 map_104 map_105,Map 102 Benin and Togo [20]; Map 103 Ghana [11]; Map 104 Burkina Faso [72]; Map 105 Ivory Coast [20],1880 1881
1817,Gorontalo,,,,goro1259,2007,asher2007world,features,feature,map_039,Map 39 Sulawesi [17],1883
1818,Gorovu (Yerani),,,,goro1261,2007,asher2007world,features,feature,map_033,Map 33 Northern Papua New Guinea [324],1884
1819,Goyi,,,,,2007,asher2007world,features,feature,map_080,Map 80 Democratic Republic of Congo: Kivu [45a],1885
1820,Gozo,,,,gozo1238,2007,asher2007world,features,feature,map_067 map_073,"Map 67 Italy, Corsica, Sardinia, Sicily and Malta [16b]; Map 73 North-West Africa [30]",1886
1821,Grabrielino,,,,tong1329,traditional,asher2007world,features,feature,map_003,Map 3 South-Western North America: Time of Contact [18],1887
1822,Grand Valley Dani,,,,gran1246,2007,asher2007world,features,feature,map_034,Map 34 Irian Jaya [45],1888
1823,Grebo,,,,greb1257,2007,asher2007world,features,feature,map_105 map_106,Map 105 Ivory Coast [28]; Map 106 Liberia and Sierra Leone [12],1889
1824,Greek,,,,mode1248,2007,asher2007world,features,feature,map_060 map_061 map_066 map_067,"Map 60 Turkey [4]; Map 61 Hungary, Romania and the Balkans [13]; Map 66 Albania, Greece, Crete and Cyprus [2]; Map 67 Italy, Corsica, Sardinia, Sicily and Malta [14]",1890 1891 1892 1893 1894 1895
1825,Grigra,,,,,traditional,asher2007world,features,feature,map_002,Map 2 South-Eastern North America: Time of Contact [38],1896
1826,Groma,,,,grom1238,2007,asher2007world,features,feature,map_045,Map 45 China and Mongolia [97b],1897
1827,Gros Ventre,,,,gros1243,traditional,asher2007world,features,feature,map_007,Map 7 Northern North America: Time of Contact [71],1898
1829,Gtsang,,,,gtsa1238,2007,asher2007world,features,feature,map_045,Map 45 China and Mongolia [86],1900
1830,Gu'de,,,,gude1246,2007,asher2007world,features,feature,map_094,Map 94 Northern Cameroon [48],1901
1831,"Guaicura, Waykuri",,,,guai1237,traditional,asher2007world,features,feature,map_003,Map 3 South-Western North America: Time of Contact [68],1902
1832,Guarani,,,,para1311,traditional,asher2007world,features,feature,map_018,Map 18 Brazilian Atlantic Coast: Time of Contact [335],1903
1834,Guarayú,,,,guar1292,traditional,asher2007world,features,feature,map_020,Map 20 Central Pacific Coast: Time of Contact [338],1905
1837,Guarijío,,,,huar1255,traditional,asher2007world,features,feature,map_003,Map 3 South-Western North America: Time of Contact [30],1908
1838,Guasave,,,,,traditional,asher2007world,features,feature,map_003,Map 3 South-Western North America: Time of Contact [92],1909
1839,Guató,,,,guat1253,traditional,asher2007world,features,feature,map_018,Map 18 Brazilian Atlantic Coast: Time of Contact [309],1910
1842,Gubi,,,,gubi1238,2007,asher2007world,features,feature,map_097 map_098,"Map 97 North Plateau, Nigeria [56]; Map 98 North-Eastern Nigeria [45]",1913
1845,Gudu,,,,gudu1250,2007,asher2007world,features,feature,map_091 map_098,Map 91 Adamawa Region [69]; Map 98 North-Eastern Nigeria [107],1916
1846,Guduf,,,,gudu1252,2007,asher2007world,features,feature,map_094,Map 94 Northern Cameroon [22],1917
1850,Guhayna,,,,suda1236,2007,asher2007world,features,feature,map_071 map_072,Map 71 North-East Africa [21]; Map 72 Sudan and the Horn of Africa [8],1921
1851,Guhu-Samane,,,,guhu1244,2007,asher2007world,features,feature,map_032,Map 32 Southern Papua New Guinea [151],1922
1852,Guiarak,,,,guya1251,2007,asher2007world,features,feature,map_033,Map 33 Northern Papua New Guinea [134],1923
1853,Guichong,,,,guiq1238,2007,asher2007world,features,feature,map_045,Map 45 China and Mongolia [116],1924
1854,Gujarati,,,,guja1252,2007,asher2007world,features,feature,map_052 map_054,Map 52 Southern India and Sri Lanka [17]; Map 54 North-West India [75],1925
1855,Gujari (Gujuri Gojri),,,,guja1253,2007,asher2007world,features,feature,map_054,Map 54 North-West India [53],1926
1856,Gujari (Gujuri),,,,guja1253,2007,asher2007world,features,feature,map_053,"Map 53 Iran, Afghanistan and Pakistan [35]",1927
1857,Guji,,,,bora1271,2007,asher2007world,features,feature,map_072,Map 72 Sudan and the Horn of Africa [53h],1928
1858,Gulai,,,,gula1268,2007,asher2007world,features,feature,map_090,"Map 90 Central African Republic, South-Western Chad and Cameroon [44a]",1929
1859,Gulu (Gele/Fongoro),,,,fong1243,2007,asher2007world,features,feature,map_089,Map 89 Central African Republic and South-Eastern Chad [76],1930
1861,Gumalu,,,,guma1255,2007,asher2007world,features,feature,map_033,Map 33 Northern Papua New Guinea [83],1932
1862,Gumawana,,,,guma1254,2007,asher2007world,features,feature,map_031,"Map 31 South-Eastern Papua New Guinea [35, D]",1933
1864,Gumuz,,,,gumu1244,2007,asher2007world,features,feature,map_072,Map 72 Sudan and the Horn of Africa [187],1935
1865,Gumär,,,,gume1239,2007,asher2007world,features,feature,map_072,Map 72 Sudan and the Horn of Africa [41],1936
1869,Gungu,,,,gung1250,2007,asher2007world,features,feature,map_079,Map 79 Democratic Republic of Congo: Orienta [3a],1940
1873,Gurani,,,,gura1251,2007,asher2007world,features,feature,map_053,"Map 53 Iran, Afghanistan and Pakistan [18]",1944
1874,Gurara,,,,gour1247,2007,asher2007world,features,feature,map_073,Map 73 North-West Africa [57],1945
1875,Gure-Kahugu,,,,gbir1241,2007,asher2007world,features,feature,map_097,"Map 97 North Plateau, Nigeria [43]",1946
1877,Gurma (Nchema),,,,gour1243,2007,asher2007world,features,feature,map_102 map_103 map_104,Map 102 Benin and Togo [53]; Map 103 Ghana [58]; Map 104 Burkina Faso [29],1948 1949
1878,Gurmana,,,,gurm1246,2007,asher2007world,features,feature,map_101,Map 101 South-Western Nigeria [46],1950
1880,Guro,,,,guro1248,2007,asher2007world,features,feature,map_105,Map 105 Ivory Coast [76],1952
1881,Gurung,,,,guru1261,2007,asher2007world,features,feature,map_051,"Map 51 North-East India, Bangladesh, Bhutan and Nepal [4]",1953
1882,Guruntum(-Mbaaru),,,,guru1271,2007,asher2007world,features,feature,map_097 map_098,"Map 97 North Plateau, Nigeria [85]; Map 98 North-Eastern Nigeria [90]",1954
1883,Gusan,,,,gusa1246,2007,asher2007world,features,feature,map_032,Map 32 Southern Papua New Guinea [54],1955
1884,Gusii,,,,gusi1247,2007,asher2007world,features,feature,map_086,Map 86 Central East Africa [53],1956
1885,Gusilay,,,,gusi1246,2007,asher2007world,features,feature,map_108,"Map 108 Senegal, Gambia and Guinea Bissau [13]",1957
1886,Gusu,,,,gusu1242,2007,asher2007world,features,feature,map_097,"Map 97 North Plateau, Nigeria [46c]",1958
1887,Gutob (Gadaba),,,,bodo1267,2007,asher2007world,features,feature,map_051,"Map 51 North-East India, Bangladesh, Bhutan and Nepal [208]",1959
1895,Guéren,,,,guer1242,traditional,asher2007world,features,feature,map_018,Map 18 Brazilian Atlantic Coast: Time of Contact [283],1967
1896,Gwa,,,,guaa1238,2007,asher2007world,features,feature,map_102 map_103,Map 102 Benin and Togo [24]; Map 103 Ghana [18],1968
1897,Gwa,,,,bush1247,2007,asher2007world,features,feature,map_081,Map 81 Democratic Republic of Congo: Kasai [51],1969
1898,Gwa,,,,gwaa1239,2007,asher2007world,features,feature,map_097,"Map 97 North Plateau, Nigeria [55]",1970
1899,Gwandara-Gwari,,,,gwan1268,2007,asher2007world,features,feature,map_101 map_096,"Map 101 South-Western Nigeria [96]; Map 96 South Plateau, Nigeria [59]",1971
1900,Gwano,,,,gwan1243,2007,asher2007world,features,feature,map_085,Map 85 Kenyan Coast [3b],1972
1901,Gwari-Yama,,,,gwar1240,2007,asher2007world,features,feature,map_101 map_097,"Map 101 South-Western Nigeria [55]; Map 97 North Plateau, Nigeria [66]",1973 1974
1902,Gwe,,,,,2007,asher2007world,features,feature,map_086,Map 86 Central East Africa [40],1975
1903,Gwedena (Gwede),,,,gwed1239,2007,asher2007world,features,feature,map_031,Map 31 South-Eastern Papua New Guinea [74],1976
1904,Gwembe,,,,kafu1239,2007,asher2007world,features,feature,map_074 map_077,Map 74 Southern Africa [26]; Map 77 Zambia [24d],1977
1905,Gweno,,,,gwen1239,2007,asher2007world,features,feature,map_085 map_086,Map 85 Kenyan Coast [23]; Map 86 Central East Africa [3a],1978
1906,Gwere,,,,gwer1238,2007,asher2007world,features,feature,map_086,Map 86 Central East Africa [38],1979
1907,Gwom(Un),,,,,2007,asher2007world,features,feature,map_098,Map 98 North-Eastern Nigeria [18],1980
1908,Gworam,,,,gwor1239,2007,asher2007world,features,feature,map_096,"Map 96 South Plateau, Nigeria [65e]",1981
1909,"Gwurang, Fungor, Laro, Totoro, Thiro",,,,,2007,asher2007world,features,feature,map_072,Map 72 Sudan and the Horn of Africa [192],1982
1910,Gyando,,,,dzan1238,2007,asher2007world,features,feature,map_082 map_087,Map 82 Democratic Republic of Congo: Equate [13]; Map 87 Northern Congo and Southern Central African Republic [16],1983
1911,Gyasumdo,,,,gyal1236,2007,asher2007world,features,feature,map_051,"Map 51 North-East India, Bangladesh, Bhutan and Nepal [20]",1984
1912,Gyem,,,,gyem1238,2007,asher2007world,features,feature,map_097,"Map 97 North Plateau, Nigeria [28]",1985
1913,H(Y)Am (Jaba),,,,hyam1245,2007,asher2007world,features,feature,map_096,"Map 96 South Plateau, Nigeria [13]",1986
1914,Ha,,,,haaa1252,2007,asher2007world,features,feature,map_078 map_080 map_086,Map 78 Democratic Republic of Congo: Katang [45]; Map 80 Democratic Republic of Congo: Kivu [34]; Map 86 Central East Africa [54],1987
1915,Habbāniya,,,,suda1236,2007,asher2007world,features,feature,map_071,Map 71 North-East Africa [32],1988
1916,Habu,,,,habu1241,2007,asher2007world,features,feature,map_038,Map 38 Lesser Sunda Islands and Timor [56],1989
1917,Habyot,,,,hoby1242,2007,asher2007world,features,feature,map_070,Map 70 The Middle East and Arabian Peninsula [101],1990
1918,Hadad,,,,,2007,asher2007world,features,feature,map_099,Map 99 Lake Chad Region [23a],1991
1919,Hadarib And Peninsular Dialects,,,,hada1239,2007,asher2007world,features,feature,map_072,Map 72 Sudan and the Horn of Africa [23],1992
1920,Hadiyya,,,,hadi1240,2007,asher2007world,features,feature,map_072,Map 72 Sudan and the Horn of Africa [62],1993
1921,Hadza,,,,hadz1240,2007,asher2007world,features,feature,map_086,Map 86 Central East Africa [101],1994
1922,Hadīdīn,,,,,2007,asher2007world,features,feature,map_070,Map 70 The Middle East and Arabian Peninsula [60],1995
1923,Hagen,,,,melp1238,2007,asher2007world,features,feature,map_032 map_033,"Map 32 Southern Papua New Guinea [20, D]; Map 33 Northern Papua New Guinea [160]",1996
1924,Hahon,,,,haho1237,2007,asher2007world,features,feature,map_029,Map 29 Solomon Islands and Bougainville [6],1997
1925,Hai-//'Om (San),,,,haio1238,2007,asher2007world,features,feature,map_074 map_084,Map 74 Southern Africa [46a]; Map 84 Angola [53],1998
1927,Haimi,,,,,2007,asher2007world,features,feature,map_049,Map 49 Burma (Myanmar) [36],2000
1928,Haisla,,,,hais1244,traditional,asher2007world,features,feature,map_006,Map 6 North-Western Pacific America: Time of Contact [40],2001
1930,Hajong,,,,hajo1238,2007,asher2007world,features,feature,map_051,"Map 51 North-East India, Bangladesh, Bhutan and Nepal [114]",2003
1932,Halbi (Halabi),,,,halb1244,2007,asher2007world,features,feature,map_051,"Map 51 North-East India, Bangladesh, Bhutan and Nepal [180]",2005
1933,Halia,,,,hali1244,2007,asher2007world,features,feature,map_029,Map 29 Solomon Islands and Bougainville [2],2006
1934,Halkomelem,,,,halk1245,traditional,asher2007world,features,feature,map_006,Map 6 North-Western Pacific America: Time of Contact [22],2007
1936,Halung,,,,walu1241,2007,asher2007world,features,feature,map_051,"Map 51 North-East India, Bangladesh, Bhutan and Nepal [26]",2009
1937,Ham,,,,mari1428,2007,asher2007world,features,feature,map_033,Map 33 Northern Papua New Guinea [383],2010
1938,Hamar,,,,suda1236,2007,asher2007world,features,feature,map_071 map_072,Map 71 North-East Africa [30]; Map 72 Sudan and the Horn of Africa [18],2011
1939,Hamba Sambala,,,,hamb1245,2007,asher2007world,features,feature,map_080,Map 80 Democratic Republic of Congo: Kivu [71b],2012
1940,Hamer,,,,hame1242,2007,asher2007world,features,feature,map_072 map_086,Map 72 Sudan and the Horn of Africa [103]; Map 86 Central East Africa [99],2013
1941,Hamid,,,,suda1236,2007,asher2007world,features,feature,map_071 map_072,Map 71 North-East Africa [25]; Map 72 Sudan and the Horn of Africa [13],2014
1942,Hamtai (Kapau),,,,hamt1247,2007,asher2007world,features,feature,map_032,Map 32 Southern Papua New Guinea [109],2015
1943,Han,,,,hann1241,traditional,asher2007world,features,feature,map_007,Map 7 Northern North America: Time of Contact [24],2016
1945,Han (South-Western Mandarin) [Southwestern],,,,mand1415,2007,asher2007world,features,feature,map_046,"Map 46 Yunnan Province, China [24]",2018
1946,Handa,,,,hand1240,2007,asher2007world,features,feature,map_084,Map 84 Angola [29b],2019
1947,Handa,,,,hand1239,2007,asher2007world,features,feature,map_098,Map 98 North-Eastern Nigeria [9c],2020
1948,Handuri,,,,hind1267,2007,asher2007world,features,feature,map_054,Map 54 North-West India [42],2021
1949,Hanga (Yaka),,,,,2007,asher2007world,features,feature,map_080,Map 80 Democratic Republic of Congo: Kivu [41],2022
1950,Hanga-Kamara,,,,kama1375,2007,asher2007world,features,feature,map_103 map_104,Map 103 Ghana [51]; Map 104 Burkina Faso [26],2023
1951,Hangaza,,,,hang1260,2007,asher2007world,features,feature,map_080,Map 80 Democratic Republic of Congo: Kivu [36],2024
1952,Hani,,,,hani1248,2007,asher2007world,features,feature,map_047,"Map 47 Northern Thailand, Laos and Vietnam [89]",2025
1953,Hani [Hani],,,,hani1248,2007,asher2007world,features,feature,map_046,"Map 46 Yunnan Province, China [89]",2026
1954,Hanis,,,,coos1249,traditional,asher2007world,features,feature,map_004,Map 4 California: Time of Contact [19],2027
1955,Hanunoo,,,,hanu1241,2007,asher2007world,features,feature,map_040,Map 40 The Philippines [54],2028
1956,Hanya,,,,umbu1257,2007,asher2007world,features,feature,map_084,Map 84 Angola [26h],2029
1957,Haoni [Hani],,,,honi1244,2007,asher2007world,features,feature,map_046,"Map 46 Yunnan Province, China [92]",2030
1958,Harauti,,,,hara1256,2007,asher2007world,features,feature,map_054,Map 54 North-West India [61],2031
1959,Hare,,,,hare1244,traditional,asher2007world,features,feature,map_007,Map 7 Northern North America: Time of Contact [30],2032
1960,Haroi,,,,haro1237,2007,asher2007world,features,feature,map_048,"Map 48 Southern Thailand, Laos and Vietnam, and Cambodia [6]",2033
1961,Harsūsī,,,,hars1241,2007,asher2007world,features,feature,map_070,Map 70 The Middle East and Arabian Peninsula [105],2034
1962,Haruku,,,,haru1244,2007,asher2007world,features,feature,map_037,Map 37 The Moluccas [10],2035
1963,Haryanvi,,,,hary1238,2007,asher2007world,features,feature,map_054,Map 54 North-West India [56],2036
1964,Hassaniyya,,,,suda1236,2007,asher2007world,features,feature,map_071 map_072,Map 71 North-East Africa [22]; Map 72 Sudan and the Horn of Africa [10],2037
1965,Hatiam,,,,hata1243,2007,asher2007world,features,feature,map_034,Map 34 Irian Jaya [116],2038
1966,Hausa,,,,haus1257,2007,asher2007world,features,feature,map_100 map_101 map_102 map_071 map_073 map_097 map_098,"Map 100 Northern Nigeria and Niger [1]; Map 101 South-Western Nigeria [95]; Map 102 Benin and Togo [79]; Map 71 North-East Africa [50]; Map 73 North-West Africa [32]; Map 97 North Plateau, Nigeria [68]; Map 98 North-Eastern Nigeria [66]",2039 2040 2041 2042
1967,Haush,,,,haus1240,traditional,asher2007world,features,feature,map_022,Map 22 Southern South America: Time of Contact [246b],2043
1968,Havasupai,,,,hava1249,traditional,asher2007world,features,feature,map_003,Map 3 South-Western North America: Time of Contact [47],2044
1969,Havu,,,,havu1238,2007,asher2007world,features,feature,map_080,Map 80 Democratic Republic of Congo: Kivu [45],2045
1970,Hawrān,,,,,2007,asher2007world,features,feature,map_070,Map 70 The Middle East and Arabian Peninsula [83],2046
1971,Hawāwīr,,,,suda1236,2007,asher2007world,features,feature,map_071 map_072,Map 71 North-East Africa [23]; Map 72 Sudan and the Horn of Africa [11],2047
1972,Hawāzma,,,,,2007,asher2007world,features,feature,map_071,Map 71 North-East Africa [27],2048
1973,Haya,,,,haya1250,2007,asher2007world,features,feature,map_080 map_086,Map 80 Democratic Republic of Congo: Kivu [43]; Map 86 Central East Africa [26],2049
1974,Hbrogpa,,,,hbro1238,2007,asher2007world,features,feature,map_045,Map 45 China and Mongolia [92],2050
1975,Hbrugchu,,,,hbru1241,2007,asher2007world,features,feature,map_045,Map 45 China and Mongolia [94],2051
1976,Hehe,,,,hehe1240,2007,asher2007world,features,feature,map_076,Map 76 Southern Tanzania [43],2052
1977,Heiltsuk-Oowekyala,,,,heil1246,traditional,asher2007world,features,feature,map_006,Map 6 North-Western Pacific America: Time of Contact [41],2053
1978,Hekaine,,,,tawo1245,traditional,asher2007world,features,feature,map_022,Map 22 Southern South America: Time of Contact [248b],2054
1979,Helong,,,,helo1243,2007,asher2007world,features,feature,map_038,Map 38 Lesser Sunda Islands and Timor [35],2055
1980,Her,,,,here1250,2007,asher2007world,features,feature,map_108,"Map 108 Senegal, Gambia and Guinea Bissau [17]",2056
1981,Herero,,,,here1253,2007,asher2007world,features,feature,map_074,Map 74 Southern Africa [44],2057
1982,Hevero,,,,jebe1250,traditional,asher2007world,features,feature,map_014,Map 14 Northern Pacific Coast: Time of Contact [170],2058
1984,"Hewa (Sisimin, Umairof)",,,,hewa1241,2007,asher2007world,features,feature,map_033,Map 33 Northern Papua New Guinea [303],2060
1985,Heyo,,,,heyo1240,2007,asher2007world,features,feature,map_033,Map 33 Northern Papua New Guinea [251],2061
1986,Hezhe (Nanai),,,,nana1257,2007,asher2007world,features,feature,map_045 map_045,Map 45 China and Mongolia [48]; Map 45 China and Mongolia [48],2062
1988,Hidatsa,,,,hida1246,traditional,asher2007world,features,feature,map_005,Map 5 The Great Plains: Time of Contact [22],2064
1990,Higaonon,,,,higa1237,2007,asher2007world,features,feature,map_040,Map 40 The Philippines [101],2066
1992,Highland Sokean,,,,high1276,traditional,asher2007world,features,feature,map_010,Map 10 Meso-America: Time of Contact [23],2068
1993,Higi (Kamwe),,,,kamw1239,2007,asher2007world,features,feature,map_094,Map 94 Northern Cameroon [13],2069
1994,Hijuk,,,,hiju1238,2007,asher2007world,features,feature,map_092 map_093,Map 92 South-Western Cameroon [13]; Map 93 Central South-Western Cameroon [76],2070
1995,Hiligaynon,,,,hili1240,2007,asher2007world,features,feature,map_040,Map 40 The Philippines [70],2071
1996,Hill Miri,,,,hill1258,2007,asher2007world,features,feature,map_051,"Map 51 North-East India, Bangladesh, Bhutan and Nepal [96]",2072
1997,Himba,,,,himb1234,2007,asher2007world,features,feature,map_083 map_088,Map 83 Democratic Republic of Congo: Bas Congo and Southern Congo [56]; Map 88 Gabon and Equatorial Guinea [20],2073
1998,Himba,,,,,2007,asher2007world,features,feature,map_084,Map 84 Angola [34],2074
1999,Hindi,,,,hind1269,2007,asher2007world,features,feature,map_051 map_052 map_054,"Map 51 North-East India, Bangladesh, Bhutan and Nepal [162]; Map 52 Southern India and Sri Lanka [10]; Map 54 North-West India [54]",2075 2076 2077
2000,Hindko,,,,hind1271,2007,asher2007world,features,feature,map_053,"Map 53 Iran, Afghanistan and Pakistan [56]",2078
2001,Hinga,,,,hing1234,2007,asher2007world,features,feature,map_084,Map 84 Angola [29g],2079
2002,Hinihon,,,,hini1234,2007,asher2007world,features,feature,map_033,Map 33 Northern Papua New Guinea [64],2080
2003,Hinuq,,,,hinu1240,2007,asher2007world,features,feature,map_059,Map 59 The Caucasus [34],2081
2004,Hirahara,,,,jira1235,traditional,asher2007world,features,feature,map_012,Map 12 Northern South America: Time of Contact [4],2082
2006,Hitchiti,,,,hitc1239,traditional,asher2007world,features,feature,map_002,Map 2 South-Eastern North America: Time of Contact [49],2084
2008,Hitu,,,,hitu1239,2007,asher2007world,features,feature,map_037,Map 37 The Moluccas [7],2086
2009,Hiw,,,,hiww1237,2007,asher2007world,features,feature,map_027,Map 27 Vanuatu and New Caledonia [1],2087
2010,Hlengwe,,,,hlen1238,2007,asher2007world,features,feature,map_074 map_075,Map 74 Southern Africa [10]; Map 75 Mozambique [46],2088
2011,"Hlersu (Sansu, Shansu) [Yi]",,,,hler1235,2007,asher2007world,features,feature,map_046,"Map 46 Yunnan Province, China [79]",2089
2012,Hmar,,,,hmar1241,2007,asher2007world,features,feature,map_051,"Map 51 North-East India, Bangladesh, Bhutan and Nepal [139]",2090
2013,Ho,,,,hooo1248,2007,asher2007world,features,feature,map_051 map_052,"Map 51 North-East India, Bangladesh, Bhutan and Nepal [205]; Map 52 Southern India and Sri Lanka [35]",2091
2014,Hoava,,,,hoav1238,2007,asher2007world,features,feature,map_029,Map 29 Solomon Islands and Bougainville [26],2092
2015,Hojai,,,,dima1251,2007,asher2007world,features,feature,map_051,"Map 51 North-East India, Bangladesh, Bhutan and Nepal [113]",2093
2016,Holikachuk,,,,holi1241,traditional,asher2007world,features,feature,map_007,Map 7 Northern North America: Time of Contact [15],2094
2018,Holoholo,,,,holo1240,2007,asher2007world,features,feature,map_078 map_080,Map 78 Democratic Republic of Congo: Katang [35]; Map 80 Democratic Republic of Congo: Kivu [17],2096
2019,Holu,,,,holu1245,2007,asher2007world,features,feature,map_084,Map 84 Angola [10],2097
2020,Hom,,,,ghom1247,2007,asher2007world,features,feature,map_093,Map 93 Central South-Western Cameroon [62g],2098
2021,Homa,,,,homa1239,2007,asher2007world,features,feature,map_079 map_089,Map 79 Democratic Republic of Congo: Orienta [18]; Map 89 Central African Republic and South-Eastern Chad [58],2099
2022,Hopi,,,,hopi1249,traditional,asher2007world,features,feature,map_005,Map 5 The Great Plains: Time of Contact [40],2100
2024,Horom,,,,horo1245,2007,asher2007world,features,feature,map_096,"Map 96 South Plateau, Nigeria [38]",2102
2025,Hote,,,,hote1245,2007,asher2007world,features,feature,map_032,Map 32 Southern Papua New Guinea [215],2103
2026,Hotí,,,,yuwa1244,traditional,asher2007world,features,feature,map_012,Map 12 Northern South America: Time of Contact [427],2104
2028,Hovongan,,,,hovo1239,2007,asher2007world,features,feature,map_041,Map 41 Borneo and Madagascar [59],2106
2029,Hozo-Sezo,,,,hozo1235,2007,asher2007world,features,feature,map_072,Map 72 Sudan and the Horn of Africa [99],2107
2030,Hpun,,,,hpon1238,2007,asher2007world,features,feature,map_049,Map 49 Burma (Myanmar) [60],2108
2031,Hruso,,,,hrus1242,2007,asher2007world,features,feature,map_051,"Map 51 North-East India, Bangladesh, Bhutan and Nepal [91]",2109
2032,Hsana,,,,najd1235,2007,asher2007world,features,feature,map_070,Map 70 The Middle East and Arabian Peninsula [30],2110
2033,Htangan,,,,lein1237,2007,asher2007world,features,feature,map_049,Map 49 Burma (Myanmar) [34],2111
2034,Huchití,,,,guai1237,traditional,asher2007world,features,feature,map_003,Map 3 South-Western North America: Time of Contact [69],2112
2036,"Huite, Zoe",,,,,traditional,asher2007world,features,feature,map_003,Map 3 South-Western North America: Time of Contact [94],2114
2037,Hujariyya And K-Dialects,,,,,2007,asher2007world,features,feature,map_070,Map 70 The Middle East and Arabian Peninsula [95],2115
2038,Huli,,,,huli1244,2007,asher2007world,features,feature,map_032 map_033,"Map 32 Southern Papua New Guinea [23, E]; Map 33 Northern Papua New Guinea [166]",2116
2039,Hulung,,,,hulu1246,2007,asher2007world,features,feature,map_037,Map 37 The Moluccas [21],2117
2040,Humbe,,,,humb1241,2007,asher2007world,features,feature,map_084,Map 84 Angola [29e],2118
2041,Humbu,,,,,2007,asher2007world,features,feature,map_081 map_083,Map 81 Democratic Republic of Congo: Kasai [21]; Map 83 Democratic Republic of Congo: Bas Congo and Southern Congo [52],2119
2042,Humburi Senni,,,,humb1243,2007,asher2007world,features,feature,map_104,Map 104 Burkina Faso [1d],2120
2043,Humene,,,,hume1246,2007,asher2007world,features,feature,map_032,Map 32 Southern Papua New Guinea [136],2121
2044,Humli Tamang,,,,huml1238,2007,asher2007world,features,feature,map_051 map_054,"Map 51 North-East India, Bangladesh, Bhutan and Nepal [11]; Map 54 North-West India [10]",2122
2045,Humr,,,,suda1236,2007,asher2007world,features,feature,map_071 map_072,Map 71 North-East Africa [29]; Map 72 Sudan and the Horn of Africa [17],2123
2046,Hunde,,,,hund1239,2007,asher2007world,features,feature,map_080,Map 80 Democratic Republic of Congo: Kivu [47],2124
2047,Hung,,,,hung1275,2007,asher2007world,features,feature,map_047,"Map 47 Northern Thailand, Laos and Vietnam [71]",2125
2048,Hungan(A),,,,hung1278,2007,asher2007world,features,feature,map_081,Map 81 Democratic Republic of Congo: Kasai [63],2126
2049,Hungarian,,,,hung1274,2007,asher2007world,features,feature,map_061 map_065 map_067,"Map 61 Hungary, Romania and the Balkans [14]; Map 65 Germany, Austria, Liechtenstein and Switzerland [19]; Map 67 Italy, Corsica, Sardinia, Sicily and Malta [17]",2127
2050,Hungu,,,,hung1282,2007,asher2007world,features,feature,map_084,Map 84 Angola [8],2128
2051,Hunjara,,,,hunj1241,2007,asher2007world,features,feature,map_031 map_032,Map 31 South-Eastern Papua New Guinea [81]; Map 32 Southern Papua New Guinea [148],2129
2052,Hunzib,,,,hunz1247,2007,asher2007world,features,feature,map_059,Map 59 The Caucasus [36],2130
2053,Hupa,,,,hupa1239,traditional,asher2007world,features,feature,map_004,Map 4 California: Time of Contact [27],2131
2054,Hupda,,,,hupd1244,traditional,asher2007world,features,feature,map_012,Map 12 Northern South America: Time of Contact [134],2132
2056,Huron,,,,wyan1247,traditional,asher2007world,features,feature,map_007,Map 7 Northern North America: Time of Contact [82],2134
2057,Hurutshe,,,,huru1238,2007,asher2007world,features,feature,map_074,Map 74 Southern Africa [7d],2135
2058,Hutaym,,,,najd1235,2007,asher2007world,features,feature,map_070,Map 70 The Middle East and Arabian Peninsula [29],2136
2059,Huwayṭāt,,,,hija1235,2007,asher2007world,features,feature,map_070,Map 70 The Middle East and Arabian Peninsula [64],2137
2060,Huzhu Dialect,,,,huzh1238,2007,asher2007world,features,feature,map_045,Map 45 China and Mongolia [29],2138
2062,Hwana (Hona),,,,hwan1240,2007,asher2007world,features,feature,map_091 map_098,Map 91 Adamawa Region [64]; Map 98 North-Eastern Nigeria [103],2140
2063,Hya,,,,hyaa1239,2007,asher2007world,features,feature,map_094,Map 94 Northern Cameroon [14],2141
2064,Hívaro,,,,shua1256,traditional,asher2007world,features,feature,map_014,Map 14 Northern Pacific Coast: Time of Contact [168a],2142
2066,Hívito,,,,hibi1243,traditional,asher2007world,features,feature,map_014,Map 14 Northern Pacific Coast: Time of Contact [196],2144
2067,I-Wak,,,,iwak1237,2007,asher2007world,features,feature,map_040,Map 40 The Philippines [34],2145
2068,Iaai,,,,iaai1238,2007,asher2007world,features,feature,map_027,Map 27 Vanuatu and New Caledonia [133],2146
2069,Iambi,,,,iamb1238,2007,asher2007world,features,feature,map_086,Map 86 Central East Africa [19],2147
2070,Iatmul,,,,iatm1242,2007,asher2007world,features,feature,map_033,Map 33 Northern Papua New Guinea [296],2148
2071,Iba,,,,,2007,asher2007world,features,feature,map_087,Map 87 Northern Congo and Southern Central African Republic [53k],2149
2072,Ibami,,,,ikoo1244,2007,asher2007world,features,feature,map_093,Map 93 Central South-Western Cameroon [10b],2150
2073,Iban,,,,iban1264,2007,asher2007world,features,feature,map_041,Map 41 Borneo and Madagascar [14],2151
2074,Ibanag,,,,iban1267,2007,asher2007world,features,feature,map_040,Map 40 The Philippines [12],2152
2075,Ibani,,,,iban1261,2007,asher2007world,features,feature,map_101,Map 101 South-Western Nigeria [2b],2153
2076,Ibeto,,,,ibet1238,2007,asher2007world,features,feature,map_100 map_101,Map 100 Northern Nigeria and Niger [22a]; Map 101 South-Western Nigeria [38b],2154
2077,Ibibio,,,,ibib1240,2007,asher2007world,features,feature,map_101,Map 101 South-Western Nigeria [18],2155
2078,Ibie,,,,sout2804,2007,asher2007world,features,feature,map_101,Map 101 South-Western Nigeria [71],2156
2079,Iboko,,,,boko1263,2007,asher2007world,features,feature,map_082 map_087,Map 82 Democratic Republic of Congo: Equate [9]; Map 87 Northern Congo and Southern Central African Republic [13],2157
2080,Ibuno,,,,ibin1241,2007,asher2007world,features,feature,map_101 map_093,Map 101 South-Western Nigeria [22]; Map 93 Central South-Western Cameroon [3],2158
2081,Ibuti,,,,,2007,asher2007world,features,feature,map_079,Map 79 Democratic Republic of Congo: Orienta [11a],2159
2082,Icelandic,,,,icel1247,2007,asher2007world,features,feature,map_064,Map 64 The Nordic Countries [5],2160
2083,Icen,,,,etky1238,2007,asher2007world,features,feature,map_095,Map 95 South-Eastern Nigeria and Mid-Western Cameroon [82c],2161
2084,Iceve,,,,icev1238,2007,asher2007world,features,feature,map_095,Map 95 South-Eastern Nigeria and Mid-Western Cameroon [3],2162
2085,Ida'an,,,,idaa1241,2007,asher2007world,features,feature,map_041,Map 41 Borneo and Madagascar [114],2163
2086,Idaitsa,,,,edei1244,2007,asher2007world,features,feature,map_102,Map 102 Benin and Togo [31a],2164
2087,Idakho,,,,idak1244,2007,asher2007world,features,feature,map_086,Map 86 Central East Africa [35k],2165
2088,Idate,,,,idat1237,2007,asher2007world,features,feature,map_038,Map 38 Lesser Sunda Islands and Timor [43],2166
2089,Idi,,,,nucl1597,2007,asher2007world,features,feature,map_032,Map 32 Southern Papua New Guinea [191],2167
2090,Idne,,,,male1289,2007,asher2007world,features,feature,map_030,Map 30 New Britain and New Ireland [39],2168
2091,Idon(G),,,,idon1238,2007,asher2007world,features,feature,map_097,"Map 97 North Plateau, Nigeria [3]",2169
2092,Idu,,,,idum1241,2007,asher2007world,features,feature,map_045 map_051,"Map 45 China and Mongolia [105]; Map 51 North-East India, Bangladesh, Bhutan and Nepal [99]",2170
2093,Iduh,,,,oduu1239,2007,asher2007world,features,feature,map_047,"Map 47 Northern Thailand, Laos and Vietnam [43]",2171
2094,Iduna,,,,idun1242,2007,asher2007world,features,feature,map_031,Map 31 South-Eastern Papua New Guinea [28],2172
2095,Ifas (Bembi),,,,fass1245,2007,asher2007world,features,feature,map_033,Map 33 Northern Papua New Guinea [209],2173
2096,Ife,,,,ifee1242,2007,asher2007world,features,feature,map_101,Map 101 South-Western Nigeria [88a],2174
2097,Ifira-Mele,,,,mele1250,2007,asher2007world,features,feature,map_027,Map 27 Vanuatu and New Caledonia [137],2175
2098,Ifugao,,,,ifug1247,2007,asher2007world,features,feature,map_040,Map 40 The Philippines [30],2176
2099,Igala,,,,igal1242,2007,asher2007world,features,feature,map_101 map_096,"Map 101 South-Western Nigeria [93]; Map 96 South Plateau, Nigeria [57]",2177
2100,Igana,,,,igan1243,2007,asher2007world,features,feature,map_033,Map 33 Northern Papua New Guinea [347],2178
2101,Igede,,,,iged1239,2007,asher2007world,features,feature,map_095,Map 95 South-Eastern Nigeria and Mid-Western Cameroon [89],2179
2102,Igembe,,,,igem1238,2007,asher2007world,features,feature,map_085,Map 85 Kenyan Coast [34a],2180
2104,Ignacieño,,,,coch1272,traditional,asher2007world,features,feature,map_003,Map 3 South-Western North America: Time of Contact [58],2182
2105,Igoji,,,,igoj1238,2007,asher2007world,features,feature,map_072 map_085 map_086,Map 72 Sudan and the Horn of Africa [203]; Map 85 Kenyan Coast [35]; Map 86 Central East Africa [11],2183
2106,Igom,,,,tang1375,2007,asher2007world,features,feature,map_033,Map 33 Northern Papua New Guinea [341],2184
2107,Iha,,,,ihaa1241,2007,asher2007world,features,feature,map_034,Map 34 Irian Jaya [55],2185
2108,Ihabe,,,,,2007,asher2007world,features,feature,map_093,Map 93 Central South-Western Cameroon [88j],2186
2109,Ihatum,,,,osat1238,2007,asher2007world,features,feature,map_095,Map 95 South-Eastern Nigeria and Mid-Western Cameroon [10],2187
2110,Ije,,,,edei1245,2007,asher2007world,features,feature,map_102,Map 102 Benin and Togo [31b],2188
2111,Ijesha,,,,ijes1238,2007,asher2007world,features,feature,map_101,Map 101 South-Western Nigeria [88b],2189
2112,Ijuma,,,,,2007,asher2007world,features,feature,map_101,Map 101 South-Western Nigeria [89c],2190
2113,Ik (Teuso),,,,ikkk1242,2007,asher2007world,features,feature,map_086,Map 86 Central East Africa [55],2191
2114,Ika,,,,ikaa1238,2007,asher2007world,features,feature,map_101,Map 101 South-Western Nigeria [82b],2192
2115,Ika,,,,arhu1242,traditional,asher2007world,features,feature,map_012,Map 12 Northern South America: Time of Contact [35],2193
2117,Ikale,,,,ikal1241,2007,asher2007world,features,feature,map_101 map_102,Map 101 South-Western Nigeria [91b]; Map 102 Benin and Togo [33a],2195
2118,Ikito-Kawarano,,,,cahu1267,traditional,asher2007world,features,feature,map_014,Map 14 Northern Pacific Coast: Time of Contact [175],2196
2120,Ikizu,,,,ikiz1238,2007,asher2007world,features,feature,map_086,Map 86 Central East Africa [48],2198
2121,Ikobi (Kasere),,,,ikob1240,2007,asher2007world,features,feature,map_032,Map 32 Southern Papua New Guinea [173],2199
2122,Ikogo,,,,,2007,asher2007world,features,feature,map_080 map_081,Map 80 Democratic Republic of Congo: Kivu [4g]; Map 81 Democratic Republic of Congo: Kasai [1u],2200
2123,Ikom,,,,ikom1244,2007,asher2007world,features,feature,map_093,"Map 93 Central South-Western Cameroon [14, A]",2201
2124,Ikoma,,,,ikom1246,2007,asher2007world,features,feature,map_086,Map 86 Central East Africa [49],2202
2125,Ikpeshi,,,,ikpe1243,2007,asher2007world,features,feature,map_101,Map 101 South-Western Nigeria [73],2203
2126,Iku-Gore-Ankwa,,,,ikug1238,2007,asher2007world,features,feature,map_096 map_097,"Map 96 South Plateau, Nigeria [11]; Map 97 North Plateau, Nigeria [5]",2204
2127,Ikulu,,,,ikul1238,2007,asher2007world,features,feature,map_096 map_097,"Map 96 South Plateau, Nigeria [12]; Map 97 North Plateau, Nigeria [6]",2205
2128,Ikundun,,,,anam1248,2007,asher2007world,features,feature,map_033,Map 33 Northern Papua New Guinea [5],2206
2129,Ikwere,,,,ikwe1242,2007,asher2007world,features,feature,map_101,Map 101 South-Western Nigeria [85b],2207
2130,Ila,,,,ilaa1246,2007,asher2007world,features,feature,map_077,Map 77 Zambia [29],2208
2131,Ilande,,,,,2007,asher2007world,features,feature,map_078,Map 78 Democratic Republic of Congo: Katang [19],2209
2132,Ilanum,,,,phil1247,2007,asher2007world,features,feature,map_040,Map 40 The Philippines [97],2210
2133,Ilianen Manobo,,,,ilia1236,2007,asher2007world,features,feature,map_040,Map 40 The Philippines [107],2211
2134,Illinois,,,,peor1238,traditional,asher2007world,features,feature,map_001,Map 1 East Coast and Great Lakes: Time of Contact [18],2212
2135,Ilokano,,,,ilok1237,2007,asher2007world,features,feature,map_040,Map 40 The Philippines [22],2213
2136,Ilongot,,,,ilon1239,2007,asher2007world,features,feature,map_040,Map 40 The Philippines [38],2214
2137,Ilwana,,,,ilwa1237,2007,asher2007world,features,feature,map_072,Map 72 Sudan and the Horn of Africa [199],2215
2138,Imenti,,,,imen1238,2007,asher2007world,features,feature,map_085,Map 85 Kenyan Coast [34c],2216
2139,"Immigrant Languages (Sulawesi,Halmahera)",,,,,2007,asher2007world,features,feature,map_037,Map 37 The Moluccas [67],2217
2140,Imoma,,,,imon1244,2007,asher2007world,features,feature,map_081,Map 81 Democratic Republic of Congo: Kasai [1k],2218
2142,Inamwanga,,,,nyam1275,2007,asher2007world,features,feature,map_076 map_077 map_078,Map 76 Southern Tanzania [52]; Map 77 Zambia [11]; Map 78 Democratic Republic of Congo: Katang [32],2220
2143,Inanwatan,,,,inan1242,2007,asher2007world,features,feature,map_034,Map 34 Irian Jaya [74],2221
2144,Indägän,,,,eneg1238,2007,asher2007world,features,feature,map_072,Map 72 Sudan and the Horn of Africa [44],2222
2145,Ineseño,,,,ines1240,traditional,asher2007world,features,feature,map_003,Map 3 South-Western North America: Time of Contact [62],2223
2146,Ingalik,,,,dege1248,traditional,asher2007world,features,feature,map_007,Map 7 Northern North America: Time of Contact [14],2224
2147,Ingush,,,,ingu1240,2007,asher2007world,features,feature,map_059,Map 59 The Caucasus [21],2225
2148,Inibaloi,,,,ibal1244,2007,asher2007world,features,feature,map_040,Map 40 The Philippines [33],2226
2149,Innämor,,,,inor1238,2007,asher2007world,features,feature,map_072,Map 72 Sudan and the Horn of Africa [42],2227
2150,Intha,,,,inth1239,2007,asher2007world,features,feature,map_049,Map 49 Burma (Myanmar) [57],2228
2151,Inär,,,,inor1238,2007,asher2007world,features,feature,map_072,Map 72 Sudan and the Horn of Africa [43],2229
2152,Ipai,,,,ipai1240,traditional,asher2007world,features,feature,map_003,Map 3 South-Western North America: Time of Contact [52],2230
2156,Ipiko,,,,ipik1244,2007,asher2007world,features,feature,map_032,Map 32 Southern Papua New Guinea [169],2234
2157,Ipili,,,,ipil1240,2007,asher2007world,features,feature,map_033,Map 33 Northern Papua New Guinea [165],2235
2158,Ipulo,,,,ipul1238,2007,asher2007world,features,feature,map_095,Map 95 South-Eastern Nigeria and Mid-Western Cameroon [13],2236
2159,Irahutu,,,,irar1238,2007,asher2007world,features,feature,map_034,Map 34 Irian Jaya [191],2237
2160,Iranshe,,,,iran1263,traditional,asher2007world,features,feature,map_016,Map 16 Western Brazil: Time of Contact [332],2238
2162,Iraqw (Mbulu),,,,iraq1241,2007,asher2007world,features,feature,map_086,Map 86 Central East Africa [90],2240
2163,Iraya,,,,iray1237,2007,asher2007world,features,feature,map_040,Map 40 The Philippines [49],2241
2164,Iresim,,,,ires1239,2007,asher2007world,features,feature,map_034,Map 34 Irian Jaya [186],2242
2165,Iria,,,,kamb1302,2007,asher2007world,features,feature,map_034,Map 34 Irian Jaya [31],2243
2166,Irigwe,,,,irig1241,2007,asher2007world,features,feature,map_096 map_097,"Map 96 South Plateau, Nigeria [32]; Map 97 North Plateau, Nigeria [16b]",2244
2167,Irish,,,,iris1253,2007,asher2007world,features,feature,map_063,Map 63 The British Isles [4],2245
2168,Iro Gula (Kulaal),,,,gula1265,2007,asher2007world,features,feature,map_089,Map 89 Central African Republic and South-Eastern Chad [52],2246
2169,Irumu,,,,tuma1250,2007,asher2007world,features,feature,map_032,Map 32 Southern Papua New Guinea [63],2247
2170,Isabi (Maruhia),,,,isab1240,2007,asher2007world,features,feature,map_033,Map 33 Northern Papua New Guinea [147],2248
2171,Isan(Yupna),,,,yopn1238,2007,asher2007world,features,feature,map_032,Map 32 Southern Papua New Guinea [70],2249
2172,Isanzu,,,,isan1243,2007,asher2007world,features,feature,map_086,Map 86 Central East Africa [18],2250
2173,Isebe,,,,iseb1246,2007,asher2007world,features,feature,map_033,Map 33 Northern Papua New Guinea [81],2251
2174,Ishkashimi,,,,ishk1246,2007,asher2007world,features,feature,map_053,"Map 53 Iran, Afghanistan and Pakistan [30]",2252
2175,Ishkashmi,,,,ishk1246,2007,asher2007world,features,feature,map_057,Map 57 Central Asia [10],2253
2176,Isinai,,,,isin1239,2007,asher2007world,features,feature,map_040,Map 40 The Philippines [31],2254
2178,"Island Chumash, Cruzeño",,,,cruz1243,traditional,asher2007world,features,feature,map_003,Map 3 South-Western North America: Time of Contact [65],2256
2179,Isleta-Sandia,,,,sout2961,traditional,asher2007world,features,feature,map_003,Map 3 South-Western North America: Time of Contact [41],2257
2180,Isnag,,,,isna1241,2007,asher2007world,features,feature,map_040,Map 40 The Philippines [9],2258
2181,Isoko,,,,isok1239,2007,asher2007world,features,feature,map_101,Map 101 South-Western Nigeria [63b],2259
2182,Isoko,,,,soko1248,2007,asher2007world,features,feature,map_081,Map 81 Democratic Republic of Congo: Kasai [1f],2260
2183,Israeli Hebrew,,,,hebr1245,2007,asher2007world,features,feature,map_070,Map 70 The Middle East and Arabian Peninsula [13],2261
2184,Isthmus Sokean,,,,texi1237,traditional,asher2007world,features,feature,map_010,Map 10 Meso-America: Time of Contact [24],2262
2185,Isu,,,,isuf1235,2007,asher2007world,features,feature,map_092,Map 92 South-Western Cameroon [15],2263
2186,Isukha (Kakamega),,,,isuk1238,2007,asher2007world,features,feature,map_086,Map 86 Central East Africa [35l],2264
2187,Italian,,,,ital1282,2007,asher2007world,features,feature,map_061 map_062 map_065 map_067 map_069,"Map 61 Hungary, Romania and the Balkans [11]; Map 62 Poland, the Czech Republic and Slovakia [14]; Map 65 Germany, Austria, Liechtenstein and Switzerland [9]; Map 67 Italy, Corsica, Sardinia, Sicily and Malta [1]; Map 69 France, Belgium, the Netherlands and Luxembourg [3]",2265 2266 2267 2268
2188,Itawis,,,,itaw1240,2007,asher2007world,features,feature,map_040,Map 40 The Philippines [17],2269
2190,Iteri (Yinibu),,,,iter1241,2007,asher2007world,features,feature,map_033,Map 33 Northern Papua New Guinea [215],2271
2191,Itik,,,,itik1240,2007,asher2007world,features,feature,map_034,Map 34 Irian Jaya [149],2272
2192,Itneg,,,,itne1252,2007,asher2007world,features,feature,map_040,Map 40 The Philippines [26],2273
2194,Itonama,,,,iton1250,traditional,asher2007world,features,feature,map_012,Map 12 Northern South America: Time of Contact [26],2275
2196,Itsa,,,,,2007,asher2007world,features,feature,map_102,Map 102 Benin and Togo [32b],2277
2197,Itsekiri,,,,isek1239,2007,asher2007world,features,feature,map_101 map_102,Map 101 South-Western Nigeria [91a]; Map 102 Benin and Togo [33b],2278
2198,Itutang,,,,inap1241,2007,asher2007world,features,feature,map_033,Map 33 Northern Papua New Guinea [349],2279
2199,Itzá,,,,,traditional,asher2007world,features,feature,map_010,Map 10 Meso-America: Time of Contact [3c],2280
2201,Ivori,,,,tain1253,2007,asher2007world,features,feature,map_032,Map 32 Southern Papua New Guinea [118],2282
2202,Iwa,,,,iwaa1242,2007,asher2007world,features,feature,map_075 map_076 map_077,Map 75 Mozambique [23]; Map 76 Southern Tanzania [57]; Map 77 Zambia [12],2283
2204,Iwam,,,,iwam1256,2007,asher2007world,features,feature,map_033,Map 33 Northern Papua New Guinea [272],2285
2205,Iwur,,,,iwur1240,2007,asher2007world,features,feature,map_033 map_034,Map 33 Northern Papua New Guinea [171]; Map 34 Irian Jaya [4],2286
2206,Ixil,,,,,traditional,asher2007world,features,feature,map_010,Map 10 Meso-America: Time of Contact [17],2287
2208,Ixtenco Otomí,,,,ixte1237,traditional,asher2007world,features,feature,map_010,Map 10 Meso-America: Time of Contact [36e],2289
2209,Iyive,,,,iyiv1238,2007,asher2007world,features,feature,map_095,Map 95 South-Eastern Nigeria and Mid-Western Cameroon [4],2290
2210,Iyoniyong,,,,bakp1238,2007,asher2007world,features,feature,map_101 map_093,Map 101 South-Western Nigeria [25]; Map 93 Central South-Western Cameroon [10],2291
2211,Izarek,,,,izer1241,2007,asher2007world,features,feature,map_097,"Map 97 North Plateau, Nigeria [16c]",2292
2212,Jabal Nafūsa,,,,nafu1238,2007,asher2007world,features,feature,map_071 map_073,Map 71 North-East Africa [54]; Map 73 North-West Africa [37],2293
2213,Jabutí,,,,jabu1249,traditional,asher2007world,features,feature,map_016,Map 16 Western Brazil: Time of Contact [324],2294
2215,Jad,,,,jadd1243,2007,asher2007world,features,feature,map_054,Map 54 North-West India [9],2296
2216,Jagoi,,,,baub1235,2007,asher2007world,features,feature,map_041,Map 41 Borneo and Madagascar [18],2297
2217,Jah Hĕt,,,,jahh1242,2007,asher2007world,features,feature,map_044,Map 44 West Malaysia and Singapore [10],2298
2218,Jakarta Malay,,,,beta1252,2007,asher2007world,features,feature,map_042,Map 42 Java and Bali [4],2299
2219,Jaku,,,,,2007,asher2007world,features,feature,map_096 map_097 map_098,"Map 96 South Plateau, Nigeria [51]; Map 97 North Plateau, Nigeria [53]; Map 98 North-Eastern Nigeria [39]",2300 2301
2220,Jalisco Otomí,,,,,traditional,asher2007world,features,feature,map_010,Map 10 Meso-America: Time of Contact [36f],2302
2221,Jalkuna,,,,jalk1242,2007,asher2007world,features,feature,map_104 map_105,Map 104 Burkina Faso [76]; Map 105 Ivory Coast [68],2303
2222,Jama Mapun,,,,mapu1244,2007,asher2007world,features,feature,map_040,Map 40 The Philippines [114],2304
2223,Jamamadí,,,,jama1261,traditional,asher2007world,features,feature,map_016,Map 16 Western Brazil: Time of Contact [130a],2305
2225,Jamsay Tegu,,,,perg1234,2007,asher2007world,features,feature,map_104,Map 104 Burkina Faso [4r],2307
2226,Jan,,,,,2007,asher2007world,features,feature,map_098,Map 98 North-Eastern Nigeria [14],2308
2227,Janādla,,,,hija1235,2007,asher2007world,features,feature,map_070,Map 70 The Middle East and Arabian Peninsula [69],2309
2228,Japanese,,,,nucl1643,2007,asher2007world,features,feature,map_050,"Map 50 Japan, Korea and Taiwan [22]",2310
2229,Jara (Jera),,,,jara1274,2007,asher2007world,features,feature,map_098,Map 98 North-Eastern Nigeria [101],2311
2231,Jarba,,,,jerb1241,2007,asher2007world,features,feature,map_071 map_073,Map 71 North-East Africa [62]; Map 73 North-West Africa [41],2313
2233,Jaruro,,,,pume1238,traditional,asher2007world,features,feature,map_012,Map 12 Northern South America: Time of Contact [166],2315
2235,Jaunsari,,,,jaun1243,2007,asher2007world,features,feature,map_054,Map 54 North-West India [47],2317
2236,Java Languages,,,,,2007,asher2007world,features,feature,map_043,Map 43 Sumatra [19],2318
2237,Javanese,,,,java1254,2007,asher2007world,features,feature,map_041 map_042,Map 41 Borneo and Madagascar [00]; Map 42 Java and Bali [1],2319 2320
2239,Jawe,,,,jawe1237,2007,asher2007world,features,feature,map_027,Map 27 Vanuatu and New Caledonia [113],2322
2241,Jaúna,,,,yahu1241,traditional,asher2007world,features,feature,map_012,Map 12 Northern South America: Time of Contact [152],2324
2243,Jegu,,,,,2007,asher2007world,features,feature,map_089,Map 89 Central African Republic and South-Eastern Chad [82c],2326
2244,Jeh,,,,lisu1250,2007,asher2007world,features,feature,map_047,"Map 47 Northern Thailand, Laos and Vietnam [86]",2327
2245,Jeh,,,,jehh1245,2007,asher2007world,features,feature,map_047 map_048,"Map 47 Northern Thailand, Laos and Vietnam [65]; Map 48 Southern Thailand, Laos and Vietnam, and Cambodia [50]",2328
2246,Jehai,,,,jeha1242,2007,asher2007world,features,feature,map_044 map_048,"Map 44 West Malaysia and Singapore [4]; Map 48 Southern Thailand, Laos and Vietnam, and Cambodia [24]",2329 2330
2247,Jeikó,,,,geic1236,traditional,asher2007world,features,feature,map_018,Map 18 Brazilian Atlantic Coast: Time of Contact [297],2331
2248,Jelgolgi Ful,,,,west2454,2007,asher2007world,features,feature,map_104,Map 104 Burkina Faso [J],2332
2249,Jemez,,,,jeme1245,traditional,asher2007world,features,feature,map_005,Map 5 The Great Plains: Time of Contact [54],2333
2250,Jera,,,,jere1244,2007,asher2007world,features,feature,map_097,"Map 97 North Plateau, Nigeria [46]",2334
2252,Jere,,,,jere1244,2007,asher2007world,features,feature,map_097,"Map 97 North Plateau, Nigeria [46a]",2336
2253,Jerung,,,,jeru1240,2007,asher2007world,features,feature,map_051,"Map 51 North-East India, Bangladesh, Bhutan and Nepal [59]",2337
2254,Jetko,,,,,2007,asher2007world,features,feature,map_099,Map 99 Lake Chad Region [27],2338
2255,Jeto,,,,joto1238,2007,asher2007world,features,feature,map_082 map_089,Map 82 Democratic Republic of Congo: Equate [53]; Map 89 Central African Republic and South-Eastern Chad [35],2339
2256,Jiarong,,,,jiar1240,2007,asher2007world,features,feature,map_045,Map 45 China and Mongolia [112],2340
2257,Jibana (Dzihana),,,,jiba1245,2007,asher2007world,features,feature,map_085,Map 85 Kenyan Coast [7],2341
2258,Jibbālī,,,,sheh1240,2007,asher2007world,features,feature,map_070,Map 70 The Middle East and Arabian Peninsula [102],2342
2259,Jibu,,,,jibu1239,2007,asher2007world,features,feature,map_091 map_095,Map 91 Adamawa Region [40]; Map 95 South-Eastern Nigeria and Mid-Western Cameroon [79b],2343
2260,Jicarilla,,,,jica1244,traditional,asher2007world,features,feature,map_003,Map 3 South-Western North America: Time of Contact [6],2344
2262,Jidda-Abu,,,,buuu1244,2007,asher2007world,features,feature,map_096,"Map 96 South Plateau, Nigeria [23]",2346
2263,Jie,,,,jiee1239,2007,asher2007world,features,feature,map_086,Map 86 Central East Africa [71],2347
2264,Jieng (Dinka),,,,dink1262,2007,asher2007world,features,feature,map_072 map_079,Map 72 Sudan and the Horn of Africa [157]; Map 79 Democratic Republic of Congo: Orienta [77],2348
2265,Jiji,,,,haaa1252,2007,asher2007world,features,feature,map_078 map_080,Map 78 Democratic Republic of Congo: Katang [44]; Map 80 Democratic Republic of Congo: Kivu [33],2349
2266,Jilim,,,,jili1241,2007,asher2007world,features,feature,map_033,Map 33 Northern Papua New Guinea [48],2350
2267,Jimajima,,,,dima1252,2007,asher2007world,features,feature,map_031,Map 31 South-Eastern Papua New Guinea [75],2351
2268,Jimbin,,,,zumb1240,2007,asher2007world,features,feature,map_097,"Map 97 North Plateau, Nigeria [80]",2352
2269,Jimi,,,,bogh1241,2007,asher2007world,features,feature,map_095,Map 95 South-Eastern Nigeria and Mid-Western Cameroon [101],2353
2270,Jimi,,,,jimi1255,2007,asher2007world,features,feature,map_097,"Map 97 North Plateau, Nigeria [92]",2354
2271,Jimjimen,,,,jimi1254,2007,asher2007world,features,feature,map_094,Map 94 Northern Cameroon [49],2355
2272,Jin,,,,chin1463,2007,asher2007world,features,feature,map_045,Map 45 China and Mongolia [70],2356
2273,Jina,,,,jina1244,2007,asher2007world,features,feature,map_099,Map 99 Lake Chad Region [7],2357
2274,Jinghpaw,,,,kach1280,2007,asher2007world,features,feature,map_049,Map 49 Burma (Myanmar) [39],2358
2275,Jinghpaw (Kachin),,,,jing1260,2007,asher2007world,features,feature,map_051,"Map 51 North-East India, Bangladesh, Bhutan and Nepal [123a]",2359
2276,Jinghpaw [Jingpo],,,,kach1280,2007,asher2007world,features,feature,map_046,"Map 46 Yunnan Province, China [36]",2360
2277,Jinja (Zinza),,,,zinz1238,2007,asher2007world,features,feature,map_086,Map 86 Central East Africa [25],2361
2278,Jinuo [Jinuo],,,,jino1236,2007,asher2007world,features,feature,map_046,"Map 46 Yunnan Province, China [82]",2362
2279,Jipal,,,,jipa1239,2007,asher2007world,features,feature,map_096,"Map 96 South Plateau, Nigeria [65f]",2363
2280,Jirel,,,,jire1238,2007,asher2007world,features,feature,map_051,"Map 51 North-East India, Bangladesh, Bhutan and Nepal [23]",2364
2281,Jiru (Kir),,,,jiru1238,2007,asher2007world,features,feature,map_098,Map 98 North-Eastern Nigeria [62],2365
2282,Jita,,,,jita1239,2007,asher2007world,features,feature,map_086,Map 86 Central East Africa [44],2366
2284,Jiye,,,,jiye1239,2007,asher2007world,features,feature,map_072,Map 72 Sudan and the Horn of Africa [166],2368
2285,Jluko,,,,jluk1238,2007,asher2007world,features,feature,map_105,Map 105 Ivory Coast [26d],2369
2287,Jogo (Ligbi),,,,ligb1244,2007,asher2007world,features,feature,map_103,Map 103 Ghana [84],2371
2288,Jomvu,,,,swah1253,2007,asher2007world,features,feature,map_085,Map 85 Kenyan Coast [1f],2372
2289,Jonkor,,,,jonk1238,2007,asher2007world,features,feature,map_089,Map 89 Central African Republic and South-Eastern Chad [82b],2373
2290,Jordanian Bedouin,,,,nort3130,2007,asher2007world,features,feature,map_070,Map 70 The Middle East and Arabian Peninsula [80],2374
2291,Jordanian Settled Dialects,,,,,2007,asher2007world,features,feature,map_070,Map 70 The Middle East and Arabian Peninsula [82],2375
2292,Jorto(L),,,,jort1240,2007,asher2007world,features,feature,map_096,"Map 96 South Plateau, Nigeria [71]",2376
2293,Jova,,,,jova1234,traditional,asher2007world,features,feature,map_003,Map 3 South-Western North America: Time of Contact [93],2377
2294,Ju,,,,juuu1243,2007,asher2007world,features,feature,map_097 map_098,"Map 97 North Plateau, Nigeria [83]; Map 98 North-Eastern Nigeria [92]",2378
2295,Juang,,,,dwan1238,2007,asher2007world,features,feature,map_102 map_103,Map 102 Benin and Togo [19]; Map 103 Ghana [10],2379
2296,Juang,,,,juan1238,2007,asher2007world,features,feature,map_051,"Map 51 North-East India, Bangladesh, Bhutan and Nepal [214]",2380
2297,Juhayna,,,,hija1235,2007,asher2007world,features,feature,map_070,Map 70 The Middle East and Arabian Peninsula [68],2381
2298,Juk,,,,souu1238,2007,asher2007world,features,feature,map_047 map_048,"Map 47 Northern Thailand, Laos and Vietnam [60]; Map 48 Southern Thailand, Laos and Vietnam, and Cambodia [47]",2382
2299,Jumana,,,,juma1250,traditional,asher2007world,features,feature,map_016,Map 16 Western Brazil: Time of Contact [81],2383
2301,Jumeli,,,,juml1238,2007,asher2007world,features,feature,map_051,"Map 51 North-East India, Bangladesh, Bhutan and Nepal [161]",2385
2302,Junguru,,,,jung1239,2007,asher2007world,features,feature,map_079 map_089,Map 79 Democratic Republic of Congo: Orienta [55d]; Map 89 Central African Republic and South-Eastern Chad [18],2386
2305,Juruna,,,,juru1256,traditional,asher2007world,features,feature,map_018,Map 18 Brazilian Atlantic Coast: Time of Contact [363],2389
2307,Jurí,,,,juri1235,traditional,asher2007world,features,feature,map_016,Map 16 Western Brazil: Time of Contact [163],2391
2309,Ka'da,,,,gida1247,2007,asher2007world,features,feature,map_094,Map 94 Northern Cameroon [59],2393
2310,Kaado,,,,kaad1238,2007,asher2007world,features,feature,map_104,Map 104 Burkina Faso [1c],2394
2311,Kaang,,,,kaan1247,2007,asher2007world,features,feature,map_091,Map 91 Adamawa Region [37c],2395
2313,Kaba,,,,kaba1281,2007,asher2007world,features,feature,map_089 map_090,"Map 89 Central African Republic and South-Eastern Chad [72]; Map 90 Central African Republic, South-Western Chad and Cameroon [42]",2397 2398
2314,Kabalai,,,,kaba1292,2007,asher2007world,features,feature,map_090,"Map 90 Central African Republic, South-Western Chad and Cameroon [53]",2399
2315,"Kabardian (Kabardo-Cherkessian, East Circassian)",,,,kaba1278,2007,asher2007world,features,feature,map_059,Map 59 The Caucasus [19],2400
2316,Kabare,,,,kabw1242,2007,asher2007world,features,feature,map_080,Map 80 Democratic Republic of Congo: Kivu [46a],2401
2317,Kabende,,,,kabe1244,2007,asher2007world,features,feature,map_077,Map 77 Zambia [9],2402
2319,"Kabil, Cabil",,,,chic1271,traditional,asher2007world,features,feature,map_010,Map 10 Meso-America: Time of Contact [2],2404
2320,Kabola,,,,kabo1247,2007,asher2007world,features,feature,map_038,Map 38 Lesser Sunda Islands and Timor [75],2405
2321,Kabras,,,,kabr1240,2007,asher2007world,features,feature,map_086,Map 86 Central East Africa [35b],2406
2322,Kabre (Kaliye),,,,kabi1261,2007,asher2007world,features,feature,map_102 map_103,Map 102 Benin and Togo [50]; Map 103 Ghana [67],2407
2323,Kaburí,,,,nade1244,traditional,asher2007world,features,feature,map_012,Map 12 Northern South America: Time of Contact [135],2408
2324,Kabylia,,,,kaby1243,2007,asher2007world,features,feature,map_073,Map 73 North-West Africa [44],2409
2325,Kabékar,,,,cabe1245,traditional,asher2007world,features,feature,map_012,Map 12 Northern South America: Time of Contact [46a],2410
2326,Kabābish,,,,suda1236,2007,asher2007world,features,feature,map_071 map_072,Map 71 North-East Africa [24]; Map 72 Sudan and the Horn of Africa [12],2411
2327,Kacchi (Kachchhi),,,,kach1277,2007,asher2007world,features,feature,map_054,Map 54 North-West India [32a],2412
2328,Kachad,,,,hela1238,2007,asher2007world,features,feature,map_051,"Map 51 North-East India, Bangladesh, Bhutan and Nepal [28]",2413
2329,Kachama,,,,kach1285,2007,asher2007world,features,feature,map_072,Map 72 Sudan and the Horn of Africa [87],2414
2330,Kacicere (Kuchichere),,,,kach1281,2007,asher2007world,features,feature,map_096,"Map 96 South Plateau, Nigeria [34b]",2415
2331,Kaco,,,,kaco1239,2007,asher2007world,features,feature,map_048,"Map 48 Southern Thailand, Laos and Vietnam, and Cambodia [49]",2416
2332,Kadara,,,,kada1284,2007,asher2007world,features,feature,map_101 map_096 map_097,"Map 101 South-Western Nigeria [33]; Map 96 South Plateau, Nigeria [10]; Map 97 North Plateau, Nigeria [1]",2417
2333,Kadaru-Debri,,,,debr1242,2007,asher2007world,features,feature,map_071 map_072,Map 71 North-East Africa [75]; Map 72 Sudan and the Horn of Africa [117],2418
2334,Kadazan-Dusun,,,,cent2100,2007,asher2007world,features,feature,map_041,Map 41 Borneo and Madagascar [95],2419
2335,Kadiwéu,,,,kadi1248,traditional,asher2007world,features,feature,map_018,Map 18 Brazilian Atlantic Coast: Time of Contact [260],2420
2337,Kadu,,,,kadu1254,2007,asher2007world,features,feature,map_049,Map 49 Burma (Myanmar) [40],2422
2338,Kadugli,,,,kadu1257,2007,asher2007world,features,feature,map_071 map_072,Map 71 North-East Africa [92]; Map 72 Sudan and the Horn of Africa [188],2423
2339,Kaduo [Hani],,,,kadu1253,2007,asher2007world,features,feature,map_046,"Map 46 Yunnan Province, China [95]",2424
2340,Kaeti,,,,mand1473,2007,asher2007world,features,feature,map_032 map_034,Map 32 Southern Papua New Guinea [94]; Map 34 Irian Jaya [11],2425
2341,Kafanchan,,,,kafa1241,2007,asher2007world,features,feature,map_096 map_097,"Map 96 South Plateau, Nigeria [34f]; Map 97 North Plateau, Nigeria [18]",2426
2342,Kafoa,,,,kafo1240,2007,asher2007world,features,feature,map_038,Map 38 Lesser Sunda Islands and Timor [77],2427
2343,Kag,,,,sout3216,2007,asher2007world,features,feature,map_051,"Map 51 North-East India, Bangladesh, Bhutan and Nepal [18]",2428
2344,Kagayanen,,,,kaga1256,2007,asher2007world,features,feature,map_040,Map 40 The Philippines [100],2429
2345,Kagbo,,,,kagb1242,2007,asher2007world,features,feature,map_105,Map 105 Ivory Coast [26e],2430
2346,Kagoma (Gyong),,,,kago1247,2007,asher2007world,features,feature,map_096,"Map 96 South Plateau, Nigeria [14]",2431
2347,Kagoro,,,,kago1246,2007,asher2007world,features,feature,map_096 map_097,"Map 96 South Plateau, Nigeria [34e]; Map 97 North Plateau, Nigeria [23]",2432
2348,Kaguru,,,,kagu1239,2007,asher2007world,features,feature,map_076,Map 76 Southern Tanzania [15],2433
2349,Kahe-Okuma,,,,kahe1238,2007,asher2007world,features,feature,map_086,Map 86 Central East Africa [6g],2434
2350,Kahua,,,,kahu1241,2007,asher2007world,features,feature,map_029,Map 29 Solomon Islands and Bougainville [57],2435
2351,Kaian,,,,kaia1245,2007,asher2007world,features,feature,map_033,Map 33 Northern Papua New Guinea [334],2436
2352,Kaibobo,,,,kaib1244,2007,asher2007world,features,feature,map_037,Map 37 The Moluccas [8],2437
2353,Kaidipang,,,,kaid1239,2007,asher2007world,features,feature,map_039,Map 39 Sulawesi [13],2438
2354,Kaiep (Samap),,,,kaie1237,2007,asher2007world,features,feature,map_033,Map 33 Northern Papua New Guinea [402],2439
2355,Kaike,,,,kaik1246,2007,asher2007world,features,feature,map_051,"Map 51 North-East India, Bangladesh, Bhutan and Nepal [1]",2440
2356,Kaili,,,,kail1254,2007,asher2007world,features,feature,map_039,Map 39 Sulawesi [28],2441
2358,Kaingang,,,,kain1272,traditional,asher2007world,features,feature,map_022,Map 22 Southern South America: Time of Contact [294],2443
2360,Kairiru,,,,kair1263,2007,asher2007world,features,feature,map_033,Map 33 Northern Papua New Guinea [401],2445
2361,Kairui-Midiki,,,,kair1265,2007,asher2007world,features,feature,map_038,Map 38 Lesser Sunda Islands and Timor [58],2446
2362,Kaiwa,,,,iwal1237,2007,asher2007world,features,feature,map_032,Map 32 Southern Papua New Guinea [214],2447
2363,Kaiwai,,,,kowi1239,2007,asher2007world,features,feature,map_034,Map 34 Irian Jaya [214],2448
2364,Kaiwishana,,,,kais1242,traditional,asher2007world,features,feature,map_016,Map 16 Western Brazil: Time of Contact [83],2449
2365,Kajaman-Sekapan,,,,seka1248,2007,asher2007world,features,feature,map_041,Map 41 Borneo and Madagascar [35],2450
2366,Kaje (Jju),,,,jjuu1238,2007,asher2007world,features,feature,map_096,"Map 96 South Plateau, Nigeria [33]",2451
2367,Kakaa [Kuri],,,,kuri1265,2007,asher2007world,features,feature,map_099,Map 99 Lake Chad Region [12a],2452
2368,Kakabai,,,,kaka1267,2007,asher2007world,features,feature,map_031,Map 31 South-Eastern Papua New Guinea [7],2453
2369,Kakanda,,,,kaka1264,2007,asher2007world,features,feature,map_101,Map 101 South-Western Nigeria [56],2454
2370,"Kakaopera, Cacaopera, Misumalpan",,,,caca1247,traditional,asher2007world,features,feature,map_010,Map 10 Meso-America: Time of Contact [67],2455
2371,Kakihum,,,,tsuv1239,2007,asher2007world,features,feature,map_100 map_101,Map 100 Northern Nigeria and Niger [22b]; Map 101 South-Western Nigeria [38c],2456
2372,Kako,,,,kako1242,2007,asher2007world,features,feature,map_087,Map 87 Northern Congo and Southern Central African Republic [45],2457
2373,Kakolo,,,,kago1248,2007,asher2007world,features,feature,map_107,Map 107 Guinea and Mali [21f],2458
2374,Kakua,,,,cacu1241,traditional,asher2007world,features,feature,map_012,Map 12 Northern South America: Time of Contact [NA],2459
2376,Kakwa,,,,kakw1240,2007,asher2007world,features,feature,map_079 map_086,Map 79 Democratic Republic of Congo: Orienta [70]; Map 86 Central East Africa [67b],2461
2377,Kala,,,,kela1254,2007,asher2007world,features,feature,map_081,Map 81 Democratic Republic of Congo: Kasai [1h],2462
2380,Kalabakan,,,,kala1391,2007,asher2007world,features,feature,map_041,Map 41 Borneo and Madagascar [91],2465
2381,Kalabari,,,,kala1381,2007,asher2007world,features,feature,map_101,Map 101 South-Western Nigeria [3],2466
2382,Kalabra,,,,kala1256,2007,asher2007world,features,feature,map_034,Map 34 Irian Jaya [108],2467
2383,Kalagan,,,,kala1388,2007,asher2007world,features,feature,map_040,Map 40 The Philippines [88],2468
2384,Kalalagaw Ya,,,,kala1377,2007,asher2007world,features,feature,map_032,Map 32 Southern Papua New Guinea [237],2469
2385,Kalam,,,,kala1397,2007,asher2007world,features,feature,map_033,Map 33 Northern Papua New Guinea [49],2470
2386,Kalamianon,,,,cala1258,2007,asher2007world,features,feature,map_040,Map 40 The Philippines [55],2471
2387,Kalanga,,,,kala1384,2007,asher2007world,features,feature,map_074 map_077,Map 74 Southern Africa [13]; Map 77 Zambia [58],2472 2473
2388,Kalanga,,,,holo1240,2007,asher2007world,features,feature,map_078 map_080,Map 78 Democratic Republic of Congo: Katang [35a]; Map 80 Democratic Republic of Congo: Kivu [18],2474
2389,Kalaotoa,,,,kala1394,2007,asher2007world,features,feature,map_039,Map 39 Sulawesi [58],2475
2390,Kalasha,,,,kala1372,2007,asher2007world,features,feature,map_053,"Map 53 Iran, Afghanistan and Pakistan [50]",2476
2391,Kali,,,,dama1266,2007,asher2007world,features,feature,map_091,Map 91 Adamawa Region [28],2477
2392,Kaliana,,,,sape1238,traditional,asher2007world,features,feature,map_012,Map 12 Northern South America: Time of Contact [144],2478
2394,Kalindi,,,,poko1261,2007,asher2007world,features,feature,map_085,Map 85 Kenyan Coast [3n],2480
2395,Kalinga,,,,kali1311,2007,asher2007world,features,feature,map_040,Map 40 The Philippines [25],2481
2396,"Kalispel, Flathead, Spokane",,,,kali1308,traditional,asher2007world,features,feature,map_006,Map 6 North-Western Pacific America: Time of Contact [32],2482
2398,Kallahan,,,,kall1244,2007,asher2007world,features,feature,map_040,Map 40 The Philippines [35],2484
2399,Kalmyk (Oirat),,,,kalm1244,2007,asher2007world,features,feature,map_058 map_059,"Map 58 Western Russia, the Baltic States, Belarus, Ukraine and Moldova [16]; Map 59 The Caucasus [15]",2485
2400,Kalokalo,,,,kolu1245,2007,asher2007world,features,feature,map_031,Map 31 South-Eastern Papua New Guinea [31],2486
2401,Kalou,,,,kalo1262,2007,asher2007world,features,feature,map_033,Map 33 Northern Papua New Guinea [279],2487
2402,Kaluli,,,,kalu1248,2007,asher2007world,features,feature,map_032,Map 32 Southern Papua New Guinea [86],2488
2403,Kam,,,,kami1255,2007,asher2007world,features,feature,map_045,Map 45 China and Mongolia [68],2489
2404,Kam,,,,kamm1249,2007,asher2007world,features,feature,map_098,Map 98 North-Eastern Nigeria [36],2490
2405,Kamakán,,,,kama1372,traditional,asher2007world,features,feature,map_018,Map 18 Brazilian Atlantic Coast: Time of Contact [298],2491
2406,Kamang,,,,kama1365,2007,asher2007world,features,feature,map_038,Map 38 Lesser Sunda Islands and Timor [72],2492
2407,Kamano,,,,kama1370,2007,asher2007world,features,feature,map_032 map_033,"Map 32 Southern Papua New Guinea [12, C]; Map 33 Northern Papua New Guinea [152]",2493
2408,Kamaná,,,,coas1302,traditional,asher2007world,features,feature,map_012,Map 12 Northern South America: Time of Contact [403],2494
2409,Kamarian,,,,kama1362,2007,asher2007world,features,feature,map_037,Map 37 The Moluccas [9],2495
2410,Kamasa,,,,kama1360,2007,asher2007world,features,feature,map_032,Map 32 Southern Papua New Guinea [111],2496
2411,Kamasau (Sagi),,,,kama1367,2007,asher2007world,features,feature,map_033,Map 33 Northern Papua New Guinea [265],2497
2412,Kamayo,,,,kama1363,2007,asher2007world,features,feature,map_040,Map 40 The Philippines [85],2498
2413,Kamayurá,,,,kama1373,traditional,asher2007world,features,feature,map_018,Map 18 Brazilian Atlantic Coast: Time of Contact [358],2499
2415,Kamazung,,,,keme1240,2007,asher2007world,features,feature,map_095,Map 95 South-Eastern Nigeria and Mid-Western Cameroon [17],2501
2416,Kamba,,,,wagi1249,2007,asher2007world,features,feature,map_033,Map 33 Northern Papua New Guinea [90],2502
2417,Kamba,,,,kamb1297,2007,asher2007world,features,feature,map_072 map_085 map_086,Map 72 Sudan and the Horn of Africa [200]; Map 85 Kenyan Coast [29]; Map 86 Central East Africa [7],2503
2418,Kamba,,,,kaam1238,2007,asher2007world,features,feature,map_083,Map 83 Democratic Republic of Congo: Bas Congo and Southern Congo [14],2504
2419,Kambaata,,,,kamb1316,2007,asher2007world,features,feature,map_072,Map 72 Sudan and the Horn of Africa [63],2505
2420,Kambari,,,,,2007,asher2007world,features,feature,map_096 map_097,"Map 96 South Plateau, Nigeria [7]; Map 97 North Plateau, Nigeria [50]",2506
2421,Kambe,,,,kamb1298,2007,asher2007world,features,feature,map_085,Map 85 Kenyan Coast [8],2507
2422,Kambot (Keram),,,,apma1241,2007,asher2007world,features,feature,map_033,Map 33 Northern Papua New Guinea [322],2508
2423,Kamchadal (Itelmen),,,,itel1242,2007,asher2007world,features,feature,map_055,Map 55 Eastern Siberia [24],2509
2424,Kamdang,,,,kamd1238,2007,asher2007world,features,feature,map_071 map_072,Map 71 North-East Africa [94]; Map 72 Sudan and the Horn of Africa [190],2510
2425,Kami,,,,kami1256,2007,asher2007world,features,feature,map_076,Map 76 Southern Tanzania [9],2511
2426,Kamo,,,,kamo1254,2007,asher2007world,features,feature,map_098,Map 98 North-Eastern Nigeria [3],2512
2427,Kamoro,,,,kamo1255,2007,asher2007world,features,feature,map_034,Map 34 Irian Jaya [30],2513
2429,Kampa,,,,prea1240,traditional,asher2007world,features,feature,map_016,Map 16 Western Brazil: Time of Contact [123],2515
2430,Kampong Baru,,,,kais1235,2007,asher2007world,features,feature,map_034,Map 34 Irian Jaya [73],2516
2431,Kamsá,,,,cams1241,traditional,asher2007world,features,feature,map_012,Map 12 Northern South America: Time of Contact [51],2517
2434,Kamuku,,,,kamu1262,2007,asher2007world,features,feature,map_100,Map 100 Northern Nigeria and Niger [18],2520
2435,Kamula,,,,kamu1260,2007,asher2007world,features,feature,map_032,Map 32 Southern Papua New Guinea [95],2521
2437,Kana,,,,khan1278,2007,asher2007world,features,feature,map_101,Map 101 South-Western Nigeria [16a],2523
2438,Kanakanabu,,,,kana1286,2007,asher2007world,features,feature,map_050,"Map 50 Japan, Korea and Taiwan [13]",2524
2439,Kanam,,,,kana1285,2007,asher2007world,features,feature,map_096 map_097 map_098,"Map 96 South Plateau, Nigeria [53]; Map 97 North Plateau, Nigeria [62]; Map 98 North-Eastern Nigeria [41]",2525
2440,Kanamaré,,,,yine1239,traditional,asher2007world,features,feature,map_016,Map 16 Western Brazil: Time of Contact [121],2526
2441,Kanashi,,,,kana1283,2007,asher2007world,features,feature,map_054,Map 54 North-West India [19],2527
2442,Kanauri (Kinnaurd),,,,kinn1249,2007,asher2007world,features,feature,map_054,Map 54 North-West India [20],2528
2443,Kandas,,,,kand1301,2007,asher2007world,features,feature,map_030,Map 30 New Britain and New Ireland [54],2529
2444,Kande,,,,kand1300,2007,asher2007world,features,feature,map_087 map_088,Map 87 Northern Congo and Southern Central African Republic [69]; Map 88 Gabon and Equatorial Guinea [21],2530
2445,Kandia,,,,dube1239,2007,asher2007world,features,feature,map_053,"Map 53 Iran, Afghanistan and Pakistan [44]",2531
2446,Kandoshi,,,,cand1248,traditional,asher2007world,features,feature,map_014,Map 14 Northern Pacific Coast: Time of Contact [132],2532
2448,Kanembu,,,,kane1243,2007,asher2007world,features,feature,map_099,Map 99 Lake Chad Region [23],2534
2449,Kangjia,,,,kang1281,2007,asher2007world,features,feature,map_045,Map 45 China and Mongolia [36],2535
2450,Kanichana,,,,cani1243,traditional,asher2007world,features,feature,map_020,Map 20 Central Pacific Coast: Time of Contact [147],2536
2452,Kaningara,,,,kani1285,2007,asher2007world,features,feature,map_033,Map 33 Northern Papua New Guinea [311],2538
2453,Kaningi,,,,kani1279,2007,asher2007world,features,feature,map_083,Map 83 Democratic Republic of Congo: Bas Congo and Southern Congo [33],2539
2455,Kankanaey,,,,kank1243,2007,asher2007world,features,feature,map_040,Map 40 The Philippines [29],2541
2456,Kannada,,,,nucl1305,2007,asher2007world,features,feature,map_052,Map 52 Southern India and Sri Lanka [29],2542
2457,Kannauji,,,,kana1281,2007,asher2007world,features,feature,map_054,Map 54 North-West India [65],2543
2458,Kanowit,,,,kano1244,2007,asher2007world,features,feature,map_041,Map 41 Borneo and Madagascar [31],2544
2459,Kansa,,,,kans1243,traditional,asher2007world,features,feature,map_005,Map 5 The Great Plains: Time of Contact [26],2545
2460,Kanswei Nsei,,,,kens1251,2007,asher2007world,features,feature,map_095,Map 95 South-Eastern Nigeria and Mid-Western Cameroon [44c],2546
2461,Kanufi,,,,kanu1277,2007,asher2007world,features,feature,map_096 map_097,"Map 96 South Plateau, Nigeria [21c]; Map 97 North Plateau, Nigeria [11a]",2547
2462,Kanum,,,,kanu1280,2007,asher2007world,features,feature,map_032 map_034,Map 32 Southern Papua New Guinea [189]; Map 34 Irian Jaya [168],2548
2463,Kanuri,,,,cent2050,2007,asher2007world,features,feature,map_100 map_071 map_072 map_073 map_090 map_094 map_098 map_099,"Map 100 Northern Nigeria and Niger [16]; Map 71 North-East Africa [69]; Map 72 Sudan and the Horn of Africa [110]; Map 73 North-West Africa [78]; Map 90 Central African Republic, South-Western Chad and Cameroon [45]; Map 94 Northern Cameroon [7]; Map 98 North-Eastern Nigeria [109]; Map 99 Lake Chad Region [22]",2549
2464,Kanuri,,,,kanu1279,2007,asher2007world,features,feature,map_100 map_071 map_073 map_090 map_094 map_098 map_099 map_072,"Map 100 Northern Nigeria and Niger [16]; Map 71 North-East Africa [69]; Map 73 North-West Africa [78]; Map 90 Central African Republic, South-Western Chad and Cameroon [45]; Map 94 Northern Cameroon [7]; Map 98 North-Eastern Nigeria [109]; Map 99 Lake Chad Region [22]; Map 72 Sudan and the Horn of Africa [110]",2550 2551
2465,Kanyari,,,,cana1260,traditional,asher2007world,features,feature,map_014,Map 14 Northern Pacific Coast: Time of Contact [193],2552
2466,Kaonde,,,,kaon1241,2007,asher2007world,features,feature,map_077,Map 77 Zambia [53],2553
2467,Kapampangan,,,,pamp1243,2007,asher2007world,features,feature,map_040,Map 40 The Philippines [47],2554
2468,Kapanawa,,,,capa1241,traditional,asher2007world,features,feature,map_014,Map 14 Northern Pacific Coast: Time of Contact [219],2555
2470,Kapin,,,,kapi1250,2007,asher2007world,features,feature,map_032,Map 32 Southern Papua New Guinea [220],2557
2471,Kapingamarangi,,,,kapi1249,2007,asher2007world,features,feature,map_026 map_028,Map 26 Polynesia [26]; Map 28 Micronesia [22],2558
2473,Kapong,,,,kapo1251,traditional,asher2007world,features,feature,map_012,Map 12 Northern South America: Time of Contact [401],2560
2475,Kapore,,,,bebe1252,2007,asher2007world,features,feature,map_030,Map 30 New Britain and New Ireland [45],2562
2476,Kapori,,,,kapo1250,2007,asher2007world,features,feature,map_034,Map 34 Irian Jaya [89],2563
2477,Kapriman,,,,kapr1245,2007,asher2007world,features,feature,map_033,Map 33 Northern Papua New Guinea [309],2564
2478,Kaqchikel,,,,kaqc1270,traditional,asher2007world,features,feature,map_010,Map 10 Meso-America: Time of Contact [19e],2565
2479,Kara,,,,kara1506,traditional,asher2007world,features,feature,map_012,Map 12 Northern South America: Time of Contact [25],2566
2480,Kara,,,,kara1486,2007,asher2007world,features,feature,map_030,Map 30 New Britain and New Ireland [69],2567
2481,Kara,,,,kara1481,2007,asher2007world,features,feature,map_086,Map 86 Central East Africa [43],2568
2482,Karaboro,,,,kara1479,2007,asher2007world,features,feature,map_104 map_105,Map 104 Burkina Faso [7]; Map 105 Ivory Coast [63],2569
2483,Karachay-Balkar,,,,kara1465,2007,asher2007world,features,feature,map_059,Map 59 The Caucasus [12],2570
2486,Karajá-Shambioá,,,,xamb1234,traditional,asher2007world,features,feature,map_018,Map 18 Brazilian Atlantic Coast: Time of Contact [307a],2573
2488,Karakalpak,,,,kara1467,2007,asher2007world,features,feature,map_053 map_057,"Map 53 Iran, Afghanistan and Pakistan [70]; Map 57 Central Asia [13]",2575
2489,Karamojong,,,,kara1483,2007,asher2007world,features,feature,map_072,Map 72 Sudan and the Horn of Africa [162],2576
2490,Karamojong (Karimojong),,,,kara1483,2007,asher2007world,features,feature,map_086,Map 86 Central East Africa [70],2577
2491,Karankawa,,,,kara1289,traditional,asher2007world,features,feature,map_002,Map 2 South-Eastern North America: Time of Contact [23],2578
2493,Karapaná,,,,cara1272,traditional,asher2007world,features,feature,map_012,Map 12 Northern South America: Time of Contact [159],2580
2495,Karas,,,,kara1499,2007,asher2007world,features,feature,map_034,Map 34 Irian Jaya [56],2582
2496,Karata,,,,kara1516,2007,asher2007world,features,feature,map_059,Map 59 The Caucasus [27],2583
2497,Karaw,,,,kara1487,2007,asher2007world,features,feature,map_040,Map 40 The Philippines [37],2584
2498,Karawa,,,,kara1495,2007,asher2007world,features,feature,map_033,Map 33 Northern Papua New Guinea [276],2585
2499,Karawari (Tabriak),,,,tabr1243,2007,asher2007world,features,feature,map_033,Map 33 Northern Papua New Guinea [353],2586
2500,Karayu,,,,kere1294,2007,asher2007world,features,feature,map_072,Map 72 Sudan and the Horn of Africa [53e],2587
2501,Kare,,,,kare1341,2007,asher2007world,features,feature,map_033,Map 33 Northern Papua New Guinea [79],2588
2502,"Kare Lenka, Kare Lenca",,,,lenc1242,traditional,asher2007world,features,feature,map_010,Map 10 Meso-America: Time of Contact [63b],2589
2503,Karekare,,,,kare1348,2007,asher2007world,features,feature,map_100 map_098,Map 100 Northern Nigeria and Niger [2]; Map 98 North-Eastern Nigeria [72],2590
2504,Karelian,,,,kare1335,2007,asher2007world,features,feature,map_058 map_064,"Map 58 Western Russia, the Baltic States, Belarus, Ukraine and Moldova [18]; Map 64 The Nordic Countries [13]",2591
2506,Karfa,,,,duhw1236,2007,asher2007world,features,feature,map_096,"Map 96 South Plateau, Nigeria [77]",2593
2507,Kari,,,,kari1306,2007,asher2007world,features,feature,map_079,Map 79 Democratic Republic of Congo: Orienta [17],2594
2508,Kari'nya,,,,gali1262,traditional,asher2007world,features,feature,map_012,Map 12 Northern South America: Time of Contact [384],2595
2510,Kariaí,,,,cari1280,traditional,asher2007world,features,feature,map_012,Map 12 Northern South America: Time of Contact [95],2597
2511,Karihona,,,,cari1279,traditional,asher2007world,features,feature,map_012,Map 12 Northern South America: Time of Contact [388],2598
2513,Karipuna,,,,kari1312,traditional,asher2007world,features,feature,map_014,Map 14 Northern Pacific Coast: Time of Contact [232],2600
2515,Karirí,,,,kari1254,traditional,asher2007world,features,feature,map_012,Map 12 Northern South America: Time of Contact [315],2602
2518,Kariya,,,,kari1316,2007,asher2007world,features,feature,map_097,"Map 97 North Plateau, Nigeria [79]",2605
2520,Karkin,,,,kark1259,traditional,asher2007world,features,feature,map_004,Map 4 California: Time of Contact [66],2607
2522,Karmarong,,,,mugo1238,2007,asher2007world,features,feature,map_051 map_054,"Map 51 North-East India, Bangladesh, Bhutan and Nepal [13]; Map 54 North-West India [12]",2609
2523,Karo,,,,karo1297,2007,asher2007world,features,feature,map_072,Map 72 Sudan and the Horn of Africa [105],2610
2524,Karo Batak,,,,bata1293,2007,asher2007world,features,feature,map_043,Map 43 Sumatra [8],2611
2525,Karok,,,,karo1304,traditional,asher2007world,features,feature,map_004,Map 4 California: Time of Contact [34],2612
2526,Karon,,,,karo1294,2007,asher2007world,features,feature,map_108,"Map 108 Senegal, Gambia and Guinea Bissau [10]",2613
2527,Karon Dori,,,,karo1303,2007,asher2007world,features,feature,map_034,Map 34 Irian Jaya [113],2614
2528,Karon Pantai,,,,abun1252,2007,asher2007world,features,feature,map_034,Map 34 Irian Jaya [111],2615
2531,Karu,,,,bani1259,traditional,asher2007world,features,feature,map_012,Map 12 Northern South America: Time of Contact [86],2618
2534,Kasa,,,,,2007,asher2007world,features,feature,map_108,"Map 108 Senegal, Gambia and Guinea Bissau [14]",2621
2535,Kasele,,,,akas1242,2007,asher2007world,features,feature,map_102,Map 102 Benin and Togo [55],2622
2536,Kasem,,,,kase1253,2007,asher2007world,features,feature,map_103 map_104,Map 103 Ghana [68]; Map 104 Burkina Faso [43],2623
2537,Kaseng,,,,kuco1235,2007,asher2007world,features,feature,map_046,"Map 46 Yunnan Province, China [63]",2624
2538,Kaseng,,,,tali1257,2007,asher2007world,features,feature,map_047 map_048,"Map 47 Northern Thailand, Laos and Vietnam [63]; Map 48 Southern Thailand, Laos and Vietnam, and Cambodia [64]",2625
2539,Kasenga,,,,kase1254,2007,asher2007world,features,feature,map_078 map_080,Map 78 Democratic Republic of Congo: Katang [12]; Map 80 Democratic Republic of Congo: Kivu [55],2626
2540,Kashararí,,,,kaxa1239,traditional,asher2007world,features,feature,map_014,Map 14 Northern Pacific Coast: Time of Contact [213],2627
2542,Kashaya,,,,kash1280,traditional,asher2007world,features,feature,map_004,Map 4 California: Time of Contact [57],2629
2543,Kashibo,,,,cash1251,traditional,asher2007world,features,feature,map_014,Map 14 Northern Pacific Coast: Time of Contact [216],2630
2545,Kashinawa,,,,cash1254,traditional,asher2007world,features,feature,map_014,Map 14 Northern Pacific Coast: Time of Contact [225],2632
2547,Kashmiri,,,,kash1277,2007,asher2007world,features,feature,map_054,Map 54 North-West India [24],2634
2548,Kashtawari,,,,kish1245,2007,asher2007world,features,feature,map_054,Map 54 North-West India [25],2635
2549,Kashuyana-Warikyana,,,,kaxu1237,traditional,asher2007world,features,feature,map_012,Map 12 Northern South America: Time of Contact [390],2636
2551,Kasiguranin,,,,kasi1256,2007,asher2007world,features,feature,map_040,Map 40 The Philippines [6],2638
2552,Kasimbar,,,,taji1246,2007,asher2007world,features,feature,map_039,Map 39 Sulawesi [24],2639
2553,Kaska,,,,kask1239,traditional,asher2007world,features,feature,map_007,Map 7 Northern North America: Time of Contact [28],2640
2556,Kasua,,,,kasu1251,2007,asher2007world,features,feature,map_032,Map 32 Southern Papua New Guinea [87],2643
2557,Kasunga,,,,kasa1248,2007,asher2007world,features,feature,map_108,"Map 108 Senegal, Gambia and Guinea Bissau [26]",2644
2558,Kasuweri,,,,kasu1243,2007,asher2007world,features,feature,map_034,Map 34 Irian Jaya [71],2645
2559,Katab,,,,kata1265,2007,asher2007world,features,feature,map_096,"Map 96 South Plateau, Nigeria [34a]",2646
2560,Katakao,,,,cata1293,traditional,asher2007world,features,feature,map_014,Map 14 Northern Pacific Coast: Time of Contact [199],2647
2561,Katang,,,,kata1264,2007,asher2007world,features,feature,map_047 map_048,"Map 47 Northern Thailand, Laos and Vietnam [50]; Map 48 Southern Thailand, Laos and Vietnam, and Cambodia [37]",2648
2562,Katawishí,,,,kata1270,traditional,asher2007world,features,feature,map_016,Map 16 Western Brazil: Time of Contact [142],2649
2563,Katembrí,,,,,traditional,asher2007world,features,feature,map_018,Map 18 Brazilian Atlantic Coast: Time of Contact [313],2650
2565,Kathoriva Tharu,,,,kath1250,2007,asher2007world,features,feature,map_054,Map 54 North-West India [52b],2652
2566,Kathu,,,,kath1251,2007,asher2007world,features,feature,map_045,Map 45 China and Mongolia [102],2653
2567,Kati,,,,kati1270,2007,asher2007world,features,feature,map_053,"Map 53 Iran, Afghanistan and Pakistan [61]",2654
2568,Katiati,,,,mumm1238,2007,asher2007world,features,feature,map_033,Map 33 Northern Papua New Guinea [1],2655
2569,Katinja,,,,anga1292,2007,asher2007world,features,feature,map_033,Map 33 Northern Papua New Guinea [162],2656
2570,Katinya,,,,anga1292,2007,asher2007world,features,feature,map_032,Map 32 Southern Papua New Guinea [22],2657
2571,Katukina,,,,kana1291,traditional,asher2007world,features,feature,map_016,Map 16 Western Brazil: Time of Contact [140],2658
2573,Katukinarú,,,,catu1242,traditional,asher2007world,features,feature,map_016,Map 16 Western Brazil: Time of Contact [341e],2660
2574,Kaugat,,,,atoh1238,2007,asher2007world,features,feature,map_034,Map 34 Irian Jaya [41],2661
2575,Kauma,,,,kaum1238,2007,asher2007world,features,feature,map_085,Map 85 Kenyan Coast [5],2662
2576,Kaunga,,,,yelo1243,2007,asher2007world,features,feature,map_033,Map 33 Northern Papua New Guinea [291],2663
2577,Kaure,,,,kaur1271,2007,asher2007world,features,feature,map_034,Map 34 Irian Jaya [85],2664
2579,Kauwol,,,,faiw1243,2007,asher2007world,features,feature,map_033 map_034 map_033 map_034,Map 33 Northern Papua New Guinea [180]; Map 34 Irian Jaya [8]; Map 33 Northern Papua New Guinea [180]; Map 34 Irian Jaya [8],2666
2580,Kavalan,,,,kava1241,2007,asher2007world,features,feature,map_050,"Map 50 Japan, Korea and Taiwan [7]",2667
2581,Kavango,,,,kwan1273,2007,asher2007world,features,feature,map_074,Map 74 Southern Africa [8],2668
2582,Kavinenya,,,,cavi1250,traditional,asher2007world,features,feature,map_016,Map 16 Western Brazil: Time of Contact [241],2669
2585,Kawaiisu,,,,kawa1283,traditional,asher2007world,features,feature,map_004,Map 4 California: Time of Contact [98],2672
2586,Kawatsa (Kawacha),,,,kawa1276,2007,asher2007world,features,feature,map_032,Map 32 Southern Papua New Guinea [110],2673
2587,Kawe,,,,kawe1240,2007,asher2007world,features,feature,map_034 map_037,Map 34 Irian Jaya [213]; Map 37 The Moluccas [50],2674
2589,Kawāhla,,,,suda1236,2007,asher2007world,features,feature,map_071 map_072,Map 71 North-East Africa [19]; Map 72 Sudan and the Horn of Africa [5],2676
2590,Kayabí,,,,kaya1329,traditional,asher2007world,features,feature,map_018,Map 18 Brazilian Atlantic Coast: Time of Contact [352],2677
2592,Kayah,,,,east2342,2007,asher2007world,features,feature,map_049,Map 49 Burma (Myanmar) [22],2679
2593,Kayan,,,,kaya1315,2007,asher2007world,features,feature,map_049,Map 49 Burma (Myanmar) [21],2680
2594,Kayan Mahakam,,,,kaya1324,2007,asher2007world,features,feature,map_041,Map 41 Borneo and Madagascar [50],2681
2595,Kayan River Kayan,,,,kaya1325,2007,asher2007world,features,feature,map_041,Map 41 Borneo and Madagascar [53],2682
2596,Kayan River Kenyah,,,,kaya1325,2007,asher2007world,features,feature,map_041,Map 41 Borneo and Madagascar [68],2683
2597,Kayapa,,,,chac1249,traditional,asher2007world,features,feature,map_012,Map 12 Northern South America: Time of Contact [23],2684
2599,Kayapó,,,,kaya1330,traditional,asher2007world,features,feature,map_018,Map 18 Brazilian Atlantic Coast: Time of Contact [288],2686
2601,Kayeli,,,,kaye1241,2007,asher2007world,features,feature,map_037,Map 37 The Moluccas [26],2688
2602,Kaygir,,,,kaya1328,2007,asher2007world,features,feature,map_034,Map 34 Irian Jaya [40],2689
2603,Kayik,,,,wana1268,2007,asher2007world,features,feature,map_033,Map 33 Northern Papua New Guinea [239],2690
2605,Kayuvava,,,,cayu1262,traditional,asher2007world,features,feature,map_016,Map 16 Western Brazil: Time of Contact [334],2692
2607,Kazakh,,,,kaza1248,2007,asher2007world,features,feature,map_045 map_053 map_056 map_057 map_058 map_059,"Map 45 China and Mongolia [40]; Map 53 Iran, Afghanistan and Pakistan [68]; Map 56 Western Siberia [4]; Map 57 Central Asia [14]; Map 58 Western Russia, the Baltic States, Belarus, Ukraine and Moldova [15]; Map 59 The Caucasus [14]",2694 2695 2696 2697 2698 2699 2700
2608,Kazhuo [Mongol],,,,kats1235,2007,asher2007world,features,feature,map_046,"Map 46 Yunnan Province, China [47]",2701
2609,Kaziba,,,,ziba1238,2007,asher2007world,features,feature,map_080,Map 80 Democratic Republic of Congo: Kivu [46c],2702
2610,Kazukuru,,,,kazu1245,2007,asher2007world,features,feature,map_029,Map 29 Solomon Islands and Bougainville [79],2703
2611,Keaka,,,,ejag1239,2007,asher2007world,features,feature,map_093,Map 93 Central South-Western Cameroon [22c],2704
2612,Keapara,,,,keap1239,2007,asher2007world,features,feature,map_031 map_032,Map 31 South-Eastern Papua New Guinea [42]; Map 32 Southern Papua New Guinea [236],2705
2613,Kebu,,,,akeb1238,2007,asher2007world,features,feature,map_102 map_103,Map 102 Benin and Togo [5]; Map 103 Ghana [34],2706
2614,Kedang,,,,keda1252,2007,asher2007world,features,feature,map_038,Map 38 Lesser Sunda Islands and Timor [34],2707
2615,Kefa,,,,kafa1242,2007,asher2007world,features,feature,map_072,Map 72 Sudan and the Horn of Africa [92],2708
2616,Kei-Fordata,,,,keii1239,2007,asher2007world,features,feature,map_034 map_038,"Map 34 Irian Jaya [232, E]; Map 38 Lesser Sunda Islands and Timor [60, A]",2709 2710
2617,Kejia (Hakka),,,,hakk1236,2007,asher2007world,features,feature,map_045 map_050,"Map 45 China and Mongolia [9]; Map 50 Japan, Korea and Taiwan [4]",2711
2618,Kel,,,,,2007,asher2007world,features,feature,map_081,Map 81 Democratic Republic of Congo: Kasai [49b],2712
2619,Kela,,,,kela1255,2007,asher2007world,features,feature,map_032,Map 32 Southern Papua New Guinea [199],2713
2620,Kela,,,,kela1254,2007,asher2007world,features,feature,map_080 map_081,Map 80 Democratic Republic of Congo: Kivu [4b]; Map 81 Democratic Republic of Congo: Kasai [1s],2714
2621,Kelabit,,,,kela1258,2007,asher2007world,features,feature,map_041,Map 41 Borneo and Madagascar [76],2715
2622,Kele,,,,kele1255,2007,asher2007world,features,feature,map_079 map_080,Map 79 Democratic Republic of Congo: Orienta [36]; Map 80 Democratic Republic of Congo: Kivu [2],2716
2623,Kele,,,,kele1257,2007,asher2007world,features,feature,map_083 map_088,Map 83 Democratic Republic of Congo: Bas Congo and Southern Congo [43]; Map 88 Gabon and Equatorial Guinea [24],2717
2624,Keley-I,,,,kele1259,2007,asher2007world,features,feature,map_040,Map 40 The Philippines [36],2718
2625,Kelinyau Kenyah,,,,main1275,2007,asher2007world,features,feature,map_041,Map 41 Borneo and Madagascar [70],2719
2626,Kelon,,,,kelo1247,2007,asher2007world,features,feature,map_038,Map 38 Lesser Sunda Islands and Timor [76],2720
2627,Kelwer,,,,west2968,2007,asher2007world,features,feature,map_081,Map 81 Democratic Republic of Congo: Kasai [32b],2721
2628,Kemak,,,,kema1243,2007,asher2007world,features,feature,map_038,Map 38 Lesser Sunda Islands and Timor [39],2722
2629,Keman,,,,miju1243,2007,asher2007world,features,feature,map_045 map_049 map_051,"Map 45 China and Mongolia [107]; Map 49 Burma (Myanmar) [13]; Map 51 North-East India, Bangladesh, Bhutan and Nepal [101]",2723
2630,Kemant,,,,qima1242,2007,asher2007world,features,feature,map_072,Map 72 Sudan and the Horn of Africa [48],2724
2631,Kemtuk,,,,kemt1242,2007,asher2007world,features,feature,map_034,Map 34 Irian Jaya [158],2725
2632,Kenaboi,,,,kena1236,2007,asher2007world,features,feature,map_044,Map 44 West Malaysia and Singapore [15],2726
2633,"Kenati (Ganati, Aziana",,,,kena1250,2007,asher2007world,features,feature,map_032,Map 32 Southern Papua New Guinea [28],2727
2634,Kendem,,,,kend1252,2007,asher2007world,features,feature,map_093 map_095,Map 93 Central South-Western Cameroon [29]; Map 95 South-Eastern Nigeria and Mid-Western Cameroon [36],2728
2635,Kenge,,,,keen1240,2007,asher2007world,features,feature,map_083,Map 83 Democratic Republic of Congo: Bas Congo and Southern Congo [13d],2729
2636,Kengin Gyee,,,,inne1246,2007,asher2007world,features,feature,map_081,Map 81 Democratic Republic of Congo: Kasai [11a],2730
2637,Keningau Murut,,,,keni1249,2007,asher2007world,features,feature,map_041,Map 41 Borneo and Madagascar [87],2731
2638,Kensiu,,,,kens1248,2007,asher2007world,features,feature,map_044 map_048,"Map 44 West Malaysia and Singapore [3]; Map 48 Southern Thailand, Laos and Vietnam, and Cambodia [23]",2732
2639,Kenyang Lower,,,,lowe1405,2007,asher2007world,features,feature,map_093,Map 93 Central South-Western Cameroon [29b],2733
2640,Kenyang Upper,,,,uppe1419,2007,asher2007world,features,feature,map_093,Map 93 Central South-Western Cameroon [29a],2734
2641,Kenyi,,,,keny1278,2007,asher2007world,features,feature,map_086,Map 86 Central East Africa [33],2735
2642,Kepkiriwat,,,,kepk1241,traditional,asher2007world,features,feature,map_016,Map 16 Western Brazil: Time of Contact [373],2736
2643,Kepo',,,,kepo1237,2007,asher2007world,features,feature,map_038,Map 38 Lesser Sunda Islands and Timor [18],2737
2644,Kera,,,,kera1255,2007,asher2007world,features,feature,map_090 map_094,"Map 90 Central African Republic, South-Western Chad and Cameroon [56]; Map 94 Northern Cameroon [60]",2738
2646,Kereho-Uheng,,,,kere1285,2007,asher2007world,features,feature,map_041,Map 41 Borneo and Madagascar [60],2740
2647,Kerewe,,,,kere1283,2007,asher2007world,features,feature,map_086,Map 86 Central East Africa [42],2741
2648,Kerewo,,,,kere1286,2007,asher2007world,features,feature,map_032,Map 32 Southern Papua New Guinea [160],2742
2649,Keriaka,,,,ramo1245,2007,asher2007world,features,feature,map_029,Map 29 Solomon Islands and Bougainville [74],2743
2650,Kesawai (Namuya),,,,kesa1244,2007,asher2007world,features,feature,map_033,Map 33 Northern Papua New Guinea [36],2744
2651,Ket (Yenisey Ostyak),,,,kett1243,2007,asher2007world,features,feature,map_055 map_056,Map 55 Eastern Siberia [28]; Map 56 Western Siberia [23],2745
2652,Kete,,,,kete1252,2007,asher2007world,features,feature,map_078 map_081,Map 78 Democratic Republic of Congo: Katang [25]; Map 81 Democratic Republic of Congo: Kasai [72],2746
2653,Ketengban,,,,kete1254,2007,asher2007world,features,feature,map_034,Map 34 Irian Jaya [65],2747
2654,Ketere,,,,inne1246,2007,asher2007world,features,feature,map_081,Map 81 Democratic Republic of Congo: Kasai [11c],2748
2655,Keuru (Belepa),,,,keor1235,2007,asher2007world,features,feature,map_032,Map 32 Southern Papua New Guinea [180],2749
2656,Kewa,,,,kewa1250,2007,asher2007world,features,feature,map_032,Map 32 Southern Papua New Guinea [25],2750
2657,Kewieng,,,,kewi1240,2007,asher2007world,features,feature,map_032,Map 32 Southern Papua New Guinea [73],2751
2658,Keyo,,,,keiy1238,2007,asher2007world,features,feature,map_072 map_086,Map 72 Sudan and the Horn of Africa [151]; Map 86 Central East Africa [87],2752
2659,Kgatla,,,,kgat1238,2007,asher2007world,features,feature,map_074,Map 74 Southern Africa [7h],2753
2660,"Khakas (Abakan Tatar, Yenisey Tatar)",,,,khak1248,2007,asher2007world,features,feature,map_055 map_056,Map 55 Eastern Siberia [6]; Map 56 Western Siberia [8],2754
2661,Khakas Tuva,,,,tuvi1240,2007,asher2007world,features,feature,map_045,Map 45 China and Mongolia [45],2755
2662,Khalaj,,,,turk1303,2007,asher2007world,features,feature,map_053,"Map 53 Iran, Afghanistan and Pakistan [72]",2756
2663,Khaling,,,,khal1275,2007,asher2007world,features,feature,map_051,"Map 51 North-East India, Bangladesh, Bhutan and Nepal [64]",2757
2664,Khalkh,,,,halh1238,2007,asher2007world,features,feature,map_045,Map 45 China and Mongolia [NA],2758
2665,Kham,,,,gama1260,2007,asher2007world,features,feature,map_051,"Map 51 North-East India, Bangladesh, Bhutan and Nepal [51]",2759
2666,Khami / Khumi,,,,khum1250,2007,asher2007world,features,feature,map_049,Map 49 Burma (Myanmar) [51],2760
2667,Khamtanga,,,,xamt1239,2007,asher2007world,features,feature,map_072,Map 72 Sudan and the Horn of Africa [47],2761
2668,Khamti,,,,kham1290,2007,asher2007world,features,feature,map_049 map_051,"Map 49 Burma (Myanmar) [2]; Map 51 North-East India, Bangladesh, Bhutan and Nepal [215]",2762
2669,Khan,,,,kham1286,2007,asher2007world,features,feature,map_051 map_054,"Map 51 North-East India, Bangladesh, Bhutan and Nepal [12]; Map 54 North-West India [11]",2763
2670,Khandeshi,,,,khan1272,2007,asher2007world,features,feature,map_052 map_054,Map 52 Southern India and Sri Lanka [11]; Map 54 North-West India [69],2764
2671,Khang,,,,khan1274,2007,asher2007world,features,feature,map_047,"Map 47 Northern Thailand, Laos and Vietnam [44]",2765
2672,Khanty (Ostyak),,,,surg1248,2007,asher2007world,features,feature,map_055 map_056 map_058,"Map 55 Eastern Siberia [21]; Map 56 Western Siberia [21]; Map 58 Western Russia, the Baltic States, Belarus, Ukraine and Moldova [29]",2766
2673,Khao,,,,khao1244,2007,asher2007world,features,feature,map_047,"Map 47 Northern Thailand, Laos and Vietnam [39]",2767
2674,Kharachin (Harqin),,,,jost1238,2007,asher2007world,features,feature,map_045,Map 45 China and Mongolia [21],2768
2675,Kharga,,,,west2939,2007,asher2007world,features,feature,map_071,Map 71 North-East Africa [11],2769
2676,Kharia,,,,khar1287,2007,asher2007world,features,feature,map_051,"Map 51 North-East India, Bangladesh, Bhutan and Nepal [213]",2770
2677,Khasi,,,,khas1269,2007,asher2007world,features,feature,map_051,"Map 51 North-East India, Bangladesh, Bhutan and Nepal [198]",2771
2678,"Khatu, Piyo",,,,biyo1243,2007,asher2007world,features,feature,map_047,"Map 47 Northern Thailand, Laos and Vietnam [93]",2772
2679,Khayo,,,,khay1238,2007,asher2007world,features,feature,map_086,Map 86 Central East Africa [35n],2773
2680,Khengkha,,,,khen1241,2007,asher2007world,features,feature,map_051,"Map 51 North-East India, Bangladesh, Bhutan and Nepal [35]",2774
2681,Khinalug,,,,khin1240,2007,asher2007world,features,feature,map_059,Map 59 The Caucasus [48],2775
2682,Khiri,,,,xiri1242,2007,asher2007world,features,feature,map_074,Map 74 Southern Africa [45],2776
2683,Khmer,,,,cent1989,2007,asher2007world,features,feature,map_048,"Map 48 Southern Thailand, Laos and Vietnam, and Cambodia [27]",2777
2684,Khmu,,,,khmu1256,2007,asher2007world,features,feature,map_047,"Map 47 Northern Thailand, Laos and Vietnam [41]",2778
2685,Khmutswe,,,,khut1241,2007,asher2007world,features,feature,map_074,Map 74 Southern Africa [5d],2779
2686,Khorchin (Harqin),,,,jiri1239,2007,asher2007world,features,feature,map_045,Map 45 China and Mongolia [20],2780
2687,Khoshuud,,,,khos1234,2007,asher2007world,features,feature,map_045,Map 45 China and Mongolia [NA],2781
2688,Khoton,,,,khot1255,2007,asher2007world,features,feature,map_045,Map 45 China and Mongolia [NA],2782
2689,Khowar,,,,khow1242,2007,asher2007world,features,feature,map_053,"Map 53 Iran, Afghanistan and Pakistan [38]",2783
2690,Khozam,,,,,2007,asher2007world,features,feature,map_090 map_099,"Map 90 Central African Republic, South-Western Chad and Cameroon [73b]; Map 99 Lake Chad Region [16]",2784
2691,Khua,,,,khua1243,2007,asher2007world,features,feature,map_047,"Map 47 Northern Thailand, Laos and Vietnam [47b]",2785
2692,Khumi (Khami),,,,khum1248,2007,asher2007world,features,feature,map_051,"Map 51 North-East India, Bangladesh, Bhutan and Nepal [152]",2786
2693,Khwarshi,,,,khva1239,2007,asher2007world,features,feature,map_059,Map 59 The Caucasus [32],2787
2694,Khyamnyungan,,,,khia1236,2007,asher2007world,features,feature,map_049 map_051,"Map 49 Burma (Myanmar) [33]; Map 51 North-East India, Bangladesh, Bhutan and Nepal [116]",2788
2695,Khyang,,,,khya1239,2007,asher2007world,features,feature,map_051,"Map 51 North-East India, Bangladesh, Bhutan and Nepal [149]",2789
2696,Khyn,,,,khun1259,2007,asher2007world,features,feature,map_047 map_049,"Map 47 Northern Thailand, Laos and Vietnam [16]; Map 49 Burma (Myanmar) [4]",2790
2697,Khābūr Subgroup,,,,,2007,asher2007world,features,feature,map_070,Map 70 The Middle East and Arabian Peninsula [3],2791
2698,Khūzistān,,,,najd1235,2007,asher2007world,features,feature,map_070,Map 70 The Middle East and Arabian Peninsula [48],2792
2699,Kia,,,,zaba1237,2007,asher2007world,features,feature,map_029,Map 29 Solomon Islands and Bougainville [29],2793
2700,Kia,,,,jair1235,2007,asher2007world,features,feature,map_034,Map 34 Irian Jaya [20],2794
2701,Kiai,,,,fort1240,2007,asher2007world,features,feature,map_027,Map 27 Vanuatu and New Caledonia [38],2795
2702,Kiambu,,,,kiku1240,2007,asher2007world,features,feature,map_086,Map 86 Central East Africa [9f],2796
2703,Kibalo,,,,,2007,asher2007world,features,feature,map_097,"Map 97 North Plateau, Nigeria [36]",2797
2704,Kibangu,,,,,2007,asher2007world,features,feature,map_083,Map 83 Democratic Republic of Congo: Bas Congo and Southern Congo [15b],2798
2705,Kibet,,,,kibe1241,2007,asher2007world,features,feature,map_089,Map 89 Central African Republic and South-Eastern Chad [62],2799
2706,Kichua,,,,lamb1276,traditional,asher2007world,features,feature,map_014,Map 14 Northern Pacific Coast: Time of Contact [205],2800
2708,"Kiché, Quiché",,,,kich1262,traditional,asher2007world,features,feature,map_010,Map 10 Meso-America: Time of Contact [19a],2802
2709,Kickapoo,,,,kick1244,traditional,asher2007world,features,feature,map_001,Map 1 East Coast and Great Lakes: Time of Contact [16],2803
2710,Kiga,,,,chig1238,2007,asher2007world,features,feature,map_080,Map 80 Democratic Republic of Congo: Kivu [31],2804
2711,Kiksht,,,,wasc1239,traditional,asher2007world,features,feature,map_004,Map 4 California: Time of Contact [7],2805
2712,Kilba,,,,kilb1234,2007,asher2007world,features,feature,map_091 map_094 map_098,Map 91 Adamawa Region [65]; Map 94 Northern Cameroon [12]; Map 98 North-Eastern Nigeria [106],2806
2713,Kilenge,,,,kile1242,2007,asher2007world,features,feature,map_030,Map 30 New Britain and New Ireland [50],2807
2714,Kilivila,,,,kili1267,2007,asher2007world,features,feature,map_031,Map 31 South-Eastern Papua New Guinea [45],2808
2715,Kiliwa,,,,kili1266,traditional,asher2007world,features,feature,map_003,Map 3 South-Western North America: Time of Contact [56],2809
2717,Kilmer,,,,kilm1241,2007,asher2007world,features,feature,map_033,Map 33 Northern Papua New Guinea [207],2811
2718,Kim,,,,kimm1246,2007,asher2007world,features,feature,map_090,"Map 90 Central African Republic, South-Western Chad and Cameroon [19]",2812
2719,Kimaghama,,,,kima1246,2007,asher2007world,features,feature,map_034,Map 34 Irian Jaya [90],2813
2720,Kimaragang,,,,kima1244,2007,asher2007world,features,feature,map_041,Map 41 Borneo and Madagascar [101],2814
2721,Kimbaya,,,,,traditional,asher2007world,features,feature,map_012,Map 12 Northern South America: Time of Contact [10],2815
2722,Kimbu,,,,kimb1242,2007,asher2007world,features,feature,map_076,Map 76 Southern Tanzania [20],2816
2723,Kimongo,,,,suun1239,2007,asher2007world,features,feature,map_083 map_088,Map 83 Democratic Republic of Congo: Bas Congo and Southern Congo [9a]; Map 88 Gabon and Equatorial Guinea [53],2817
2724,Kinakomba,,,,kina1249,2007,asher2007world,features,feature,map_085,Map 85 Kenyan Coast [3c],2818
2725,Kinalakna,,,,kina1251,2007,asher2007world,features,feature,map_032 map_033,Map 32 Southern Papua New Guinea [40]; Map 33 Northern Papua New Guinea [108],2819
2726,Kinamigin,,,,cina1236,2007,asher2007world,features,feature,map_040,Map 40 The Philippines [98],2820
2727,Kinaray-A,,,,kina1250,2007,asher2007world,features,feature,map_040,Map 40 The Philippines [69],2821
2728,Kinda,,,,pori1238,2007,asher2007world,features,feature,map_087 map_091,Map 87 Northern Congo and Southern Central African Republic [48a]; Map 91 Adamawa Region [58],2822
2729,Kinga,,,,nucl1379,2007,asher2007world,features,feature,map_076 map_077,Map 76 Southern Tanzania [46]; Map 77 Zambia [33a],2823
2730,Kingi-Ntansye,,,,,2007,asher2007world,features,feature,map_081,Map 81 Democratic Republic of Congo: Kasai [32c],2824
2731,Kings River,,,,king1260,traditional,asher2007world,features,feature,map_004,Map 4 California: Time of Contact [76],2825
2732,Kinome,,,,unaa1239,2007,asher2007world,features,feature,map_034,Map 34 Irian Jaya [67],2826
2733,Kintswen,,,,,2007,asher2007world,features,feature,map_081,Map 81 Democratic Republic of Congo: Kasai [32a],2827
2734,Kinuku,,,,kinu1239,2007,asher2007world,features,feature,map_097,"Map 97 North Plateau, Nigeria [35]",2828
2735,Kiong,,,,kion1242,2007,asher2007world,features,feature,map_101 map_093,Map 101 South-Western Nigeria [32a]; Map 93 Central South-Western Cameroon [9],2829
2736,Kiowa,,,,kiow1266,traditional,asher2007world,features,feature,map_005,Map 5 The Great Plains: Time of Contact [53],2830
2737,Kiowa (Plains) Apache,,,,kiow1264,traditional,asher2007world,features,feature,map_005,Map 5 The Great Plains: Time of Contact [36],2831
2738,Kipsigis,,,,kips1239,2007,asher2007world,features,feature,map_086,Map 86 Central East Africa [84],2832
2739,Kiput,,,,kipu1237,2007,asher2007world,features,feature,map_041,Map 41 Borneo and Madagascar [39],2833
2740,Kir-Balar,,,,kirb1236,2007,asher2007world,features,feature,map_097 map_098,"Map 97 North Plateau, Nigeria [94]; Map 98 North-Eastern Nigeria [96]",2834
2741,Kiramang,,,,kira1248,2007,asher2007world,features,feature,map_038,Map 38 Lesser Sunda Islands and Timor [73],2835
2742,Kirfi,,,,,2007,asher2007world,features,feature,map_098,Map 98 North-Eastern Nigeria [67],2836
2743,Kirghiz (Kyrgyz),,,,kirg1245,2007,asher2007world,features,feature,map_053,"Map 53 Iran, Afghanistan and Pakistan [69]",2837
2744,Kiria,,,,kiry1234,2007,asher2007world,features,feature,map_094,Map 94 Northern Cameroon [16],2838
2745,Kirma,,,,cerm1238,2007,asher2007world,features,feature,map_104 map_105,Map 104 Burkina Faso [61a]; Map 105 Ivory Coast [42],2839
2746,Kis,,,,kiss1246,2007,asher2007world,features,feature,map_033,Map 33 Northern Papua New Guinea [400],2840
2747,Kisa,,,,kisa1263,2007,asher2007world,features,feature,map_086,Map 86 Central East Africa [35h],2841
2748,Kisar,,,,kisa1266,2007,asher2007world,features,feature,map_038,Map 38 Lesser Sunda Islands and Timor [47],2842
2749,Kisi,,,,sout2778,2007,asher2007world,features,feature,map_106,Map 106 Liberia and Sierra Leone [3],2843
2750,Kisi,,,,kisi1243,2007,asher2007world,features,feature,map_076,Map 76 Southern Tanzania [45],2844
2751,Kitanemuk,,,,kita1252,traditional,asher2007world,features,feature,map_004,Map 4 California: Time of Contact [102],2845
2753,Kitimi,,,,tumi1238,2007,asher2007world,features,feature,map_097,"Map 97 North Plateau, Nigeria [40]",2847
2754,Kitimi (Tumi),,,,tumi1238,2007,asher2007world,features,feature,map_101,Map 101 South-Western Nigeria [48],2848
2755,Kitsai,,,,kits1249,traditional,asher2007world,features,feature,map_002,Map 2 South-Eastern North America: Time of Contact [18],2849
2756,Kitui,,,,kamb1297,2007,asher2007world,features,feature,map_085,Map 85 Kenyan Coast [29b],2850
2757,Kiunthali (Mahasui),,,,maha1287,2007,asher2007world,features,feature,map_054,Map 54 North-West India [43],2851
2758,Kiwo-Naruma-Vunjo,,,,vunj1238,2007,asher2007world,features,feature,map_086,Map 86 Central East Africa [6e],2852
2760,Klamath,,,,klam1254,traditional,asher2007world,features,feature,map_004,Map 4 California: Time of Contact [11],2854
2761,Klao,,,,klao1243,2007,asher2007world,features,feature,map_106,Map 106 Liberia and Sierra Leone [13a],2855
2762,Klias River Kadazan,,,,klia1235,2007,asher2007world,features,feature,map_041,Map 41 Borneo and Madagascar [100],2856
2763,Klor-Ngeh,,,,ngeq1245,2007,asher2007world,features,feature,map_047,"Map 47 Northern Thailand, Laos and Vietnam [52]",2857
2764,Ko,,,,winy1241,2007,asher2007world,features,feature,map_104,Map 104 Burkina Faso [52],2858
2765,Koaiker,,,,awac1239,traditional,asher2007world,features,feature,map_012,Map 12 Northern South America: Time of Contact [20],2859
2767,Koalib,,,,koal1240,2007,asher2007world,features,feature,map_071,Map 71 North-East Africa [95],2861
2768,Koasati,,,,koas1236,traditional,asher2007world,features,feature,map_002,Map 2 South-Eastern North America: Time of Contact [47],2862
2769,Kobi,,,,hund1239,2007,asher2007world,features,feature,map_080,Map 80 Democratic Republic of Congo: Kivu [30],2863
2770,Kobiana,,,,kobi1241,2007,asher2007world,features,feature,map_108,"Map 108 Senegal, Gambia and Guinea Bissau [25]",2864
2771,Kobo,,,,,2007,asher2007world,features,feature,map_091 map_098,Map 91 Adamawa Region [12]; Map 98 North-Eastern Nigeria [25d],2865
2772,Kobon,,,,kobo1249,2007,asher2007world,features,feature,map_033,Map 33 Northern Papua New Guinea [50],2866
2773,Kochila Tharu,,,,koch1247,2007,asher2007world,features,feature,map_051,"Map 51 North-East India, Bangladesh, Bhutan and Nepal [165e]",2867
2774,Koda (Kora),,,,koda1236,2007,asher2007world,features,feature,map_051,"Map 51 North-East India, Bangladesh, Bhutan and Nepal [207]",2868
2775,Kodagu/Coorg,,,,koda1255,2007,asher2007world,features,feature,map_052,Map 52 Southern India and Sri Lanka [30],2869
2776,Kodi,,,,kodi1247,2007,asher2007world,features,feature,map_038,Map 38 Lesser Sunda Islands and Timor [5],2870
2777,Koenoem,,,,koen1239,2007,asher2007world,features,feature,map_096,"Map 96 South Plateau, Nigeria [68]",2871
2778,Koeruna,,,,coer1236,traditional,asher2007world,features,feature,map_012,Map 12 Northern South America: Time of Contact [185],2872
2780,Kofa-Mogum,,,,koff1242,2007,asher2007world,features,feature,map_089,Map 89 Central African Republic and South-Eastern Chad [88],2874
2781,Kofyar,,,,kofy1242,2007,asher2007world,features,feature,map_096,"Map 96 South Plateau, Nigeria [65a]",2875
2782,Kofán,,,,cofa1242,traditional,asher2007world,features,feature,map_012,Map 12 Northern South America: Time of Contact [167],2876
2784,Kogi,,,,cogu1240,traditional,asher2007world,features,feature,map_012,Map 12 Northern South America: Time of Contact [32],2878
2786,Koguman,,,,kobo1248,2007,asher2007world,features,feature,map_033,Map 33 Northern Papua New Guinea [68],2880
2787,Kohi,,,,koii1238,2007,asher2007world,features,feature,map_051,"Map 51 North-East India, Bangladesh, Bhutan and Nepal [66]",2881
2788,Kohno,,,,kono1267,2007,asher2007world,features,feature,map_106,Map 106 Liberia and Sierra Leone [25],2882
2789,Koho,,,,koho1244,2007,asher2007world,features,feature,map_048,"Map 48 Southern Thailand, Laos and Vietnam, and Cambodia [70]",2883
2790,Kohumono,,,,kohu1244,2007,asher2007world,features,feature,map_101,Map 101 South-Western Nigeria [28],2884
2791,Koiari,,,,gras1249,2007,asher2007world,features,feature,map_032,Map 32 Southern Papua New Guinea [126],2885
2792,Koihoma,,,,,traditional,asher2007world,features,feature,map_012,Map 12 Northern South America: Time of Contact [189],2886
2794,Koita,,,,koit1244,2007,asher2007world,features,feature,map_032,Map 32 Southern Papua New Guinea [125],2888
2795,Koji,,,,,2007,asher2007world,features,feature,map_078 map_080,Map 78 Democratic Republic of Congo: Katang [20a]; Map 80 Democratic Republic of Congo: Kivu [69],2889
2797,Koka,,,,coca1262,traditional,asher2007world,features,feature,map_010,Map 10 Meso-America: Time of Contact [57],2891
2799,Kokborok (Tripuri),,,,kokb1239,2007,asher2007world,features,feature,map_051,"Map 51 North-East India, Bangladesh, Bhutan and Nepal [105]",2893
2800,Koke,,,,koke1240,2007,asher2007world,features,feature,map_089 map_090,"Map 89 Central African Republic and South-Eastern Chad [48]; Map 90 Central African Republic, South-Western Chad and Cameroon [7]",2894
2802,Kokonuko,,,,cauc1241,traditional,asher2007world,features,feature,map_012,Map 12 Northern South America: Time of Contact [17],2896
2804,Kokota,,,,koko1269,2007,asher2007world,features,feature,map_029,Map 29 Solomon Islands and Bougainville [31],2898
2805,Kol,,,,koll1254,2007,asher2007world,features,feature,map_030,Map 30 New Britain and New Ireland [87],2899
2806,Kola,,,,kola1285,2007,asher2007world,features,feature,map_034,Map 34 Irian Jaya [228],2900
2807,Kola Saami (Kola Lappish),,,,peni1240,2007,asher2007world,features,feature,map_056 map_058,"Map 56 Western Siberia [16]; Map 58 Western Russia, the Baltic States, Belarus, Ukraine and Moldova [20]",2901
2809,Kolami,,,,kola1242,2007,asher2007world,features,feature,map_052 map_054,Map 52 Southern India and Sri Lanka [24]; Map 54 North-West India [79],2903
2810,Kolana,,,,kola1287,2007,asher2007world,features,feature,map_038,Map 38 Lesser Sunda Islands and Timor [67],2904
2811,Kolena,,,,,2007,asher2007world,features,feature,map_091,Map 91 Adamawa Region [16],2905
2812,Kolibugan Subanon,,,,koli1253,2007,asher2007world,features,feature,map_040,Map 40 The Philippines [93],2906
2813,Kolo,,,,kolo1262,2007,asher2007world,features,feature,map_101,Map 101 South-Western Nigeria [10a],2907
2814,"Kolo Lenka, Kolo Lenca",,,,lenc1242,traditional,asher2007world,features,feature,map_010,Map 10 Meso-America: Time of Contact [63d],2908
2815,Kolod,,,,okol1241,2007,asher2007world,features,feature,map_041,Map 41 Borneo and Madagascar [82],2909
2816,Kolokuma,,,,kolo1262,2007,asher2007world,features,feature,map_101,Map 101 South-Western Nigeria [5a],2910
2817,Kolom,,,,kolo1267,2007,asher2007world,features,feature,map_033,Map 33 Northern Papua New Guinea [25],2911
2818,Kolán,,,,cola1238,traditional,asher2007world,features,feature,map_014,Map 14 Northern Pacific Coast: Time of Contact [200],2912
2819,Kom,,,,komi1270,2007,asher2007world,features,feature,map_051,"Map 51 North-East India, Bangladesh, Bhutan and Nepal [141]",2913
2820,Kom,,,,komm1247,2007,asher2007world,features,feature,map_095,Map 95 South-Eastern Nigeria and Mid-Western Cameroon [42e],2914
2821,Koma,,,,koma1266,2007,asher2007world,features,feature,map_091 map_098,Map 91 Adamawa Region [14]; Map 98 North-Eastern Nigeria [25b],2915
2822,Komba,,,,komb1273,2007,asher2007world,features,feature,map_032 map_033,Map 32 Southern Papua New Guinea [42]; Map 33 Northern Papua New Guinea [110],2916
2823,Kombe,,,,yasa1241,2007,asher2007world,features,feature,map_088 map_092,Map 88 Gabon and Equatorial Guinea [3]; Map 92 South-Western Cameroon [22],2917 2918
2824,Kombio,,,,komb1272,2007,asher2007world,features,feature,map_033,Map 33 Northern Papua New Guinea [255],2919
2825,Kome,,,,,2007,asher2007world,features,feature,map_086,Map 86 Central East Africa [30a],2920
2826,Komering,,,,kome1238,2007,asher2007world,features,feature,map_043,Map 43 Sumatra [16],2921
2827,"Komi (Zyryan, Komi-Zyryan)",,,,komi1268,2007,asher2007world,features,feature,map_058,"Map 58 Western Russia, the Baltic States, Belarus, Ukraine and Moldova [25]",2922
2828,Komi-Permyak,,,,komi1269,2007,asher2007world,features,feature,map_056 map_058,"Map 56 Western Siberia [19]; Map 58 Western Russia, the Baltic States, Belarus, Ukraine and Moldova [26]",2923
2829,Kominimung,,,,komi1271,2007,asher2007world,features,feature,map_033,Map 33 Northern Papua New Guinea [346],2924
2830,Komo,,,,komo1258,2007,asher2007world,features,feature,map_072,Map 72 Sudan and the Horn of Africa [185],2925
2831,Komodo,,,,komo1261,2007,asher2007world,features,feature,map_038,Map 38 Lesser Sunda Islands and Timor [23],2926
2832,Komono (Khisa),,,,khis1238,2007,asher2007world,features,feature,map_104 map_105,Map 104 Burkina Faso [60]; Map 105 Ivory Coast [48],2927
2833,Komutu,,,,nukn1238,2007,asher2007world,features,feature,map_032 map_033,Map 32 Southern Papua New Guinea [66]; Map 33 Northern Papua New Guinea [116],2928
2834,Kona,,,,kona1244,2007,asher2007world,features,feature,map_098,Map 98 North-Eastern Nigeria [63],2929
2835,Konai,,,,kona1242,2007,asher2007world,features,feature,map_032 map_033,Map 32 Southern Papua New Guinea [83]; Map 33 Northern Papua New Guinea [185],2930
2836,Konda,,,,kond1303,2007,asher2007world,features,feature,map_034,Map 34 Irian Jaya [77],2931
2837,Konda,,,,tete1250,2007,asher2007world,features,feature,map_078 map_080 map_081,Map 78 Democratic Republic of Congo: Katang [2a]; Map 80 Democratic Republic of Congo: Kivu [71g]; Map 81 Democratic Republic of Congo: Kasai [3],2932
2838,Konda,,,,kond1299,2007,asher2007world,features,feature,map_080 map_081,Map 80 Democratic Republic of Congo: Kivu [71g]; Map 81 Democratic Republic of Congo: Kasai [3],2933
2839,Koneraw,,,,kone1241,2007,asher2007world,features,feature,map_034,Map 34 Irian Jaya [24],2934
2840,Kongo,,,,,2007,asher2007world,features,feature,map_081 map_083 map_084,Map 81 Democratic Republic of Congo: Kasai [1i]; Map 83 Democratic Republic of Congo: Bas Congo and Southern Congo [1]; Map 84 Angola [1],2935
2841,Kongo,,,,sans1272,2007,asher2007world,features,feature,map_083 map_084,Map 83 Democratic Republic of Congo: Bas Congo and Southern Congo [1]; Map 84 Angola [1],2936
2842,Kongola,,,,kong1288,2007,asher2007world,features,feature,map_078 map_080,Map 78 Democratic Republic of Congo: Katang [3]; Map 80 Democratic Republic of Congo: Kivu [73],2937
2843,Koningkom,,,,kani1278,2007,asher2007world,features,feature,map_096 map_097,"Map 96 South Plateau, Nigeria [21a]; Map 97 North Plateau, Nigeria [11c]",2938
2844,Konjo,,,,konz1239,2007,asher2007world,features,feature,map_079 map_080,Map 79 Democratic Republic of Congo: Orienta [6]; Map 80 Democratic Republic of Congo: Kivu [40a],2939
2845,Konkani,,,,goan1235,2007,asher2007world,features,feature,map_052,Map 52 Southern India and Sri Lanka [18],2940
2846,Konkomba,,,,konk1269,2007,asher2007world,features,feature,map_102 map_103 map_104,Map 102 Benin and Togo [56]; Map 103 Ghana [57]; Map 104 Burkina Faso [31],2941
2847,Konkow,,,,nort2951,traditional,asher2007world,features,feature,map_004,Map 4 California: Time of Contact [47],2942
2848,Konni,,,,konn1242,2007,asher2007world,features,feature,map_103 map_104,Map 103 Ghana [55]; Map 104 Burkina Faso [39b],2943
2849,Kono,,,,kono1268,2007,asher2007world,features,feature,map_106,Map 106 Liberia and Sierra Leone [20],2944
2850,Kono,,,,kono1264,2007,asher2007world,features,feature,map_097,"Map 97 North Plateau, Nigeria [37]",2945
2851,Konomala,,,,kono1269,2007,asher2007world,features,feature,map_030,Map 30 New Britain and New Ireland [58],2946
2852,Konomihu,,,,kono1241,traditional,asher2007world,features,feature,map_004,Map 4 California: Time of Contact [36],2947
2853,Konongo,,,,kono1270,2007,asher2007world,features,feature,map_076,Map 76 Southern Tanzania [22],2948
2854,Konta,,,,nort3161,2007,asher2007world,features,feature,map_072,Map 72 Sudan and the Horn of Africa [78],2949
2855,Konua,,,,rapo1238,2007,asher2007world,features,feature,map_029,Map 29 Solomon Islands and Bougainville [73],2950
2856,Kony,,,,koon1246,2007,asher2007world,features,feature,map_086,Map 86 Central East Africa [80],2951
2857,Konyagi,,,,wame1240,2007,asher2007world,features,feature,map_107 map_108,"Map 107 Guinea and Mali [7]; Map 108 Senegal, Gambia and Guinea Bissau [24]",2952
2858,Konyak,,,,kony1248,2007,asher2007world,features,feature,map_051,"Map 51 North-East India, Bangladesh, Bhutan and Nepal [119]",2953
2859,Konyanka,,,,kony1250,2007,asher2007world,features,feature,map_106,Map 106 Liberia and Sierra Leone [18d],2954
2860,"Kootenai, Kutenai",,,,kute1249,traditional,asher2007world,features,feature,map_006,Map 6 North-Western Pacific America: Time of Contact [59],2955
2861,Koozime,,,,koon1245,2007,asher2007world,features,feature,map_087,Map 87 Northern Congo and Southern Central African Republic [56],2956
2862,Kopar,,,,kopa1248,2007,asher2007world,features,feature,map_033,Map 33 Northern Papua New Guinea [356],2957
2864,"Kora, Cora",,,,cora1260,traditional,asher2007world,features,feature,map_010,Map 10 Meso-America: Time of Contact [52],2959
2865,Korafe,,,,kora1295,2007,asher2007world,features,feature,map_031,Map 31 South-Eastern Papua New Guinea [87],2960
2866,Korak,,,,kora1296,2007,asher2007world,features,feature,map_033,Map 33 Northern Papua New Guinea [16],2961
2867,Korandebo,,,,tira1258,2007,asher2007world,features,feature,map_104,Map 104 Burkina Faso [4d],2962
2868,Korapun,,,,koru1246,2007,asher2007world,features,feature,map_034,Map 34 Irian Jaya [62],2963
2869,Korat,,,,khor1272,2007,asher2007world,features,feature,map_048,"Map 48 Southern Thailand, Laos and Vietnam, and Cambodia [18]",2964
2870,Korean,,,,kore1280,2007,asher2007world,features,feature,map_045 map_050 map_055,"Map 45 China and Mongolia [129]; Map 50 Japan, Korea and Taiwan [24]; Map 55 Eastern Siberia [30]",2965
2871,Korewahe,,,,kore1283,traditional,asher2007world,features,feature,map_012,Map 12 Northern South America: Time of Contact [148],2966
2873,Koring,,,,orin1239,2007,asher2007world,features,feature,map_101,Map 101 South-Western Nigeria [26],2968
2874,Korku,,,,kork1243,2007,asher2007world,features,feature,map_054,Map 54 North-West India [77],2969
2875,Koro,,,,,2007,asher2007world,features,feature,map_101 map_096 map_097,"Map 101 South-Western Nigeria [34]; Map 96 South Plateau, Nigeria [15]; Map 97 North Plateau, Nigeria [9]",2970
2876,Koro,,,,koro1318,2007,asher2007world,features,feature,map_027,Map 27 Vanuatu and New Caledonia [12],2971
2877,Koro(Okro),,,,okro1237,2007,asher2007world,features,feature,map_030,Map 30 New Britain and New Ireland [18],2972
2878,Koronadal Blaan,,,,koro1310,2007,asher2007world,features,feature,map_040,Map 40 The Philippines [121],2973
2879,Korop,,,,koro1304,2007,asher2007world,features,feature,map_093,Map 93 Central South-Western Cameroon [7],2974
2880,Koropó,,,,coro1248,traditional,asher2007world,features,feature,map_018,Map 18 Brazilian Atlantic Coast: Time of Contact [304],2975
2881,Korwa,,,,korw1242,2007,asher2007world,features,feature,map_051,"Map 51 North-East India, Bangladesh, Bhutan and Nepal [206]",2976
2882,Koryak,,,,kory1246,2007,asher2007world,features,feature,map_055,Map 55 Eastern Siberia [23],2977
2883,Kosa,,,,kosa1248,2007,asher2007world,features,feature,map_077,Map 77 Zambia [56],2978
2884,Kosare,,,,kosa1250,2007,asher2007world,features,feature,map_034,Map 34 Irian Jaya [87],2979
2885,Kosarek,,,,kosa1250,2007,asher2007world,features,feature,map_034,Map 34 Irian Jaya [59],2980
2886,Koshin (Koskin),,,,kosh1246,2007,asher2007world,features,feature,map_095,Map 95 South-Eastern Nigeria and Mid-Western Cameroon [23],2981
2887,Kosorong,,,,koso1245,2007,asher2007world,features,feature,map_032,Map 32 Southern Papua New Guinea [36],2982
2888,Kosraean,,,,kosr1238,2007,asher2007world,features,feature,map_028,Map 28 Micronesia [16],2983
2889,Kota,,,,kota1274,2007,asher2007world,features,feature,map_081 map_083 map_087 map_088,Map 81 Democratic Republic of Congo: Kasai [22]; Map 83 Democratic Republic of Congo: Bas Congo and Southern Congo [46]; Map 87 Northern Congo and Southern Central African Republic [63]; Map 88 Gabon and Equatorial Guinea [28],2984 2985
2890,Kota,,,,diko1241,2007,asher2007world,features,feature,map_087,Map 87 Northern Congo and Southern Central African Republic [31a],2986
2891,Koti,,,,koti1238,2007,asher2007world,features,feature,map_075,Map 75 Mozambique [15],2987
2893,Koto,,,,orej1242,traditional,asher2007world,features,feature,map_014,Map 14 Northern Pacific Coast: Time of Contact [151],2989
2894,Kotogüt,,,,tsak1250,2007,asher2007world,features,feature,map_034,Map 34 Irian Jaya [12],2990
2896,"Kotoke, Cotoque",,,,,traditional,asher2007world,features,feature,map_010,Map 10 Meso-America: Time of Contact [13],2992
2897,Kotoko,,,,mpad1242,2007,asher2007world,features,feature,map_090 map_094 map_099,"Map 90 Central African Republic, South-Western Chad and Cameroon [70e]; Map 94 Northern Cameroon [56b]; Map 99 Lake Chad Region [13]",2993
2898,Kotokoli (Tem),,,,temm1241,2007,asher2007world,features,feature,map_102 map_103,Map 102 Benin and Togo [47]; Map 103 Ghana [65],2994
2899,Kotopo,,,,peer1241,2007,asher2007world,features,feature,map_095,Map 95 South-Eastern Nigeria and Mid-Western Cameroon [97a],2995
2900,Kovai,,,,kova1243,2007,asher2007world,features,feature,map_030 map_033,"Map 30 New Britain and New Ireland [89, D]; Map 33 Northern Papua New Guinea [113]",2996
2901,Kove-Kaliai,,,,kali1298,2007,asher2007world,features,feature,map_030,Map 30 New Britain and New Ireland [30],2997
2902,Kowaki,,,,kowa1245,2007,asher2007world,features,feature,map_033,Map 33 Northern Papua New Guinea [63],2998
2903,Koya,,,,koya1251,2007,asher2007world,features,feature,map_052,Map 52 Southern India and Sri Lanka [26],2999
2904,Koyo,,,,koyo1243,2007,asher2007world,features,feature,map_105,Map 105 Ivory Coast [26c],3000
2905,Koyo,,,,koyo1242,2007,asher2007world,features,feature,map_081 map_083,Map 81 Democratic Republic of Congo: Kasai [17]; Map 83 Democratic Republic of Congo: Bas Congo and Southern Congo [37],3001
2906,Koyra,,,,koor1239,2007,asher2007world,features,feature,map_072,Map 72 Sudan and the Horn of Africa [85],3002
2907,Koyra Boro,,,,koyr1242,2007,asher2007world,features,feature,map_104,Map 104 Burkina Faso [1b],3003
2908,Koyra Chiini,,,,koyr1241,2007,asher2007world,features,feature,map_104,Map 104 Burkina Faso [1a],3004
2909,Koyukon,,,,koyu1237,traditional,asher2007world,features,feature,map_007,Map 7 Northern North America: Time of Contact [16],3005
2911,Kpala,,,,,2007,asher2007world,features,feature,map_082,Map 82 Democratic Republic of Congo: Equate [64],3007
2912,Kpan,,,,kpan1246,2007,asher2007world,features,feature,map_095,Map 95 South-Eastern Nigeria and Mid-Western Cameroon [82a],3008
2913,Kpasam,,,,kpas1242,2007,asher2007world,features,feature,map_098,Map 98 North-Eastern Nigeria [34],3009
2914,Kpatiri,,,,kpat1244,2007,asher2007world,features,feature,map_082 map_089,Map 82 Democratic Republic of Congo: Equate [71]; Map 89 Central African Republic and South-Eastern Chad [6],3010
2915,Kpelle,,,,kpel1252,2007,asher2007world,features,feature,map_106,"Map 106 Liberia and Sierra Leone [24, K]",3011
2916,Krachi,,,,krac1238,2007,asher2007world,features,feature,map_102 map_103,Map 102 Benin and Togo [22]; Map 103 Ghana [14],3012
2917,Kranh,,,,west2488,2007,asher2007world,features,feature,map_105 map_106,Map 105 Ivory Coast [31c]; Map 106 Liberia and Sierra Leone [11],3013
2918,Krenak,,,,kren1239,traditional,asher2007world,features,feature,map_018,Map 18 Brazilian Atlantic Coast: Time of Contact [281],3014
2920,Kresh,,,,gbay1292,2007,asher2007world,features,feature,map_072,Map 72 Sudan and the Horn of Africa [176],3016
2921,Krim,,,,krim1238,2007,asher2007world,features,feature,map_106,Map 106 Liberia and Sierra Leone [4],3017
2922,Krisa,,,,kris1246,2007,asher2007world,features,feature,map_033,Map 33 Northern Papua New Guinea [195],3018
2923,Krkongo,,,,kron1241,2007,asher2007world,features,feature,map_071,Map 71 North-East Africa [93],3019
2924,Krobu,,,,krob1245,2007,asher2007world,features,feature,map_105,Map 105 Ivory Coast [12],3020
2925,"Kryz (Qriz, Dzhek)",,,,kryt1240,2007,asher2007world,features,feature,map_059,Map 59 The Caucasus [43],3021
2926,Kuang,,,,kwan1285,2007,asher2007world,features,feature,map_090,"Map 90 Central African Republic, South-Western Chad and Cameroon [55]",3022
2927,Kuangsi [Yi],,,,kuan1251,2007,asher2007world,features,feature,map_046,"Map 46 Yunnan Province, China [71]",3023
2928,Kuba,,,,liku1242,2007,asher2007world,features,feature,map_081 map_083,Map 81 Democratic Republic of Congo: Kasai [15]; Map 83 Democratic Republic of Congo: Bas Congo and Southern Congo [35],3024
2929,Kube,,,,kube1244,2007,asher2007world,features,feature,map_032,Map 32 Southern Papua New Guinea [35],3025
2930,Kubewa,,,,cube1242,traditional,asher2007world,features,feature,map_012,Map 12 Northern South America: Time of Contact [153],3026
2932,Kubi,,,,kubi1239,2007,asher2007world,features,feature,map_097 map_098,"Map 97 North Plateau, Nigeria [70]; Map 98 North-Eastern Nigeria [74]",3028
2933,Kuchichere (Kacicere),,,,kach1281,2007,asher2007world,features,feature,map_096,"Map 96 South Plateau, Nigeria [34b]",3029
2934,Kucong [Lahu],,,,kuco1235,2007,asher2007world,features,feature,map_046,"Map 46 Yunnan Province, China [63]",3030
2935,Kuda-Chamo,,,,kudu1241,2007,asher2007world,features,feature,map_097,"Map 97 North Plateau, Nigeria [29]",3031
2936,Kueretú,,,,cure1236,traditional,asher2007world,features,feature,map_012,Map 12 Northern South America: Time of Contact [156],3032
2938,Kugama,,,,kuga1239,2007,asher2007world,features,feature,map_098,Map 98 North-Eastern Nigeria [35],3034
2939,Kugbo,,,,kugb1241,2007,asher2007world,features,feature,map_101,Map 101 South-Western Nigeria [9],3035
2945,Kui,,,,kuii1254,2007,asher2007world,features,feature,map_038,Map 38 Lesser Sunda Islands and Timor [71],3041
2946,"Kui (Kondh, Khond)",,,,kuii1252,2007,asher2007world,features,feature,map_051,"Map 51 North-East India, Bangladesh, Bhutan and Nepal [193]",3042
2947,Kuijau,,,,kuij1237,2007,asher2007world,features,feature,map_041,Map 41 Borneo and Madagascar [94],3043
2948,Kuiva,,,,cuib1242,traditional,asher2007world,features,feature,map_012,Map 12 Northern South America: Time of Contact [69],3044
2953,Kuku,,,,kuku1285,2007,asher2007world,features,feature,map_079 map_086,Map 79 Democratic Republic of Congo: Orienta [71]; Map 86 Central East Africa [67a],3049
2956,Kukuya,,,,mina1269,2007,asher2007world,features,feature,map_031,Map 31 South-Eastern Papua New Guinea [8],3052
2957,Kukwa,,,,teke1280,2007,asher2007world,features,feature,map_083,Map 83 Democratic Republic of Congo: Bas Congo and Southern Congo [28e],3053
2958,Kulango,,,,kula1277,2007,asher2007world,features,feature,map_103 map_104 map_105,Map 103 Ghana [79]; Map 104 Burkina Faso [64]; Map 105 Ivory Coast [49],3054 3055
2959,Kulango-Nkuareng,,,,,2007,asher2007world,features,feature,map_103 map_105,Map 103 Ghana [78]; Map 105 Ivory Coast [50],3056
2960,Kulere,,,,kule1247,2007,asher2007world,features,feature,map_096,"Map 96 South Plateau, Nigeria [78]",3057
2961,Kulesa,,,,,2007,asher2007world,features,feature,map_085,Map 85 Kenyan Coast [3i],3058
2963,Kulina,,,,culi1244,traditional,asher2007world,features,feature,map_016,Map 16 Western Brazil: Time of Contact [128],3060
2964,Kulino,,,,kuli1255,traditional,asher2007world,features,feature,map_014,Map 14 Northern Pacific Coast: Time of Contact [214],3061
2966,Kullo,,,,nort3161,2007,asher2007world,features,feature,map_072,Map 72 Sudan and the Horn of Africa [77],3063
2967,Kului,,,,kllu1238,2007,asher2007world,features,feature,map_054,Map 54 North-West India [39],3064
2969,Kulung,,,,kulu1253,2007,asher2007world,features,feature,map_051,"Map 51 North-East India, Bangladesh, Bhutan and Nepal [78]",3066
2970,Kulung,,,,kulu1255,2007,asher2007world,features,feature,map_096 map_098,"Map 96 South Plateau, Nigeria [46]; Map 98 North-Eastern Nigeria [42]",3067 3068
2971,Kulyi,,,,cull1235,traditional,asher2007world,features,feature,map_014,Map 14 Northern Pacific Coast: Time of Contact [197],3069
2972,Kumak,,,,nucl1483,2007,asher2007world,features,feature,map_027,Map 27 Vanuatu and New Caledonia [110],3070
2973,Kumam,,,,kuma1275,2007,asher2007world,features,feature,map_072 map_086,Map 72 Sudan and the Horn of Africa [172]; Map 86 Central East Africa [64],3071
2974,Kumauni,,,,kuma1273,2007,asher2007world,features,feature,map_051 map_054,"Map 51 North-East India, Bangladesh, Bhutan and Nepal [158]; Map 54 North-West India [49]",3072
2975,Kumba,,,,kumb1238,2007,asher2007world,features,feature,map_098,Map 98 North-Eastern Nigeria [29],3073
2976,Kumeyaay,,,,kumi1248,traditional,asher2007world,features,feature,map_003,Map 3 South-Western North America: Time of Contact [53],3074
2978,Kumokio,,,,sina1266,2007,asher2007world,features,feature,map_032,Map 32 Southern Papua New Guinea [235],3076
2979,Kumokio,,,,kumu1247,2007,asher2007world,features,feature,map_032 map_033,Map 32 Southern Papua New Guinea [41]; Map 33 Northern Papua New Guinea [109],3077
2980,Kumu,,,,komo1260,2007,asher2007world,features,feature,map_079 map_080,Map 79 Democratic Republic of Congo: Orienta [16]; Map 80 Democratic Republic of Congo: Kivu [11],3078
2981,Kumu,,,,,2007,asher2007world,features,feature,map_079 map_080 map_081,Map 79 Democratic Republic of Congo: Orienta [16]; Map 80 Democratic Republic of Congo: Kivu [11]; Map 81 Democratic Republic of Congo: Kasai [45],3079
2982,Kumyk,,,,kumy1244,2007,asher2007world,features,feature,map_059,Map 59 The Caucasus [11],3080
2983,Kumzari,,,,kumz1235,2007,asher2007world,features,feature,map_053 map_070,"Map 53 Iran, Afghanistan and Pakistan [6]; Map 70 The Middle East and Arabian Peninsula [109]",3081
2984,Kuna,,,,kuna1280,traditional,asher2007world,features,feature,map_012,Map 12 Northern South America: Time of Contact [41],3082
2986,Kunabeeb,,,,kuna1267,2007,asher2007world,features,feature,map_087,Map 87 Northern Congo and Southern Central African Republic [53b],3084
2987,Kunama-Ilit,,,,ilit1242,2007,asher2007world,features,feature,map_072,Map 72 Sudan and the Horn of Africa [183],3085
2989,Kunda,,,,bisa1262,2007,asher2007world,features,feature,map_077,Map 77 Zambia [38],3087
2990,Kunda,,,,kaon1241,2007,asher2007world,features,feature,map_077 map_078,Map 77 Zambia [46a]; Map 78 Democratic Republic of Congo: Katang [17],3088
2991,Kunfal,,,,kunf1239,2007,asher2007world,features,feature,map_072,Map 72 Sudan and the Horn of Africa [50],3089
2993,Kuni,,,,kuni1263,2007,asher2007world,features,feature,map_032,Map 32 Southern Papua New Guinea [230],3091
2994,Kunimaipa,,,,kuni1267,2007,asher2007world,features,feature,map_032,Map 32 Southern Papua New Guinea [122],3092
2996,Kunsa,,,,kunz1244,traditional,asher2007world,features,feature,map_012,Map 12 Northern South America: Time of Contact [11],3094
2997,Kunyi,,,,kuny1238,2007,asher2007world,features,feature,map_083 map_088,Map 83 Democratic Republic of Congo: Bas Congo and Southern Congo [15]; Map 88 Gabon and Equatorial Guinea [56],3095
2998,Kuo,,,,kuoo1238,2007,asher2007world,features,feature,map_090 map_091,"Map 90 Central African Republic, South-Western Chad and Cameroon [16]; Map 91 Adamawa Region [30]",3096
2999,Kuot,,,,kuot1243,2007,asher2007world,features,feature,map_030,Map 30 New Britain and New Ireland [88],3097
3000,Kupto,,,,kutt1236,2007,asher2007world,features,feature,map_100 map_098,Map 100 Northern Nigeria and Niger [7]; Map 98 North-Eastern Nigeria [70],3098
3001,Kurada,,,,auhe1237,2007,asher2007world,features,feature,map_031,Map 31 South-Eastern Papua New Guinea [2],3099
3002,Kurama,,,,kura1249,2007,asher2007world,features,feature,map_096 map_097,"Map 96 South Plateau, Nigeria [1]; Map 97 North Plateau, Nigeria [33]",3100 3101
3003,Kuranko,,,,kura1250,2007,asher2007world,features,feature,map_106 map_107,Map 106 Liberia and Sierra Leone [19]; Map 107 Guinea and Mali [23],3102
3004,Kurdish,,,,kurd1259,2007,asher2007world,features,feature,map_053 map_059 map_060 map_070,"Map 53 Iran, Afghanistan and Pakistan [10]; Map 59 The Caucasus [3]; Map 60 Turkey [2]; Map 70 The Middle East and Arabian Peninsula [106]",3103 3104
3005,Kuri-Dou,,,,daww1239,traditional,asher2007world,features,feature,map_012,Map 12 Northern South America: Time of Contact [133],3105
3006,Kuria,,,,kuri1259,2007,asher2007world,features,feature,map_086,Map 86 Central East Africa [51],3106
3007,Kurike,,,,koni1257,2007,asher2007world,features,feature,map_106,Map 106 Liberia and Sierra Leone [8d],3107
3008,Kurmanji,,,,nort2641,2007,asher2007world,features,feature,map_053 map_060,"Map 53 Iran, Afghanistan and Pakistan [11]; Map 60 Turkey [3]",3108
3011,Kurtopkha,,,,kurt1248,2007,asher2007world,features,feature,map_051,"Map 51 North-East India, Bangladesh, Bhutan and Nepal [34]",3111
3012,Kuruaya,,,,kuru1309,traditional,asher2007world,features,feature,map_018,Map 18 Brazilian Atlantic Coast: Time of Contact [362],3112
3014,Kurudu,,,,kuru1305,2007,asher2007world,features,feature,map_034,Map 34 Irian Jaya [183],3114
3015,Kurumba,,,,koro1298,2007,asher2007world,features,feature,map_104,Map 104 Burkina Faso [40b],3115
3016,Kuruti-Kele-Ere,,,,kurt1251,2007,asher2007world,features,feature,map_030,Map 30 New Britain and New Ireland [17],3116
3017,"Kurux (Kurukh, Oraon)",,,,kuru1301,2007,asher2007world,features,feature,map_051,"Map 51 North-East India, Bangladesh, Bhutan and Nepal [186a]",3117
3018,Kusa,,,,kusu1252,2007,asher2007world,features,feature,map_080,Map 80 Democratic Republic of Congo: Kivu [71e],3118
3019,Kusaal,,,,kusa1250,2007,asher2007world,features,feature,map_102 map_103 map_104,Map 102 Benin and Togo [69]; Map 103 Ghana [47]; Map 104 Burkina Faso [22],3119
3020,Kusaghe,,,,kusa1253,2007,asher2007world,features,feature,map_029,Map 29 Solomon Islands and Bougainville [25],3120
3021,Kushi,,,,kush1236,2007,asher2007world,features,feature,map_098,Map 98 North-Eastern Nigeria [69],3121
3022,Kutang Ghale,,,,kuta1241,2007,asher2007world,features,feature,map_051,"Map 51 North-East India, Bangladesh, Bhutan and Nepal [9]",3122
3023,Kutchin,,,,gwic1235,traditional,asher2007world,features,feature,map_007,Map 7 Northern North America: Time of Contact [23],3123
3026,Kutep (Kuteb),,,,kute1248,2007,asher2007world,features,feature,map_095,Map 95 South-Eastern Nigeria and Mid-Western Cameroon [84],3126
3028,Kuti Ambo,,,,,2007,asher2007world,features,feature,map_080,Map 80 Democratic Republic of Congo: Kivu [9],3128
3029,Kutin,,,,peer1241,2007,asher2007world,features,feature,map_091 map_098,Map 91 Adamawa Region [6]; Map 98 North-Eastern Nigeria [26b],3129
3030,Kutu,,,,kutu1263,2007,asher2007world,features,feature,map_076,Map 76 Southern Tanzania [10],3130
3031,Kuturmi,,,,kutu1262,2007,asher2007world,features,feature,map_096 map_097,"Map 96 South Plateau, Nigeria [9]; Map 97 North Plateau, Nigeria [2]",3131
3035,Kuumbere,,,,kumb1273,2007,asher2007world,features,feature,map_091,Map 91 Adamawa Region [41b],3135
3037,Kuvale,,,,kuva1244,2007,asher2007world,features,feature,map_084,Map 84 Angola [31],3137
3038,Kuvi,,,,kuvi1243,2007,asher2007world,features,feature,map_051,"Map 51 North-East India, Bangladesh, Bhutan and Nepal [194]",3138
3039,Kuwaa,,,,kuwa1247,2007,asher2007world,features,feature,map_106,Map 106 Liberia and Sierra Leone [17],3139
3040,Kuwani,,,,tehi1237,2007,asher2007world,features,feature,map_034,Map 34 Irian Jaya [110],3140
3042,Kuwayt,,,,kuwa1251,2007,asher2007world,features,feature,map_070,Map 70 The Middle East and Arabian Peninsula [56],3142
3043,Kuy,,,,kuyy1240,2007,asher2007world,features,feature,map_047 map_048,"Map 47 Northern Thailand, Laos and Vietnam [45]; Map 48 Southern Thailand, Laos and Vietnam, and Cambodia [36]",3143 3144
3044,Kuya,,,,kouy1238,2007,asher2007world,features,feature,map_105,Map 105 Ivory Coast [24a],3145
3046,Kuyonon,,,,cuyo1237,2007,asher2007world,features,feature,map_040,Map 40 The Philippines [66],3147
3047,Kuzamani,,,,kiza1239,2007,asher2007world,features,feature,map_097,"Map 97 North Plateau, Nigeria [31]",3148
3048,Kwa (Ba),,,,kwaa1262,2007,asher2007world,features,feature,map_098,Map 98 North-Eastern Nigeria [37],3149
3049,Kwa',,,,kwaa1265,2007,asher2007world,features,feature,map_093,Map 93 Central South-Western Cameroon [65],3150
3050,Kwaatay,,,,kuwa1246,2007,asher2007world,features,feature,map_108,"Map 108 Senegal, Gambia and Guinea Bissau [11]",3151
3051,Kwadi,,,,kwad1244,2007,asher2007world,features,feature,map_084,Map 84 Angola [51],3152
3052,Kwadia,,,,kodi1246,2007,asher2007world,features,feature,map_105,Map 105 Ivory Coast [26a],3153
3053,Kwaio,,,,kwai1243,2007,asher2007world,features,feature,map_029,Map 29 Solomon Islands and Bougainville [48],3154
3054,Kwakiutl,,,,kwak1269,traditional,asher2007world,features,feature,map_006,Map 6 North-Western Pacific America: Time of Contact [42],3155
3055,Kwakum,,,,kwak1266,2007,asher2007world,features,feature,map_087,Map 87 Northern Congo and Southern Central African Republic [47],3156
3056,Kwala,,,,likw1239,2007,asher2007world,features,feature,map_081 map_083,Map 81 Democratic Republic of Congo: Kasai [16]; Map 83 Democratic Republic of Congo: Bas Congo and Southern Congo [36],3157
3057,Kwalhioqua,,,,kwal1259,traditional,asher2007world,features,feature,map_006,Map 6 North-Western Pacific America: Time of Contact [11],3158
3058,Kwaluudhu,,,,kwal1254,2007,asher2007world,features,feature,map_084,Map 84 Angola [36i],3159
3059,Kwama,,,,kwam1249,2007,asher2007world,features,feature,map_072,Map 72 Sudan and the Horn of Africa [186],3160
3060,Kwambi,,,,kwam1251,2007,asher2007world,features,feature,map_084,Map 84 Angola [36k],3161
3061,Kwame,,,,kwam1250,2007,asher2007world,features,feature,map_080,Map 80 Democratic Republic of Congo: Kivu [16],3162
3062,Kwamera,,,,kwam1252,2007,asher2007world,features,feature,map_027,Map 27 Vanuatu and New Caledonia [103],3163
3063,Kwami,,,,kwaa1269,2007,asher2007world,features,feature,map_100 map_098,Map 100 Northern Nigeria and Niger [6]; Map 98 North-Eastern Nigeria [79],3164
3064,"Kwanga (Gawanga, Womsak)",,,,kwan1278,2007,asher2007world,features,feature,map_033,Map 33 Northern Papua New Guinea [288],3165
3065,Kwangalak,,,,kwag1238,2007,asher2007world,features,feature,map_096,"Map 96 South Plateau, Nigeria [65c]",3166
3066,Kwangali,,,,kwan1273,2007,asher2007world,features,feature,map_084,Map 84 Angola [39],3167
3067,Kwange,,,,kwan1271,2007,asher2007world,features,feature,map_080,Map 80 Democratic Republic of Congo: Kivu [64c],3168
3068,Kwanka,,,,vagh1247,2007,asher2007world,features,feature,map_096 map_097,"Map 96 South Plateau, Nigeria [28]; Map 97 North Plateau, Nigeria [12]",3169
3070,Kwanyama,,,,kuan1247,2007,asher2007world,features,feature,map_084,Map 84 Angola [36a],3171
3071,Kwanyoka,,,,,2007,asher2007world,features,feature,map_084,Map 84 Angola [30],3172
3072,Kwara'ae,,,,kwar1239,2007,asher2007world,features,feature,map_029,Map 29 Solomon Islands and Bougainville [46],3173
3073,Kware,,,,aime1238,2007,asher2007world,features,feature,map_032,Map 32 Southern Papua New Guinea [88],3174
3074,Kwasengen,,,,hang1263,2007,asher2007world,features,feature,map_033,Map 33 Northern Papua New Guinea [293],3175
3075,Kwasio,,,,kwas1243,2007,asher2007world,features,feature,map_087 map_088 map_092,Map 87 Northern Congo and Southern Central African Republic [60]; Map 88 Gabon and Equatorial Guinea [40]; Map 92 South-Western Cameroon [31],3176 3177
3076,Kwato (Waupe),,,,kwat1244,2007,asher2007world,features,feature,map_033,Map 33 Northern Papua New Guinea [32],3178
3077,Kwaya,,,,kway1241,2007,asher2007world,features,feature,map_086,Map 86 Central East Africa [45],3179
3078,Kwena,,,,kwen1245,2007,asher2007world,features,feature,map_074,Map 74 Southern Africa [7c],3180
3079,Kwerba,,,,nucl1595,2007,asher2007world,features,feature,map_034,Map 34 Irian Jaya [154],3181
3080,Kweso,,,,kwes1246,2007,asher2007world,features,feature,map_087,Map 87 Northern Congo and Southern Central African Republic [51],3182
3081,Kwesten,,,,kwes1245,2007,asher2007world,features,feature,map_034,Map 34 Irian Jaya [148],3183
3083,Kwezo,,,,kwes1244,2007,asher2007world,features,feature,map_081,Map 81 Democratic Republic of Congo: Kasai [66],3185
3085,"Kwikateko, Cuicateco",,,,cuic1234,traditional,asher2007world,features,feature,map_010,Map 10 Meso-America: Time of Contact [50],3187
3087,"Kwitlateko, Cuitlateco",,,,cuit1236,traditional,asher2007world,features,feature,map_010,Map 10 Meso-America: Time of Contact [60],3189
3088,Kwo/Meru,,,,chag1248,2007,asher2007world,features,feature,map_086,Map 86 Central East Africa [5],3190
3089,"Kwoma (Kuome, Washkuk)",,,,kwom1262,2007,asher2007world,features,feature,map_033,Map 33 Northern Papua New Guinea [287],3191
3090,Kwomtari,,,,nucl1593,2007,asher2007world,features,feature,map_033,Map 33 Northern Papua New Guinea [210],3192
3091,Kxoe,,,,kxoe1243,2007,asher2007world,features,feature,map_074,Map 74 Southern Africa [55],3193
3092,Kyibaku (Cibak),,,,ciba1236,2007,asher2007world,features,feature,map_094,Map 94 Northern Cameroon [10],3194
3093,Kyrgyz (Kirghiz),,,,kirg1245,2007,asher2007world,features,feature,map_045 map_057,Map 45 China and Mongolia [39]; Map 57 Central Asia [17],3195
3094,Kâte,,,,kate1253,2007,asher2007world,features,feature,map_032,Map 32 Southern Papua New Guinea [32],3196
3095,Kök Nur (Khökh Nuur),,,,kalm1243,2007,asher2007world,features,feature,map_045,Map 45 China and Mongolia [25],3197
3096,La(A)Di,,,,laad1236,2007,asher2007world,features,feature,map_083,Map 83 Democratic Republic of Congo: Bas Congo and Southern Congo [12],3198
3097,Labi (Secret Language),,,,labi1244,2007,asher2007world,features,feature,map_090,"Map 90 Central African Republic, South-Western Chad and Cameroon [9a]",3199
3098,Labu,,,,labu1248,2007,asher2007world,features,feature,map_032,Map 32 Southern Papua New Guinea [200],3200
3099,Lachi,,,,lach1248,2007,asher2007world,features,feature,map_047,"Map 47 Northern Thailand, Laos and Vietnam [7]",3201
3100,Ladakhi,,,,lada1244,2007,asher2007world,features,feature,map_054,Map 54 North-West India [1],3202
3101,Ladin,,,,ladi1250,2007,asher2007world,features,feature,map_065 map_067,"Map 65 Germany, Austria, Liechtenstein and Switzerland [11]; Map 67 Italy, Corsica, Sardinia, Sicily and Malta [7]",3203
3102,Lae,,,,arib1241,2007,asher2007world,features,feature,map_032,Map 32 Southern Papua New Guinea [198],3204
3103,Laeko-Libuat,,,,laek1243,2007,asher2007world,features,feature,map_033,Map 33 Northern Papua New Guinea [246],3205
3104,Laemae [Bai],,,,baic1239,2007,asher2007world,features,feature,map_046,"Map 46 Yunnan Province, China [33]",3206
3105,Laganyan,,,,lege1241,2007,asher2007world,features,feature,map_034 map_037,Map 34 Irian Jaya [212]; Map 37 The Moluccas [49],3207
3106,Laghu,,,,lagh1246,2007,asher2007world,features,feature,map_029,Map 29 Solomon Islands and Bougainville [30],3208
3107,Laghuu,,,,lagh1245,2007,asher2007world,features,feature,map_047,"Map 47 Northern Thailand, Laos and Vietnam [100]",3209
3108,Laguna,,,,lagu1251,traditional,asher2007world,features,feature,map_003 map_005,Map 3 South-Western North America: Time of Contact [36]; Map 5 The Great Plains: Time of Contact [51],3210 3211
3109,Lagwan,,,,lagw1237,2007,asher2007world,features,feature,map_090 map_094 map_099,"Map 90 Central African Republic, South-Western Chad and Cameroon [70b]; Map 94 Northern Cameroon [56a]; Map 99 Lake Chad Region [10]",3212
3110,Laha,,,,laha1250,2007,asher2007world,features,feature,map_047,"Map 47 Northern Thailand, Laos and Vietnam [5]",3213
3111,Lahanan,,,,laha1253,2007,asher2007world,features,feature,map_041,Map 41 Borneo and Madagascar [34],3214
3112,Lahu,,,,lahu1253,2007,asher2007world,features,feature,map_047 map_049,"Map 47 Northern Thailand, Laos and Vietnam [87]; Map 49 Burma (Myanmar) [66]",3215
3113,Lahu [Lahu],,,,lahu1253,2007,asher2007world,features,feature,map_046,"Map 46 Yunnan Province, China [62]",3216
3114,Laimón,,,,coch1272,traditional,asher2007world,features,feature,map_003,Map 3 South-Western North America: Time of Contact [60],3217
3115,Laizo,,,,laiz1241,2007,asher2007world,features,feature,map_051,"Map 51 North-East India, Bangladesh, Bhutan and Nepal [147]",3218
3116,Laji,,,,gela1265,2007,asher2007world,features,feature,map_045,Map 45 China and Mongolia [76],3219
3117,Lajia,,,,lakk1238,2007,asher2007world,features,feature,map_045,Map 45 China and Mongolia [62],3220
3118,Lak,,,,lakk1252,2007,asher2007world,features,feature,map_059,Map 59 The Caucasus [37],3221
3119,Laka,,,,laka1254,2007,asher2007world,features,feature,map_090 map_091,"Map 90 Central African Republic, South-Western Chad and Cameroon [41a]; Map 91 Adamawa Region [32]",3222
3120,Laka,,,,laka1252,2007,asher2007world,features,feature,map_091 map_098,Map 91 Adamawa Region [32]; Map 98 North-Eastern Nigeria [38],3223
3121,Laka-Kaba,,,,kaba1293,2007,asher2007world,features,feature,map_090,"Map 90 Central African Republic, South-Western Chad and Cameroon [41b]",3224
3122,Laka-Mbum,,,,,2007,asher2007world,features,feature,map_090,"Map 90 Central African Republic, South-Western Chad and Cameroon [10]",3225
3123,Lakalei,,,,laka1255,2007,asher2007world,features,feature,map_038,Map 38 Lesser Sunda Islands and Timor [44],3226
3125,Lake Miwok,,,,lake1258,traditional,asher2007world,features,feature,map_004,Map 4 California: Time of Contact [59],3228
3126,Lakona,,,,lako1245,2007,asher2007world,features,feature,map_027,Map 27 Vanuatu and New Caledonia [14],3229
3127,Lakota,,,,lako1244,2007,asher2007world,features,feature,map_105,Map 105 Ivory Coast [23a],3230
3128,Lala,,,,lala1268,2007,asher2007world,features,feature,map_032,Map 32 Southern Papua New Guinea [232],3231
3129,Lala,,,,lala1265,2007,asher2007world,features,feature,map_077,Map 77 Zambia [35],3232
3130,Lalaki,,,,tola1247,2007,asher2007world,features,feature,map_039,Map 39 Sulawesi [38],3233
3131,Lali,,,,teke1277,2007,asher2007world,features,feature,map_083,Map 83 Democratic Republic of Congo: Bas Congo and Southern Congo [28c],3234
3132,Lalo [Yi],,,,lalo1240,2007,asher2007world,features,feature,map_046,"Map 46 Yunnan Province, China [69]",3235
3133,Lalung,,,,tiwa1253,2007,asher2007world,features,feature,map_051,"Map 51 North-East India, Bangladesh, Bhutan and Nepal [111]",3236
3135,Lamaholot,,,,lama1277,2007,asher2007world,features,feature,map_038,Map 38 Lesser Sunda Islands and Timor [33],3238
3136,Lamang North,,,,nort3048,2007,asher2007world,features,feature,map_094,Map 94 Northern Cameroon [25a],3239
3137,Lamang South,,,,cent2190,2007,asher2007world,features,feature,map_094,Map 94 Northern Cameroon [25b],3240
3138,Lamba,,,,lama1275,2007,asher2007world,features,feature,map_102 map_103 map_104,Map 102 Benin and Togo [45]; Map 103 Ghana [66]; Map 104 Burkina Faso [46],3241
3139,Lamba,,,,lamb1271,2007,asher2007world,features,feature,map_077,Map 77 Zambia [40],3242
3140,Lambaya,,,,lamb1273,2007,asher2007world,features,feature,map_038,Map 38 Lesser Sunda Islands and Timor [7],3243
3142,Lambia,,,,lamb1272,2007,asher2007world,features,feature,map_075 map_076 map_077,Map 75 Mozambique [41]; Map 76 Southern Tanzania [66]; Map 77 Zambia [44],3245
3143,Lame,,,,lame1268,2007,asher2007world,features,feature,map_090,"Map 90 Central African Republic, South-Western Chad and Cameroon [61a]",3246
3144,Lame,,,,lame1257,2007,asher2007world,features,feature,map_097,"Map 97 North Plateau, Nigeria [52]",3247
3145,Lamet,,,,lame1256,2007,asher2007world,features,feature,map_047,"Map 47 Northern Thailand, Laos and Vietnam [35]",3248
3147,Lamja,,,,lamj1246,2007,asher2007world,features,feature,map_091 map_098,Map 91 Adamawa Region [46]; Map 98 North-Eastern Nigeria [52],3250
3148,Lamma,,,,lamm1241,2007,asher2007world,features,feature,map_038,Map 38 Lesser Sunda Islands and Timor [81],3251
3149,Lamnso',,,,lamn1239,2007,asher2007world,features,feature,map_093 map_095,Map 93 Central South-Western Cameroon [41]; Map 95 South-Eastern Nigeria and Mid-Western Cameroon [43],3252
3150,Lamogai,,,,lamo1244,2007,asher2007world,features,feature,map_030,Map 30 New Britain and New Ireland [35],3253
3151,Lampung,,,,lamp1241,2007,asher2007world,features,feature,map_043,Map 43 Sumatra [17],3254
3152,Lamu [Lahu],,,,lamu1257,2007,asher2007world,features,feature,map_046,"Map 46 Yunnan Province, China [65]",3255
3153,Landuma,,,,land1256,2007,asher2007world,features,feature,map_107,Map 107 Guinea and Mali [14],3256
3154,Lang',,,,ghom1247,2007,asher2007world,features,feature,map_093,Map 93 Central South-Western Cameroon [62a],3257
3155,Lang'e [Yi],,,,talu1238,2007,asher2007world,features,feature,map_046,"Map 46 Yunnan Province, China [78]",3258
3156,Langa,,,,mitu1241,2007,asher2007world,features,feature,map_080 map_081,Map 80 Democratic Republic of Congo: Kivu [8]; Map 81 Democratic Republic of Congo: Kasai [44],3259
3157,Langalanga,,,,wala1266,2007,asher2007world,features,feature,map_029,Map 29 Solomon Islands and Bougainville [47],3260
3158,Langam,,,,lang1328,2007,asher2007world,features,feature,map_033,Map 33 Northern Papua New Guinea [319],3261
3159,Langbasi,,,,,2007,asher2007world,features,feature,map_079 map_082 map_089,Map 79 Democratic Republic of Congo: Orienta [56a]; Map 82 Democratic Republic of Congo: Equate [61]; Map 89 Central African Republic and South-Eastern Chad [14],3262
3160,Lango,,,,lang1324,2007,asher2007world,features,feature,map_072 map_086,Map 72 Sudan and the Horn of Africa [171]; Map 86 Central East Africa [63],3263
3161,Langrong / Rangkhol / Hallam,,,,hran1239,2007,asher2007world,features,feature,map_051,"Map 51 North-East India, Bangladesh, Bhutan and Nepal [138]",3264
3162,Langtang,,,,west2411,2007,asher2007world,features,feature,map_051,"Map 51 North-East India, Bangladesh, Bhutan and Nepal [27]",3265
3163,Lanoh,,,,lano1248,2007,asher2007world,features,feature,map_044,Map 44 West Malaysia and Singapore [7],3266
3164,Lao,,,,laoo1244,2007,asher2007world,features,feature,map_047 map_048,"Map 47 Northern Thailand, Laos and Vietnam [24]; Map 48 Southern Thailand, Laos and Vietnam, and Cambodia [17]",3267 3268 3269
3165,Laomian,,,,laom1237,2007,asher2007world,features,feature,map_049,Map 49 Burma (Myanmar) [69],3270
3166,Laomian [Lahu],,,,laom1237,2007,asher2007world,features,feature,map_046,"Map 46 Yunnan Province, China [98]",3271
3167,Lapachu,,,,apol1242,traditional,asher2007world,features,feature,map_020,Map 20 Central Pacific Coast: Time of Contact [125],3272
3168,Lapuyan Subanun,,,,lapu1236,2007,asher2007world,features,feature,map_040,Map 40 The Philippines [94],3273
3169,Lara',,,,rara1235,2007,asher2007world,features,feature,map_041,Map 41 Borneo and Madagascar [17],3274
3172,Larevat,,,,lare1249,2007,asher2007world,features,feature,map_027,Map 27 Vanuatu and New Caledonia [83],3277
3173,Larike-Wakasihu,,,,lari1255,2007,asher2007world,features,feature,map_037,Map 37 The Moluccas [4],3278
3174,Larteh,,,,lart1238,2007,asher2007world,features,feature,map_102 map_103,Map 102 Benin and Togo [25]; Map 103 Ghana [17],3279
3175,Laru,,,,laru1238,2007,asher2007world,features,feature,map_101 map_102,Map 101 South-Western Nigeria [35]; Map 102 Benin and Togo [39b],3280
3176,Lashi,,,,lash1243,2007,asher2007world,features,feature,map_049,Map 49 Burma (Myanmar) [62],3281
3177,Lashi (Achik) [Jingpo],,,,lash1243,2007,asher2007world,features,feature,map_046,"Map 46 Yunnan Province, China [41]",3282
3178,Latvian,,,,latv1249,2007,asher2007world,features,feature,map_058 map_062,"Map 58 Western Russia, the Baltic States, Belarus, Ukraine and Moldova [8]; Map 62 Poland, the Czech Republic and Slovakia [8]",3283
3179,Lau,,,,lauu1247,2007,asher2007world,features,feature,map_029,Map 29 Solomon Islands and Bougainville [44],3284
3180,Laua (Labu),,,,laua1245,2007,asher2007world,features,feature,map_031,Map 31 South-Eastern Papua New Guinea [66],3285
3181,Laurentian,,,,laur1250,traditional,asher2007world,features,feature,map_001 map_007,Map 1 East Coast and Great Lakes: Time of Contact [35]; Map 7 Northern North America: Time of Contact [81],3286 3287
3182,Lavatbura-Lamusong,,,,lava1239,2007,asher2007world,features,feature,map_030,Map 30 New Britain and New Ireland [61],3288
3183,Lavongai,,,,tung1290,2007,asher2007world,features,feature,map_030,Map 30 New Britain and New Ireland [67],3289
3184,Lavua,,,,lawa1256,2007,asher2007world,features,feature,map_047,"Map 47 Northern Thailand, Laos and Vietnam [31]",3290
3185,Lavukaleve,,,,lavu1241,2007,asher2007world,features,feature,map_029,Map 29 Solomon Islands and Bougainville [82],3291
3186,Layolo,,,,laiy1246,2007,asher2007world,features,feature,map_039,Map 39 Sulawesi [59],3292
3187,Laz,,,,lazz1240,2007,asher2007world,features,feature,map_059 map_060,Map 59 The Caucasus [51]; Map 60 Turkey [8],3293
3188,Lefa',,,,lefa1242,2007,asher2007world,features,feature,map_093,Map 93 Central South-Western Cameroon [78],3294
3189,Lega,,,,lega1253,2007,asher2007world,features,feature,map_080,Map 80 Democratic Republic of Congo: Kivu [14],3295
3190,Lehali,,,,leha1243,2007,asher2007world,features,feature,map_027,Map 27 Vanuatu and New Caledonia [3],3296
3191,Lehalurup,,,,leha1244,2007,asher2007world,features,feature,map_027,Map 27 Vanuatu and New Caledonia [4],3297
3192,Lehar,,,,leha1242,2007,asher2007world,features,feature,map_108,"Map 108 Senegal, Gambia and Guinea Bissau [4]",3298
3193,Leke,,,,bwam1249,2007,asher2007world,features,feature,map_087,Map 87 Northern Congo and Southern Central African Republic [33],3299
3194,Leko,,,,leco1242,traditional,asher2007world,features,feature,map_020,Map 20 Central Pacific Coast: Time of Contact [201],3300
3196,Lekongo,,,,nkon1247,2007,asher2007world,features,feature,map_093,Map 93 Central South-Western Cameroon [88a],3302
3197,Leku,,,,boba1249,2007,asher2007world,features,feature,map_082 map_087,Map 82 Democratic Republic of Congo: Equate [2]; Map 87 Northern Congo and Southern Central African Republic [9],3303
3198,Lela,,,,clel1238,2007,asher2007world,features,feature,map_100 map_102,Map 100 Northern Nigeria and Niger [26]; Map 102 Benin and Togo [40],3304
3199,Lelak,,,,lela1246,2007,asher2007world,features,feature,map_041,Map 41 Borneo and Madagascar [37],3305
3200,Lelau,,,,leel1242,2007,asher2007world,features,feature,map_098,Map 98 North-Eastern Nigeria [21],3306
3201,Lele,,,,lele1266,2007,asher2007world,features,feature,map_106,Map 106 Liberia and Sierra Leone [19a],3307
3202,Lele,,,,lele1265,2007,asher2007world,features,feature,map_081,Map 81 Democratic Republic of Congo: Kasai [55],3308
3203,Lele,,,,lele1276,2007,asher2007world,features,feature,map_090,"Map 90 Central African Republic, South-Western Chad and Cameroon [54]",3309
3204,Lelemi (Bwem),,,,lele1264,2007,asher2007world,features,feature,map_102 map_103,Map 102 Benin and Togo [8]; Map 103 Ghana [23],3310
3205,Lembena,,,,lemb1266,2007,asher2007world,features,feature,map_033,Map 33 Northern Papua New Guinea [163],3311
3206,Lemio,,,,lemi1243,2007,asher2007world,features,feature,map_033,Map 33 Northern Papua New Guinea [29],3312
3207,Lemoro,,,,lemo1242,2007,asher2007world,features,feature,map_097,"Map 97 North Plateau, Nigeria [26]",3313
3208,Lenakel,,,,lena1238,2007,asher2007world,features,feature,map_027,Map 27 Vanuatu and New Caledonia [106],3314
3209,Lendamboi,,,,lete1241,2007,asher2007world,features,feature,map_027,Map 27 Vanuatu and New Caledonia [61],3315
3210,Lendo,,,,lomo1242,2007,asher2007world,features,feature,map_081,Map 81 Democratic Republic of Congo: Kasai [1l],3316
3211,Lendu (Kebu),,,,lend1245,2007,asher2007world,features,feature,map_079,Map 79 Democratic Republic of Congo: Orienta [60],3317
3212,Lenge,,,,lomo1242,2007,asher2007world,features,feature,map_082,Map 82 Democratic Republic of Congo: Equate [28a],3318
3213,Lenge,,,,cile1234,2007,asher2007world,features,feature,map_084,Map 84 Angola [29a],3319
3214,Lenge,,,,mole1238,2007,asher2007world,features,feature,map_088,Map 88 Gabon and Equatorial Guinea [36],3320
3215,Lengilu,,,,leng1260,2007,asher2007world,features,feature,map_041,Map 41 Borneo and Madagascar [79],3321
3216,Lengo,,,,leng1259,2007,asher2007world,features,feature,map_029,Map 29 Solomon Islands and Bougainville [38],3322
3217,Lengola,,,,leng1258,2007,asher2007world,features,feature,map_079 map_080 map_081,Map 79 Democratic Republic of Congo: Orienta [23b]; Map 80 Democratic Republic of Congo: Kivu [5]; Map 81 Democratic Republic of Congo: Kasai [40],3323
3218,Lenje,,,,lenj1248,2007,asher2007world,features,feature,map_077,Map 77 Zambia [28],3324
3219,"Lenka Proper, Lenca Proper",,,,lenc1242,traditional,asher2007world,features,feature,map_010,Map 10 Meso-America: Time of Contact [63c],3325
3220,Lenkau,,,,lenk1247,2007,asher2007world,features,feature,map_030,Map 30 New Britain and New Ireland [26],3326
3221,Lepcha,,,,lepc1244,2007,asher2007world,features,feature,map_051,"Map 51 North-East India, Bangladesh, Bhutan and Nepal [88]",3327
3222,Lese,,,,lese1243,2007,asher2007world,features,feature,map_079,Map 79 Democratic Republic of Congo: Orienta [63a],3328
3223,Leti,,,,leti1244,2007,asher2007world,features,feature,map_092 map_093,Map 92 South-Western Cameroon [9]; Map 93 Central South-Western Cameroon [71],3329
3224,Letri Lgona,,,,luan1263,2007,asher2007world,features,feature,map_038,Map 38 Lesser Sunda Islands and Timor [48],3330
3225,Letzeburgesch,,,,luxe1241,2007,asher2007world,features,feature,map_065 map_069,"Map 65 Germany, Austria, Liechtenstein and Switzerland [1a]; Map 69 France, Belgium, the Netherlands and Luxembourg [8a]",3331
3226,Levei-Tulu,,,,leve1237,2007,asher2007world,features,feature,map_030,Map 30 New Britain and New Ireland [10],3332
3227,Lewada-Dewara,,,,maka1315,2007,asher2007world,features,feature,map_032,Map 32 Southern Papua New Guinea [166],3333
3228,Lewo,,,,lewo1242,2007,asher2007world,features,feature,map_027,Map 27 Vanuatu and New Caledonia [93],3334
3229,Leya,,,,leya1238,2007,asher2007world,features,feature,map_074 map_077,Map 74 Southern Africa [27]; Map 77 Zambia [24b],3335
3230,Lezgian,,,,lezg1247,2007,asher2007world,features,feature,map_059,Map 59 The Caucasus [39],3336
3232,Lhokpu,,,,lhok1238,2007,asher2007world,features,feature,map_051,"Map 51 North-East India, Bangladesh, Bhutan and Nepal [44]",3338
3233,Lhomi,,,,lhom1239,2007,asher2007world,features,feature,map_051,"Map 51 North-East India, Bangladesh, Bhutan and Nepal [25]",3339
3234,Lhota,,,,loth1237,2007,asher2007world,features,feature,map_051,"Map 51 North-East India, Bangladesh, Bhutan and Nepal [127]",3340
3235,Li,,,,hlai1239,2007,asher2007world,features,feature,map_045,Map 45 China and Mongolia [61],3341
3236,Li-Tamare,,,,dita1238,2007,asher2007world,features,feature,map_102,Map 102 Benin and Togo [71],3342
3237,Liberian Settler English,,,,libe1240,2007,asher2007world,features,feature,map_106,Map 106 Liberia and Sierra Leone [33],3343
3238,Libido,,,,libi1250,2007,asher2007world,features,feature,map_072,Map 72 Sudan and the Horn of Africa [64],3344
3239,Libo,,,,kaan1247,2007,asher2007world,features,feature,map_098,Map 98 North-Eastern Nigeria [10],3345
3240,Libyan Bedouin Dialects,,,,liby1240,2007,asher2007world,features,feature,map_071 map_072,Map 71 North-East Africa [39]; Map 72 Sudan and the Horn of Africa [111],3346
3241,Lifonga,,,,bamw1238,2007,asher2007world,features,feature,map_082,Map 82 Democratic Republic of Congo: Equate [21],3347
3242,Ligbi,,,,ligb1244,2007,asher2007world,features,feature,map_104 map_105,Map 104 Burkina Faso [83]; Map 105 Ivory Coast [70],3348
3243,Ligri,,,,ligr1238,2007,asher2007world,features,feature,map_098,Map 98 North-Eastern Nigeria [40],3349
3244,Lihir,,,,lihi1237,2007,asher2007world,features,feature,map_030,Map 30 New Britain and New Ireland [66],3350
3245,Likile,,,,,2007,asher2007world,features,feature,map_079,Map 79 Democratic Republic of Congo: Orienta [24],3351
3246,Liko,,,,lika1243,2007,asher2007world,features,feature,map_079,Map 79 Democratic Republic of Congo: Orienta [22],3352
3247,Likoka,,,,bomb1262,2007,asher2007world,features,feature,map_082,Map 82 Democratic Republic of Congo: Equate [25],3353
3248,Likum,,,,liku1243,2007,asher2007world,features,feature,map_030,Map 30 New Britain and New Ireland [11],3354
3249,Likungu,,,,ngom1268,2007,asher2007world,features,feature,map_082,Map 82 Democratic Republic of Congo: Equate [34a],3355
3250,Lilau (Ngaimbom),,,,lila1246,2007,asher2007world,features,feature,map_033,Map 33 Northern Papua New Guinea [269],3356
3251,Lillooet,,,,lill1248,traditional,asher2007world,features,feature,map_006,Map 6 North-Western Pacific America: Time of Contact [28],3357
3253,Lima,,,,lima1247,2007,asher2007world,features,feature,map_077,Map 77 Zambia [41],3359
3254,Limba,,,,limb1267,2007,asher2007world,features,feature,map_106 map_107,Map 106 Liberia and Sierra Leone [1]; Map 107 Guinea and Mali [16],3360
3255,Limbu,,,,limb1266,2007,asher2007world,features,feature,map_051,"Map 51 North-East India, Bangladesh, Bhutan and Nepal [55]",3361
3256,Limbum,,,,limb1268,2007,asher2007world,features,feature,map_095,Map 95 South-Eastern Nigeria and Mid-Western Cameroon [45],3362
3257,Limi,,,,,2007,asher2007world,features,feature,map_080,Map 80 Democratic Republic of Congo: Kivu [24],3363
3259,Linda,,,,lind1246,2007,asher2007world,features,feature,map_089,Map 89 Central African Republic and South-Eastern Chad [32],3365
3260,Lindrou,,,,nyin1250,2007,asher2007world,features,feature,map_030,Map 30 New Britain and New Ireland [7],3366
3261,Lindu,,,,lind1248,2007,asher2007world,features,feature,map_039,Map 39 Sulawesi [30],3367
3262,Lingala,,,,nort3345,2007,asher2007world,features,feature,map_082 map_087,Map 82 Democratic Republic of Congo: Equate [11]; Map 87 Northern Congo and Southern Central African Republic [4],3368
3263,Lingkabau,,,,ling1266,2007,asher2007world,features,feature,map_041,Map 41 Borneo and Madagascar [109],3369
3265,Lino,,,,,2007,asher2007world,features,feature,map_087,Map 87 Northern Congo and Southern Central African Republic [52],3371
3266,Liombo,,,,lomb1260,2007,asher2007world,features,feature,map_079,Map 79 Democratic Republic of Congo: Orienta [37a],3372
3267,Lionje,,,,mong1338,2007,asher2007world,features,feature,map_079 map_080 map_081 map_082,Map 79 Democratic Republic of Congo: Orienta [41b]; Map 80 Democratic Republic of Congo: Kivu [4i]; Map 81 Democratic Republic of Congo: Kasai [1w]; Map 82 Democratic Republic of Congo: Equate [42a],3373
3268,Lipan,,,,lipa1241,traditional,asher2007world,features,feature,map_003,Map 3 South-Western North America: Time of Contact [5],3374
3269,"Lipo [Lisu, Yi]",,,,lipo1242,2007,asher2007world,features,feature,map_046,"Map 46 Yunnan Province, China [66]",3375
3270,Liptako Ful,,,,lipt1238,2007,asher2007world,features,feature,map_102 map_104,Map 102 Benin and Togo [L]; Map 104 Burkina Faso [L],3376
3271,Lisabata-Noniali,,,,lisa1239,2007,asher2007world,features,feature,map_037,Map 37 The Moluccas [20],3377
3272,Lisu,,,,lisu1250,2007,asher2007world,features,feature,map_045 map_047 map_048 map_049 map_051,"Map 45 China and Mongolia [101]; Map 47 Northern Thailand, Laos and Vietnam [86]; Map 48 Southern Thailand, Laos and Vietnam, and Cambodia [79]; Map 49 Burma (Myanmar) [65]; Map 51 North-East India, Bangladesh, Bhutan and Nepal [155]",3378 3379 3380 3381
3273,Lisu [Lisu],,,,lisu1250,2007,asher2007world,features,feature,map_046,"Map 46 Yunnan Province, China [64]",3382
3274,Lithuanian,,,,lith1251,2007,asher2007world,features,feature,map_058 map_062,"Map 58 Western Russia, the Baltic States, Belarus, Ukraine and Moldova [7]; Map 62 Poland, the Czech Republic and Slovakia [7]",3383
3275,Liude [Yi],,,,talu1238,2007,asher2007world,features,feature,map_046,"Map 46 Yunnan Province, China [77]",3384
3276,Lo,,,,lowa1242,2007,asher2007world,features,feature,map_051,"Map 51 North-East India, Bangladesh, Bhutan and Nepal [17]",3385
3277,Lo(O),,,,looo1238,2007,asher2007world,features,feature,map_098,Map 98 North-Eastern Nigeria [17],3386
3278,Lobir(I),,,,lobi1245,2007,asher2007world,features,feature,map_103 map_104 map_105,Map 103 Ghana [76]; Map 104 Burkina Faso [62a]; Map 105 Ivory Coast [44],3387
3279,Lobo,,,,loba1239,2007,asher2007world,features,feature,map_082 map_087,Map 82 Democratic Republic of Congo: Equate [12]; Map 87 Northern Congo and Southern Central African Republic [15],3388
3280,Lobola,,,,loba1239,2007,asher2007world,features,feature,map_082,Map 82 Democratic Republic of Congo: Equate [24],3389
3281,Lobu,,,,lobu1241,2007,asher2007world,features,feature,map_041,Map 41 Borneo and Madagascar [113],3390
3282,Lodiya,,,,lodi1234,2007,asher2007world,features,feature,map_080,Map 80 Democratic Republic of Congo: Kivu [71a],3391
3283,Loghon,,,,teen1242,2007,asher2007world,features,feature,map_105,Map 105 Ivory Coast [52],3392
3284,Logo,,,,logo1259,2007,asher2007world,features,feature,map_079,Map 79 Democratic Republic of Congo: Orienta [65e],3393
3285,Loh,,,,loto1240,2007,asher2007world,features,feature,map_027,Map 27 Vanuatu and New Caledonia [2],3394
3286,Lohiki,,,,akoy1238,2007,asher2007world,features,feature,map_032,Map 32 Southern Papua New Guinea [119],3395
3287,Lohorong,,,,nort2727,2007,asher2007world,features,feature,map_051,"Map 51 North-East India, Bangladesh, Bhutan and Nepal [75]",3396
3288,Loi,,,,,2007,asher2007world,features,feature,map_047 map_049,"Map 47 Northern Thailand, Laos and Vietnam [30]; Map 49 Burma (Myanmar) [9]",3397
3289,Loko,,,,glio1241,2007,asher2007world,features,feature,map_105,Map 105 Ivory Coast [29],3398
3290,Loko,,,,loko1255,2007,asher2007world,features,feature,map_106 map_107,Map 106 Liberia and Sierra Leone [29]; Map 107 Guinea and Mali [24],3399
3291,Lokoli,,,,nkuk1238,2007,asher2007world,features,feature,map_093 map_095,Map 93 Central South-Western Cameroon [13b]; Map 95 South-Eastern Nigeria and Mid-Western Cameroon [76b],3400
3292,Lol(Ngiri),,,,loii1242,2007,asher2007world,features,feature,map_087,Map 87 Northern Congo and Southern Central African Republic [3],3401
3293,Lolo [Yi],,,,lolo1259,2007,asher2007world,features,feature,map_046,"Map 46 Yunnan Province, China [68]",3402
3294,Loloda,,,,lolo1264,2007,asher2007world,features,feature,map_037,Map 37 The Moluccas [61],3403
3295,Lolue,,,,lolu1238,2007,asher2007world,features,feature,map_093,Map 93 Central South-Western Cameroon [83d],3404
3296,Lom,,,,bang1365,2007,asher2007world,features,feature,map_043,Map 43 Sumatra [18],3405
3297,Loma,,,,loma1260,2007,asher2007world,features,feature,map_106,"Map 106 Liberia and Sierra Leone [26, L]",3406
3298,Lombe,,,,bank1256,2007,asher2007world,features,feature,map_092 map_093,Map 92 South-Western Cameroon [38]; Map 93 Central South-Western Cameroon [96],3407
3299,Lombi,,,,lomb1254,2007,asher2007world,features,feature,map_079 map_080,Map 79 Democratic Republic of Congo: Orienta [62]; Map 80 Democratic Republic of Congo: Kivu [76],3408
3300,Lombo,,,,lomb1260,2007,asher2007world,features,feature,map_079,Map 79 Democratic Republic of Congo: Orienta [39],3409
3301,Lomoto,,,,poke1238,2007,asher2007world,features,feature,map_079,Map 79 Democratic Republic of Congo: Orienta [37b],3410
3302,Lomotwa,,,,kaon1241,2007,asher2007world,features,feature,map_077 map_078,Map 77 Zambia [52]; Map 78 Democratic Republic of Congo: Katang [8],3411
3303,Lomwe,,,,lomw1241,2007,asher2007world,features,feature,map_075,Map 75 Mozambique [18],3412
3304,Longa,,,,amar1272,2007,asher2007world,features,feature,map_030,Map 30 New Britain and New Ireland [40],3413
3305,Longgu,,,,long1395,2007,asher2007world,features,feature,map_029,Map 29 Solomon Islands and Bougainville [43],3414
3306,Longo,,,,long1393,2007,asher2007world,features,feature,map_081,Map 81 Democratic Republic of Congo: Kasai [1m],3415
3307,Longto,,,,long1387,2007,asher2007world,features,feature,map_091,Map 91 Adamawa Region [7],3416
3308,Longuda,,,,long1389,2007,asher2007world,features,feature,map_091 map_098,Map 91 Adamawa Region [21]; Map 98 North-Eastern Nigeria [11],3417
3309,Loniu,,,,loni1238,2007,asher2007world,features,feature,map_030,Map 30 New Britain and New Ireland [13],3418
3310,Lonwolwol,,,,lonw1238,2007,asher2007world,features,feature,map_027,Map 27 Vanuatu and New Caledonia [56],3419
3311,Lonzo,,,,lonz1238,2007,asher2007world,features,feature,map_081 map_083,Map 81 Democratic Republic of Congo: Kasai [57]; Map 83 Democratic Republic of Congo: Bas Congo and Southern Congo [17],3420
3312,Looliya,,,,loof1241,2007,asher2007world,features,feature,map_098,Map 98 North-Eastern Nigeria [8],3421
3313,Lopa,,,,lopa1238,2007,asher2007world,features,feature,map_100 map_101 map_102,Map 100 Northern Nigeria and Niger [25]; Map 101 South-Western Nigeria [36]; Map 102 Benin and Togo [39a],3422
3314,Lorediakarkar,,,,lore1244,2007,asher2007world,features,feature,map_027,Map 27 Vanuatu and New Caledonia [23],3423
3315,Losakanyi,,,,saka1286,2007,asher2007world,features,feature,map_081,Map 81 Democratic Republic of Congo: Kasai [7c],3424
3316,Lotapa,,,,tete1250,2007,asher2007world,features,feature,map_080,Map 80 Democratic Republic of Congo: Kivu [71c],3425
3317,Lotsu-Piri,,,,tsoo1241,2007,asher2007world,features,feature,map_098,Map 98 North-Eastern Nigeria [7],3426
3318,Lotud,,,,lotu1250,2007,asher2007world,features,feature,map_041,Map 41 Borneo and Madagascar [96],3427
3319,Lotuko,,,,otuh1238,2007,asher2007world,features,feature,map_072 map_086,"Map 72 Sudan and the Horn of Africa [161]; Map 86 Central East Africa [68, G]",3428
3320,Lou (Torricelli),,,,torr1259,2007,asher2007world,features,feature,map_033,Map 33 Northern Papua New Guinea [253],3429
3321,Loun,,,,loun1239,2007,asher2007world,features,feature,map_037,Map 37 The Moluccas [22],3430
3322,Loup,,,,loup1243,traditional,asher2007world,features,feature,map_001,Map 1 East Coast and Great Lakes: Time of Contact [26],3431
3323,Low Country Semang,,,,kens1248,2007,asher2007world,features,feature,map_044,Map 44 West Malaysia and Singapore [2],3432
3325,Lower Chehalis,,,,lowe1427,traditional,asher2007world,features,feature,map_006,Map 6 North-Western Pacific America: Time of Contact [36],3434
3326,Lower Chinook,,,,chin1286,traditional,asher2007world,features,feature,map_004,Map 4 California: Time of Contact [5],3435
3327,Lower Morehead (Peremka),,,,kunj1246,2007,asher2007world,features,feature,map_032,Map 32 Southern Papua New Guinea [186],3437
3328,Lower Piman,,,,pima1248,traditional,asher2007world,features,feature,map_003,Map 3 South-Western North America: Time of Contact [24],3438
3329,Lower Tanana,,,,lowe1425,traditional,asher2007world,features,feature,map_007,Map 7 Northern North America: Time of Contact [18],3439
3332,Lozi,,,,lozi1239,2007,asher2007world,features,feature,map_074 map_077,Map 74 Southern Africa [7X]; Map 77 Zambia [59],3442
3333,Lozwa,,,,lozo1238,2007,asher2007world,features,feature,map_105,Map 105 Ivory Coast [23c],3443
3334,Lu(U)Mbu,,,,lumb1249,2007,asher2007world,features,feature,map_083 map_088,Map 83 Democratic Republic of Congo: Bas Congo and Southern Congo [24]; Map 88 Gabon and Equatorial Guinea [12],3444
3335,Luangiua,,,,onto1237,2007,asher2007world,features,feature,map_026 map_029,Map 26 Polynesia [22]; Map 29 Solomon Islands and Bougainville [67],3445
3336,Luano,,,,luan1259,2007,asher2007world,features,feature,map_077,Map 77 Zambia [37],3446
3337,Luba Katanga,,,,luba1250,2007,asher2007world,features,feature,map_078,Map 78 Democratic Republic of Congo: Katang [5],3447
3338,Luba Lulua,,,,luba1249,2007,asher2007world,features,feature,map_081,Map 81 Democratic Republic of Congo: Kasai [73],3448
3339,Luba Shankali,,,,luba1250,2007,asher2007world,features,feature,map_078,Map 78 Democratic Republic of Congo: Katang [15a],3449
3340,Luba-Lulua,,,,luba1249,2007,asher2007world,features,feature,map_078 map_080,Map 78 Democratic Republic of Congo: Katang [13]; Map 80 Democratic Republic of Congo: Kivu [53],3450
3341,Lubila,,,,lubi1238,2007,asher2007world,features,feature,map_093,Map 93 Central South-Western Cameroon [13a],3451
3342,Luchazi,,,,luch1239,2007,asher2007world,features,feature,map_077 map_084,Map 77 Zambia [70]; Map 84 Angola [44],3452 3453
3343,Ludima,,,,kamb1322,2007,asher2007world,features,feature,map_083 map_088,"Map 83 Democratic Republic of Congo: Bas Congo and Southern Congo [14a, 15a]; Map 88 Gabon and Equatorial Guinea [55]",3454
3344,Lue (Ly),,,,luuu1242,2007,asher2007world,features,feature,map_047 map_049,"Map 47 Northern Thailand, Laos and Vietnam [18]; Map 49 Burma (Myanmar) [5]",3455
3345,Luganda,,,,gand1255,2007,asher2007world,features,feature,map_079 map_086,Map 79 Democratic Republic of Congo: Orienta [2]; Map 86 Central East Africa [32],3456
3346,Lugbara,,,,lugb1240,2007,asher2007world,features,feature,map_079 map_086,Map 79 Democratic Republic of Congo: Orienta [65b]; Map 86 Central East Africa [58],3457
3347,Lugoli ((Ma)Ragoli),,,,logo1258,2007,asher2007world,features,feature,map_086,Map 86 Central East Africa [35q],3458
3348,Luguru,,,,lugu1238,2007,asher2007world,features,feature,map_076 map_085,Map 76 Southern Tanzania [11]; Map 85 Kenyan Coast [20],3459
3349,Luhu,,,,luhu1243,2007,asher2007world,features,feature,map_037,Map 37 The Moluccas [6],3460
3350,Luimbi,,,,luim1238,2007,asher2007world,features,feature,map_084,Map 84 Angola [42],3461
3351,Luiseño,,,,luis1254,traditional,asher2007world,features,feature,map_003,Map 3 South-Western North America: Time of Contact [20],3462
3352,Lukep,,,,loke1237,2007,asher2007world,features,feature,map_030 map_033,Map 30 New Britain and New Ireland [33]; Map 33 Northern Papua New Guinea [378],3463
3353,Lule,,,,lule1238,traditional,asher2007world,features,feature,map_020,Map 20 Central Pacific Coast: Time of Contact [273],3464
3354,Lulua,,,,luba1249,2007,asher2007world,features,feature,map_078,Map 78 Democratic Republic of Congo: Katang [13a],3465
3355,Lumbu,,,,,2007,asher2007world,features,feature,map_078 map_080,Map 78 Democratic Republic of Congo: Katang [28]; Map 80 Democratic Republic of Congo: Kivu [60],3466 3467
3356,Lun Daye,,,,lund1272,2007,asher2007world,features,feature,map_041,Map 41 Borneo and Madagascar [77],3468
3357,Luna,,,,luna1244,2007,asher2007world,features,feature,map_078 map_080 map_081,Map 78 Democratic Republic of Congo: Katang [23]; Map 80 Democratic Republic of Congo: Kivu [68]; Map 81 Democratic Republic of Congo: Kasai [70],3469
3358,Lunda(-Ndembu),,,,lund1268,2007,asher2007world,features,feature,map_077,Map 77 Zambia [54],3470
3359,Lunda-Ruund,,,,lund1275,2007,asher2007world,features,feature,map_077 map_084,Map 77 Zambia [55]; Map 84 Angola [24],3471 3472
3360,Lundwe,,,,lund1265,2007,asher2007world,features,feature,map_074 map_077,Map 74 Southern Africa [29]; Map 77 Zambia [30],3473
3361,Lungga,,,,lung1249,2007,asher2007world,features,feature,map_029,Map 29 Solomon Islands and Bougainville [20],3474
3362,Lunggar,,,,,2007,asher2007world,features,feature,map_045,Map 45 China and Mongolia [96g],3475
3363,Lungmi,,,,long1385,2007,asher2007world,features,feature,map_049,Map 49 Burma (Myanmar) [19],3476
3364,Lungu,,,,,2007,asher2007world,features,feature,map_096,"Map 96 South Plateau, Nigeria [16]",3477
3365,Luntu,,,,lunt1238,2007,asher2007world,features,feature,map_078 map_080 map_081,Map 78 Democratic Republic of Congo: Katang [21a]; Map 80 Democratic Republic of Congo: Kivu [70]; Map 81 Democratic Republic of Congo: Kasai [68],3478
3366,Lunu,,,,luba1255,2007,asher2007world,features,feature,map_078 map_080,Map 78 Democratic Republic of Congo: Katang [10]; Map 80 Democratic Republic of Congo: Kivu [57],3479
3367,Lunwinja,,,,lind1247,2007,asher2007world,features,feature,map_080,Map 80 Democratic Republic of Congo: Kivu [46d],3480
3368,Luo,,,,luok1236,2007,asher2007world,features,feature,map_086,Map 86 Central East Africa [66],3481
3369,Luri,,,,nort2645,2007,asher2007world,features,feature,map_070,Map 70 The Middle East and Arabian Peninsula [108],3482
3370,Luri,,,,luri1256,2007,asher2007world,features,feature,map_096 map_097,"Map 96 South Plateau, Nigeria [86]; Map 97 North Plateau, Nigeria [96]",3483
3371,Luri-Bakhtiari,,,,bakh1245,2007,asher2007world,features,feature,map_053,"Map 53 Iran, Afghanistan and Pakistan [4b]",3484
3372,Luri-Feyli,,,,nort2645,2007,asher2007world,features,feature,map_053,"Map 53 Iran, Afghanistan and Pakistan [4a]",3485
3373,Luri-Mamasani,,,,mama1269,2007,asher2007world,features,feature,map_053,"Map 53 Iran, Afghanistan and Pakistan [4c]",3486
3374,Lushootseed,,,,lush1252,traditional,asher2007world,features,feature,map_006,Map 6 North-Western Pacific America: Time of Contact [25],3487
3376,Luunda,,,,luun1238,2007,asher2007world,features,feature,map_077,Map 77 Zambia [4],3489
3377,Luvelu,,,,lobe1242,2007,asher2007world,features,feature,map_074 map_075,Map 74 Southern Africa [5b]; Map 75 Mozambique [50a],3490
3378,Luyana,,,,luya1241,2007,asher2007world,features,feature,map_074 map_077 map_084,Map 74 Southern Africa [35]; Map 77 Zambia [62]; Map 84 Angola [37],3491
3379,Lwel,,,,lwel1234,2007,asher2007world,features,feature,map_081,Map 81 Democratic Republic of Congo: Kasai [32],3492
3380,Lwena (Luvale),,,,luva1239,2007,asher2007world,features,feature,map_077 map_084,Map 77 Zambia [69]; Map 84 Angola [45],3493
3381,Lwo,,,,luwo1239,2007,asher2007world,features,feature,map_072,Map 72 Sudan and the Horn of Africa [156],3494
3382,Lyele,,,,lyel1241,2007,asher2007world,features,feature,map_104,Map 104 Burkina Faso [42],3495
3383,Ma'aza,,,,,2007,asher2007world,features,feature,map_071,Map 71 North-East Africa [12],3496
3384,Ma'da,,,,mada1293,2007,asher2007world,features,feature,map_094,Map 94 Northern Cameroon [34],3497
3385,Ma(A)Sai,,,,masa1300,2007,asher2007world,features,feature,map_076 map_085 map_086,Map 76 Southern Tanzania [71]; Map 85 Kenyan Coast [44]; Map 86 Central East Africa [74],3498 3499
3386,Maasai,,,,masa1300,2007,asher2007world,features,feature,map_072,Map 72 Sudan and the Horn of Africa [169a],3500
3387,Mab,,,,mabi1238,2007,asher2007world,features,feature,map_088,Map 88 Gabon and Equatorial Guinea [38],3501
3388,Maba,,,,maba1278,2007,asher2007world,features,feature,map_037,Map 37 The Moluccas [42],3502
3389,Maba,,,,maba1277,2007,asher2007world,features,feature,map_071 map_072 map_073 map_089,Map 71 North-East Africa [70]; Map 72 Sudan and the Horn of Africa [112]; Map 73 North-West Africa [79]; Map 89 Central African Republic and South-Eastern Chad [63],3503
3390,Mabaan-Jumjum,,,,maba1272,2007,asher2007world,features,feature,map_072,Map 72 Sudan and the Horn of Africa [158],3504
3391,Mabale,,,,maba1270,2007,asher2007world,features,feature,map_082 map_087,Map 82 Democratic Republic of Congo: Equate [10]; Map 87 Northern Congo and Southern Central African Republic [14],3505
3392,Mabas,,,,vemg1240,2007,asher2007world,features,feature,map_094,Map 94 Northern Cameroon [24],3506
3393,Mabi,,,,mabi1238,2007,asher2007world,features,feature,map_092,Map 92 South-Western Cameroon [31a],3507
3394,Mabo-Barkul,,,,boru1244,2007,asher2007world,features,feature,map_096,"Map 96 South Plateau, Nigeria [37]",3508
3395,Macedonian,,,,mace1250,2007,asher2007world,features,feature,map_061 map_066,"Map 61 Hungary, Romania and the Balkans [6]; Map 66 Albania, Greece, Crete and Cyprus [4]",3509
3396,Machame,,,,mach1266,2007,asher2007world,features,feature,map_086,Map 86 Central East Africa [6d],3510
3397,Machinga,,,,mach1265,2007,asher2007world,features,feature,map_076,Map 76 Southern Tanzania [34],3511
3398,Maci [Yi],,,,lolo1259,2007,asher2007world,features,feature,map_046,"Map 46 Yunnan Province, China [80]",3512
3399,Mada,,,,mada1282,2007,asher2007world,features,feature,map_096,"Map 96 South Plateau, Nigeria [19]",3513
3400,Madak,,,,mada1285,2007,asher2007world,features,feature,map_030,Map 30 New Britain and New Ireland [62],3514
3401,Maden,,,,made1253,2007,asher2007world,features,feature,map_034 map_037,Map 34 Irian Jaya [209]; Map 37 The Moluccas [46],3515
3402,Madi,,,,madi1260,2007,asher2007world,features,feature,map_072 map_079 map_086,Map 72 Sudan and the Horn of Africa [175]; Map 79 Democratic Republic of Congo: Orienta [65a]; Map 86 Central East Africa [57],3516
3404,Madik,,,,abun1252,2007,asher2007world,features,feature,map_034,Map 34 Irian Jaya [112],3518
3405,Madimba,,,,suun1239,2007,asher2007world,features,feature,map_083,Map 83 Democratic Republic of Congo: Bas Congo and Southern Congo [9b],3519
3406,Madingu,,,,,2007,asher2007world,features,feature,map_083,Map 83 Democratic Republic of Congo: Bas Congo and Southern Congo [14b],3520
3407,Madurese,,,,nucl1460,2007,asher2007world,features,feature,map_042,Map 42 Java and Bali [3],3521
3408,Maele (Malele),,,,male1283,2007,asher2007world,features,feature,map_079,Map 79 Democratic Republic of Congo: Orienta [61c],3522
3409,Mafa,,,,mafa1239,2007,asher2007world,features,feature,map_094,Map 94 Northern Cameroon [42],3523
3410,Mafia,,,,swah1253,2007,asher2007world,features,feature,map_076,Map 76 Southern Tanzania [1f],3524
3411,Mag-Anchi Ayta,,,,maga1263,2007,asher2007world,features,feature,map_040,Map 40 The Philippines [43],3525
3412,Mag-Indi Ayta,,,,magi1241,2007,asher2007world,features,feature,map_040,Map 40 The Philippines [44],3526
3413,Magahi,,,,maga1260,2007,asher2007world,features,feature,map_051,"Map 51 North-East India, Bangladesh, Bhutan and Nepal [174]",3527
3414,Magar,,,,west2418,2007,asher2007world,features,feature,map_051 map_054,"Map 51 North-East India, Bangladesh, Bhutan and Nepal [50]; Map 54 North-West India [21]",3528 3529
3415,Magi (Mailu),,,,mail1248,2007,asher2007world,features,feature,map_031,Map 31 South-Eastern Papua New Guinea [65],3530
3416,Magindanao,,,,magu1243,2007,asher2007world,features,feature,map_040,Map 40 The Philippines [96],3531
3417,Magori,,,,mago1248,2007,asher2007world,features,feature,map_031,Map 31 South-Eastern Papua New Guinea [37],3532
3418,Maha,,,,maak1236,2007,asher2007world,features,feature,map_100 map_098,Map 100 Northern Nigeria and Niger [5]; Map 98 North-Eastern Nigeria [68],3533
3419,Mahakam Kenyah,,,,main1275,2007,asher2007world,features,feature,map_041,Map 41 Borneo and Madagascar [69],3534
3420,Mahi,,,,maxi1236,2007,asher2007world,features,feature,map_102,Map 102 Benin and Togo [1a],3535
3421,Mahican,,,,mahi1248,traditional,asher2007world,features,feature,map_001,Map 1 East Coast and Great Lakes: Time of Contact [29],3536
3422,Mahongwe,,,,maho1248,2007,asher2007world,features,feature,map_087,Map 87 Northern Congo and Southern Central African Republic [65],3537
3423,Mahwa,,,,mawa1270,2007,asher2007world,features,feature,map_089 map_090,"Map 89 Central African Republic and South-Eastern Chad [82a]; Map 90 Central African Republic, South-Western Chad and Cameroon [58]",3538
3424,Maidu,,,,nort2952,traditional,asher2007world,features,feature,map_004,Map 4 California: Time of Contact [46],3539
3425,Maipure,,,,maip1246,traditional,asher2007world,features,feature,map_012,Map 12 Northern South America: Time of Contact [93],3540
3426,Mairasi,,,,nucl1594,2007,asher2007world,features,feature,map_034,Map 34 Irian Jaya [128],3541
3427,Maisin,,,,mais1250,2007,asher2007world,features,feature,map_031,Map 31 South-Eastern Papua New Guinea [36],3542
3428,Maithili,,,,mait1250,2007,asher2007world,features,feature,map_051,"Map 51 North-East India, Bangladesh, Bhutan and Nepal [173]",3543
3429,Maiwa,,,,maiw1252,2007,asher2007world,features,feature,map_031,Map 31 South-Eastern Papua New Guinea [70],3544
3430,Maiya,,,,indu1241,2007,asher2007world,features,feature,map_053,"Map 53 Iran, Afghanistan and Pakistan [41]",3545
3431,Maja,,,,,2007,asher2007world,features,feature,map_093,Map 93 Central South-Western Cameroon [78c],3546
3432,Majang,,,,maja1242,2007,asher2007world,features,feature,map_072,Map 72 Sudan and the Horn of Africa [122],3547
3433,Majingay (Sar),,,,maji1238,2007,asher2007world,features,feature,map_090,"Map 90 Central African Republic, South-Western Chad and Cameroon [41e]",3548
3434,Majoruna-Matsés,,,,mats1244,traditional,asher2007world,features,feature,map_014,Map 14 Northern Pacific Coast: Time of Contact [237],3549
3436,Mak,,,,makk1244,2007,asher2007world,features,feature,map_045,Map 45 China and Mongolia [66],3551
3437,Makah,,,,maka1318,traditional,asher2007world,features,feature,map_006,Map 6 North-Western Pacific America: Time of Contact [45],3552
3438,Makalero,,,,makl1245,2007,asher2007world,features,feature,map_038,Map 38 Lesser Sunda Islands and Timor [70],3553
3439,Makanya,,,,mank1251,2007,asher2007world,features,feature,map_107,Map 107 Guinea and Mali [5],3554
3440,Makasai,,,,maka1317,2007,asher2007world,features,feature,map_038,Map 38 Lesser Sunda Islands and Timor [69],3555
3441,Makassarese,,,,maka1311,2007,asher2007world,features,feature,map_039,Map 39 Sulawesi [44],3556
3442,Makere,,,,make1250,2007,asher2007world,features,feature,map_079,Map 79 Democratic Republic of Congo: Orienta [61d],3557
3443,Makina,,,,shiw1234,2007,asher2007world,features,feature,map_087 map_088,Map 87 Northern Congo and Southern Central African Republic [59]; Map 88 Gabon and Equatorial Guinea [41],3558
3444,Makiritare,,,,maqu1238,traditional,asher2007world,features,feature,map_012,Map 12 Northern South America: Time of Contact [410],3559
3446,Maklew,,,,makl1246,2007,asher2007world,features,feature,map_034,Map 34 Irian Jaya [170],3561
3447,Makonda,,,,umbu1257,2007,asher2007world,features,feature,map_084,Map 84 Angola [26g],3562
3448,Makonde,,,,mako1251,2007,asher2007world,features,feature,map_075 map_076,Map 75 Mozambique [9]; Map 76 Southern Tanzania [38],3563
3449,Maku,,,,maku1246,traditional,asher2007world,features,feature,map_012,Map 12 Northern South America: Time of Contact [145],3564
3451,Makua,,,,makh1264,2007,asher2007world,features,feature,map_075 map_076,Map 75 Mozambique [16]; Map 76 Southern Tanzania [41],3566
3452,Makuna-Erulia,,,,macu1260,traditional,asher2007world,features,feature,map_012,Map 12 Northern South America: Time of Contact [154],3567
3454,Makunduchi,,,,swah1253,2007,asher2007world,features,feature,map_076 map_085,Map 76 Southern Tanzania [1c]; Map 85 Kenyan Coast [1m],3569
3455,Makurap,,,,maku1278,traditional,asher2007world,features,feature,map_016,Map 16 Western Brazil: Time of Contact [372],3570
3457,Makushí,,,,macu1259,traditional,asher2007world,features,feature,map_012,Map 12 Northern South America: Time of Contact [399],3572
3459,Maká,,,,maca1260,traditional,asher2007world,features,feature,map_020,Map 20 Central Pacific Coast: Time of Contact [259],3574
3461,Mal/ Pray,,,,mall1246,2007,asher2007world,features,feature,map_047,"Map 47 Northern Thailand, Laos and Vietnam [36]",3576
3462,Malaba,,,,mara1389,2007,asher2007world,features,feature,map_075 map_076,Map 75 Mozambique [9a]; Map 76 Southern Tanzania [38a],3577
3463,Malagasy,,,,mala1537,2007,asher2007world,features,feature,map_075,Map 75 Mozambique [52]; NA [115],3578 3579
3464,Malakhel,,,,mala1431,2007,asher2007world,features,feature,map_053,"Map 53 Iran, Afghanistan and Pakistan [24]",3580
3466,Malalulu,,,,mala1474,2007,asher2007world,features,feature,map_085,Map 85 Kenyan Coast [3f],3582
3467,Malalí,,,,mala1432,traditional,asher2007world,features,feature,map_018,Map 18 Brazilian Atlantic Coast: Time of Contact [301],3583
3468,Malamalai (Bonga),,,,mala1489,2007,asher2007world,features,feature,map_033,Map 33 Northern Papua New Guinea [376],3584
3469,Malango,,,,mala1484,2007,asher2007world,features,feature,map_029,Map 29 Solomon Islands and Bougainville [41],3585
3470,Malas,,,,mala1495,2007,asher2007world,features,feature,map_033,Map 33 Northern Papua New Guinea [52],3586
3471,Malasanga,,,,mala1487,2007,asher2007world,features,feature,map_032 map_033,Map 32 Southern Papua New Guinea [225]; Map 33 Northern Papua New Guinea [379],3587
3472,Malaweg,,,,mala1534,2007,asher2007world,features,feature,map_040,Map 40 The Philippines [11],3588
3473,Malay,,,,nucl1806,2007,asher2007world,features,feature,map_037,Map 37 The Moluccas [53],3589
3474,Malayalam,,,,mala1464,2007,asher2007world,features,feature,map_052,Map 52 Southern India and Sri Lanka [31],3590
3475,Male,,,,male1291,2007,asher2007world,features,feature,map_033,Map 33 Northern Papua New Guinea [23],3591
3476,Male,,,,male1284,2007,asher2007world,features,feature,map_072,Map 72 Sudan and the Horn of Africa [81],3592
3477,Maleng,,,,male1282,2007,asher2007world,features,feature,map_047,"Map 47 Northern Thailand, Laos and Vietnam [79]",3593
3478,Maleu,,,,male1290,2007,asher2007world,features,feature,map_030,Map 30 New Britain and New Ireland [51],3594
3480,Malgbe,,,,malg1250,2007,asher2007world,features,feature,map_090 map_099,"Map 90 Central African Republic, South-Western Chad and Cameroon [68]; Map 99 Lake Chad Region [3]",3596
3481,Mali,,,,maii1238,2007,asher2007world,features,feature,map_027,Map 27 Vanuatu and New Caledonia [96],3597
3482,Malila,,,,mali1279,2007,asher2007world,features,feature,map_076 map_077,Map 76 Southern Tanzania [53]; Map 77 Zambia [18],3598
3483,Maliseet-Passamaquoddy,,,,male1292,traditional,asher2007world,features,feature,map_001,Map 1 East Coast and Great Lakes: Time of Contact [21],3599
3484,Malmariv,,,,mere1242,2007,asher2007world,features,feature,map_027,Map 27 Vanuatu and New Caledonia [43],3600
3485,Malo,,,,melo1242,2007,asher2007world,features,feature,map_072,Map 72 Sudan and the Horn of Africa [76],3601
3486,Malta,,,,malt1254,2007,asher2007world,features,feature,map_067 map_073,"Map 67 Italy, Corsica, Sardinia, Sicily and Malta [16a]; Map 73 North-West Africa [29]",3602
3487,Malto,,,,malt1248,2007,asher2007world,features,feature,map_051,"Map 51 North-East India, Bangladesh, Bhutan and Nepal [187]",3603
3488,Malua Bay (Petarmul),,,,malu1245,2007,asher2007world,features,feature,map_027,Map 27 Vanuatu and New Caledonia [91],3604
3489,Malvi,,,,malv1243,2007,asher2007world,features,feature,map_054,Map 54 North-West India [58],3605
3491,Mam,,,,mamm1241,traditional,asher2007world,features,feature,map_010,Map 10 Meso-America: Time of Contact [15],3607
3492,Mama,,,,mama1272,2007,asher2007world,features,feature,map_096,"Map 96 South Plateau, Nigeria [52]",3608
3493,Mamaa,,,,mama1277,2007,asher2007world,features,feature,map_032,Map 32 Southern Papua New Guinea [59],3609
3494,Mamanwa,,,,mama1275,2007,asher2007world,features,feature,map_040,Map 40 The Philippines [84],3610
3495,Mamba,,,,zimb1251,2007,asher2007world,features,feature,map_078 map_080,Map 78 Democratic Republic of Congo: Katang [35b]; Map 80 Democratic Republic of Congo: Kivu [17a],3611
3496,Mambai,,,,mamb1307,2007,asher2007world,features,feature,map_038,Map 38 Lesser Sunda Islands and Timor [41],3612
3498,Mambay,,,,mamb1294,2007,asher2007world,features,feature,map_091 map_094,Map 91 Adamawa Region [33b]; Map 94 Northern Cameroon [2b],3614
3499,Mambila,,,,nige1255,2007,asher2007world,features,feature,map_095,Map 95 South-Eastern Nigeria and Mid-Western Cameroon [62],3615
3500,Mamboru,,,,mamb1305,2007,asher2007world,features,feature,map_038,Map 38 Lesser Sunda Islands and Timor [10],3616
3501,Mambwe,,,,mamb1297,2007,asher2007world,features,feature,map_076 map_077 map_078,Map 76 Southern Tanzania [24]; Map 77 Zambia [73b]; Map 78 Democratic Republic of Congo: Katang [41],3617
3502,Mamenyam,,,,bame1260,2007,asher2007world,features,feature,map_093 map_095,Map 93 Central South-Western Cameroon [49]; Map 95 South-Eastern Nigeria and Mid-Western Cameroon [53],3618
3503,Mampruli,,,,mamp1244,2007,asher2007world,features,feature,map_102 map_103 map_104,Map 102 Benin and Togo [67]; Map 103 Ghana [49]; Map 104 Burkina Faso [24],3619
3504,Mamuju,,,,mamu1255,2007,asher2007world,features,feature,map_039,Map 39 Sulawesi [50],3620
3505,Mamulique,,,,mamu1257,traditional,asher2007world,features,feature,map_003,Map 3 South-Western North America: Time of Contact [79],3621
3506,Mamusi,,,,mamu1254,2007,asher2007world,features,feature,map_030,Map 30 New Britain and New Ireland [48],3622
3507,Manado Malay,,,,mala1481,2007,asher2007world,features,feature,map_039,Map 39 Sulawesi [61],3623
3508,Managalasi,,,,esee1247,2007,asher2007world,features,feature,map_031 map_032,Map 31 South-Eastern Papua New Guinea [52]; Map 32 Southern Papua New Guinea [130],3624
3509,Manam,,,,mana1295,2007,asher2007world,features,feature,map_033,Map 33 Northern Papua New Guinea [397],3625
3510,Manambu,,,,mana1298,2007,asher2007world,features,feature,map_033,Map 33 Northern Papua New Guinea [292],3626
3511,Manang,,,,mana1288,2007,asher2007world,features,feature,map_051,"Map 51 North-East India, Bangladesh, Bhutan and Nepal [7]",3627
3512,Manao,,,,mana1299,traditional,asher2007world,features,feature,map_012,Map 12 Northern South America: Time of Contact [94],3628
3513,Manchu,,,,manc1252,2007,asher2007world,features,feature,map_045,Map 45 China and Mongolia [46],3629
3514,Manda,,,,mand1413,2007,asher2007world,features,feature,map_051,"Map 51 North-East India, Bangladesh, Bhutan and Nepal [195]",3630
3515,Manda,,,,mand1478,2007,asher2007world,features,feature,map_076,Map 76 Southern Tanzania [64],3631
3516,Mandan,,,,mand1446,traditional,asher2007world,features,feature,map_005,Map 5 The Great Plains: Time of Contact [23],3632
3519,Mandar,,,,mand1442,2007,asher2007world,features,feature,map_039,Map 39 Sulawesi [46],3635
3520,Mandawaka,,,,mand1448,traditional,asher2007world,features,feature,map_012,Map 12 Northern South America: Time of Contact [80],3636
3522,Mandaya,,,,kara1489,2007,asher2007world,features,feature,map_040,Map 40 The Philippines [87],3638
3523,Mandeali,,,,mand1409,2007,asher2007world,features,feature,map_054,Map 54 North-West India [41],3639
3524,Mander,,,,mand1443,2007,asher2007world,features,feature,map_034,Map 34 Irian Jaya [152],3640
3525,Mandi,,,,wiar1238,2007,asher2007world,features,feature,map_033,Map 33 Northern Papua New Guinea [261],3641
3526,Manding,,,,mand1435,2007,asher2007world,features,feature,map_105 map_106 map_107,Map 105 Ivory Coast [69]; Map 106 Liberia and Sierra Leone [18]; Map 107 Guinea and Mali [21],3642 3643
3527,Mandinka,,,,mand1436,2007,asher2007world,features,feature,map_107 map_108,"Map 107 Guinea and Mali [22]; Map 108 Senegal, Gambia and Guinea Bissau [35b]",3644
3528,Manem,,,,mane1266,2007,asher2007world,features,feature,map_034,Map 34 Irian Jaya [98],3645
3529,Manemgi,,,,mare1261,2007,asher2007world,features,feature,map_034,Map 34 Irian Jaya [147],3646
3530,Manengabo,,,,mane1268,2007,asher2007world,features,feature,map_093,Map 93 Central South-Western Cameroon [88f],3647
3531,Mang,,,,mang1378,2007,asher2007world,features,feature,map_047,"Map 47 Northern Thailand, Laos and Vietnam [28]",3648
3532,Manganja (Malawian Nyanja-Chewa),,,,nyan1308,2007,asher2007world,features,feature,map_075,Map 75 Mozambique [22a],3649
3533,Mangap,,,,mbul1263,2007,asher2007world,features,feature,map_030 map_033,Map 30 New Britain and New Ireland [34]; Map 33 Northern Papua New Guinea [380],3650
3536,Mangas(-Margi),,,,mang1416,2007,asher2007world,features,feature,map_097 map_098,"Map 97 North Plateau, Nigeria [93]; Map 98 North-Eastern Nigeria [95]",3653
3537,Mangba,,,,mbos1242,2007,asher2007world,features,feature,map_082 map_087,Map 82 Democratic Republic of Congo: Equate [40]; Map 87 Northern Congo and Southern Central African Republic [40],3654
3538,Mangbetu,,,,mang1396,2007,asher2007world,features,feature,map_079,Map 79 Democratic Republic of Congo: Orienta [61a],3655
3539,Mangbutu,,,,mang1396,2007,asher2007world,features,feature,map_079,Map 79 Democratic Republic of Congo: Orienta [63e],3656
3540,Mangbutu-Efe,,,,mang1425,2007,asher2007world,features,feature,map_079,Map 79 Democratic Republic of Congo: Orienta [63],3657
3542,Mangga Buang,,,,mang1404,2007,asher2007world,features,feature,map_032,Map 32 Southern Papua New Guinea [218],3659
3543,Manggarai,,,,mang1405,2007,asher2007world,features,feature,map_038,Map 38 Lesser Sunda Islands and Timor [14],3660
3544,Mangkong,,,,mang1379,2007,asher2007world,features,feature,map_047,"Map 47 Northern Thailand, Laos and Vietnam [47c]",3661
3545,Mangseng,,,,mang1403,2007,asher2007world,features,feature,map_030,Map 30 New Britain and New Ireland [46],3662
3547,Maninka,,,,mane1267,2007,asher2007world,features,feature,map_106 map_107,Map 106 Liberia and Sierra Leone [18e]; Map 107 Guinea and Mali [21d],3664
3548,Maninkaxanwo,,,,west2500,2007,asher2007world,features,feature,map_107,Map 107 Guinea and Mali [21e],3665
3549,Manipa,,,,mani1297,2007,asher2007world,features,feature,map_037,Map 37 The Moluccas [2],3666
3550,Manipuri,,,,mani1292,2007,asher2007world,features,feature,map_051,"Map 51 North-East India, Bangladesh, Bhutan and Nepal [137]",3667
3551,Maniq (Tonga / Mos / Ten'en),,,,tong1308,2007,asher2007world,features,feature,map_048,"Map 48 Southern Thailand, Laos and Vietnam, and Cambodia [22]",3668
3552,Maniq (Tonga/Mos/Ten'en),,,,tong1308,2007,asher2007world,features,feature,map_044,Map 44 West Malaysia and Singapore [1],3669
3553,Manjanku,,,,mand1419,2007,asher2007world,features,feature,map_108,"Map 108 Senegal, Gambia and Guinea Bissau [18]",3670
3555,Mankanya (Bola),,,,mank1251,2007,asher2007world,features,feature,map_108,"Map 108 Senegal, Gambia and Guinea Bissau [19]",3672
3556,Mankon,,,,mank1253,2007,asher2007world,features,feature,map_093 map_095,Map 93 Central South-Western Cameroon [51]; Map 95 South-Eastern Nigeria and Mid-Western Cameroon [58],3673
3557,Mano,,,,mann1248,2007,asher2007world,features,feature,map_106,Map 106 Liberia and Sierra Leone [32],3674
3558,Mansi (Vogul),,,,mans1258,2007,asher2007world,features,feature,map_056 map_058,"Map 56 Western Siberia [22]; Map 58 Western Russia, the Baltic States, Belarus, Ukraine and Moldova [30]",3675
3559,Manta,,,,mant1267,2007,asher2007world,features,feature,map_093 map_095,Map 93 Central South-Western Cameroon [21]; Map 95 South-Eastern Nigeria and Mid-Western Cameroon [6],3676
3560,Mantion,,,,mani1235,2007,asher2007world,features,feature,map_034,Map 34 Irian Jaya [120],3677
3562,Manu,,,,manu1255,2007,asher2007world,features,feature,map_049,Map 49 Burma (Myanmar) [23],3679
3563,Manus,,,,,2007,asher2007world,features,feature,map_038,Map 38 Lesser Sunda Islands and Timor [17],3680
3564,Manusela,,,,manu1258,2007,asher2007world,features,feature,map_037,Map 37 The Moluccas [25],3681
3565,Manya,,,,many1261,2007,asher2007world,features,feature,map_106,"Map 106 Liberia and Sierra Leone [18g, M]",3682
3566,Manyanga,,,,yomb1244,2007,asher2007world,features,feature,map_084,Map 84 Angola [1d],3683
3567,Manyika,,,,many1258,2007,asher2007world,features,feature,map_074 map_075,Map 74 Southern Africa [17]; Map 75 Mozambique [42e],3684
3568,Manza,,,,manz1243,2007,asher2007world,features,feature,map_089 map_090,"Map 89 Central African Republic and South-Eastern Chad [37a]; Map 90 Central African Republic, South-Western Chad and Cameroon [38]",3685
3569,Manāşīr,,,,najd1235,2007,asher2007world,features,feature,map_070,Map 70 The Middle East and Arabian Peninsula [47],3686
3570,Mao,,,,maon1238,2007,asher2007world,features,feature,map_051,"Map 51 North-East India, Bangladesh, Bhutan and Nepal [133]",3687
3571,Mao Of Bambeshi,,,,bamb1262,2007,asher2007world,features,feature,map_072,Map 72 Sudan and the Horn of Africa [100],3688
3572,Maonan,,,,maon1241,2007,asher2007world,features,feature,map_045,Map 45 China and Mongolia [63],3689
3573,Maore,,,,maor1245,2007,asher2007world,features,feature,map_075,Map 75 Mozambique [4],3690
3574,Mape,,,,mape1249,2007,asher2007world,features,feature,map_032,Map 32 Southern Papua New Guinea [34],3691
3575,Mapena,,,,mape1250,2007,asher2007world,features,feature,map_031,Map 31 South-Eastern Papua New Guinea [68],3692
3576,Mapeo,,,,samb1312,2007,asher2007world,features,feature,map_091 map_098,Map 91 Adamawa Region [48]; Map 98 North-Eastern Nigeria [54],3693
3577,Mapi,,,,mapp1234,2007,asher2007world,features,feature,map_034,Map 34 Irian Jaya [18],3694
3578,Mapia,,,,mapi1250,2007,asher2007world,features,feature,map_028 map_034,Map 28 Micronesia [4]; Map 34 Irian Jaya [233],3695
3579,Mapos Buang,,,,mapo1242,2007,asher2007world,features,feature,map_032,Map 32 Southern Papua New Guinea [217],3696
3580,Mapoyo-Yavarana,,,,mapo1245,traditional,asher2007world,features,feature,map_012,Map 12 Northern South America: Time of Contact [409],3697
3582,Mapudungu,,,,mapu1245,traditional,asher2007world,features,feature,map_022,Map 22 Southern South America: Time of Contact [249],3699
3585,Mara,,,,mara1382,2007,asher2007world,features,feature,map_051,"Map 51 North-East India, Bangladesh, Bhutan and Nepal [150]",3702
3586,Marachi,,,,mara1393,2007,asher2007world,features,feature,map_086,Map 86 Central East Africa [35f],3703
3587,Marakhus (Tape),,,,mara1399,2007,asher2007world,features,feature,map_027,Map 27 Vanuatu and New Caledonia [84],3704
3588,Marakwet,,,,,2007,asher2007world,features,feature,map_072 map_086,Map 72 Sudan and the Horn of Africa [149]; Map 86 Central East Africa [88],3705
3589,Maralango,,,,mara1402,2007,asher2007world,features,feature,map_032,Map 32 Southern Papua New Guinea [204],3706
3590,Maram,,,,mara1379,2007,asher2007world,features,feature,map_051,"Map 51 North-East India, Bangladesh, Bhutan and Nepal [135]",3707
3591,Maramba,,,,mara1407,2007,asher2007world,features,feature,map_033,Map 33 Northern Papua New Guinea [363],3708
3592,Maranao,,,,mara1404,2007,asher2007world,features,feature,map_040,Map 40 The Philippines [95],3709
3594,Mararit,,,,mara1396,2007,asher2007world,features,feature,map_071 map_072,Map 71 North-East Africa [89]; Map 72 Sudan and the Horn of Africa [147],3711
3595,Marathi,,,,mara1378,2007,asher2007world,features,feature,map_051 map_052 map_054,"Map 51 North-East India, Bangladesh, Bhutan and Nepal [185]; Map 52 Southern India and Sri Lanka [19]; Map 54 North-West India [73]",3712
3596,Maratino,,,,mara1266,traditional,asher2007world,features,feature,map_003,Map 3 South-Western North America: Time of Contact [83],3713
3597,Marau,,,,mara1398,2007,asher2007world,features,feature,map_029,Map 29 Solomon Islands and Bougainville [51],3714
3598,Marau,,,,mara1397,2007,asher2007world,features,feature,map_034,Map 34 Irian Jaya [200],3715
3600,Marawá,,,,,traditional,asher2007world,features,feature,map_012,Map 12 Northern South America: Time of Contact [88],3717
3601,Marba,,,,marb1239,2007,asher2007world,features,feature,map_090 map_094,"Map 90 Central African Republic, South-Western Chad and Cameroon [64]; Map 94 Northern Cameroon [63]",3718
3602,Mardin,,,,mard1246,2007,asher2007world,features,feature,map_070,Map 70 The Middle East and Arabian Peninsula [50],3719
3603,Mare,,,,marr1260,2007,asher2007world,features,feature,map_088,Map 88 Gabon and Equatorial Guinea [3b],3720
3605,Margi North,,,,marg1266,2007,asher2007world,features,feature,map_094,Map 94 Northern Cameroon [11a],3722
3606,Margi South,,,,marg1266,2007,asher2007world,features,feature,map_094,Map 94 Northern Cameroon [11b],3723
3608,Mari,,,,mari1429,2007,asher2007world,features,feature,map_032 map_033,Map 32 Southern Papua New Guinea [213]; Map 33 Northern Papua New Guinea [395],3725
3609,Mari,,,,mari1432,2007,asher2007world,features,feature,map_033,Map 33 Northern Papua New Guinea [306],3726
3610,Mari (Cheremis),,,,mari1278,2007,asher2007world,features,feature,map_056 map_058,"Map 56 Western Siberia [17]; Map 58 Western Russia, the Baltic States, Belarus, Ukraine and Moldova [24]",3727
3611,Maria,,,,mari1439,2007,asher2007world,features,feature,map_031 map_032,Map 31 South-Eastern Papua New Guinea [54]; Map 32 Southern Papua New Guinea [138],3728
3612,Maricopa,,,,mari1440,traditional,asher2007world,features,feature,map_003,Map 3 South-Western North America: Time of Contact [50],3729
3613,Marind,,,,nucl1622,2007,asher2007world,features,feature,map_032 map_034,Map 32 Southern Papua New Guinea [104]; Map 34 Irian Jaya [36],3730 3731
3614,Maring,,,,mari1435,2007,asher2007world,features,feature,map_033,Map 33 Northern Papua New Guinea [159],3732
3615,Maring,,,,mari1416,2007,asher2007world,features,feature,map_049 map_051,"Map 49 Burma (Myanmar) [46]; Map 51 North-East India, Bangladesh, Bhutan and Nepal [145]",3733
3616,Maringe,,,,mari1427,2007,asher2007world,features,feature,map_029,Map 29 Solomon Islands and Bougainville [34],3734
3617,Marino,,,,mari1426,2007,asher2007world,features,feature,map_027,Map 27 Vanuatu and New Caledonia [16],3735
3618,Marka,,,,mark1256,2007,asher2007world,features,feature,map_104,Map 104 Burkina Faso [75],3736
3619,Marke,,,,mark1254,2007,asher2007world,features,feature,map_091,Map 91 Adamawa Region [8a],3737
3620,Marovo,,,,maro1244,2007,asher2007world,features,feature,map_029,Map 29 Solomon Islands and Bougainville [27],3738
3628,Marshallese,,,,mars1254,2007,asher2007world,features,feature,map_028,Map 28 Micronesia [17],3746
3631,Maru,,,,maru1249,2007,asher2007world,features,feature,map_049,Map 49 Burma (Myanmar) [64],3749
3632,Maru (Langsu) [Jingpo],,,,maru1249,2007,asher2007world,features,feature,map_046,"Map 46 Yunnan Province, China [43]",3750
3633,Maru / Ats,,,,maru1249,2007,asher2007world,features,feature,map_047,"Map 47 Northern Thailand, Laos and Vietnam [83]",3751
3634,Marubo,,,,maru1252,traditional,asher2007world,features,feature,map_014,Map 14 Northern Pacific Coast: Time of Contact [220],3752
3636,Marwari,,,,marw1260,2007,asher2007world,features,feature,map_051 map_054,"Map 51 North-East India, Bangladesh, Bhutan and Nepal [163]; Map 54 North-West India [57]",3754 3755
3637,Masa,,,,masa1322,2007,asher2007world,features,feature,map_090 map_091 map_094,"Map 90 Central African Republic, South-Western Chad and Cameroon [62]; Map 91 Adamawa Region [61]; Map 94 Northern Cameroon [65]",3756
3638,Masaba,,,,masa1299,2007,asher2007world,features,feature,map_086,Map 86 Central East Africa [36],3757
3639,Masaka (Machakos),,,,masa1295,2007,asher2007world,features,feature,map_085,Map 85 Kenyan Coast [29a],3758
3640,Masakará,,,,masa1311,traditional,asher2007world,features,feature,map_018,Map 18 Brazilian Atlantic Coast: Time of Contact [300],3759
3641,Masalit,,,,nucl1440,2007,asher2007world,features,feature,map_071 map_072,Map 71 North-East Africa [71]; Map 72 Sudan and the Horn of Africa [113],3760
3642,Masama,,,,masa1296,2007,asher2007world,features,feature,map_086,Map 86 Central East Africa [6c],3761
3644,"Masateko, Mazateco",,,,maza1295,traditional,asher2007world,features,feature,map_010,Map 10 Meso-America: Time of Contact [43],3763
3646,"Masawa, Mazahua",,,,maza1293,traditional,asher2007world,features,feature,map_010,Map 10 Meso-America: Time of Contact [37],3765
3647,Masbateño,,,,masb1238,2007,asher2007world,features,feature,map_040,Map 40 The Philippines [74],3766
3648,Mascouten,,,,algo1257,traditional,asher2007world,features,feature,map_001,Map 1 East Coast and Great Lakes: Time of Contact [15],3767
3649,Masela-South Babar,,,,mase1249,2007,asher2007world,features,feature,map_038,Map 38 Lesser Sunda Islands and Timor [52],3768
3650,Mashakali,,,,maxa1247,traditional,asher2007world,features,feature,map_018,Map 18 Brazilian Atlantic Coast: Time of Contact [303],3769
3652,Mashi,,,,mash1268,2007,asher2007world,features,feature,map_077,Map 77 Zambia [64],3771
3653,Masiwang,,,,masi1266,2007,asher2007world,features,feature,map_034 map_037,Map 34 Irian Jaya [221]; Map 37 The Moluccas [28],3772
3654,Maskoi,,,,toba1268,traditional,asher2007world,features,feature,map_018,Map 18 Brazilian Atlantic Coast: Time of Contact [272],3773
3655,Maslam,,,,masl1241,2007,asher2007world,features,feature,map_090 map_099,"Map 90 Central African Republic, South-Western Chad and Cameroon [70c]; Map 99 Lake Chad Region [9]",3774
3656,Masoanka (Sua),,,,mans1259,2007,asher2007world,features,feature,map_108,"Map 108 Senegal, Gambia and Guinea Bissau [32]",3775
3657,Massachusett-Narragansett,,,,narr1280,traditional,asher2007world,features,feature,map_001,Map 1 East Coast and Great Lakes: Time of Contact [25],3776
3658,Massenrempulu,,,,duri1242,2007,asher2007world,features,feature,map_039,Map 39 Sulawesi [48],3777
3659,Massep,,,,mass1263,2007,asher2007world,features,feature,map_034,Map 34 Irian Jaya [174],3778
3660,Matagalpa,,,,mata1288,traditional,asher2007world,features,feature,map_012,Map 12 Northern South America: Time of Contact [50a],3779
3661,Matakam,,,,mafa1239,2007,asher2007world,features,feature,map_094,Map 94 Northern Cameroon [32],3780
3662,Matako,,,,wich1261,traditional,asher2007world,features,feature,map_020,Map 20 Central Pacific Coast: Time of Contact [256],3781
3664,Matal,,,,mata1306,2007,asher2007world,features,feature,map_094,Map 94 Northern Cameroon [28],3783
3665,Matanawí,,,,mata1275,traditional,asher2007world,features,feature,map_016,Map 16 Western Brazil: Time of Contact [255],3784
3667,Matbat,,,,matb1237,2007,asher2007world,features,feature,map_034 map_037,Map 34 Irian Jaya [211]; Map 37 The Moluccas [48],3786
3668,Matengo,,,,mate1258,2007,asher2007world,features,feature,map_075 map_076,Map 75 Mozambique [38]; Map 76 Southern Tanzania [62],3787
3669,Matepi,,,,mate1260,2007,asher2007world,features,feature,map_033,Map 33 Northern Papua New Guinea [94],3788
3670,"Matlatzinkan, Matlatzinca, Ocuilteco",,,,matl1258,traditional,asher2007world,features,feature,map_010,Map 10 Meso-America: Time of Contact [35],3789
3674,Mattole,,,,matt1238,traditional,asher2007world,features,feature,map_004,Map 4 California: Time of Contact [28],3793
3675,Matukar,,,,matu1261,2007,asher2007world,features,feature,map_033,Map 33 Northern Papua New Guinea [388],3794
3676,Matumbi,,,,matu1259,2007,asher2007world,features,feature,map_076,Map 76 Southern Tanzania [30],3795
3677,Mau,,,,maho1249,2007,asher2007world,features,feature,map_106,Map 106 Liberia and Sierra Leone [18a],3796
3678,Mawae,,,,mawa1265,2007,asher2007world,features,feature,map_032,Map 32 Southern Papua New Guinea [143],3797
3679,Mawak,,,,mawa1266,2007,asher2007world,features,feature,map_033,Map 33 Northern Papua New Guinea [62],3798
3680,Mawan,,,,mawa1267,2007,asher2007world,features,feature,map_033,Map 33 Northern Papua New Guinea [97],3799
3681,Mawenzi,,,,chag1250,2007,asher2007world,features,feature,map_086,Map 86 Central East Africa [6k],3800
3682,Mawes,,,,mawe1251,2007,asher2007world,features,feature,map_034,Map 34 Irian Jaya [146],3801
3683,Mawia,,,,mavi1238,2007,asher2007world,features,feature,map_075 map_076,Map 75 Mozambique [9b]; Map 76 Southern Tanzania [38b],3802
3686,Mawé,,,,sate1243,traditional,asher2007world,features,feature,map_018,Map 18 Brazilian Atlantic Coast: Time of Contact [360],3805
3687,Mawāhib,,,,hija1235,2007,asher2007world,features,feature,map_070,Map 70 The Middle East and Arabian Peninsula [66],3806
3688,Mawālī,,,,,2007,asher2007world,features,feature,map_070,Map 70 The Middle East and Arabian Peninsula [63],3807
3689,May,,,,mayy1239,2007,asher2007world,features,feature,map_047,"Map 47 Northern Thailand, Laos and Vietnam [74]",3808
3690,May,,,,maay1238,2007,asher2007world,features,feature,map_072,Map 72 Sudan and the Horn of Africa [55d],3809
3691,Maya,,,,raja1258,2007,asher2007world,features,feature,map_034 map_037,Map 34 Irian Jaya [208]; Map 37 The Moluccas [45],3810
3698,Mayo,,,,mayo1264,traditional,asher2007world,features,feature,map_003,Map 3 South-Western North America: Time of Contact [34],3817
3700,"Mayo (Mayo-Yesan, Yasyin, Yasi, Yessan-Mayo)",,,,yess1239,2007,asher2007world,features,feature,map_033,Map 33 Northern Papua New Guinea [283],3819
3701,Mayogo,,,,mayo1261,2007,asher2007world,features,feature,map_079,Map 79 Democratic Republic of Congo: Orienta [48],3820
3702,Mayol,,,,moyo1238,2007,asher2007world,features,feature,map_051,"Map 51 North-East India, Bangladesh, Bhutan and Nepal [143]",3821
3703,Mazanderani,,,,maza1291,2007,asher2007world,features,feature,map_053,"Map 53 Iran, Afghanistan and Pakistan [16]",3822
3704,Mb,,,,band1343,2007,asher2007world,features,feature,map_089,Map 89 Central African Republic and South-Eastern Chad [13],3823
3705,Mba,,,,mbaa1245,2007,asher2007world,features,feature,map_079,Map 79 Democratic Republic of Congo: Orienta [52],3824
3706,Mba,,,,mbah1238,2007,asher2007world,features,feature,map_095,Map 95 South-Eastern Nigeria and Mid-Western Cameroon [49],3825
3708,Mbagani,,,,mbag1239,2007,asher2007world,features,feature,map_081,Map 81 Democratic Republic of Congo: Kasai [52],3827
3709,Mbai,,,,mbay1241,2007,asher2007world,features,feature,map_089 map_090,"Map 89 Central African Republic and South-Eastern Chad [67]; Map 90 Central African Republic, South-Western Chad and Cameroon [41c]",3828
3710,Mbai-Diabe,,,,diab1238,2007,asher2007world,features,feature,map_090,"Map 90 Central African Republic, South-Western Chad and Cameroon [32]",3829
3711,Mbala,,,,mbal1257,2007,asher2007world,features,feature,map_081 map_083,Map 81 Democratic Republic of Congo: Kasai [67]; Map 83 Democratic Republic of Congo: Bas Congo and Southern Congo [18],3830
3712,Mbala,,,,band1345,2007,asher2007world,features,feature,map_089,Map 89 Central African Republic and South-Eastern Chad [23],3831
3713,Mbalantu,,,,mbal1262,2007,asher2007world,features,feature,map_084,Map 84 Angola [36l],3832
3714,Mbaloh,,,,emba1238,2007,asher2007world,features,feature,map_041,Map 41 Borneo and Madagascar [29],3833
3715,Mbamba,,,,omba1241,2007,asher2007world,features,feature,map_081 map_083,Map 81 Democratic Republic of Congo: Kasai [23]; Map 83 Democratic Republic of Congo: Bas Congo and Southern Congo [32],3834
3716,Mbangala,,,,mban1264,2007,asher2007world,features,feature,map_084,Map 84 Angola [11],3835
3717,Mbangi,,,,mban1262,2007,asher2007world,features,feature,map_079 map_082 map_089,Map 79 Democratic Republic of Congo: Orienta [54]; Map 82 Democratic Republic of Congo: Equate [45]; Map 89 Central African Republic and South-Eastern Chad [40],3836
3718,Mbangwe,,,,mban1268,2007,asher2007world,features,feature,map_083 map_088,Map 83 Democratic Republic of Congo: Bas Congo and Southern Congo [45]; Map 88 Gabon and Equatorial Guinea [27],3837
3719,Mbanjo,,,,vute1245,2007,asher2007world,features,feature,map_092 map_093,Map 92 South-Western Cameroon [2b]; Map 93 Central South-Western Cameroon [19d],3838
3720,Mbanza,,,,mban1263,2007,asher2007world,features,feature,map_082 map_087 map_089,Map 82 Democratic Republic of Congo: Equate [63]; Map 87 Northern Congo and Southern Central African Republic [96]; Map 89 Central African Republic and South-Eastern Chad [36],3839 3840
3721,Mbanza Manteke,,,,koon1244,2007,asher2007world,features,feature,map_084,Map 84 Angola [2],3841
3724,Mbati,,,,mbat1248,2007,asher2007world,features,feature,map_087,Map 87 Northern Congo and Southern Central African Republic [32],3844
3725,Mbato,,,,mbat1247,2007,asher2007world,features,feature,map_105,Map 105 Ivory Coast [8],3845
3726,Mbause,,,,ntom1248,2007,asher2007world,features,feature,map_081,Map 81 Democratic Republic of Congo: Kasai [11b],3846
3727,Mbe,,,,mbee1249,2007,asher2007world,features,feature,map_095,Map 95 South-Eastern Nigeria and Mid-Western Cameroon [38],3847
3728,Mbedam,,,,mbed1242,2007,asher2007world,features,feature,map_094,Map 94 Northern Cameroon [47],3848
3729,Mbeere,,,,mbee1248,2007,asher2007world,features,feature,map_072 map_085,Map 72 Sudan and the Horn of Africa [206]; Map 85 Kenyan Coast [31],3849
3730,Mbele,,,,band1342,2007,asher2007world,features,feature,map_089 map_090,"Map 89 Central African Republic and South-Eastern Chad [9]; Map 90 Central African Republic, South-Western Chad and Cameroon [23]",3850
3731,Mbelo,,,,mong1338,2007,asher2007world,features,feature,map_081,Map 81 Democratic Republic of Congo: Kasai [1q],3851
3732,Mbembe,,,,cros1244,2007,asher2007world,features,feature,map_093 map_095,Map 93 Central South-Western Cameroon [15a]; Map 95 South-Eastern Nigeria and Mid-Western Cameroon [75d],3852
3733,Mbembe,,,,tigo1236,2007,asher2007world,features,feature,map_095,Map 95 South-Eastern Nigeria and Mid-Western Cameroon [81],3853
3734,Mbere,,,,mber1257,2007,asher2007world,features,feature,map_081 map_083 map_087,Map 81 Democratic Republic of Congo: Kasai [24]; Map 83 Democratic Republic of Congo: Bas Congo and Southern Congo [31]; Map 87 Northern Congo and Southern Central African Republic [67],3854
3735,Mbesa,,,,mbes1238,2007,asher2007world,features,feature,map_079 map_082,Map 79 Democratic Republic of Congo: Orienta [40]; Map 82 Democratic Republic of Congo: Equate [43],3855
3736,Mbeti,,,,,2007,asher2007world,features,feature,map_092,Map 92 South-Western Cameroon [40b],3856
3737,Mbilia-Nkamba,,,,mong1338,2007,asher2007world,features,feature,map_081,Map 81 Democratic Republic of Congo: Kasai [1j],3857
3739,Mbo,,,,mbod1238,2007,asher2007world,features,feature,map_079,Map 79 Democratic Republic of Congo: Orienta [13],3859
3740,Mbodomo,,,,gbay1281,2007,asher2007world,features,feature,map_087,Map 87 Northern Congo and Southern Central African Republic [89],3860
3741,Mbogno,,,,mbon1253,2007,asher2007world,features,feature,map_095,Map 95 South-Eastern Nigeria and Mid-Western Cameroon [65],3861
3742,Mboi,,,,mboi1246,2007,asher2007world,features,feature,map_094 map_098,Map 94 Northern Cameroon [4]; Map 98 North-Eastern Nigeria [9a],3862
3743,Mboka,,,,mbok1242,2007,asher2007world,features,feature,map_083,Map 83 Democratic Republic of Congo: Bas Congo and Southern Congo [8],3863
3744,Mboko,,,,mbok1243,2007,asher2007world,features,feature,map_083 map_087,Map 83 Democratic Republic of Congo: Bas Congo and Southern Congo [39a]; Map 87 Northern Congo and Southern Central African Republic [43],3864
3745,Mbole,,,,mbol1247,2007,asher2007world,features,feature,map_079 map_080 map_081,Map 79 Democratic Republic of Congo: Orienta [23c]; Map 80 Democratic Republic of Congo: Kivu [6]; Map 81 Democratic Republic of Congo: Kasai [41],3865
3746,Mbombeleng,,,,sout2785,2007,asher2007world,features,feature,map_087,Map 87 Northern Congo and Southern Central African Republic [85],3866
3747,Mbombo,,,,beem1239,2007,asher2007world,features,feature,map_083,Map 83 Democratic Republic of Congo: Bas Congo and Southern Congo [13c],3867
3748,Mbong'a,,,,mbon1252,2007,asher2007world,features,feature,map_091,Map 91 Adamawa Region [50],3868
3749,Mbonge,,,,mbon1250,2007,asher2007world,features,feature,map_093,Map 93 Central South-Western Cameroon [83b],3869
3750,Mbonji,,,,bonj1234,2007,asher2007world,features,feature,map_082 map_087,Map 82 Democratic Republic of Congo: Equate [5]; Map 87 Northern Congo and Southern Central African Republic [2],3870
3751,Mbonzi,,,,mbos1242,2007,asher2007world,features,feature,map_083,Map 83 Democratic Republic of Congo: Bas Congo and Southern Congo [34d],3871
3752,Mbonzo,,,,bonj1234,2007,asher2007world,features,feature,map_087,Map 87 Northern Congo and Southern Central African Republic [5],3872
3753,Mboshi,,,,mbos1242,2007,asher2007world,features,feature,map_081 map_083,Map 81 Democratic Republic of Congo: Kasai [14]; Map 83 Democratic Republic of Congo: Bas Congo and Southern Congo [34],3873
3754,Mbu(U)N,,,,mpuo1241,2007,asher2007world,features,feature,map_081,Map 81 Democratic Republic of Congo: Kasai [38],3874
3755,Mbugwe,,,,mbug1242,2007,asher2007world,features,feature,map_086,Map 86 Central East Africa [23],3875
3756,Mbui,,,,umbu1257,2007,asher2007world,features,feature,map_084,Map 84 Angola [27],3876
3757,Mbuko,,,,mbuk1243,2007,asher2007world,features,feature,map_094,Map 94 Northern Cameroon [26],3877
3758,Mbukushu,,,,mbuk1240,2007,asher2007world,features,feature,map_074 map_077 map_084,Map 74 Southern Africa [37a]; Map 77 Zambia [64a]; Map 84 Angola [40],3878
3759,Mbula-Bwaza,,,,mbul1260,2007,asher2007world,features,feature,map_091 map_098,Map 91 Adamawa Region [53]; Map 98 North-Eastern Nigeria [43],3879
3760,Mbulu,,,,band1343,2007,asher2007world,features,feature,map_082 map_089,Map 82 Democratic Republic of Congo: Equate [56]; Map 89 Central African Republic and South-Eastern Chad [28],3880
3761,Mbulungish,,,,mbul1258,2007,asher2007world,features,feature,map_107,Map 107 Guinea and Mali [4a],3881
3762,Mbunda,,,,mbun1249,2007,asher2007world,features,feature,map_077 map_084,Map 77 Zambia [71]; Map 84 Angola [46],3882 3883
3763,Mbunga,,,,mbun1248,2007,asher2007world,features,feature,map_076,Map 76 Southern Tanzania [31],3884
3764,Mbwale,,,,,2007,asher2007world,features,feature,map_093,Map 93 Central South-Western Cameroon [88l],3885
3765,Mbwas,,,,mbwa1238,2007,asher2007world,features,feature,map_087,Map 87 Northern Congo and Southern Central African Republic [57c],3886
3766,Mbwela,,,,mbow1244,2007,asher2007world,features,feature,map_077,Map 77 Zambia [65],3887
3767,Mbwela (Mashi),,,,mash1267,2007,asher2007world,features,feature,map_084,Map 84 Angola [38],3888
3769,Me'en,,,,meen1242,2007,asher2007world,features,feature,map_072,Map 72 Sudan and the Horn of Africa [130],3890
3770,Meakambut,,,,meak1234,2007,asher2007world,features,feature,map_033,Map 33 Northern Papua New Guinea [328],3891
3771,Meax,,,,meya1236,2007,asher2007world,features,feature,map_034,Map 34 Irian Jaya [118],3892
3772,Mebeza,,,,,2007,asher2007world,features,feature,map_087 map_088,Map 87 Northern Congo and Southern Central African Republic [53n]; Map 88 Gabon and Equatorial Guinea [39],3893
3773,Mebu,,,,mapa1244,2007,asher2007world,features,feature,map_033,Map 33 Northern Papua New Guinea [127],3894
3774,Medebur,,,,mede1237,2007,asher2007world,features,feature,map_033,Map 33 Northern Papua New Guinea [396],3895
3775,Medumba,,,,medu1238,2007,asher2007world,features,feature,map_093,Map 93 Central South-Western Cameroon [48],3896
3776,Mefele,,,,mefe1242,2007,asher2007world,features,feature,map_094,Map 94 Northern Cameroon [41],3897
3777,Megaka,,,,meng1264,2007,asher2007world,features,feature,map_093,Map 93 Central South-Western Cameroon [57],3898
3778,Megiar,,,,megi1245,2007,asher2007world,features,feature,map_033,Map 33 Northern Papua New Guinea [387],3899
3779,Mehek (Driafleisuma),,,,mehe1243,2007,asher2007world,features,feature,map_033,Map 33 Northern Papua New Guinea [282],3900
3780,Meherrin,,,,mehe1242,traditional,asher2007world,features,feature,map_001,Map 1 East Coast and Great Lakes: Time of Contact [47],3901
3781,Mehrī,,,,mehr1241,2007,asher2007world,features,feature,map_070,Map 70 The Middle East and Arabian Peninsula [100],3902
3782,Meidob,,,,mido1240,2007,asher2007world,features,feature,map_071 map_072,Map 71 North-East Africa [79]; Map 72 Sudan and the Horn of Africa [121],3903
3783,Meje,,,,meje1239,2007,asher2007world,features,feature,map_079,Map 79 Democratic Republic of Congo: Orienta [61b],3904
3784,Meka(A),,,,maka1304,2007,asher2007world,features,feature,map_087 map_091,Map 87 Northern Congo and Southern Central African Republic [57]; Map 91 Adamawa Region [59],3905 3906
3785,Mekambo,,,,maka1323,2007,asher2007world,features,feature,map_087,Map 87 Northern Congo and Southern Central African Republic [54],3907
3786,Meke,,,,fang1246,2007,asher2007world,features,feature,map_087 map_088,Map 87 Northern Congo and Southern Central African Republic [70a]; Map 88 Gabon and Equatorial Guinea [43e],3908
3787,Mekeo,,,,meke1243,2007,asher2007world,features,feature,map_032,Map 32 Southern Papua New Guinea [228],3909
3788,Mekmek,,,,mekm1240,2007,asher2007world,features,feature,map_033,Map 33 Northern Papua New Guinea [359],3910
3789,Mekongka,,,,meko1237,2007,asher2007world,features,feature,map_039,Map 39 Sulawesi [39],3911
3790,Mekwei-Gresi-Kwansu,,,,mekw1241,2007,asher2007world,features,feature,map_034,Map 34 Irian Jaya [157],3912
3791,Mekwob,,,,mpoi1234,2007,asher2007world,features,feature,map_087,Map 87 Northern Congo and Southern Central African Republic [53j],3913
3792,Melanau,,,,cent2101,2007,asher2007world,features,feature,map_041,Map 41 Borneo and Madagascar [30],3914
3793,Mena,,,,mena1240,2007,asher2007world,features,feature,map_032,Map 32 Southern Papua New Guinea [174],3915
3794,Mendalam Kayan,,,,mend1267,2007,asher2007world,features,feature,map_041,Map 41 Borneo and Madagascar [49],3916
3795,Mende,,,,mend1266,2007,asher2007world,features,feature,map_106,Map 106 Liberia and Sierra Leone [28],3917
3796,Meneka,,,,mini1256,traditional,asher2007world,features,feature,map_012,Map 12 Northern South America: Time of Contact [190],3918
3798,Mengen,,,,meng1267,2007,asher2007world,features,feature,map_030,Map 30 New Britain and New Ireland [49],3920
3799,Menka,,,,menk1238,2007,asher2007world,features,feature,map_093 map_095,Map 93 Central South-Western Cameroon [38]; Map 95 South-Eastern Nigeria and Mid-Western Cameroon [40e],3921
3800,Menominee,,,,meno1252,traditional,asher2007world,features,feature,map_001,Map 1 East Coast and Great Lakes: Time of Contact [12],3922
3802,Mentawai,,,,ment1249,2007,asher2007world,features,feature,map_043,Map 43 Sumatra [3],3924
3803,Menya,,,,meny1245,2007,asher2007world,features,feature,map_032,Map 32 Southern Papua New Guinea [112],3925
3804,Menyén,,,,meni1247,traditional,asher2007world,features,feature,map_018,Map 18 Brazilian Atlantic Coast: Time of Contact [299],3926
3805,Meoneo,,,,mong1338,2007,asher2007world,features,feature,map_081,Map 81 Democratic Republic of Congo: Kasai [1b],3927
3806,Meoswar,,,,meos1237,2007,asher2007world,features,feature,map_034,Map 34 Irian Jaya [194],3928
3807,Meramera,,,,mera1242,2007,asher2007world,features,feature,map_030,Map 30 New Britain and New Ireland [72],3929
3808,Merei,,,,mere1242,2007,asher2007world,features,feature,map_027,Map 27 Vanuatu and New Caledonia [41],3930
3809,Merey,,,,mere1246,2007,asher2007world,features,feature,map_094,Map 94 Northern Cameroon [36],3931
3810,Mernyang,,,,mirr1240,2007,asher2007world,features,feature,map_096,"Map 96 South Plateau, Nigeria [64]",3932
3811,Meru,,,,meru1245,2007,asher2007world,features,feature,map_072 map_085 map_086,Map 72 Sudan and the Horn of Africa [202]; Map 85 Kenyan Coast [34]; Map 86 Central East Africa [10],3933
3812,Mescalero,,,,mesc1238,traditional,asher2007world,features,feature,map_003,Map 3 South-Western North America: Time of Contact [7],3934
3814,Mese,,,,mese1243,2007,asher2007world,features,feature,map_093,Map 93 Central South-Western Cameroon [66b],3936
3815,Mesem,,,,mese1244,2007,asher2007world,features,feature,map_032,Map 32 Southern Papua New Guinea [48],3937
3816,Mesme,,,,mesm1239,2007,asher2007world,features,feature,map_090 map_094,"Map 90 Central African Republic, South-Western Chad and Cameroon [66]; Map 94 Northern Cameroon [61]",3938
3817,Messiriyya,,,,suda1236,2007,asher2007world,features,feature,map_071 map_072,Map 71 North-East Africa [28]; Map 72 Sudan and the Horn of Africa [16],3939
3818,Meta',,,,meta1238,2007,asher2007world,features,feature,map_093 map_095,Map 93 Central South-Western Cameroon [36]; Map 95 South-Eastern Nigeria and Mid-Western Cameroon [40b],3940
3819,Metmata,,,,metm1234,2007,asher2007world,features,feature,map_073,Map 73 North-West Africa [50],3941
3820,Mewahang,,,,east2357,2007,asher2007world,features,feature,map_051,"Map 51 North-East India, Bangladesh, Bhutan and Nepal [80]",3942
3821,Mewari,,,,mewa1249,2007,asher2007world,features,feature,map_054,Map 54 North-West India [60],3943
3822,Mewati,,,,mewa1250,2007,asher2007world,features,feature,map_054,Map 54 North-West India [63],3944
3823,Mezime,,,,menz1238,2007,asher2007world,features,feature,map_087,Map 87 Northern Congo and Southern Central African Republic [53h],3945
3824,Mfinu,,,,mfin1238,2007,asher2007world,features,feature,map_081 map_083,Map 81 Democratic Republic of Congo: Kasai [36]; Map 83 Democratic Republic of Congo: Bas Congo and Southern Congo [58],3946
3825,Mfumte,,,,mfum1238,2007,asher2007world,features,feature,map_095,Map 95 South-Eastern Nigeria and Mid-Western Cameroon [47],3947
3826,Mgbo,,,,mgbo1238,2007,asher2007world,features,feature,map_101,Map 101 South-Western Nigeria [78b],3948
3827,Miami,,,,miam1252,traditional,asher2007world,features,feature,map_001,Map 1 East Coast and Great Lakes: Time of Contact [17],3949
3828,Mianmin,,,,mian1257,2007,asher2007world,features,feature,map_033 map_034,Map 33 Northern Papua New Guinea [178]; Map 34 Irian Jaya [6],3950
3829,Miao,,,,firs1234,2007,asher2007world,features,feature,map_045 map_047 map_048,"Map 45 China and Mongolia [52]; Map 47 Northern Thailand, Laos and Vietnam [1]; Map 48 Southern Thailand, Laos and Vietnam, and Cambodia [1]",3951 3952
3830,Miao [Various Languages],,,,mula1252,2007,asher2007world,features,feature,map_046,"Map 46 Yunnan Province, China [22]",3953
3831,Micha [Yi],,,,miqi1235,2007,asher2007world,features,feature,map_046,"Map 46 Yunnan Province, China [67]",3954
3832,Micmac,,,,mikm1235,traditional,asher2007world,features,feature,map_001,Map 1 East Coast and Great Lakes: Time of Contact [20],3955
3834,Midsivindi,,,,inap1241,2007,asher2007world,features,feature,map_033,Map 33 Northern Papua New Guinea [350],3957
3835,Migabac,,,,miga1241,2007,asher2007world,features,feature,map_032,Map 32 Southern Papua New Guinea [31],3958
3836,Migili,,,,liji1238,2007,asher2007world,features,feature,map_095 map_096,"Map 95 South-Eastern Nigeria and Mid-Western Cameroon [87]; Map 96 South Plateau, Nigeria [39]",3959 3960
3837,Migueleño,,,,migu1236,traditional,asher2007world,features,feature,map_004,Map 4 California: Time of Contact [82],3961
3839,"Mije, Mixe",,,,mixe1286,traditional,asher2007world,features,feature,map_010,Map 10 Meso-America: Time of Contact [27],3963
3840,Mijikenda,,,,miji1238,2007,asher2007world,features,feature,map_072,Map 72 Sudan and the Horn of Africa [197],3964
3841,"Mikarew (Ariawia, Gumasi)",,,,arua1260,2007,asher2007world,features,feature,map_033,Map 33 Northern Papua New Guinea [339],3965
3842,Mikaya,,,,mika1256,2007,asher2007world,features,feature,map_087,Map 87 Northern Congo and Southern Central African Republic [55],3966
3843,Miltu,,,,milt1241,2007,asher2007world,features,feature,map_089 map_090,"Map 89 Central African Republic and South-Eastern Chad [81b]; Map 90 Central African Republic, South-Western Chad and Cameroon [47]",3967
3844,Miluk,,,,milu1241,traditional,asher2007world,features,feature,map_004,Map 4 California: Time of Contact [20],3968
3845,Milykayak,,,,mill1237,traditional,asher2007world,features,feature,map_022,Map 22 Southern South America: Time of Contact [250b],3969
3846,Minangkabau,,,,mina1268,2007,asher2007world,features,feature,map_043 map_044,Map 43 Sumatra [12]; Map 44 West Malaysia and Singapore [16],3970 3971
3847,Minanibai,,,,mina1274,2007,asher2007world,features,feature,map_032,Map 32 Southern Papua New Guinea [170],3972
3848,Mindiri,,,,mind1255,2007,asher2007world,features,feature,map_033,Map 33 Northern Papua New Guinea [391],3973
3851,Mingrelian,,,,ming1252,2007,asher2007world,features,feature,map_059,Map 59 The Caucasus [50],3976
3852,Minhe Dialect,,,,minh1238,2007,asher2007world,features,feature,map_045,Map 45 China and Mongolia [30],3977
3853,Mini,,,,cent2028,2007,asher2007world,features,feature,map_101,Map 101 South-Western Nigeria [14],3978
3854,Minianka,,,,mama1271,2007,asher2007world,features,feature,map_104 map_105 map_107,Map 104 Burkina Faso [5]; Map 105 Ivory Coast [64]; Map 107 Guinea and Mali [27],3979
3855,Minungu,,,,minu1238,2007,asher2007world,features,feature,map_084,Map 84 Angola [41a],3980
3856,Mirembe,,,,kany1247,2007,asher2007world,features,feature,map_078,Map 78 Democratic Republic of Congo: Katang [24a],3981
3857,Miriam,,,,meri1244,2007,asher2007world,features,feature,map_032,Map 32 Southern Papua New Guinea [195],3982
3861,Mirāfāb,,,,suda1236,2007,asher2007world,features,feature,map_071 map_072,Map 71 North-East Africa [17]; Map 72 Sudan and the Horn of Africa [3],3986
3862,Mis(S)Ong,,,,miss1255,2007,asher2007world,features,feature,map_095,Map 95 South-Eastern Nigeria and Mid-Western Cameroon [25],3987
3863,Misima,,,,misi1243,2007,asher2007world,features,feature,map_031,Map 31 South-Eastern Papua New Guinea [48],3988
3864,Mising,,,,miny1240,2007,asher2007world,features,feature,map_051,"Map 51 North-East India, Bangladesh, Bhutan and Nepal [98]",3989
3866,Mituku,,,,mitu1240,2007,asher2007world,features,feature,map_080 map_081,Map 80 Democratic Republic of Congo: Kivu [7]; Map 81 Democratic Republic of Congo: Kasai [42],3991
3867,Miutini,,,,miut1238,2007,asher2007world,features,feature,map_085,Map 85 Kenyan Coast [34d],3992
3869,Mixed Rawang,,,,,2007,asher2007world,features,feature,map_049,Map 49 Burma (Myanmar) [14],3994
3870,Miya,,,,miya1266,2007,asher2007world,features,feature,map_097,"Map 97 North Plateau, Nigeria [81]",3995
3871,Miyak,,,,kyen1243,2007,asher2007world,features,feature,map_033,Map 33 Northern Papua New Guinea [362],3996
3873,Miyengen,,,,mien1244,2007,asher2007world,features,feature,map_093,Map 93 Central South-Western Cameroon [85a],3998
3874,Miyobe,,,,miyo1238,2007,asher2007world,features,feature,map_102 map_103 map_104,Map 102 Benin and Togo [61]; Map 103 Ghana [61]; Map 104 Burkina Faso [34],3999
3875,Mizo,,,,lush1249,2007,asher2007world,features,feature,map_049 map_051,"Map 49 Burma (Myanmar) [49]; Map 51 North-East India, Bangladesh, Bhutan and Nepal [148]",4000
3876,Mlabri,,,,mlab1235,2007,asher2007world,features,feature,map_047,"Map 47 Northern Thailand, Laos and Vietnam [37]",4001
3877,Mlomp,,,,mlom1238,2007,asher2007world,features,feature,map_108,"Map 108 Senegal, Gambia and Guinea Bissau [16]",4002
3878,Mmaala,,,,mmaa1238,2007,asher2007world,features,feature,map_092,Map 92 South-Western Cameroon [5a],4003
3879,Mmani,,,,bull1247,2007,asher2007world,features,feature,map_106,Map 106 Liberia and Sierra Leone [5],4004
3880,Mmem,,,,mmen1238,2007,asher2007world,features,feature,map_095,Map 95 South-Eastern Nigeria and Mid-Western Cameroon [42b],4005
3881,Mmetho,,,,makh1261,2007,asher2007world,features,feature,map_075,Map 75 Mozambique [17],4006
3882,Mo'ang,,,,maan1239,2007,asher2007world,features,feature,map_047,"Map 47 Northern Thailand, Laos and Vietnam [99]",4007
3883,Moba,,,,moba1244,2007,asher2007world,features,feature,map_102 map_103 map_104,Map 102 Benin and Togo [60]; Map 103 Ghana [56]; Map 104 Burkina Faso [33],4008
3884,Mobe,,,,ngab1239,traditional,asher2007world,features,feature,map_012,Map 12 Northern South America: Time of Contact [42],4009
3886,Mober,,,,,2007,asher2007world,features,feature,map_099,Map 99 Lake Chad Region [25],4011
3887,Mocha,,,,mech1243,2007,asher2007world,features,feature,map_072,Map 72 Sudan and the Horn of Africa [93],4012
3888,Mochika,,,,moch1259,traditional,asher2007world,features,feature,map_014,Map 14 Northern Pacific Coast: Time of Contact [192],4013
3889,Modang,,,,moda1244,2007,asher2007world,features,feature,map_041,"Map 41 Borneo and Madagascar [56, C]",4014
3890,Modele,,,,mode1249,2007,asher2007world,features,feature,map_095,Map 95 South-Eastern Nigeria and Mid-Western Cameroon [39a],4015
3891,Modole,,,,modo1249,2007,asher2007world,features,feature,map_037,Map 37 The Moluccas [64],4016
3892,Moere,,,,moer1240,2007,asher2007world,features,feature,map_033,Map 33 Northern Papua New Guinea [61],4017
3893,Moewehafen,,,,gimi1242,2007,asher2007world,features,feature,map_030,Map 30 New Britain and New Ireland [43],4018
3894,Mofu North,,,,nort3046,2007,asher2007world,features,feature,map_094,Map 94 Northern Cameroon [39a],4019
3895,Mofu South,,,,mofu1248,2007,asher2007world,features,feature,map_094,Map 94 Northern Cameroon [39b],4020
3896,Moghamo (Widekum),,,,mogh1246,2007,asher2007world,features,feature,map_093,Map 93 Central South-Western Cameroon [37],4021
3897,Mohave,,,,moha1256,traditional,asher2007world,features,feature,map_003,Map 3 South-Western North America: Time of Contact [49],4022
3899,Mohawk,,,,moha1258,traditional,asher2007world,features,feature,map_001,Map 1 East Coast and Great Lakes: Time of Contact [37],4024
3901,Mohegan-Pequot,,,,pequ1242,traditional,asher2007world,features,feature,map_001,Map 1 East Coast and Great Lakes: Time of Contact [27],4026
3902,Moho,,,,moxo1234,traditional,asher2007world,features,feature,map_020,Map 20 Central Pacific Coast: Time of Contact [116],4027
3903,Moi,,,,moii1235,2007,asher2007world,features,feature,map_034 map_037,Map 34 Irian Jaya [106]; Map 37 The Moluccas [55],4028
3904,Mok,,,,mokk1243,2007,asher2007world,features,feature,map_047,"Map 47 Northern Thailand, Laos and Vietnam [34]",4029
3905,Mok-Aria,,,,mouk1239,2007,asher2007world,features,feature,map_030,Map 30 New Britain and New Ireland [38],4030
3906,Moken,,,,moke1242,2007,asher2007world,features,feature,map_048,"Map 48 Southern Thailand, Laos and Vietnam, and Cambodia [9]",4031
3907,Mokerang,,,,moke1240,2007,asher2007world,features,feature,map_030,Map 30 New Britain and New Ireland [12],4032
3908,Mokiba,,,,moki1244,2007,asher2007world,features,feature,map_083 map_087,Map 83 Democratic Republic of Congo: Bas Congo and Southern Congo [68]; Map 87 Northern Congo and Southern Central African Republic [38],4033
3909,Moklen,,,,mokl1243,2007,asher2007world,features,feature,map_048,"Map 48 Southern Thailand, Laos and Vietnam, and Cambodia [10]",4034
3910,Mokovi,,,,moco1246,traditional,asher2007world,features,feature,map_022,Map 22 Southern South America: Time of Contact [263],4035
3912,Mokpwe,,,,mokp1239,2007,asher2007world,features,feature,map_092 map_093,Map 92 South-Western Cameroon [17]; Map 93 Central South-Western Cameroon [91],4037
3913,Moksha Mordvin,,,,moks1248,2007,asher2007world,features,feature,map_058,"Map 58 Western Russia, the Baltic States, Belarus, Ukraine and Moldova [23]",4038
3914,Mokulu,,,,muku1242,2007,asher2007world,features,feature,map_089 map_090,"Map 89 Central African Republic and South-Eastern Chad [84]; Map 90 Central African Republic, South-Western Chad and Cameroon [59]",4039
3915,Molala,,,,mola1238,traditional,asher2007world,features,feature,map_004,Map 4 California: Time of Contact [10],4040
3916,Molbog,,,,molb1237,2007,asher2007world,features,feature,map_040,Map 40 The Philippines [60],4041
3917,Moliba,,,,moli1246,2007,asher2007world,features,feature,map_082,Map 82 Democratic Republic of Congo: Equate [17],4042
3918,Molima,,,,moli1248,2007,asher2007world,features,feature,map_031,Map 31 South-Eastern Papua New Guinea [34],4043
3919,Molof,,,,molo1262,2007,asher2007world,features,feature,map_034,Map 34 Irian Jaya [82],4044
3920,Molokwo,,,,melo1244,2007,asher2007world,features,feature,map_094,Map 94 Northern Cameroon [30],4045
3921,Momare,,,,moma1243,2007,asher2007world,features,feature,map_032,Map 32 Southern Papua New Guinea [29],4046
3922,Mombo,,,,momb1254,2007,asher2007world,features,feature,map_104,Map 104 Burkina Faso [4c],4047
3923,Mombum,,,,nucl1452,2007,asher2007world,features,feature,map_034,Map 34 Irian Jaya [23],4048
3924,Mon,,,,monn1252,2007,asher2007world,features,feature,map_048 map_049,"Map 48 Southern Thailand, Laos and Vietnam, and Cambodia [25]; Map 49 Burma (Myanmar) [11]",4049 4050
3925,Mondropolon,,,,mond1265,2007,asher2007world,features,feature,map_030,Map 30 New Britain and New Ireland [8],4051
3927,Mongo,,,,mong1338,2007,asher2007world,features,feature,map_079 map_080 map_081 map_082 map_083 map_087,Map 79 Democratic Republic of Congo: Orienta [41]; Map 80 Democratic Republic of Congo: Kivu [4]; Map 81 Democratic Republic of Congo: Kasai [1]; Map 82 Democratic Republic of Congo: Equate [42]; Map 83 Democratic Republic of Congo: Bas Congo and Southern Congo [70]; Map 87 Northern Congo and Southern Central African Republic [44],4053 4054
3928,Mongol,,,,mong1348,2007,asher2007world,features,feature,map_033,Map 33 Northern Papua New Guinea [320],4055
3929,Moni,,,,moni1261,2007,asher2007world,features,feature,map_034,Map 34 Irian Jaya [51],4056
3930,Moni (Mwa(N)),,,,mwan1250,2007,asher2007world,features,feature,map_105,Map 105 Ivory Coast [81],4057
3931,Monja,,,,monj1234,2007,asher2007world,features,feature,map_080,Map 80 Democratic Republic of Congo: Kivu [71f],4058
3932,Mono,,,,mono1275,traditional,asher2007world,features,feature,map_004,Map 4 California: Time of Contact [92],4059
3933,Mono,,,,mono1270,2007,asher2007world,features,feature,map_082 map_089,Map 82 Democratic Republic of Congo: Equate [50]; Map 89 Central African Republic and South-Eastern Chad [23a],4060
3934,Mono,,,,mono1269,2007,asher2007world,features,feature,map_091,Map 91 Adamawa Region [23],4061
3935,Mono-Alu,,,,mono1273,2007,asher2007world,features,feature,map_029,Map 29 Solomon Islands and Bougainville [12],4062
3936,Monogoy,,,,mono1279,2007,asher2007world,features,feature,map_090 map_094,"Map 90 Central African Republic, South-Western Chad and Cameroon [65]; Map 94 Northern Cameroon [62]",4063
3937,Monom,,,,mono1268,2007,asher2007world,features,feature,map_048,"Map 48 Southern Thailand, Laos and Vietnam, and Cambodia [56]",4064
3938,"Monqui, Monquí-Didiú",,,,monq1236,traditional,asher2007world,features,feature,map_003,Map 3 South-Western North America: Time of Contact [70],4065
3939,Montagnais,,,,mont1268,traditional,asher2007world,features,feature,map_007,Map 7 Northern North America: Time of Contact [69],4066
3940,Montol,,,,mont1280,2007,asher2007world,features,feature,map_096 map_098,"Map 96 South Plateau, Nigeria [69]; Map 98 North-Eastern Nigeria [85]",4067
3941,Monumbo,,,,nucl1458,2007,asher2007world,features,feature,map_033,Map 33 Northern Papua New Guinea [268],4068
3942,Monzombo,,,,monz1249,2007,asher2007world,features,feature,map_082 map_087,Map 82 Democratic Republic of Congo: Equate [65]; Map 87 Northern Congo and Southern Central African Republic [76],4069
3943,Moore,,,,moss1236,2007,asher2007world,features,feature,map_104,Map 104 Burkina Faso [14],4070
3944,Mopwa,,,,mobw1234,2007,asher2007world,features,feature,map_049,Map 49 Burma (Myanmar) [31],4071
3945,Mopán,,,,mopa1243,traditional,asher2007world,features,feature,map_010,Map 10 Meso-America: Time of Contact [4],4072
3947,Mor,,,,morb1239,2007,asher2007world,features,feature,map_034,Map 34 Irian Jaya [57],4074
3948,Morafa,,,,asar1240,2007,asher2007world,features,feature,map_033,Map 33 Northern Papua New Guinea [133],4075
3949,Moraid,,,,mora1239,2007,asher2007world,features,feature,map_034,Map 34 Irian Jaya [107],4076
3950,Moraori,,,,moro1289,2007,asher2007world,features,feature,map_034,Map 34 Irian Jaya [93],4077
3951,Morawa,,,,mora1273,2007,asher2007world,features,feature,map_031,Map 31 South-Eastern Papua New Guinea [62],4078
3952,Moresada,,,,more1258,2007,asher2007world,features,feature,map_033,Map 33 Northern Papua New Guinea [4],4079
3953,Mori,,,,mori1268,2007,asher2007world,features,feature,map_039,Map 39 Sulawesi [37],4080
3954,Moriogi (Turama River Kivwaj),,,,mori1271,2007,asher2007world,features,feature,map_032,Map 32 Southern Papua New Guinea [159],4081
3955,Morouas,,,,moro1286,2007,asher2007world,features,feature,map_027,Map 27 Vanuatu and New Caledonia [40],4082
3956,Mortlockese,,,,mort1237,2007,asher2007world,features,feature,map_028,Map 28 Micronesia [10],4083
3957,Moru,,,,moru1253,2007,asher2007world,features,feature,map_072 map_079,Map 72 Sudan and the Horn of Africa [174]; Map 79 Democratic Republic of Congo: Orienta [65c],4084
3958,Moruba,,,,band1342,2007,asher2007world,features,feature,map_089 map_090,"Map 89 Central African Republic and South-Eastern Chad [12]; Map 90 Central African Republic, South-Western Chad and Cameroon [24]",4085 4086
3959,Morwap,,,,else1239,2007,asher2007world,features,feature,map_034,Map 34 Irian Jaya [103],4087
3960,Mosa,,,,ilwa1237,2007,asher2007world,features,feature,map_085,Map 85 Kenyan Coast [2b],4088
3961,Mosetén,,,,mose1249,traditional,asher2007world,features,feature,map_020,Map 20 Central Pacific Coast: Time of Contact [244a],4089
3963,Mosi-Gurma Ful,,,,,2007,asher2007world,features,feature,map_102 map_104,Map 102 Benin and Togo [M]; Map 104 Burkina Faso [M],4091
3964,Mosimo,,,,mosi1248,2007,asher2007world,features,feature,map_033,Map 33 Northern Papua New Guinea [98],4092
3965,Moso,,,,haaa1252,2007,asher2007world,features,feature,map_080,Map 80 Democratic Republic of Congo: Kivu [34c],4093
3966,"Moso [Naxi, Mongol]",,,,naxi1245,2007,asher2007world,features,feature,map_046,"Map 46 Yunnan Province, China [31]",4094
3967,Motembo,,,,temb1272,2007,asher2007world,features,feature,map_082 map_087,Map 82 Democratic Republic of Congo: Equate [33]; Map 87 Northern Congo and Southern Central African Republic [30],4095
3968,Motlav,,,,motl1238,2007,asher2007world,features,feature,map_027,Map 27 Vanuatu and New Caledonia [5],4096
3969,Motu,,,,motu1246,2007,asher2007world,features,feature,map_032,Map 32 Southern Papua New Guinea [234],4097
3970,"Mountain Arapesh (Bukiyip, Kavu)",,,,buki1249,2007,asher2007world,features,feature,map_033,Map 33 Northern Papua New Guinea [258],4098
3971,Mountain Koiari,,,,moun1252,2007,asher2007world,features,feature,map_031 map_032,Map 31 South-Eastern Papua New Guinea [49]; Map 32 Southern Papua New Guinea [127],4099
3972,Mountain Slavey,,,,moun1257,traditional,asher2007world,features,feature,map_007,Map 7 Northern North America: Time of Contact [32],4100
3974,Movima,,,,movi1243,traditional,asher2007world,features,feature,map_020,Map 20 Central Pacific Coast: Time of Contact [333],4102
3975,Mowea,,,,ngom1268,2007,asher2007world,features,feature,map_082,Map 82 Democratic Republic of Congo: Equate [34b],4103
3976,Moy,,,,moic1236,2007,asher2007world,features,feature,map_081 map_083,Map 81 Democratic Republic of Congo: Kasai [13]; Map 83 Democratic Republic of Congo: Bas Congo and Southern Congo [64],4104
3977,Moyoko,,,,njeb1242,2007,asher2007world,features,feature,map_083,Map 83 Democratic Republic of Congo: Bas Congo and Southern Congo [40a],4105
3978,Mozi,,,,sout2739,2007,asher2007world,features,feature,map_045,Map 45 China and Mongolia [110],4106
3979,Mpada,,,,mpad1242,2007,asher2007world,features,feature,map_090 map_099,"Map 90 Central African Republic, South-Western Chad and Cameroon [69]; Map 99 Lake Chad Region [4]",4107
3981,Mpama,,,,mpam1239,2007,asher2007world,features,feature,map_081,Map 81 Democratic Republic of Congo: Kasai [4a],4109
3982,Mpee,,,,kemp1234,2007,asher2007world,features,feature,map_081,Map 81 Democratic Republic of Congo: Kasai [10],4110
3983,Mpi,,,,mpii1239,2007,asher2007world,features,feature,map_047,"Map 47 Northern Thailand, Laos and Vietnam [94]",4111
3984,Mpiem(O),,,,mpie1238,2007,asher2007world,features,feature,map_087,Map 87 Northern Congo and Southern Central African Republic [53d],4112
3985,Mpo,,,,mpom1238,2007,asher2007world,features,feature,map_087,Map 87 Northern Congo and Southern Central African Republic [53],4113
3986,Mpoman,,,,mpom1238,2007,asher2007world,features,feature,map_087,Map 87 Northern Congo and Southern Central African Republic [53f],4114
3987,Mpondo,,,,mpon1252,2007,asher2007world,features,feature,map_074,Map 74 Southern Africa [4a],4115
3988,Mpongwe,,,,mpon1255,2007,asher2007world,features,feature,map_088,Map 88 Gabon and Equatorial Guinea [9],4116
3989,Mpopon,,,,mpon1254,2007,asher2007world,features,feature,map_087,Map 87 Northern Congo and Southern Central African Republic [53e],4117
3990,Mpoto,,,,mpot1240,2007,asher2007world,features,feature,map_075 map_076,Map 75 Mozambique [37]; Map 76 Southern Tanzania [63],4118
3991,Mpotovoro,,,,mpot1241,2007,asher2007world,features,feature,map_027,Map 27 Vanuatu and New Caledonia [89],4119
3992,Mputu,,,,,2007,asher2007world,features,feature,map_078 map_080 map_081,Map 78 Democratic Republic of Congo: Katang [22]; Map 80 Democratic Republic of Congo: Kivu [67]; Map 81 Democratic Republic of Congo: Kasai [71],4120
3993,Mru,,,,,2007,asher2007world,features,feature,map_049 map_051,"Map 49 Burma (Myanmar) [53]; Map 51 North-East India, Bangladesh, Bhutan and Nepal [153]",4121
3994,Mser,,,,mser1242,2007,asher2007world,features,feature,map_090 map_099,"Map 90 Central African Republic, South-Western Chad and Cameroon [70d]; Map 99 Lake Chad Region [6]",4122
3995,Mtang'ata,,,,mrim1238,2007,asher2007world,features,feature,map_076 map_085,Map 76 Southern Tanzania [1e]; Map 85 Kenyan Coast [1j],4123
3996,Mtshochen,,,,tsho1241,2007,asher2007world,features,feature,map_045,Map 45 China and Mongolia [96f],4124
3997,Muda [Hani],,,,muda1235,2007,asher2007world,features,feature,map_046,"Map 46 Yunnan Province, China [96]",4125
3999,Muelyama,,,,muel1234,traditional,asher2007world,features,feature,map_012,Map 12 Northern South America: Time of Contact [21],4127
4000,Mugil (Saker),,,,barg1252,2007,asher2007world,features,feature,map_033,Map 33 Northern Papua New Guinea [58],4128
4001,Muhisu [Yi],,,,sich1238,2007,asher2007world,features,feature,map_046,"Map 46 Yunnan Province, China [49]",4129
4002,Muji [Yi],,,,core1246,2007,asher2007world,features,feature,map_046,"Map 46 Yunnan Province, China [88]",4130
4003,Mujum,,,,nuju1238,2007,asher2007world,features,feature,map_093,Map 93 Central South-Western Cameroon [62h],4131
4005,Mukuchí-Maripú,,,,timo1237,traditional,asher2007world,features,feature,map_012,Map 12 Northern South America: Time of Contact [3],4133
4006,Mukulu,,,,muku1240,2007,asher2007world,features,feature,map_077,Map 77 Zambia [1b],4134
4007,Mulaha,,,,mula1254,2007,asher2007world,features,feature,map_032,Map 32 Southern Papua New Guinea [135],4135
4008,Mulam,,,,mula1253,2007,asher2007world,features,feature,map_045,Map 45 China and Mongolia [67],4136
4009,Mulao,,,,gela1264,2007,asher2007world,features,feature,map_045,Map 45 China and Mongolia [77],4137
4011,Mumbake,,,,nyon1241,2007,asher2007world,features,feature,map_098,Map 98 North-Eastern Nigeria [23],4139
4012,Mumeng,,,,mume1239,2007,asher2007world,features,feature,map_032,Map 32 Southern Papua New Guinea [219],4140
4013,Mumoni,,,,mumo1239,2007,asher2007world,features,feature,map_085,Map 85 Kenyan Coast [29c],4141
4014,Mumuye,,,,nucl1240,2007,asher2007world,features,feature,map_091 map_098,Map 91 Adamawa Region [20]; Map 98 North-Eastern Nigeria [27],4142
4015,Muna,,,,muna1247,2007,asher2007world,features,feature,map_039,Map 39 Sulawesi [52],4143
4016,Mundang,,,,mund1325,2007,asher2007world,features,feature,map_090 map_091 map_094,"Map 90 Central African Republic, South-Western Chad and Cameroon [14]; Map 91 Adamawa Region [33c]; Map 94 Northern Cameroon [2a]",4144
4017,Mundani,,,,mund1327,2007,asher2007world,features,feature,map_093,Map 93 Central South-Western Cameroon [39],4145
4018,Mundari,,,,mund1320,2007,asher2007world,features,feature,map_051 map_052,"Map 51 North-East India, Bangladesh, Bhutan and Nepal [201]; Map 52 Southern India and Sri Lanka [37]",4146 4147
4019,Mundat,,,,mund1334,2007,asher2007world,features,feature,map_096,"Map 96 South Plateau, Nigeria [75]",4148
4020,Mundu,,,,mund1326,2007,asher2007world,features,feature,map_079,Map 79 Democratic Republic of Congo: Orienta [49],4149
4021,Mundum,,,,mund1341,2007,asher2007world,features,feature,map_095,Map 95 South-Eastern Nigeria and Mid-Western Cameroon [54],4150
4022,Mundurukú,,,,mund1330,traditional,asher2007world,features,feature,map_016,Map 16 Western Brazil: Time of Contact [361],4151
4024,Munga,,,,ming1254,2007,asher2007world,features,feature,map_098,Map 98 North-Eastern Nigeria [15],4153
4025,Mungaka,,,,mung1266,2007,asher2007world,features,feature,map_093 map_095,Map 93 Central South-Western Cameroon [46]; Map 95 South-Eastern Nigeria and Mid-Western Cameroon [50],4154
4026,Munggui,,,,mung1269,2007,asher2007world,features,feature,map_034,Map 34 Irian Jaya [201],4155
4027,Munichi,,,,muni1258,traditional,asher2007world,features,feature,map_014,Map 14 Northern Pacific Coast: Time of Contact [164],4156
4029,Munit,,,,muni1257,2007,asher2007world,features,feature,map_033,Map 33 Northern Papua New Guinea [76],4158
4030,Muniwara (Tumara),,,,juwa1238,2007,asher2007world,features,feature,map_033,Map 33 Northern Papua New Guinea [262],4159
4031,Munji,,,,munj1244,2007,asher2007world,features,feature,map_053,"Map 53 Iran, Afghanistan and Pakistan [32]",4160
4032,Munjuk,,,,musg1254,2007,asher2007world,features,feature,map_090 map_094,"Map 90 Central African Republic, South-Western Chad and Cameroon [72]; Map 94 Northern Cameroon [57]",4161
4033,Munkip,,,,mung1272,2007,asher2007world,features,feature,map_032,Map 32 Southern Papua New Guinea [53],4162
4034,Munsee,,,,muns1251,traditional,asher2007world,features,feature,map_001,Map 1 East Coast and Great Lakes: Time of Contact [30],4163
4035,Munyo,,,,muny1242,2007,asher2007world,features,feature,map_085,Map 85 Kenyan Coast [43f],4164
4036,Muong,,,,muon1246,2007,asher2007world,features,feature,map_047,"Map 47 Northern Thailand, Laos and Vietnam [68]",4165
4038,Mura,,,,mura1273,traditional,asher2007world,features,feature,map_016,Map 16 Western Brazil: Time of Contact [251],4167
4039,Murang'a,,,,kiku1240,2007,asher2007world,features,feature,map_086,Map 86 Central East Africa [9e],4168
4040,Murik (Nor),,,,muri1260,2007,asher2007world,features,feature,map_033,Map 33 Northern Papua New Guinea [355],4169
4041,Murik Kayan,,,,muri1259,2007,asher2007world,features,feature,map_041,"Map 41 Borneo and Madagascar [55, B]",4170
4043,Murle,,,,murl1244,2007,asher2007world,features,feature,map_072,Map 72 Sudan and the Horn of Africa [123],4172
4044,Mursi,,,,murs1242,2007,asher2007world,features,feature,map_072,Map 72 Sudan and the Horn of Africa [128],4173
4045,Murui,,,,muru1274,traditional,asher2007world,features,feature,map_012,Map 12 Northern South America: Time of Contact [188],4174
4048,Murupi,,,,muru1273,2007,asher2007world,features,feature,map_033,Map 33 Northern Papua New Guinea [101],4177
4050,Musak,,,,musa1266,2007,asher2007world,features,feature,map_033,Map 33 Northern Papua New Guinea [11],4179
4051,Musar,,,,musa1265,2007,asher2007world,features,feature,map_033,Map 33 Northern Papua New Guinea [65],4180
4052,Musey,,,,muse1242,2007,asher2007world,features,feature,map_090 map_094,"Map 90 Central African Republic, South-Western Chad and Cameroon [63]; Map 94 Northern Cameroon [64]",4181
4053,Musgu,,,,musg1254,2007,asher2007world,features,feature,map_090 map_094,"Map 90 Central African Republic, South-Western Chad and Cameroon [71]; Map 94 Northern Cameroon [58]",4182
4054,Musian (Musa),,,,siaw1243,2007,asher2007world,features,feature,map_033,Map 33 Northern Papua New Guinea [370],4183
4055,Musom,,,,muso1238,2007,asher2007world,features,feature,map_032,Map 32 Southern Papua New Guinea [211],4184
4056,Muthambi,,,,muth1242,2007,asher2007world,features,feature,map_085,Map 85 Kenyan Coast [36b],4185
4057,Mutsun,,,,muts1243,traditional,asher2007world,features,feature,map_004,Map 4 California: Time of Contact [73],4186
4058,Mutu,,,,mutu1242,2007,asher2007world,features,feature,map_030 map_033,Map 30 New Britain and New Ireland [31]; Map 33 Northern Papua New Guinea [374],4187
4059,Mutum (Paswan),,,,bitu1242,2007,asher2007world,features,feature,map_032,Map 32 Southern Papua New Guinea [167],4188
4061,Muungo,,,,mung1265,2007,asher2007world,features,feature,map_092,Map 92 South-Western Cameroon [14b],4190
4062,Muure,,,,peer1242,2007,asher2007world,features,feature,map_091,Map 91 Adamawa Region [5b],4191
4063,Muxir,,,,muhe1234,2007,asher2007world,features,feature,map_072,Map 72 Sudan and the Horn of Africa [37],4192
4064,Muyang,,,,muya1243,2007,asher2007world,features,feature,map_094,Map 94 Northern Cameroon [29],4193
4065,Muyonzi,,,,beem1239,2007,asher2007world,features,feature,map_083,Map 83 Democratic Republic of Congo: Bas Congo and Southern Congo [13b],4194
4066,Muyuw,,,,muyu1244,2007,asher2007world,features,feature,map_031,Map 31 South-Eastern Papua New Guinea [46],4195
4067,Muţayr,,,,najd1235,2007,asher2007world,features,feature,map_070,Map 70 The Middle East and Arabian Peninsula [35],4196
4068,Mvano,,,,mvan1238,2007,asher2007world,features,feature,map_095,Map 95 South-Eastern Nigeria and Mid-Western Cameroon [66],4197
4069,Mvedere,,,,band1343,2007,asher2007world,features,feature,map_089,Map 89 Central African Republic and South-Eastern Chad [24],4198
4070,Mvele,,,,mbel1241,2007,asher2007world,features,feature,map_087 map_092 map_093,Map 87 Northern Congo and Southern Central African Republic [70i]; Map 92 South-Western Cameroon [40j]; Map 93 Central South-Western Cameroon [98d],4199
4071,Mveny,,,,,2007,asher2007world,features,feature,map_087 map_088,Map 87 Northern Congo and Southern Central African Republic [70h]; Map 88 Gabon and Equatorial Guinea [43a],4200
4072,Mvtwang,,,,mutw1238,2007,asher2007world,features,feature,map_049,Map 49 Burma (Myanmar) [18],4201
4073,Mvuba,,,,mvub1239,2007,asher2007world,features,feature,map_079,Map 79 Democratic Republic of Congo: Orienta [63c],4202
4074,Mvumbo,,,,mvum1238,2007,asher2007world,features,feature,map_088 map_092,Map 88 Gabon and Equatorial Guinea [37]; Map 92 South-Western Cameroon [31b],4203
4075,Mvumbu (Wuumu),,,,wumb1242,2007,asher2007world,features,feature,map_083,Map 83 Democratic Republic of Congo: Bas Congo and Southern Congo [29],4204
4076,Mwahed,,,,akoo1248,2007,asher2007world,features,feature,map_093,Map 93 Central South-Western Cameroon [88h],4205
4077,Mwali (Mohere),,,,mwal1237,2007,asher2007world,features,feature,map_075,Map 75 Mozambique [5],4206
4078,Mwaneko,,,,baka1273,2007,asher2007world,features,feature,map_093,Map 93 Central South-Western Cameroon [88g],4207
4079,Mwani,,,,mwan1247,2007,asher2007world,features,feature,map_075 map_076,Map 75 Mozambique [1]; Map 76 Southern Tanzania [1g],4208
4080,Mwatebu,,,,mwat1237,2007,asher2007world,features,feature,map_031,Map 31 South-Eastern Papua New Guinea [21],4209
4081,Mwele,,,,,2007,asher2007world,features,feature,map_083 map_088,Map 83 Democratic Republic of Congo: Bas Congo and Southern Congo [48]; Map 88 Gabon and Equatorial Guinea [30],4210
4082,Mwenshi,,,,,2007,asher2007world,features,feature,map_077,Map 77 Zambia [51],4211
4083,Mwera,,,,mwer1248,2007,asher2007world,features,feature,map_075 map_076,Map 75 Mozambique [7]; Map 76 Southern Tanzania [37],4212
4084,Mwimbi,,,,mwim1242,2007,asher2007world,features,feature,map_085,Map 85 Kenyan Coast [36a],4213
4085,Mwina,,,,poko1261,2007,asher2007world,features,feature,map_085,Map 85 Kenyan Coast [3g],4214
4086,Myangad,,,,ming1257,2007,asher2007world,features,feature,map_045,Map 45 China and Mongolia [NA],4215
4087,Mzab,,,,tumz1238,2007,asher2007world,features,feature,map_073,Map 73 North-West Africa [48],4216
4088,Mäsqän,,,,mesq1240,2007,asher2007world,features,feature,map_072,Map 72 Sudan and the Horn of Africa [38],4217
4089,Mískitu,,,,misk1235,traditional,asher2007world,features,feature,map_012,Map 12 Northern South America: Time of Contact [48],4218
4090,Môr,,,,morm1235,2007,asher2007world,features,feature,map_034,Map 34 Irian Jaya [185],4219
4091,M̅ēsēn,,,,mwes1235,2007,asher2007world,features,feature,map_027,Map 27 Vanuatu and New Caledonia [9],4220
4092,N'aym,,,,,2007,asher2007world,features,feature,map_070,Map 70 The Middle East and Arabian Peninsula [61],4221
4093,N(G)Hwele,,,,kwer1261,2007,asher2007world,features,feature,map_076 map_085,Map 76 Southern Tanzania [7]; Map 85 Kenyan Coast [18],4222
4094,N(H)Aro(N),,,,naro1249,2007,asher2007world,features,feature,map_074,Map 74 Southern Africa [52],4223
4095,N. Chin,,,,thad1238,2007,asher2007world,features,feature,map_051,"Map 51 North-East India, Bangladesh, Bhutan and Nepal [146]",4224
4096,Naath (Nuer),,,,nuer1246,2007,asher2007world,features,feature,map_072,Map 72 Sudan and the Horn of Africa [159],4225
4097,Naati,,,,nati1244,2007,asher2007world,features,feature,map_027,Map 27 Vanuatu and New Caledonia [66],4226
4098,Nabak,,,,naba1256,2007,asher2007world,features,feature,map_032,Map 32 Southern Papua New Guinea [49],4227
4100,Nabi,,,,kuri1260,2007,asher2007world,features,feature,map_034,Map 34 Irian Jaya [190],4229
4101,Nabit,,,,nabi1240,2007,asher2007world,features,feature,map_102 map_104,Map 102 Benin and Togo [65]; Map 104 Burkina Faso [20],4230
4103,Nafaanra,,,,nafa1258,2007,asher2007world,features,feature,map_103 map_105,Map 103 Ghana [82]; Map 105 Ivory Coast [59],4232
4104,Nafara,,,,ceba1235,2007,asher2007world,features,feature,map_104 map_105,Map 104 Burkina Faso [8b]; Map 105 Ivory Coast [60b],4233
4105,Nagatman,,,,yale1246,2007,asher2007world,features,feature,map_033,Map 33 Northern Papua New Guinea [373],4234
4106,Nage-Keo,,,,nage1237,2007,asher2007world,features,feature,map_038,Map 38 Lesser Sunda Islands and Timor [22],4235
4107,Nagovisi,,,,sibe1248,2007,asher2007world,features,feature,map_029,Map 29 Solomon Islands and Bougainville [76],4236
4108,Nagumi (Probably Extinct),,,,nagu1244,2007,asher2007world,features,feature,map_091,Map 91 Adamawa Region [51],4237
4109,Naha'ai,,,,malf1237,2007,asher2007world,features,feature,map_027,Map 27 Vanuatu and New Caledonia [68],4238
4110,Nahara,,,,enah1238,2007,asher2007world,features,feature,map_075,Map 75 Mozambique [13],4239
4111,Nahu,,,,iyoo1238,2007,asher2007world,features,feature,map_032 map_033,Map 32 Southern Papua New Guinea [75]; Map 33 Northern Papua New Guinea [141],4240
4113,Naisu [Yi],,,,wudi1239,2007,asher2007world,features,feature,map_046,"Map 46 Yunnan Province, China [53]",4242
4114,Naka'ela,,,,naka1263,2007,asher2007world,features,feature,map_037,Map 37 The Moluccas [17],4243
4116,Nakama,,,,naka1264,2007,asher2007world,features,feature,map_032,Map 32 Southern Papua New Guinea [52],4245
4117,Nakanai,,,,naka1262,2007,asher2007world,features,feature,map_030,Map 30 New Britain and New Ireland [73],4246
4118,Nakanamanga,,,,nort2836,2007,asher2007world,features,feature,map_027,Map 27 Vanuatu and New Caledonia [99],4247
4119,Nake,,,,nake1240,2007,asher2007world,features,feature,map_033,Map 33 Northern Papua New Guinea [93],4248
4120,Naki,,,,naki1238,2007,asher2007world,features,feature,map_095,Map 95 South-Eastern Nigeria and Mid-Western Cameroon [22],4249
4122,Nakrehé,,,,kren1239,traditional,asher2007world,features,feature,map_018,Map 18 Brazilian Atlantic Coast: Time of Contact [282],4251
4123,Nalca,,,,nalc1240,2007,asher2007world,features,feature,map_034,Map 34 Irian Jaya [61],4252
4124,Nali,,,,nali1245,2007,asher2007world,features,feature,map_030,Map 30 New Britain and New Ireland [21],4253
4125,Nalik,,,,nali1244,2007,asher2007world,features,feature,map_030,Map 30 New Britain and New Ireland [71],4254
4126,Nalu,,,,nalu1240,2007,asher2007world,features,feature,map_107 map_108,"Map 107 Guinea and Mali [3]; Map 108 Senegal, Gambia and Guinea Bissau [30]",4255
4127,Naluo [Yi],,,,nalu1239,2007,asher2007world,features,feature,map_046,"Map 46 Yunnan Province, China [75]",4256
4128,Nama-Damara,,,,nama1264,2007,asher2007world,features,feature,map_074 map_084,Map 74 Southern Africa [46]; Map 84 Angola [54],4257
4129,Namakir,,,,nama1268,2007,asher2007world,features,feature,map_027,Map 27 Vanuatu and New Caledonia [98],4258
4130,Naman,,,,litz1237,2007,asher2007world,features,feature,map_027,Map 27 Vanuatu and New Caledonia [82],4259
4131,Nambi,,,,nabi1239,2007,asher2007world,features,feature,map_033,Map 33 Northern Papua New Guinea [237],4260
4132,Nambu,,,,namb1293,2007,asher2007world,features,feature,map_032,Map 32 Southern Papua New Guinea [185],4261
4133,Namia,,,,nami1256,2007,asher2007world,features,feature,map_033,Map 33 Northern Papua New Guinea [284],4262
4134,Namonuito,,,,namo1247,2007,asher2007world,features,feature,map_028,Map 28 Micronesia [8],4263
4135,Namumi,,,,fasu1242,2007,asher2007world,features,feature,map_032,Map 32 Southern Papua New Guinea [100],4264
4136,Namuyi,,,,namu1246,2007,asher2007world,features,feature,map_045,Map 45 China and Mongolia [119],4265
4137,Nanay (Gold),,,,nana1257,2007,asher2007world,features,feature,map_055,Map 55 Eastern Siberia [12],4266
4138,Nande,,,,nand1264,2007,asher2007world,features,feature,map_079 map_080,Map 79 Democratic Republic of Congo: Orienta [7]; Map 80 Democratic Republic of Congo: Kivu [40d],4267
4139,Nandi,,,,nand1266,2007,asher2007world,features,feature,map_086,Map 86 Central East Africa [85],4268
4140,Nandu-Tari,,,,ahwa1235,2007,asher2007world,features,feature,map_096,"Map 96 South Plateau, Nigeria [35, A]",4269
4141,Nane,,,,eree1241,2007,asher2007world,features,feature,map_030,Map 30 New Britain and New Ireland [22],4270
4142,Nangam,,,,nang1261,2007,asher2007world,features,feature,map_104,Map 104 Burkina Faso [4h],4271
4143,Nankanse,,,,fare1241,2007,asher2007world,features,feature,map_104,Map 104 Burkina Faso [15],4272
4145,Nankina,,,,nank1250,2007,asher2007world,features,feature,map_032 map_033,Map 32 Southern Papua New Guinea [74]; Map 33 Northern Papua New Guinea [128],4274
4146,Nanticoke-Conoy,,,,nant1248,traditional,asher2007world,features,feature,map_001,Map 1 East Coast and Great Lakes: Time of Contact [32],4275
4147,Nanuni,,,,nanu1239,2007,asher2007world,features,feature,map_102 map_103 map_104,Map 102 Benin and Togo [7O]; Map 103 Ghana [50]; Map 104 Burkina Faso [25],4276
4148,Nao,,,,nayi1243,2007,asher2007world,features,feature,map_072,Map 72 Sudan and the Horn of Africa [98],4277
4149,Naolan,,,,naol1234,traditional,asher2007world,features,feature,map_003,Map 3 South-Western North America: Time of Contact [82],4278
4150,Napu,,,,napu1241,2007,asher2007world,features,feature,map_039,Map 39 Sulawesi [32],4279
4151,Nar,,,,narr1258,2007,asher2007world,features,feature,map_051,"Map 51 North-East India, Bangladesh, Bhutan and Nepal [19]",4280
4152,Nara,,,,nara1262,2007,asher2007world,features,feature,map_072,Map 72 Sudan and the Horn of Africa [132],4281
4153,Naraguta,,,,igut1238,2007,asher2007world,features,feature,map_096 map_097,"Map 96 South Plateau, Nigeria [5]; Map 97 North Plateau, Nigeria [48]",4282
4154,Narak,,,,nara1264,2007,asher2007world,features,feature,map_033,Map 33 Northern Papua New Guinea [157],4283
4156,Narango,,,,nara1263,2007,asher2007world,features,feature,map_027,Map 27 Vanuatu and New Caledonia [32],4285
4157,Narau,,,,nara1265,2007,asher2007world,features,feature,map_034,Map 34 Irian Jaya [86],4286
4159,Narom,,,,naro1251,2007,asher2007world,features,feature,map_041,Map 41 Borneo and Madagascar [38],4288
4160,Nasarian,,,,nasa1240,2007,asher2007world,features,feature,map_027,Map 27 Vanuatu and New Caledonia [64],4289
4161,Nasioi,,,,naas1242,2007,asher2007world,features,feature,map_029,Map 29 Solomon Islands and Bougainville [75],4290
4162,Naskapi,,,,nask1242,traditional,asher2007world,features,feature,map_007,Map 7 Northern North America: Time of Contact [68],4291
4163,Nasu [Yi],,,,wudi1238,2007,asher2007world,features,feature,map_046,"Map 46 Yunnan Province, China [52]",4292
4164,Nasvang,,,,nasv1234,2007,asher2007world,features,feature,map_027,Map 27 Vanuatu and New Caledonia [69],4293
4165,Nata,,,,nata1256,2007,asher2007world,features,feature,map_086,Map 86 Central East Africa [41],4294
4166,Natchez,,,,natc1249,traditional,asher2007world,features,feature,map_002,Map 2 South-Eastern North America: Time of Contact [39],4295
4167,Natioro,,,,nati1243,2007,asher2007world,features,feature,map_104 map_105,Map 104 Burkina Faso [10]; Map 105 Ivory Coast [65],4296
4168,Natri,,,,nafr1241,2007,asher2007world,features,feature,map_034,Map 34 Irian Jaya [121],4297
4169,Natú,,,,natu1248,traditional,asher2007world,features,feature,map_018,Map 18 Brazilian Atlantic Coast: Time of Contact [318],4298
4170,Naudem,,,,nawd1238,2007,asher2007world,features,feature,map_102 map_103 map_104,Map 102 Benin and Togo [62b]; Map 103 Ghana [62]; Map 104 Burkina Faso [27],4299
4171,Naueti,,,,naue1237,2007,asher2007world,features,feature,map_038,Map 38 Lesser Sunda Islands and Timor [59],4300
4172,Nauruan,,,,naur1243,2007,asher2007world,features,feature,map_028,Map 28 Micronesia [20],4301
4173,Navajo,,,,nava1243,traditional,asher2007world,features,feature,map_005,Map 5 The Great Plains: Time of Contact [39],4302
4175,Navava,,,,katb1237,2007,asher2007world,features,feature,map_027,Map 27 Vanuatu and New Caledonia [79],4304
4176,Navut,,,,navu1237,2007,asher2007world,features,feature,map_027,Map 27 Vanuatu and New Caledonia [42],4305
4177,Nawa,,,,azte1234,traditional,asher2007world,features,feature,map_010,Map 10 Meso-America: Time of Contact [59],4306
4178,Nawathinehena,,,,nawa1259,traditional,asher2007world,features,feature,map_005,Map 5 The Great Plains: Time of Contact [11],4307
4180,Nawuri,,,,nawu1242,2007,asher2007world,features,feature,map_102 map_103,Map 102 Benin and Togo [18]; Map 103 Ghana [15],4309
4181,Naxi [Naxi],,,,naxi1245,2007,asher2007world,features,feature,map_046,"Map 46 Yunnan Province, China [30]",4310
4182,Nazan [Yi],,,,talu1238,2007,asher2007world,features,feature,map_046,"Map 46 Yunnan Province, China [76]",4311
4183,Ncane,,,,nucl1415,2007,asher2007world,features,feature,map_095,Map 95 South-Eastern Nigeria and Mid-Western Cameroon [20],4312
4184,Ndai,,,,ndai1238,2007,asher2007world,features,feature,map_091,Map 91 Adamawa Region [25],4313
4185,Ndaka,,,,ndak1241,2007,asher2007world,features,feature,map_079,Map 79 Democratic Republic of Congo: Orienta [14],4314
4186,Ndali,,,,ndal1241,2007,asher2007world,features,feature,map_076,Map 76 Southern Tanzania [54],4315
4187,Ndam,,,,ndam1251,2007,asher2007world,features,feature,map_090,"Map 90 Central African Republic, South-Western Chad and Cameroon [49]",4316
4188,Ndamba,,,,ndam1239,2007,asher2007world,features,feature,map_076,Map 76 Southern Tanzania [32],4317
4189,Ndao,,,,dhao1237,2007,asher2007world,features,feature,map_038,Map 38 Lesser Sunda Islands and Timor [13],4318
4190,Ndasa,,,,ndas1238,2007,asher2007world,features,feature,map_083 map_088,Map 83 Democratic Republic of Congo: Bas Congo and Southern Congo [50]; Map 88 Gabon and Equatorial Guinea [32],4319
4191,Ndau,,,,pend1242,2007,asher2007world,features,feature,map_039,Map 39 Sulawesi [26],4320
4192,Ndau,,,,ndau1241,2007,asher2007world,features,feature,map_074 map_075,Map 74 Southern Africa [19]; Map 75 Mozambique [42a],4321
4193,Nde,,,,ndee1242,2007,asher2007world,features,feature,map_093 map_095,Map 93 Central South-Western Cameroon [27]; Map 95 South-Eastern Nigeria and Mid-Western Cameroon [29a],4322
4194,Ndebele,,,,nort2795,2007,asher2007world,features,feature,map_074 map_077,Map 74 Southern Africa [1]; Map 77 Zambia [60],4323 4324
4195,Ndembu,,,,kimb1241,2007,asher2007world,features,feature,map_084,Map 84 Angola [14],4325
4196,Ndemli,,,,ndem1249,2007,asher2007world,features,feature,map_092 map_093,"Map 92 South-Western Cameroon [3, F]; Map 93 Central South-Western Cameroon [34, D]",4326 4327
4197,Ndendeule,,,,nden1249,2007,asher2007world,features,feature,map_075 map_076,Map 75 Mozambique [8]; Map 76 Southern Tanzania [36],4328
4198,Ndengereko,,,,nden1248,2007,asher2007world,features,feature,map_076,Map 76 Southern Tanzania [28],4329
4199,Ndera,,,,nder1245,2007,asher2007world,features,feature,map_085,Map 85 Kenyan Coast [3a],4330
4200,Ndera,,,,koma1268,2007,asher2007world,features,feature,map_091 map_098,Map 91 Adamawa Region [11]; Map 98 North-Eastern Nigeria [25c],4331
4201,Ndi,,,,band1343,2007,asher2007world,features,feature,map_089,Map 89 Central African Republic and South-Eastern Chad [29],4332
4202,Ndibu,,,,yomb1244,2007,asher2007world,features,feature,map_084,Map 84 Angola [1e],4333
4203,Ndienga,,,,mbos1242,2007,asher2007world,features,feature,map_083,Map 83 Democratic Republic of Congo: Bas Congo and Southern Congo [34c],4334
4204,Ndingi,,,,ndin1244,2007,asher2007world,features,feature,map_083,Map 83 Democratic Republic of Congo: Bas Congo and Southern Congo [7],4335
4205,Ndo,,,,ndoo1242,2007,asher2007world,features,feature,map_079,Map 79 Democratic Republic of Congo: Orienta [63d],4336
4206,Ndobo,,,,ndob1238,2007,asher2007world,features,feature,map_082 map_087,Map 82 Democratic Republic of Congo: Equate [8]; Map 87 Northern Congo and Southern Central African Republic [12],4337
4207,Ndoe,,,,ndoe1238,2007,asher2007world,features,feature,map_093 map_095,Map 93 Central South-Western Cameroon [25]; Map 95 South-Eastern Nigeria and Mid-Western Cameroon [28],4338
4208,Ndokpa,,,,ndok1253,2007,asher2007world,features,feature,map_082 map_089,Map 82 Democratic Republic of Congo: Equate [55]; Map 89 Central African Republic and South-Eastern Chad [34],4339
4209,Ndolo,,,,ndol1238,2007,asher2007world,features,feature,map_082,Map 82 Democratic Republic of Congo: Equate [14],4340
4210,Ndom,,,,ndom1245,2007,asher2007world,features,feature,map_034,Map 34 Irian Jaya [92],4341
4211,Ndombe,,,,ndom1244,2007,asher2007world,features,feature,map_084,Map 84 Angola [28],4342
4212,Ndonde,,,,ndon1252,2007,asher2007world,features,feature,map_076,Map 76 Southern Tanzania [39],4343
4213,Ndonga,,,,ndon1254,2007,asher2007world,features,feature,map_084,Map 84 Angola [36b],4344
4214,Ndongo-Binza,,,,libi1244,2007,asher2007world,features,feature,map_082 map_087,Map 82 Democratic Republic of Congo: Equate [15]; Map 87 Northern Congo and Southern Central African Republic [18],4345
4215,Ndongona,,,,ndon1254,2007,asher2007world,features,feature,map_084,Map 84 Angola [29f],4346
4216,Ndoro,,,,ndoo1241,2007,asher2007world,features,feature,map_095,Map 95 South-Eastern Nigeria and Mid-Western Cameroon [67],4347
4218,Nduga,,,,ndug1245,2007,asher2007world,features,feature,map_034,Map 34 Irian Jaya [44],4349
4219,Nduindui,,,,ndui1237,2007,asher2007world,features,feature,map_027,Map 27 Vanuatu and New Caledonia [20],4350
4220,Nduke,,,,duke1237,2007,asher2007world,features,feature,map_029,Map 29 Solomon Islands and Bougainville [22],4351
4221,Ndura,,,,ndur1238,2007,asher2007world,features,feature,map_085,Map 85 Kenyan Coast [3d],4352
4222,Ndut,,,,ndut1239,2007,asher2007world,features,feature,map_108,"Map 108 Senegal, Gambia and Guinea Bissau [7]",4353
4223,Nduuvum,,,,nduv1238,2007,asher2007world,features,feature,map_091,Map 91 Adamawa Region [41c],4354
4224,Nedebang,,,,nede1245,2007,asher2007world,features,feature,map_038,Map 38 Lesser Sunda Islands and Timor [79],4355
4225,Nee,,,,neee1239,2007,asher2007world,features,feature,map_093,Map 93 Central South-Western Cameroon [63c],4356
4226,Negev Bedouin,,,,,2007,asher2007world,features,feature,map_070,Map 70 The Middle East and Arabian Peninsula [78],4357
4227,Nehan,,,,neha1247,2007,asher2007world,features,feature,map_029,Map 29 Solomon Islands and Bougainville [1],4358
4228,Nek,,,,nekk1240,2007,asher2007world,features,feature,map_032,Map 32 Southern Papua New Guinea [51],4359
4229,Nekgini,,,,nekg1240,2007,asher2007world,features,feature,map_033,Map 33 Northern Papua New Guinea [140],4360
4230,Neko,,,,neko1240,2007,asher2007world,features,feature,map_033,Map 33 Northern Papua New Guinea [139],4361
4231,Neku,,,,neku1237,2007,asher2007world,features,feature,map_027,Map 27 Vanuatu and New Caledonia [126],4362
4232,Nembe,,,,nemb1238,2007,asher2007world,features,feature,map_101,Map 101 South-Western Nigeria [4],4363
4233,Nemi,,,,nemi1240,2007,asher2007world,features,feature,map_027,Map 27 Vanuatu and New Caledonia [115],4364
4234,Nenaya,,,,nana1258,2007,asher2007world,features,feature,map_032,Map 32 Southern Papua New Guinea [226],4365
4235,Nenets (Yurak Samoyed),,,,nene1249,2007,asher2007world,features,feature,map_055 map_056 map_058,"Map 55 Eastern Siberia [17]; Map 56 Western Siberia [12]; Map 58 Western Russia, the Baltic States, Belarus, Ukraine and Moldova [17]",4366 4367 4368
4236,Nengone,,,,neng1238,2007,asher2007world,features,feature,map_027,Map 27 Vanuatu and New Caledonia [135],4369
4237,Nepali,,,,nepa1254,2007,asher2007world,features,feature,map_051,"Map 51 North-East India, Bangladesh, Bhutan and Nepal [159]",4370
4238,Nerë,,,,zire1240,2007,asher2007world,features,feature,map_027,Map 27 Vanuatu and New Caledonia [127],4371
4239,Nete,,,,nete1240,2007,asher2007world,features,feature,map_033,Map 33 Northern Papua New Guinea [164],4372
4240,Netherlandic,,,,dutc1256,2007,asher2007world,features,feature,map_064 map_065 map_069,"Map 64 The Nordic Countries [7]; Map 65 Germany, Austria, Liechtenstein and Switzerland [3]; Map 69 France, Belgium, the Netherlands and Luxembourg [10]",4373
4241,Neutral,,,,neut1237,traditional,asher2007world,features,feature,map_001,Map 1 East Coast and Great Lakes: Time of Contact [45],4374
4242,Neve'ei,,,,vinm1237,2007,asher2007world,features,feature,map_027,Map 27 Vanuatu and New Caledonia [81],4375
4243,Nevwervwer,,,,ling1265,2007,asher2007world,features,feature,map_027,Map 27 Vanuatu and New Caledonia [80],4376
4244,New Bargu (Barga),,,,barg1251,2007,asher2007world,features,feature,map_045,Map 45 China and Mongolia [26],4377
4245,New River Shasta,,,,newr1237,traditional,asher2007world,features,feature,map_004,Map 4 California: Time of Contact [37],4378
4246,New Xiang Dialect,,,,xian1251,2007,asher2007world,features,feature,map_045,Map 45 China and Mongolia [5b],4379
4247,Newari,,,,newa1246,2007,asher2007world,features,feature,map_051,"Map 51 North-East India, Bangladesh, Bhutan and Nepal [47]",4380
4248,Neyo,,,,neyo1238,2007,asher2007world,features,feature,map_105,Map 105 Ivory Coast [26b],4381
4249,Nez Perce,,,,nezp1238,traditional,asher2007world,features,feature,map_004,Map 4 California: Time of Contact [9],4382
4252,Ng'wande,,,,nort3192,2007,asher2007world,features,feature,map_091 map_095,Map 91 Adamawa Region [49]; Map 95 South-Eastern Nigeria and Mid-Western Cameroon [16],4385
4255,Ngabu,,,,band1343,2007,asher2007world,features,feature,map_079 map_089,Map 79 Democratic Republic of Congo: Orienta [56b]; Map 89 Central African Republic and South-Eastern Chad [15],4388
4256,Ngada,,,,ngad1261,2007,asher2007world,features,feature,map_038,Map 38 Lesser Sunda Islands and Timor [25],4389
4260,Ngaing,,,,ngai1241,2007,asher2007world,features,feature,map_033,Map 33 Northern Papua New Guinea [138],4393
4261,Ngaja,,,,band1343,2007,asher2007world,features,feature,map_089,Map 89 Central African Republic and South-Eastern Chad [26],4394
4262,"Ngala (Kara, Sogap)",,,,ngal1300,2007,asher2007world,features,feature,map_033,Map 33 Northern Papua New Guinea [290],4395
4266,Ngalum,,,,ngal1298,2007,asher2007world,features,feature,map_033 map_034,Map 33 Northern Papua New Guinea [179]; Map 34 Irian Jaya [7],4399
4267,Ngam(A),,,,ngam1269,2007,asher2007world,features,feature,map_089 map_090,"Map 89 Central African Republic and South-Eastern Chad [68]; Map 90 Central African Republic, South-Western Chad and Cameroon [41d]",4400
4268,Ngamambo,,,,ngam1267,2007,asher2007world,features,feature,map_093 map_095,Map 93 Central South-Western Cameroon [39a]; Map 95 South-Eastern Nigeria and Mid-Western Cameroon [40j],4401
4270,Ngambay,,,,ngam1268,2007,asher2007world,features,feature,map_090 map_091,"Map 90 Central African Republic, South-Western Chad and Cameroon [41g]; Map 91 Adamawa Region [72]",4403
4272,Ngamo,,,,ngam1282,2007,asher2007world,features,feature,map_100 map_098,Map 100 Northern Nigeria and Niger [3]; Map 98 North-Eastern Nigeria [78],4405
4273,Nganasan (Tavgi Samoyed),,,,ngan1291,2007,asher2007world,features,feature,map_055 map_056,Map 55 Eastern Siberia [19]; Map 56 Western Siberia [14],4406
4275,Ngando,,,,ngan1302,2007,asher2007world,features,feature,map_079 map_080 map_081,Map 79 Democratic Republic of Congo: Orienta [41a]; Map 80 Democratic Republic of Congo: Kivu [4a]; Map 81 Democratic Republic of Congo: Kasai [1r],4408
4276,Ngando,,,,ngan1308,2007,asher2007world,features,feature,map_079 map_080 map_081 map_082,Map 79 Democratic Republic of Congo: Orienta [41a]; Map 80 Democratic Republic of Congo: Kivu [4a]; Map 81 Democratic Republic of Congo: Kasai [1r]; Map 82 Democratic Republic of Congo: Equate [41],4409
4277,Ngando,,,,ngan1304,2007,asher2007world,features,feature,map_079 map_082 map_087,Map 79 Democratic Republic of Congo: Orienta [41a]; Map 82 Democratic Republic of Congo: Equate [41]; Map 87 Northern Congo and Southern Central African Republic [31],4410
4278,Ngangwela,,,,nyem1238,2007,asher2007world,features,feature,map_074 map_084,Map 74 Southern Africa [38]; Map 84 Angola [43],4411
4279,Nganjera,,,,ngan1300,2007,asher2007world,features,feature,map_084,Map 84 Angola [36j],4412
4281,Ngao,,,,band1345,2007,asher2007world,features,feature,map_089 map_090,"Map 89 Central African Republic and South-Eastern Chad [19]; Map 90 Central African Republic, South-Western Chad and Cameroon [26]",4414 4415
4282,Ngapu,,,,ngap1238,2007,asher2007world,features,feature,map_089,Map 89 Central African Republic and South-Eastern Chad [27],4416
4284,Ngare,,,,ngar1292,2007,asher2007world,features,feature,map_081 map_083 map_087,Map 81 Democratic Republic of Congo: Kasai [19]; Map 83 Democratic Republic of Congo: Bas Congo and Southern Congo [39]; Map 87 Northern Congo and Southern Central African Republic [39],4418
4293,Ngatana,,,,poko1261,2007,asher2007world,features,feature,map_085,Map 85 Kenyan Coast [3j],4427
4297,Ngazija,,,,ngaz1238,2007,asher2007world,features,feature,map_075,Map 75 Mozambique [2],4431
4298,Ngbaka,,,,ngba1284,2007,asher2007world,features,feature,map_087,Map 87 Northern Congo and Southern Central African Republic [78],4432
4299,Ngbaka-Baka,,,,baka1272,2007,asher2007world,features,feature,map_087,Map 87 Northern Congo and Southern Central African Republic [75],4433
4300,Ngbaka-Ma'bo,,,,ngba1284,2007,asher2007world,features,feature,map_082 map_087 map_089,Map 82 Democratic Republic of Congo: Equate [66]; Map 87 Northern Congo and Southern Central African Republic [74]; Map 89 Central African Republic and South-Eastern Chad [2],4434
4301,Ngbaka-Minangende,,,,ngba1285,2007,asher2007world,features,feature,map_082 map_087,Map 82 Democratic Republic of Congo: Equate [68]; Map 87 Northern Congo and Southern Central African Republic [86],4435
4302,Ngbandi,,,,ngba1280,2007,asher2007world,features,feature,map_079 map_082 map_087 map_089,Map 79 Democratic Republic of Congo: Orienta [53]; Map 82 Democratic Republic of Congo: Equate [44]; Map 87 Northern Congo and Southern Central African Republic [97]; Map 89 Central African Republic and South-Eastern Chad [43],4436 4437
4303,Ngbundu,,,,ngbu1241,2007,asher2007world,features,feature,map_082,Map 82 Democratic Republic of Congo: Equate [62],4438
4304,Ngele,,,,tete1250,2007,asher2007world,features,feature,map_080,Map 80 Democratic Republic of Congo: Kivu [71i],4439
4305,Ngende,,,,bush1247,2007,asher2007world,features,feature,map_081,Map 81 Democratic Republic of Congo: Kasai [50],4440
4307,Ngie,,,,ngie1242,2007,asher2007world,features,feature,map_093 map_095,Map 93 Central South-Western Cameroon [35]; Map 95 South-Eastern Nigeria and Mid-Western Cameroon [40f],4442
4308,Ngindo,,,,ngin1244,2007,asher2007world,features,feature,map_075 map_076,Map 75 Mozambique [6]; Map 76 Southern Tanzania [35],4443
4309,Ngishe,,,,ngos1238,2007,asher2007world,features,feature,map_095,Map 95 South-Eastern Nigeria and Mid-Western Cameroon [40d],4444
4310,Ngiti (Dru(Na)),,,,ngit1239,2007,asher2007world,features,feature,map_079,Map 79 Democratic Republic of Congo: Orienta [60b],4445
4311,Ngizim,,,,ngiz1242,2007,asher2007world,features,feature,map_100,Map 100 Northern Nigeria and Niger [10],4446
4313,Ngola,,,,ngol1246,2007,asher2007world,features,feature,map_084,Map 84 Angola [15],4448
4314,Ngoma,,,,ngom1266,2007,asher2007world,features,feature,map_077,Map 77 Zambia [1a],4449
4315,Ngomba,,,,ngom1272,2007,asher2007world,features,feature,map_093,Map 93 Central South-Western Cameroon [58],4450
4316,Ngombale,,,,ngom1271,2007,asher2007world,features,feature,map_093,Map 93 Central South-Western Cameroon [56],4451
4317,Ngombe,,,,ngom1268,2007,asher2007world,features,feature,map_082 map_087,Map 82 Democratic Republic of Congo: Equate [34]; Map 87 Northern Congo and Southern Central African Republic [27],4452
4318,Ngombe-Motembo,,,,temb1272,2007,asher2007world,features,feature,map_079 map_082 map_087,Map 79 Democratic Republic of Congo: Orienta [33]; Map 82 Democratic Republic of Congo: Equate [35]; Map 87 Northern Congo and Southern Central African Republic [28],4453
4319,Ngondi,,,,ngun1270,2007,asher2007world,features,feature,map_087,Map 87 Northern Congo and Southern Central African Republic [37],4454
4320,Ngong,,,,ngon1275,2007,asher2007world,features,feature,map_091,Map 91 Adamawa Region [52],4455
4321,Ngongo,,,,tete1250,2007,asher2007world,features,feature,map_080 map_081,Map 80 Democratic Republic of Congo: Kivu [75]; Map 81 Democratic Republic of Congo: Kasai [46],4456
4322,Ngoni,,,,ngon1269,2007,asher2007world,features,feature,map_075 map_076,Map 75 Mozambique [12]; Map 76 Southern Tanzania [61],4457
4323,Ngoni-Senga,,,,ngon1272,2007,asher2007world,features,feature,map_075 map_076 map_077,Map 75 Mozambique [26]; Map 76 Southern Tanzania [58]; Map 77 Zambia [19],4458 4459
4324,Ngoro,,,,ngor1243,2007,asher2007world,features,feature,map_092 map_093,Map 92 South-Western Cameroon [2a]; Map 93 Central South-Western Cameroon [19c],4460
4325,Ngqika,,,,gaik1241,2007,asher2007world,features,feature,map_074,Map 74 Southern Africa [4c],4461
4326,Ngubi,,,,ngub1239,2007,asher2007world,features,feature,map_088,Map 88 Gabon and Equatorial Guinea [13],4462
4328,Ngulu,,,,ngul1246,2007,asher2007world,features,feature,map_076 map_085,Map 76 Southern Tanzania [14]; Map 85 Kenyan Coast [21],4464
4330,Ngumbo,,,,ngum1254,2007,asher2007world,features,feature,map_077,Map 77 Zambia [3],4466
4333,Ngungwel,,,,ngun1272,2007,asher2007world,features,feature,map_081 map_083,Map 81 Democratic Republic of Congo: Kasai [26]; Map 83 Democratic Republic of Congo: Bas Congo and Southern Congo [25],4469
4334,Ngungwoni,,,,ngun1272,2007,asher2007world,features,feature,map_083,Map 83 Democratic Republic of Congo: Bas Congo and Southern Congo [59c],4470
4335,Nguon,,,,nguo1239,2007,asher2007world,features,feature,map_047,"Map 47 Northern Thailand, Laos and Vietnam [69]",4471
4338,Ngurimi,,,,ngur1263,2007,asher2007world,features,feature,map_086,Map 86 Central East Africa [50],4474
4341,Ngwa,,,,ngam1266,2007,asher2007world,features,feature,map_093,Map 93 Central South-Western Cameroon [64d],4477
4342,Ngwaketse,,,,ngwa1245,2007,asher2007world,features,feature,map_074,Map 74 Southern Africa [7f],4478
4343,Ngwane,,,,nort3192,2007,asher2007world,features,feature,map_091,Map 91 Adamawa Region [41a],4479
4344,Ngwaphyi (Nggwahyi),,,,nggw1242,2007,asher2007world,features,feature,map_094,Map 94 Northern Cameroon [10a],4480
4345,Ngwato,,,,ngwa1246,2007,asher2007world,features,feature,map_074,Map 74 Southern Africa [7b],4481
4346,Ngwe,,,,ngwe1238,2007,asher2007world,features,feature,map_093,Map 93 Central South-Western Cameroon [61],4482
4347,Ngweme,,,,koon1245,2007,asher2007world,features,feature,map_087,Map 87 Northern Congo and Southern Central African Republic [56b],4483
4348,Ngweshe,,,,shii1238,2007,asher2007world,features,feature,map_080,Map 80 Democratic Republic of Congo: Kivu [46b],4484
4349,Ngweshe (Gvoko),,,,gvok1239,2007,asher2007world,features,feature,map_094,Map 94 Northern Cameroon [21],4485
4350,Ngwo,,,,ngwo1241,2007,asher2007world,features,feature,map_095,Map 95 South-Eastern Nigeria and Mid-Western Cameroon [40c],4486
4351,Ngwoi,,,,hung1276,2007,asher2007world,features,feature,map_100 map_101,Map 100 Northern Nigeria and Niger [20b]; Map 101 South-Western Nigeria [47c],4487
4352,Ngyeboong,,,,ngie1241,2007,asher2007world,features,feature,map_093,Map 93 Central South-Western Cameroon [59],4488
4355,Nho,,,,ngoe1239,2007,asher2007world,features,feature,map_092 map_093,Map 92 South-Western Cameroon [27]; Map 93 Central South-Western Cameroon [86],4491
4357,Nias,,,,nias1242,2007,asher2007world,features,feature,map_043,Map 43 Sumatra [2],4493
4358,Nicola,,,,nico1265,traditional,asher2007world,features,feature,map_006,Map 6 North-Western Pacific America: Time of Contact [10],4494
4359,Niellim,,,,niel1243,2007,asher2007world,features,feature,map_089 map_090,"Map 89 Central African Republic and South-Eastern Chad [46]; Map 90 Central African Republic, South-Western Chad and Cameroon [2]",4495
4360,Niende,,,,mbel1240,2007,asher2007world,features,feature,map_102,Map 102 Benin and Togo [71a],4496
4361,Nigi,,,,nigi1240,2007,asher2007world,features,feature,map_093,Map 93 Central South-Western Cameroon [72],4497
4362,Nihali,,,,niha1238,2007,asher2007world,features,feature,map_054,Map 54 North-West India [82],4498
4363,Nii,,,,niii1240,2007,asher2007world,features,feature,map_032 map_033,Map 32 Southern Papua New Guinea [19]; Map 33 Northern Papua New Guinea [156],4499
4364,Nijoyame,,,,njan1240,2007,asher2007world,features,feature,map_091,Map 91 Adamawa Region [43],4500
4365,Nila-Serua,,,,nila1243,2007,asher2007world,features,feature,map_038,Map 38 Lesser Sunda Islands and Timor [55],4501
4366,Nimadi,,,,nima1243,2007,asher2007world,features,feature,map_054,Map 54 North-West India [62],4502
4368,Nimbari,,,,nimb1256,2007,asher2007world,features,feature,map_091,Map 91 Adamawa Region [19],4504
4369,Nimboran,,,,nucl1633,2007,asher2007world,features,feature,map_034,Map 34 Irian Jaya [159],4505
4370,Nimi,,,,nimi1240,2007,asher2007world,features,feature,map_032,Map 32 Southern Papua New Guinea [58],4506
4371,Nimo,,,,nimo1247,2007,asher2007world,features,feature,map_033,Map 33 Northern Papua New Guinea [218],4507
4372,Nimoa,,,,nimo1246,2007,asher2007world,features,feature,map_031,Map 31 South-Eastern Papua New Guinea [43],4508
4373,Ninam,,,,yano1266,traditional,asher2007world,features,feature,map_012,Map 12 Northern South America: Time of Contact [423],4509
4375,Ninde,,,,labo1244,2007,asher2007world,features,feature,map_027,Map 27 Vanuatu and New Caledonia [65],4511
4376,Nindem,,,,nind1241,2007,asher2007world,features,feature,map_096 map_097,"Map 96 South Plateau, Nigeria [21b]; Map 97 North Plateau, Nigeria [11b]",4512
4377,Ninggera,,,,ning1275,2007,asher2007world,features,feature,map_033,Map 33 Northern Papua New Guinea [206],4513
4378,Ninggirum,,,,ning1274,2007,asher2007world,features,feature,map_033 map_034,Map 33 Northern Papua New Guinea [172]; Map 34 Irian Jaya [5],4514
4379,Ningil,,,,ning1273,2007,asher2007world,features,feature,map_033,Map 33 Northern Papua New Guinea [232],4515
4380,Ninzam (Ninzo),,,,ninz1246,2007,asher2007world,features,feature,map_096,"Map 96 South Plateau, Nigeria [20]",4516
4381,Nioleien,,,,repa1237,2007,asher2007world,features,feature,map_027,Map 27 Vanuatu and New Caledonia [62],4517
4382,Nipsan,,,,nips1240,2007,asher2007world,features,feature,map_034,Map 34 Irian Jaya [60],4518
4383,Nisa,,,,nisa1239,2007,asher2007world,features,feature,map_034,Map 34 Irian Jaya [131],4519
4384,Nisenan,,,,nise1244,traditional,asher2007world,features,feature,map_004,Map 4 California: Time of Contact [48],4520
4385,Nisga'a,,,,nisg1240,traditional,asher2007world,features,feature,map_006,Map 6 North-Western Pacific America: Time of Contact [13],4521
4387,Nishi,,,,nisi1239,2007,asher2007world,features,feature,map_051,"Map 51 North-East India, Bangladesh, Bhutan and Nepal [94]",4523
4388,Nisu,,,,nisi1238,2007,asher2007world,features,feature,map_047,"Map 47 Northern Thailand, Laos and Vietnam [84]",4524
4389,Nisu [Yi],,,,nisu1237,2007,asher2007world,features,feature,map_046,"Map 46 Yunnan Province, China [61]",4525
4390,Nisvai,,,,nisv1234,2007,asher2007world,features,feature,map_027,Map 27 Vanuatu and New Caledonia [74],4526
4391,Nithi,,,,meru1245,2007,asher2007world,features,feature,map_072 map_085,Map 72 Sudan and the Horn of Africa [204]; Map 85 Kenyan Coast [36],4527
4392,Nitinaht,,,,diti1235,traditional,asher2007world,features,feature,map_006,Map 6 North-Western Pacific America: Time of Contact [44],4528
4393,Nivkh (Gilyak),,,,gily1242,2007,asher2007world,features,feature,map_055,Map 55 Eastern Siberia [29],4529
4394,Njem,,,,njye1238,2007,asher2007world,features,feature,map_087,Map 87 Northern Congo and Southern Central African Republic [56d],4530
4395,Njikun,,,,juku1254,2007,asher2007world,features,feature,map_095,Map 95 South-Eastern Nigeria and Mid-Western Cameroon [79c],4531
4396,Njinga,,,,njin1241,2007,asher2007world,features,feature,map_084,Map 84 Angola [20],4532
4397,Njinnju,,,,njin1242,2007,asher2007world,features,feature,map_083,Map 83 Democratic Republic of Congo: Bas Congo and Southern Congo [59a],4533
4398,Njoa-Poantu,,,,west2958,2007,asher2007world,features,feature,map_093,Map 93 Central South-Western Cameroon [63a],4534
4399,Nkangala,,,,nkan1238,2007,asher2007world,features,feature,map_084,Map 84 Angola [47],4535
4400,Nkem,,,,nkem1243,2007,asher2007world,features,feature,map_095,Map 95 South-Eastern Nigeria and Mid-Western Cameroon [32a],4536
4401,Nkoi,,,,tete1250,2007,asher2007world,features,feature,map_078 map_080,Map 78 Democratic Republic of Congo: Katang [2b]; Map 80 Democratic Republic of Congo: Kivu [71j],4537
4402,Nkombe,,,,nkom1239,2007,asher2007world,features,feature,map_080,Map 80 Democratic Republic of Congo: Kivu [71d],4538
4403,Nkomi,,,,nkom1238,2007,asher2007world,features,feature,map_088,Map 88 Gabon and Equatorial Guinea [7],4539
4404,Nkonya,,,,nkon1248,2007,asher2007world,features,feature,map_102 map_103,Map 102 Benin and Togo [17]; Map 103 Ghana [12],4540
4405,Nkore,,,,nyan1307,2007,asher2007world,features,feature,map_080,Map 80 Democratic Republic of Congo: Kivu [28],4541
4406,Nkoya,,,,nkoy1244,2007,asher2007world,features,feature,map_077,Map 77 Zambia [67],4542
4407,Nkuchu,,,,nkut1238,2007,asher2007world,features,feature,map_080 map_081,Map 80 Democratic Republic of Congo: Kivu [72]; Map 81 Democratic Republic of Congo: Kasai [48],4543
4408,Nkum,,,,nkum1250,2007,asher2007world,features,feature,map_095,Map 95 South-Eastern Nigeria and Mid-Western Cameroon [32b],4544
4409,Nkundo,,,,nkun1238,2007,asher2007world,features,feature,map_081,Map 81 Democratic Republic of Congo: Kasai [1n],4545
4410,Nkwen,,,,nkwe1238,2007,asher2007world,features,feature,map_093 map_095,Map 93 Central South-Western Cameroon [53]; Map 95 South-Eastern Nigeria and Mid-Western Cameroon [59],4546
4411,Nlaa,,,,mboc1235,2007,asher2007world,features,feature,map_093,Map 93 Central South-Western Cameroon [88b],4547
4412,Nle,,,,mboc1235,2007,asher2007world,features,feature,map_093,Map 93 Central South-Western Cameroon [88c],4548
4413,Nnakenyake,,,,samb1313,2007,asher2007world,features,feature,map_091 map_098,Map 91 Adamawa Region [47]; Map 98 North-Eastern Nigeria [53],4549
4414,Nnam,,,,nnam1238,2007,asher2007world,features,feature,map_095,Map 95 South-Eastern Nigeria and Mid-Western Cameroon [30],4550
4415,No(O)N,,,,noon1242,2007,asher2007world,features,feature,map_108,"Map 108 Senegal, Gambia and Guinea Bissau [6]",4551
4416,Noanamá,,,,woun1238,traditional,asher2007world,features,feature,map_012,Map 12 Northern South America: Time of Contact [7],4552
4418,Nobin,,,,nobi1240,2007,asher2007world,features,feature,map_072,Map 72 Sudan and the Horn of Africa [115],4554
4419,Nocte,,,,noct1238,2007,asher2007world,features,feature,map_049 map_051,"Map 49 Burma (Myanmar) [37]; Map 51 North-East India, Bangladesh, Bhutan and Nepal [121]",4555
4420,Nogai (Noghai),,,,noga1249,2007,asher2007world,features,feature,map_059,Map 59 The Caucasus [13],4556
4421,Nokamán,,,,noca1240,traditional,asher2007world,features,feature,map_014,Map 14 Northern Pacific Coast: Time of Contact [215],4557
4422,Nokopo,,,,noko1240,2007,asher2007world,features,feature,map_032 map_033,Map 32 Southern Papua New Guinea [72]; Map 33 Northern Papua New Guinea [124],4558
4423,Nokuku,,,,noku1237,2007,asher2007world,features,feature,map_027,Map 27 Vanuatu and New Caledonia [46],4559
4424,Nomad,,,,kubo1241,2007,asher2007world,features,feature,map_032 map_033,Map 32 Southern Papua New Guinea [81]; Map 33 Northern Papua New Guinea [183],4560
4425,Nomane,,,,noma1262,2007,asher2007world,features,feature,map_032,Map 32 Southern Papua New Guinea [17],4561
4426,Nomlaki,,,,noml1242,traditional,asher2007world,features,feature,map_004,Map 4 California: Time of Contact [44],4562
4427,Nomu,,,,nomu1240,2007,asher2007world,features,feature,map_032 map_033,Map 32 Southern Papua New Guinea [39]; Map 33 Northern Papua New Guinea [107],4563
4428,Nonda,,,,nond1239,2007,asher2007world,features,feature,map_080,Map 80 Democratic Republic of Congo: Kivu [61a],4564
4429,Noni,,,,noon1243,2007,asher2007world,features,feature,map_095,Map 95 South-Eastern Nigeria and Mid-Western Cameroon [21],4565
4430,Nonuya,,,,nonu1241,traditional,asher2007world,features,feature,map_012,Map 12 Northern South America: Time of Contact [187],4566
4432,Nooksack,,,,nook1247,traditional,asher2007world,features,feature,map_006,Map 6 North-Western Pacific America: Time of Contact [23],4568
4433,Nootka,,,,nuuc1236,traditional,asher2007world,features,feature,map_006,Map 6 North-Western Pacific America: Time of Contact [43],4569
4434,North Alaska Inupiak,,,,nort2943,traditional,asher2007world,features,feature,map_007,Map 7 Northern North America: Time of Contact [6],4570
4436,North Ambrym,,,,nort2839,2007,asher2007world,features,feature,map_027,Map 27 Vanuatu and New Caledonia [55],4572
4437,North Asmat,,,,nort2917,2007,asher2007world,features,feature,map_034,Map 34 Irian Jaya [28],4573
4438,North Binja,,,,nort2796,2007,asher2007world,features,feature,map_080,Map 80 Democratic Republic of Congo: Kivu [64a],4574
4439,North Emberá,,,,nort2972,traditional,asher2007world,features,feature,map_012,Map 12 Northern South America: Time of Contact [8b],4575
4441,North Etung,,,,nort2807,2007,asher2007world,features,feature,map_093,Map 93 Central South-Western Cameroon [23a],4577
4442,North Frisian,,,,nort2626,2007,asher2007world,features,feature,map_064 map_065,"Map 64 The Nordic Countries [8]; Map 65 Germany, Austria, Liechtenstein and Switzerland [5]",4578
4443,North Hemba,,,,hemb1242,2007,asher2007world,features,feature,map_078,Map 78 Democratic Republic of Congo: Katang [14a],4579
4444,North Idoma,,,,agat1236,2007,asher2007world,features,feature,map_101 map_096,"Map 101 South-Western Nigeria [60a]; Map 96 South Plateau, Nigeria [55a]",4580
4445,North Lebanon Dialects,,,,nort3140,2007,asher2007world,features,feature,map_070,Map 70 The Middle East and Arabian Peninsula [88],4581
4446,North Malaita,,,,toab1237,2007,asher2007world,features,feature,map_029,Map 29 Solomon Islands and Bougainville [45],4582
4447,North Ngalik,,,,nini1235,2007,asher2007world,features,feature,map_034,Map 34 Irian Jaya [42],4583
4448,North Ngom,,,,ngom1270,2007,asher2007world,features,feature,map_087,Map 87 Northern Congo and Southern Central African Republic [66],4584
4449,North Ntomba,,,,ntom1248,2007,asher2007world,features,feature,map_081,Map 81 Democratic Republic of Congo: Kasai [7a],4585
4450,North Samo,,,,maya1281,2007,asher2007world,features,feature,map_104,Map 104 Burkina Faso [84a],4586
4451,North Songye,,,,song1303,2007,asher2007world,features,feature,map_078,Map 78 Democratic Republic of Congo: Katang [18a],4587
4452,North Sotho,,,,pedi1238,2007,asher2007world,features,feature,map_074 map_075,Map 74 Southern Africa [5]; Map 75 Mozambique [50],4588
4453,North Syrian Dialects,,,,,2007,asher2007world,features,feature,map_070,Map 70 The Middle East and Arabian Peninsula [84],4589
4454,North Tanna,,,,nort2847,2007,asher2007world,features,feature,map_027,Map 27 Vanuatu and New Caledonia [105],4590
4455,North-Central Lebanon Dialects,,,,nort3141,2007,asher2007world,features,feature,map_070,Map 70 The Middle East and Arabian Peninsula [87],4591
4456,North-East Ambae,,,,east2443,2007,asher2007world,features,feature,map_027,Map 27 Vanuatu and New Caledonia [19],4592
4457,North-East Barito,,,,nort2888,2007,asher2007world,features,feature,map_041,Map 41 Borneo and Madagascar [1],4593
4458,North-Eastern Kiwai,,,,nort2930,2007,asher2007world,features,feature,map_032,Map 32 Southern Papua New Guinea [161],4594
4459,North-Eastern Mairasi,,,,nort2908,2007,asher2007world,features,feature,map_034,Map 34 Irian Jaya [126],4595
4460,Northeast Malay,,,,keda1251,2007,asher2007world,features,feature,map_048,"Map 48 Southern Thailand, Laos and Vietnam, and Cambodia [13]",4596
4461,Northeast Yoruba,,,,,2007,asher2007world,features,feature,map_101 map_102,Map 101 South-Western Nigeria [89]; Map 102 Benin and Togo [34],4597
4462,Northeastern Otomí,,,,east2737,traditional,asher2007world,features,feature,map_010,Map 10 Meso-America: Time of Contact [36a],4598
4463,Northeastern Pomo,,,,nort2967,traditional,asher2007world,features,feature,map_004,Map 4 California: Time of Contact [51],4599
4464,Northern (Minbei) Dialect,,,,minb1236,2007,asher2007world,features,feature,map_045,Map 45 China and Mongolia [11],4600
4465,Northern Algonquin,,,,algo1255,traditional,asher2007world,features,feature,map_007,Map 7 Northern North America: Time of Contact [73],4601
4466,Northern Alta,,,,nort2875,2007,asher2007world,features,feature,map_040,Map 40 The Philippines [23],4602
4467,Northern Bisaya,,,,saba1267,2007,asher2007world,features,feature,map_041,Map 41 Borneo and Madagascar [105],4603
4468,Northern Catanduanes Bikol,,,,nort2883,2007,asher2007world,features,feature,map_040,Map 40 The Philippines [65],4604
4469,Northern Central Kechua,,,,nort2980,traditional,asher2007world,features,feature,map_020,Map 20 Central Pacific Coast: Time of Contact [202],4605
4470,Northern Dialect,,,,mand1415,2007,asher2007world,features,feature,map_045 map_050,"Map 45 China and Mongolia [1]; Map 50 Japan, Korea and Taiwan [1]",4606
4471,Northern Gilbertese,,,,gilb1244,2007,asher2007world,features,feature,map_028,Map 28 Micronesia [19],4607
4472,Northern Kati,,,,nort2916,2007,asher2007world,features,feature,map_034,Map 34 Irian Jaya [2],4608
4473,Northern Khams,,,,nort2707,2007,asher2007world,features,feature,map_045,Map 45 China and Mongolia [87],4609
4475,"Northern Misteko, Northern Mixteco",,,,nort2986,traditional,asher2007world,features,feature,map_010,Map 10 Meso-America: Time of Contact [49b],4611
4476,Northern Nambikuara,,,,nort3153,traditional,asher2007world,features,feature,map_016,Map 16 Western Brazil: Time of Contact [329],4612
4479,"Northern Nawa, Northern Nahuatl",,,,huas1257,traditional,asher2007world,features,feature,map_010,Map 10 Meso-America: Time of Contact [59c],4615
4481,Northern Paiute-Bannock,,,,nort2954,traditional,asher2007world,features,feature,map_004 map_005,Map 4 California: Time of Contact [91]; Map 5 The Great Plains: Time of Contact [49],4617 4618
4483,Northern Pomo,,,,nort2966,traditional,asher2007world,features,feature,map_004,Map 4 California: Time of Contact [54],4621
4485,"Northern Popoloka, Northern Popoloca",,,,sanm1301,traditional,asher2007world,features,feature,map_010,Map 10 Meso-America: Time of Contact [45b],4623
4486,Northern Resígaro,,,,resi1247,traditional,asher2007world,features,feature,map_012,Map 12 Northern South America: Time of Contact [87],4624
4488,Northern Roglai,,,,nort2994,2007,asher2007world,features,feature,map_048,"Map 48 Southern Thailand, Laos and Vietnam, and Cambodia [4]",4626
4489,Northern Sama,,,,bala1311,2007,asher2007world,features,feature,map_040,Map 40 The Philippines [116],4627
4491,"Northern Sapoteko, Northern Zapoteco",,,,nort2987,traditional,asher2007world,features,feature,map_010,Map 10 Meso-America: Time of Contact [46a],4629
4492,Northern Shoshone,,,,nort2955,traditional,asher2007world,features,feature,map_005,Map 5 The Great Plains: Time of Contact [43],4630
4493,Northern Sierra Miwok,,,,nort2968,traditional,asher2007world,features,feature,map_004,Map 4 California: Time of Contact [63],4631
4494,Northern Somali,,,,soma1255,2007,asher2007world,features,feature,map_072,Map 72 Sudan and the Horn of Africa [55a],4632
4495,Northern Straits Salish,,,,stra1244,traditional,asher2007world,features,feature,map_006,Map 6 North-Western Pacific America: Time of Contact [24],4633
4496,Northern Subanen,,,,nort2885,2007,asher2007world,features,feature,map_040,Map 40 The Philippines [90],4634
4497,Northern Tepehuan,,,,nort2959,traditional,asher2007world,features,feature,map_003,Map 3 South-Western North America: Time of Contact [25],4635
4499,Northern Tutchone,,,,nort2941,traditional,asher2007world,features,feature,map_007,Map 7 Northern North America: Time of Contact [25],4637
4500,Northern Zhuang (Buyi),,,,bouy1240,2007,asher2007world,features,feature,map_045,Map 45 China and Mongolia [72],4638
4501,Northwest Gbaya,,,,nort2775,2007,asher2007world,features,feature,map_091,Map 91 Adamawa Region [38a],4639
4502,Northwest Malay,,,,,2007,asher2007world,features,feature,map_044 map_048,"Map 44 West Malaysia and Singapore [23]; Map 48 Southern Thailand, Laos and Vietnam, and Cambodia [12]",4640
4503,Northwestern Dialect,,,,mand1415,2007,asher2007world,features,feature,map_045,Map 45 China and Mongolia [3],4641
4504,Northwestern Otomí,,,,nort3201,traditional,asher2007world,features,feature,map_010,Map 10 Meso-America: Time of Contact [36b],4642
4505,Norwegian,,,,norw1258,2007,asher2007world,features,feature,map_064,Map 64 The Nordic Countries [2],4643
4506,Nosu [Yi],,,,sich1238,2007,asher2007world,features,feature,map_046,"Map 46 Yunnan Province, China [48]",4644
4507,Notsi,,,,nots1237,2007,asher2007world,features,feature,map_030,Map 30 New Britain and New Ireland [64],4645
4508,Nottoway,,,,nott1246,traditional,asher2007world,features,feature,map_001,Map 1 East Coast and Great Lakes: Time of Contact [48],4646
4509,Notu (Ewage),,,,ewag1241,2007,asher2007world,features,feature,map_031 map_032,Map 31 South-Eastern Papua New Guinea [82]; Map 32 Southern Papua New Guinea [149],4647 4648
4510,Nowola,,,,sout2796,2007,asher2007world,features,feature,map_105,Map 105 Ivory Coast [61b],4649
4511,Noy,,,,noyy1238,2007,asher2007world,features,feature,map_089 map_090,"Map 89 Central African Republic and South-Eastern Chad [53]; Map 90 Central African Republic, South-Western Chad and Cameroon [3]",4650 4651
4512,Nozaman,,,,maka1323,2007,asher2007world,features,feature,map_087 map_088,Map 87 Northern Congo and Southern Central African Republic [58]; Map 88 Gabon and Equatorial Guinea [42],4652
4514,Nsari,,,,nsar1238,2007,asher2007world,features,feature,map_095,Map 95 South-Eastern Nigeria and Mid-Western Cameroon [19],4654
4515,Nsenga,,,,nsen1242,2007,asher2007world,features,feature,map_075 map_077,Map 75 Mozambique [33]; Map 77 Zambia [20b],4655
4516,Nsinseke,,,,boma1251,2007,asher2007world,features,feature,map_083,Map 83 Democratic Republic of Congo: Bas Congo and Southern Congo [59b],4656
4517,Nsongo,,,,mong1338,2007,asher2007world,features,feature,map_081 map_082,Map 81 Democratic Republic of Congo: Kasai [1c]; Map 82 Democratic Republic of Congo: Equate [42b],4657
4518,Nsose,,,,nswa1234,2007,asher2007world,features,feature,map_093,Map 93 Central South-Western Cameroon [85],4658
4519,Nsundi,,,,cisu1234,2007,asher2007world,features,feature,map_084,Map 84 Angola [3],4659
4520,Nta,,,,ntaa1242,2007,asher2007world,features,feature,map_095,Map 95 South-Eastern Nigeria and Mid-Western Cameroon [29c],4660
4521,Ntandu,,,,east2782,2007,asher2007world,features,feature,map_081 map_083 map_084,Map 81 Democratic Republic of Congo: Kasai [56]; Map 83 Democratic Republic of Congo: Bas Congo and Southern Congo [2]; Map 84 Angola [4],4661
4522,Ntenyi (Meluri),,,,poch1243,2007,asher2007world,features,feature,map_051,"Map 51 North-East India, Bangladesh, Bhutan and Nepal [129]",4662
4523,Ntsiaki,,,,beem1239,2007,asher2007world,features,feature,map_083,Map 83 Democratic Republic of Congo: Bas Congo and Southern Congo [13a],4663
4524,Ntsotso,,,,yaka1269,2007,asher2007world,features,feature,map_084,Map 84 Angola [7],4664
4525,Ntumu,,,,ntum1238,2007,asher2007world,features,feature,map_088 map_092,Map 88 Gabon and Equatorial Guinea [43d]; Map 92 South-Western Cameroon [40c],4665
4526,Nuaheun,,,,nyah1249,2007,asher2007world,features,feature,map_048,"Map 48 Southern Thailand, Laos and Vietnam, and Cambodia [45]",4666
4527,Nuaulu,,,,nuau1240,2007,asher2007world,features,feature,map_037,Map 37 The Moluccas [24],4667
4528,Nubri,,,,nubr1243,2007,asher2007world,features,feature,map_051,"Map 51 North-East India, Bangladesh, Bhutan and Nepal [21]",4668
4529,Nudoo(Ng),,,,nudo1238,2007,asher2007world,features,feature,map_093,Map 93 Central South-Western Cameroon [19b],4669
4530,Nujum,,,,nuju1238,2007,asher2007world,features,feature,map_093,Map 93 Central South-Western Cameroon [19a],4670
4531,Nuk,,,,nukk1240,2007,asher2007world,features,feature,map_032,Map 32 Southern Papua New Guinea [50],4671
4532,Nukumanu,,,,nuku1258,2007,asher2007world,features,feature,map_026 map_029,Map 26 Polynesia [23]; Map 29 Solomon Islands and Bougainville [66],4672
4534,Nukuoro,,,,nuku1260,2007,asher2007world,features,feature,map_026 map_028,Map 26 Polynesia [27]; Map 28 Micronesia [21],4674
4535,Numaand,,,,noma1260,2007,asher2007world,features,feature,map_093,Map 93 Central South-Western Cameroon [73],4675
4536,Numana-Gwantu,,,,gban1261,2007,asher2007world,features,feature,map_096,"Map 96 South Plateau, Nigeria [22]",4676
4537,Numanggang,,,,numa1254,2007,asher2007world,features,feature,map_032,Map 32 Southern Papua New Guinea [56],4677
4538,Numbami (Siboma),,,,numb1247,2007,asher2007world,features,feature,map_032,Map 32 Southern Papua New Guinea [222],4678
4539,Nume,,,,nume1241,2007,asher2007world,features,feature,map_027,Map 27 Vanuatu and New Caledonia [11],4679
4540,Numèè,,,,nume1242,2007,asher2007world,features,feature,map_027,Map 27 Vanuatu and New Caledonia [132],4680
4541,Nung Ven,,,,ennn1243,2007,asher2007world,features,feature,map_047,"Map 47 Northern Thailand, Laos and Vietnam [8]",4681
4544,Nungu,,,,nung1292,2007,asher2007world,features,feature,map_096,"Map 96 South Plateau, Nigeria [25]",4684
4545,Nungunu,,,,nugu1242,2007,asher2007world,features,feature,map_092 map_093,Map 92 South-Western Cameroon [12]; Map 93 Central South-Western Cameroon [75],4685
4546,Nuni,,,,nuni1253,2007,asher2007world,features,feature,map_104 map_105,Map 104 Burkina Faso [44]; Map 105 Ivory Coast [41],4686
4547,Nuno,,,,kaur1268,2007,asher2007world,features,feature,map_097,"Map 97 North Plateau, Nigeria [38]",4687
4548,Nunu,,,,boba1252,2007,asher2007world,features,feature,map_081 map_083,Map 81 Democratic Republic of Congo: Kasai [12]; Map 83 Democratic Republic of Congo: Bas Congo and Southern Congo [61],4688
4550,Nupe Tako,,,,nupe1254,2007,asher2007world,features,feature,map_101,Map 101 South-Western Nigeria [58],4690
4551,Nusalaut,,,,nusa1245,2007,asher2007world,features,feature,map_037,Map 37 The Moluccas [12],4691
4552,Nusu [Nu],,,,nusu1239,2007,asher2007world,features,feature,map_046,"Map 46 Yunnan Province, China [45]",4692
4553,Nutata,,,,nuka1243,2007,asher2007world,features,feature,map_092,Map 92 South-Western Cameroon [5b],4693
4554,Nuyangbe,,,,nuya1234,2007,asher2007world,features,feature,map_092,Map 92 South-Western Cameroon [5c],4694
4555,Nwa(N) / Wan,,,,wann1242,2007,asher2007world,features,feature,map_105,Map 105 Ivory Coast [79],4695
4556,Nyabo,,,,nyab1254,2007,asher2007world,features,feature,map_105,Map 105 Ivory Coast [30],4696
4557,Nyabwa,,,,nyab1255,2007,asher2007world,features,feature,map_105,Map 105 Ivory Coast [31b],4697
4558,Nyahkur,,,,nyah1250,2007,asher2007world,features,feature,map_047 map_048,"Map 47 Northern Thailand, Laos and Vietnam [27]; Map 48 Southern Thailand, Laos and Vietnam, and Cambodia [26]",4698 4699
4559,Nyakyusa,,,,nyak1261,2007,asher2007world,features,feature,map_076 map_077,Map 76 Southern Tanzania [55]; Map 77 Zambia [16],4700
4560,Nyala,,,,nyal1253,2007,asher2007world,features,feature,map_071 map_072,Map 71 North-East Africa [84]; Map 72 Sudan and the Horn of Africa [142],4701
4561,Nyala,,,,east2409,2007,asher2007world,features,feature,map_086,Map 86 Central East Africa [29],4702
4562,Nyali,,,,nyal1250,2007,asher2007world,features,feature,map_079,Map 79 Democratic Republic of Congo: Orienta [12],4703
4563,Nyam,,,,bhot1235,2007,asher2007world,features,feature,map_054,Map 54 North-West India [8],4704
4565,Nyambo,,,,nyam1277,2007,asher2007world,features,feature,map_080,Map 80 Democratic Republic of Congo: Kivu [27],4706
4566,Nyamwezi,,,,nyam1276,2007,asher2007world,features,feature,map_076 map_078 map_080 map_086,Map 76 Southern Tanzania [19]; Map 78 Democratic Republic of Congo: Katang [36]; Map 80 Democratic Republic of Congo: Kivu [51]; Map 86 Central East Africa [16],4707
4567,Nyan(Y)Eka,,,,nyan1305,2007,asher2007world,features,feature,map_084,Map 84 Angola [29d],4708
4568,Nyanga,,,,nyan1304,2007,asher2007world,features,feature,map_079 map_080,Map 79 Democratic Republic of Congo: Orienta [1a]; Map 80 Democratic Republic of Congo: Kivu [26],4709
4569,Nyanga,,,,nyaa1242,2007,asher2007world,features,feature,map_083,Map 83 Democratic Republic of Congo: Bas Congo and Southern Congo [4],4710
4572,Nyangatom,,,,nyan1315,2007,asher2007world,features,feature,map_072,Map 72 Sudan and the Horn of Africa [168],4713
4575,Nyanja,,,,nyan1308,2007,asher2007world,features,feature,map_075,Map 75 Mozambique [20],4716
4576,Nyarafolo(Ro),,,,nyar1245,2007,asher2007world,features,feature,map_104 map_105,Map 104 Burkina Faso [8a]; Map 105 Ivory Coast [60a],4717
4577,Nyasa,,,,mwer1247,2007,asher2007world,features,feature,map_076,Map 76 Southern Tanzania [59b],4718
4579,Nyengo,,,,nyen1257,2007,asher2007world,features,feature,map_074 map_077,Map 74 Southern Africa [36]; Map 77 Zambia [63],4720
4580,Nyenkha,,,,nyen1254,2007,asher2007world,features,feature,map_051,"Map 51 North-East India, Bangladesh, Bhutan and Nepal [36]",4721
4581,Nyep,,,,east2862,2007,asher2007world,features,feature,map_093,Map 93 Central South-Western Cameroon [64a],4722
4582,Nyeri,,,,kiku1240,2007,asher2007world,features,feature,map_086,Map 86 Central East Africa [9d],4723
4584,Nyiha,,,,mboz1234,2007,asher2007world,features,feature,map_075 map_076 map_077 map_078,Map 75 Mozambique [24]; Map 76 Southern Tanzania [51]; Map 77 Zambia [14]; Map 78 Democratic Republic of Congo: Katang [33],4725 4726
4585,Nyimang,,,,nyim1244,2007,asher2007world,features,feature,map_071 map_072,Map 71 North-East Africa [85]; Map 72 Sudan and the Horn of Africa [143],4727
4586,Nyindu,,,,nyin1248,2007,asher2007world,features,feature,map_080,Map 80 Democratic Republic of Congo: Kivu [44],4728
4587,Nyiramba,,,,nila1242,2007,asher2007world,features,feature,map_086,Map 86 Central East Africa [20],4729
4588,Nyisu [Yi],,,,,2007,asher2007world,features,feature,map_046,"Map 46 Yunnan Province, China [51]",4730
4590,Nyo'o,,,,nyok1243,2007,asher2007world,features,feature,map_093,Map 93 Central South-Western Cameroon [67],4732
4591,Nyole (Nyuli),,,,nyol1238,2007,asher2007world,features,feature,map_086,Map 86 Central East Africa [39],4733
4592,Nyore,,,,nyor1244,2007,asher2007world,features,feature,map_086,Map 86 Central East Africa [35i],4734
4593,Nyoro,,,,nyor1246,2007,asher2007world,features,feature,map_079 map_086,Map 79 Democratic Republic of Congo: Orienta [3]; Map 86 Central East Africa [28],4735
4595,Nyungwe,,,,nyun1248,2007,asher2007world,features,feature,map_074 map_075 map_077,Map 74 Southern Africa [23]; Map 75 Mozambique [30]; Map 77 Zambia [20a],4737
4596,Nzadi,,,,nzad1234,2007,asher2007world,features,feature,map_081,Map 81 Democratic Republic of Congo: Kasai [65],4738
4597,Nzanda,,,,kuny1238,2007,asher2007world,features,feature,map_083,Map 83 Democratic Republic of Congo: Bas Congo and Southern Congo [15c],4739
4598,Nzanyi,,,,nzan1240,2007,asher2007world,features,feature,map_094,Map 94 Northern Cameroon [54],4740
4599,Nzebi,,,,njeb1242,2007,asher2007world,features,feature,map_083 map_088,Map 83 Democratic Republic of Congo: Bas Congo and Southern Congo [40]; Map 88 Gabon and Equatorial Guinea [45],4741
4600,Nzema,,,,nzim1238,2007,asher2007world,features,feature,map_103 map_105,Map 103 Ghana [7]; Map 105 Ivory Coast [17],4742
4601,Nzime,,,,nzim1239,2007,asher2007world,features,feature,map_087,Map 87 Northern Congo and Southern Central African Republic [56c],4743
4602,Nzwani (Njwani),,,,ndzw1235,2007,asher2007world,features,feature,map_075,Map 75 Mozambique [3],4744
4603,Obang,,,,oban1246,2007,asher2007world,features,feature,map_093,Map 93 Central South-Western Cameroon [22b],4745
4604,Obanliku,,,,oban1244,2007,asher2007world,features,feature,map_095,Map 95 South-Eastern Nigeria and Mid-Western Cameroon [73g],4746
4605,Obispeño,,,,obis1242,traditional,asher2007world,features,feature,map_004,Map 4 California: Time of Contact [84],4747
4606,Oblo,,,,oblo1238,2007,asher2007world,features,feature,map_091,Map 91 Adamawa Region [35],4748
4607,Obo Manobo,,,,obom1235,2007,asher2007world,features,feature,map_040,Map 40 The Philippines [108],4749
4608,Obolo,,,,obol1243,2007,asher2007world,features,feature,map_101,Map 101 South-Western Nigeria [21],4750
4609,Obronuagum,,,,ogbr1243,2007,asher2007world,features,feature,map_101,Map 101 South-Western Nigeria [11],4751
4610,Obulom,,,,obul1238,2007,asher2007world,features,feature,map_101,Map 101 South-Western Nigeria [13],4752
4611,Odual,,,,odua1238,2007,asher2007world,features,feature,map_101,Map 101 South-Western Nigeria [8b],4753
4612,Odut,,,,odut1238,2007,asher2007world,features,feature,map_093,Map 93 Central South-Western Cameroon [8],4754
4613,Ofayé,,,,ofay1240,traditional,asher2007world,features,feature,map_018,Map 18 Brazilian Atlantic Coast: Time of Contact [308],4755
4615,Ofo,,,,ofoo1242,traditional,asher2007world,features,feature,map_002,Map 2 South-Eastern North America: Time of Contact [9],4757
4616,Ogbah,,,,ogba1241,2007,asher2007world,features,feature,map_101,Map 101 South-Western Nigeria [85c],4758
4617,Ogbogolo,,,,ogbo1242,2007,asher2007world,features,feature,map_101,Map 101 South-Western Nigeria [12],4759
4618,Ogori-Magongo (Oko),,,,okoo1245,2007,asher2007world,features,feature,map_101,Map 101 South-Western Nigeria [59],4760
4619,Oirata,,,,oira1263,2007,asher2007world,features,feature,map_038,Map 38 Lesser Sunda Islands and Timor [64],4761
4620,Okaina,,,,ocai1244,traditional,asher2007world,features,feature,map_012,Map 12 Northern South America: Time of Contact [186],4762
4622,Okak,,,,fang1246,2007,asher2007world,features,feature,map_087,Map 87 Northern Congo and Southern Central African Republic [70e],4764
4623,Okanagan,,,,okan1243,traditional,asher2007world,features,feature,map_006,Map 6 North-Western Pacific America: Time of Contact [31],4765
4625,Okobo,,,,okob1241,2007,asher2007world,features,feature,map_101 map_093,Map 101 South-Western Nigeria [24]; Map 93 Central South-Western Cameroon [5],4767
4626,Okpahmeri,,,,okpa1238,2007,asher2007world,features,feature,map_101,Map 101 South-Western Nigeria [75],4768
4627,Okpe,,,,okpe1250,2007,asher2007world,features,feature,map_101,Map 101 South-Western Nigeria [63e],4769
4628,Okpe-Idesa-Oloma,,,,okpe1251,2007,asher2007world,features,feature,map_101,Map 101 South-Western Nigeria [74],4770
4629,Okrika (Kirike),,,,kiri1254,2007,asher2007world,features,feature,map_101,Map 101 South-Western Nigeria [2a],4771
4630,Oksapmin,,,,oksa1245,2007,asher2007world,features,feature,map_033,Map 33 Northern Papua New Guinea [145],4772
4631,Okwanuchu,,,,okwa1235,traditional,asher2007world,features,feature,map_004,Map 4 California: Time of Contact [38],4773
4632,Old Algonquin,,,,algo1255,traditional,asher2007world,features,feature,map_007,Map 7 Northern North America: Time of Contact [78],4774
4633,Old Bargu (Barga),,,,barg1251,2007,asher2007world,features,feature,map_045,Map 45 China and Mongolia [27],4775
4634,Old Xiang Dialect,,,,xian1251,2007,asher2007world,features,feature,map_045,Map 45 China and Mongolia [5a],4776
4635,Olee,,,,mbos1242,2007,asher2007world,features,feature,map_083,Map 83 Democratic Republic of Congo: Bas Congo and Southern Congo [34b],4777
4636,Olikha Monpa,,,,olek1239,2007,asher2007world,features,feature,map_051,"Map 51 North-East India, Bangladesh, Bhutan and Nepal [32]",4778
4638,Olo (Wapi),,,,wapi1251,2007,asher2007world,features,feature,map_033,Map 33 Northern Papua New Guinea [226],4780
4639,Olobiri,,,,oloi1238,2007,asher2007world,features,feature,map_101,Map 101 South-Western Nigeria [10b],4781
4641,"Oluta Mijean, Oluteko, Oluta Popoluc",,,,olut1240,traditional,asher2007world,features,feature,map_010,Map 10 Meso-America: Time of Contact [26],4783
4642,Omaha,,,,omah1248,traditional,asher2007world,features,feature,map_005,Map 5 The Great Plains: Time of Contact [25],4784
4644,Omambala Igbo,,,,nucl1417,2007,asher2007world,features,feature,map_101,Map 101 South-Western Nigeria [79],4786
4645,Omanī Dialects,,,,oman1239,2007,asher2007world,features,feature,map_070,Map 70 The Middle East and Arabian Peninsula [75],4787
4646,Omati(Mini),,,,bari1298,2007,asher2007world,features,feature,map_032,Map 32 Southern Papua New Guinea [172],4788
4648,Ombo,,,,ombo1238,2007,asher2007world,features,feature,map_080,Map 80 Democratic Republic of Congo: Kivu [3],4790
4649,Omurano,,,,omur1241,traditional,asher2007world,features,feature,map_014,Map 14 Northern Pacific Coast: Time of Contact [180],4791
4650,Omvang,,,,omva1238,2007,asher2007world,features,feature,map_087,Map 87 Northern Congo and Southern Central African Republic [70d],4792
4651,Ona,,,,onaa1245,traditional,asher2007world,features,feature,map_022,Map 22 Southern South America: Time of Contact [246a],4793
4652,Onabasulu,,,,onob1238,2007,asher2007world,features,feature,map_032,Map 32 Southern Papua New Guinea [85],4794
4653,One,,,,nort2907,2007,asher2007world,features,feature,map_033,Map 33 Northern Papua New Guinea [222],4795
4654,Oneida,,,,onei1249,traditional,asher2007world,features,feature,map_001,Map 1 East Coast and Great Lakes: Time of Contact [38],4796
4655,Ong (Yir),,,,ongg1239,2007,asher2007world,features,feature,map_048,"Map 48 Southern Thailand, Laos and Vietnam, and Cambodia [40]",4797
4656,Ong-Yir,,,,ongg1239,2007,asher2007world,features,feature,map_047,"Map 47 Northern Thailand, Laos and Vietnam [53]",4798
4657,Onicha,,,,onit1238,2007,asher2007world,features,feature,map_101,Map 101 South-Western Nigeria [80],4799
4658,Onin,,,,onin1245,2007,asher2007world,features,feature,map_034 map_037,Map 34 Irian Jaya [216]; Map 37 The Moluccas [52],4800
4659,Onjob,,,,onjo1240,2007,asher2007world,features,feature,map_031,Map 31 South-Eastern Papua New Guinea [71],4801
4660,Ono,,,,onoo1246,2007,asher2007world,features,feature,map_032 map_033,Map 32 Southern Papua New Guinea [38]; Map 33 Northern Papua New Guinea [106],4802
4661,Onondaga,,,,onon1246,traditional,asher2007world,features,feature,map_001,Map 1 East Coast and Great Lakes: Time of Contact [39],4803
4662,Opao,,,,opao1240,2007,asher2007world,features,feature,map_032,Map 32 Southern Papua New Guinea [179],4804
4663,Opón-Karare,,,,opon1234,traditional,asher2007world,features,feature,map_012,Map 12 Northern South America: Time of Contact [381],4805
4664,Ora-Emai-Ialeha,,,,emai1241,2007,asher2007world,features,feature,map_101,Map 101 South-Western Nigeria [70],4806
4665,Orang Hulu,,,,jaku1244,2007,asher2007world,features,feature,map_044,Map 44 West Malaysia and Singapore [20],4807
4666,Orang Kanaq,,,,oran1258,2007,asher2007world,features,feature,map_044,Map 44 West Malaysia and Singapore [21],4808
4667,Orang Laut,,,,lonc1237,2007,asher2007world,features,feature,map_043,Map 43 Sumatra [15],4809
4668,Orang Seletar,,,,oran1259,2007,asher2007world,features,feature,map_044,Map 44 West Malaysia and Singapore [22],4810
4669,Ordos,,,,ordo1245,2007,asher2007world,features,feature,map_045,Map 45 China and Mongolia [22],4811
4670,Oriya,,,,oriy1255,2007,asher2007world,features,feature,map_051 map_052,"Map 51 North-East India, Bangladesh, Bhutan and Nepal [184]; Map 52 Southern India and Sri Lanka [16]",4812
4671,Orma,,,,orma1241,2007,asher2007world,features,feature,map_072 map_085,Map 72 Sudan and the Horn of Africa [53m]; Map 85 Kenyan Coast [43g],4813
4672,Ormu,,,,ormu1248,2007,asher2007world,features,feature,map_034,Map 34 Irian Jaya [180],4814
4673,Ormuri (Bargista),,,,ormu1247,2007,asher2007world,features,feature,map_053,"Map 53 Iran, Afghanistan and Pakistan [25]",4815
4674,Oro,,,,oroo1241,2007,asher2007world,features,feature,map_101 map_093,Map 101 South-Western Nigeria [23]; Map 93 Central South-Western Cameroon [4],4816
4675,Oroch,,,,oroc1248,2007,asher2007world,features,feature,map_055,Map 55 Eastern Siberia [16],4817
4676,Oroha,,,,oroh1237,2007,asher2007world,features,feature,map_029,Map 29 Solomon Islands and Bougainville [52],4818
4677,Orokaiva,,,,orok1269,2007,asher2007world,features,feature,map_031 map_032,Map 31 South-Eastern Papua New Guinea [80]; Map 32 Southern Papua New Guinea [147],4819
4678,Orokolo,,,,orok1267,2007,asher2007world,features,feature,map_032,Map 32 Southern Papua New Guinea [181],4820
4679,Oroqen,,,,oroq1238,2007,asher2007world,features,feature,map_045,Map 45 China and Mongolia [50],4821
4680,Oroshori,,,,oros1238,2007,asher2007world,features,feature,map_057,Map 57 Central Asia [7],4822
4682,Orowari,,,,wari1267,traditional,asher2007world,features,feature,map_020,Map 20 Central Pacific Coast: Time of Contact [66],4824
4683,Orowe,,,,orow1242,2007,asher2007world,features,feature,map_027,Map 27 Vanuatu and New Caledonia [125],4825
4684,Osage,,,,osag1243,traditional,asher2007world,features,feature,map_005,Map 5 The Great Plains: Time of Contact [27],4826
4686,Oshun,,,,yoru1244,2007,asher2007world,features,feature,map_102,Map 102 Benin and Togo [30a],4828
4687,Osimili Igbo,,,,nucl1417,2007,asher2007world,features,feature,map_101,Map 101 South-Western Nigeria [81],4829
4688,Ososo,,,,osos1238,2007,asher2007world,features,feature,map_101,Map 101 South-Western Nigeria [69],4830
4689,Ossetian,,,,osse1243,2007,asher2007world,features,feature,map_059,Map 59 The Caucasus [6],4831
4690,Osum,,,,utar1238,2007,asher2007world,features,feature,map_033,Map 33 Northern Papua New Guinea [3],4832
4691,Otank,,,,otan1238,2007,asher2007world,features,feature,map_095,Map 95 South-Eastern Nigeria and Mid-Western Cameroon [2],4833
4692,Other Malayic Dayak,,,,mala1480,2007,asher2007world,features,feature,map_041,"Map 41 Borneo and Madagascar [15, A]",4834
4693,Otomako,,,,otom1301,traditional,asher2007world,features,feature,map_012,Map 12 Northern South America: Time of Contact [55],4835
4694,Otomí,,,,otom1300,traditional,asher2007world,features,feature,map_010,Map 10 Meso-America: Time of Contact [36],4836
4696,Ottawa,,,,otta1242,traditional,asher2007world,features,feature,map_007,Map 7 Northern North America: Time of Contact [77],4838
4697,Otuké,,,,otuk1240,traditional,asher2007world,features,feature,map_018,Map 18 Brazilian Atlantic Coast: Time of Contact [280],4839
4698,Oujiang Dialect,,,,ouji1238,2007,asher2007world,features,feature,map_045,Map 45 China and Mongolia [7b],4840
4699,Ouma,,,,ouma1237,2007,asher2007world,features,feature,map_031,"Map 31 South-Eastern Papua New Guinea [40, E]",4841
4700,Ovambo,,,,ndon1253,2007,asher2007world,features,feature,map_074 map_084,Map 74 Southern Africa [42]; Map 84 Angola [36],4842
4701,Owena (Waisara),,,,owen1244,2007,asher2007world,features,feature,map_032,"Map 32 Southern Papua New Guinea [7, B]",4843
4702,Owere,,,,ower1238,2007,asher2007world,features,feature,map_101,Map 101 South-Western Nigeria [83b],4844
4703,Owiniga,,,,owin1240,2007,asher2007world,features,feature,map_033,Map 33 Northern Papua New Guinea [219],4845
4704,Oyda,,,,oyda1235,2007,asher2007world,features,feature,map_072,Map 72 Sudan and the Horn of Africa [80],4846
4705,Oyo,,,,oyoo1238,2007,asher2007world,features,feature,map_102,Map 102 Benin and Togo [30b],4847
4706,Oyuba,,,,ajum1239,2007,asher2007world,features,feature,map_088,Map 88 Gabon and Equatorial Guinea [5],4848
4707,Pa,,,,pare1271,2007,asher2007world,features,feature,map_032 map_033,Map 32 Southern Papua New Guinea [93]; Map 33 Northern Papua New Guinea [188],4849
4708,Pa,,,,peii1238,2007,asher2007world,features,feature,map_033,Map 33 Northern Papua New Guinea [314],4850
4709,Pa'a,,,,paaa1242,2007,asher2007world,features,feature,map_097,"Map 97 North Plateau, Nigeria [78]",4851
4710,Pa'no,,,,dugu1248,2007,asher2007world,features,feature,map_091,Map 91 Adamawa Region [3],4852
4711,Pa-O,,,,paok1235,2007,asher2007world,features,feature,map_049,Map 49 Burma (Myanmar) [20],4853
4712,Paama,,,,paam1238,2007,asher2007world,features,feature,map_027,Map 27 Vanuatu and New Caledonia [60],4854
4713,Pabir,,,,pabi1240,2007,asher2007world,features,feature,map_098,Map 98 North-Eastern Nigeria [104a],4855
4714,Pacific Yupik,,,,paci1278,traditional,asher2007world,features,feature,map_007,Map 7 Northern North America: Time of Contact [3],4856
4716,Pacoh,,,,paco1243,2007,asher2007world,features,feature,map_047,"Map 47 Northern Thailand, Laos and Vietnam [48]",4858
4717,Padari,,,,pada1256,2007,asher2007world,features,feature,map_054,Map 54 North-West India [35],4859
4718,Padogho,,,,kaan1246,2007,asher2007world,features,feature,map_104 map_105,Map 104 Burkina Faso [58]; Map 105 Ivory Coast [46],4860
4719,Paes,,,,paez1247,traditional,asher2007world,features,feature,map_012,Map 12 Northern South America: Time of Contact [15],4861
4721,Pagi (Pagei),,,,pagi1244,2007,asher2007world,features,feature,map_033,Map 33 Northern Papua New Guinea [208],4863
4722,Pagu,,,,pagu1249,2007,asher2007world,features,feature,map_037,Map 37 The Moluccas [65],4864
4723,Pahi,,,,pahi1246,2007,asher2007world,features,feature,map_033,Map 33 Northern Papua New Guinea [281],4865
4724,Pai,,,,paii1250,2007,asher2007world,features,feature,map_074,Map 74 Southern Africa [5e],4866
4725,Paicî,,,,paic1239,2007,asher2007world,features,feature,map_027,Map 27 Vanuatu and New Caledonia [121],4867
4727,"Paipai, Pai'pai",,,,paip1241,traditional,asher2007world,features,feature,map_003,Map 3 South-Western North America: Time of Contact [45],4869
4728,Paiwan,,,,paiw1248,2007,asher2007world,features,feature,map_050,"Map 50 Japan, Korea and Taiwan [10]",4870
4729,Pajade,,,,bady1239,2007,asher2007world,features,feature,map_108,"Map 108 Senegal, Gambia and Guinea Bissau [29]",4871
4730,Pak Tay,,,,,2007,asher2007world,features,feature,map_044 map_048,"Map 44 West Malaysia and Singapore [14]; Map 48 Southern Thailand, Laos and Vietnam, and Cambodia [21]",4872
4731,Pak Tay,,,,sout2746,2007,asher2007world,features,feature,map_048,"Map 48 Southern Thailand, Laos and Vietnam, and Cambodia [21]",4873
4732,Pak/Tong,,,,pakt1239,2007,asher2007world,features,feature,map_030,Map 30 New Britain and New Ireland [24],4874
4733,Paka,,,,niks1238,2007,asher2007world,features,feature,map_033,Map 33 Northern Papua New Guinea [299],4875
4734,Pakan,,,,buga1247,2007,asher2007world,features,feature,map_045,Map 45 China and Mongolia [81],4876
4736,Pakawara,,,,paca1246,traditional,asher2007world,features,feature,map_014,Map 14 Northern Pacific Coast: Time of Contact [233],4878
4738,Paku,,,,paku1238,2007,asher2007world,features,feature,map_049,Map 49 Burma (Myanmar) [32],4880
4739,Palaka,,,,pala1342,2007,asher2007world,features,feature,map_105,Map 105 Ivory Coast [58],4881
4740,Palamul,,,,raja1258,2007,asher2007world,features,feature,map_034 map_037,Map 34 Irian Jaya [210]; Map 37 The Moluccas [47],4882
4741,Palauan,,,,pala1344,2007,asher2007world,features,feature,map_028,Map 28 Micronesia [24],4883
4742,Palaung,,,,pala1336,2007,asher2007world,features,feature,map_049,Map 49 Burma (Myanmar) [6],4884
4743,Palaweño,,,,nucl1738,2007,asher2007world,features,feature,map_040,Map 40 The Philippines [59],4885
4744,Pale,,,,ruch1235,2007,asher2007world,features,feature,map_046,"Map 46 Yunnan Province, China [5]",4886
4745,Palewyami,,,,pale1254,traditional,asher2007world,features,feature,map_004,Map 4 California: Time of Contact [78],4887
4746,Palikur,,,,pali1279,traditional,asher2007world,features,feature,map_012,Map 12 Northern South America: Time of Contact [107a],4888
4749,Palmela,,,,palm1241,traditional,asher2007world,features,feature,map_016,Map 16 Western Brazil: Time of Contact [419],4891
4750,Palor,,,,palo1243,2007,asher2007world,features,feature,map_108,"Map 108 Senegal, Gambia and Guinea Bissau [8]",4892
4751,Palpa,,,,palp1242,2007,asher2007world,features,feature,map_051,"Map 51 North-East India, Bangladesh, Bhutan and Nepal [160]",4893
4752,Palu'e,,,,palu1252,2007,asher2007world,features,feature,map_038,Map 38 Lesser Sunda Islands and Timor [27],4894
4753,Paluan,,,,palu1253,2007,asher2007world,features,feature,map_041,Map 41 Borneo and Madagascar [84],4895
4754,Palyu,,,,boly1239,2007,asher2007world,features,feature,map_045,Map 45 China and Mongolia [82],4896
4755,Pam,,,,pamm1242,2007,asher2007world,features,feature,map_091,Map 91 Adamawa Region [26],4897
4756,Pambia,,,,pamb1243,2007,asher2007world,features,feature,map_079,Map 79 Democratic Republic of Congo: Orienta [45],4898
4757,"Pame, Pamean",,,,pame1260,traditional,asher2007world,features,feature,map_010,Map 10 Meso-America: Time of Contact [34],4899
4758,Pamiwa,,,,tini1245,traditional,asher2007world,features,feature,map_012,Map 12 Northern South America: Time of Contact [53],4900
4760,Pamona,,,,pamo1252,2007,asher2007world,features,feature,map_039,Map 39 Sulawesi [35],4902
4761,Pamplona Atta,,,,pamp1244,2007,asher2007world,features,feature,map_040,Map 40 The Philippines [13],4903
4762,Pana,,,,pana1295,2007,asher2007world,features,feature,map_104,Map 104 Burkina Faso [41],4904
4763,Pana,,,,pana1293,2007,asher2007world,features,feature,map_090,"Map 90 Central African Republic, South-Western Chad and Cameroon [17]",4905
4764,Panamint,,,,pana1305,traditional,asher2007world,features,feature,map_004,Map 4 California: Time of Contact [95],4906
4765,Panare,,,,enap1235,traditional,asher2007world,features,feature,map_012,Map 12 Northern South America: Time of Contact [421],4907
4767,Pande,,,,pand1264,2007,asher2007world,features,feature,map_087,Map 87 Northern Congo and Southern Central African Republic [36],4909
4768,Pangasinan,,,,pang1290,2007,asher2007world,features,feature,map_040,Map 40 The Philippines [32],4910
4769,Pangkumu,,,,rere1240,2007,asher2007world,features,feature,map_027,Map 27 Vanuatu and New Caledonia [77],4911
4770,Pangwa,,,,pang1287,2007,asher2007world,features,feature,map_076,Map 76 Southern Tanzania [44],4912
4771,Pangwali,,,,pang1282,2007,asher2007world,features,feature,map_054,Map 54 North-West India [37],4913
4772,Panim,,,,pani1258,2007,asher2007world,features,feature,map_033,Map 33 Northern Papua New Guinea [80],4914
4773,Pankararú,,,,pank1250,traditional,asher2007world,features,feature,map_018,Map 18 Brazilian Atlantic Coast: Time of Contact [317],4915
4775,Pano,,,,pano1255,traditional,asher2007world,features,feature,map_014,Map 14 Northern Pacific Coast: Time of Contact [217],4917
4776,Pansaleo,,,,panz1235,traditional,asher2007world,features,feature,map_012,Map 12 Northern South America: Time of Contact [16],4918
4777,Panyam,,,,pany1242,2007,asher2007world,features,feature,map_098,Map 98 North-Eastern Nigeria [20],4919
4779,Papapana,,,,papa1265,2007,asher2007world,features,feature,map_029,Map 29 Solomon Islands and Bougainville [9],4921
4780,Papar,,,,papa1268,2007,asher2007world,features,feature,map_041,Map 41 Borneo and Madagascar [97],4922
4781,Papasena,,,,papa1269,2007,asher2007world,features,feature,map_034,Map 34 Irian Jaya [137],4923
4782,Papel,,,,pape1239,2007,asher2007world,features,feature,map_108,"Map 108 Senegal, Gambia and Guinea Bissau [20]",4924
4783,Papi (Paupe),,,,papi1255,2007,asher2007world,features,feature,map_033,Map 33 Northern Papua New Guinea [317],4925
4784,Papitalai,,,,papi1254,2007,asher2007world,features,feature,map_030,Map 30 New Britain and New Ireland [19],4926
4785,Papuma,,,,papu1251,2007,asher2007world,features,feature,map_034,Map 34 Irian Jaya [202],4927
4786,Parachi,,,,para1299,2007,asher2007world,features,feature,map_053,"Map 53 Iran, Afghanistan and Pakistan [23]",4928
4787,Parali,,,,para1303,2007,asher2007world,features,feature,map_051,"Map 51 North-East India, Bangladesh, Bhutan and Nepal [79]",4929
4788,Paranan,,,,para1306,2007,asher2007world,features,feature,map_040,Map 40 The Philippines [5],4930
4789,Parannawa,,,,para1325,traditional,asher2007world,features,feature,map_014,Map 14 Northern Pacific Coast: Time of Contact [229],4931
4790,Paraok Wa,,,,para1301,2007,asher2007world,features,feature,map_046,"Map 46 Yunnan Province, China [8]",4932
4791,Parauhano,,,,para1316,traditional,asher2007world,features,feature,map_012,Map 12 Northern South America: Time of Contact [104],4933
4793,Paravilyana,,,,para1309,traditional,asher2007world,features,feature,map_012,Map 12 Northern South America: Time of Contact [398],4935
4794,Parawen,,,,para1307,2007,asher2007world,features,feature,map_033,Map 33 Northern Papua New Guinea [75],4936
4795,Pare (Asu),,,,asut1235,2007,asher2007world,features,feature,map_085,Map 85 Kenyan Coast [22],4937
4796,Parekwa,,,,park1239,2007,asher2007world,features,feature,map_094,Map 94 Northern Cameroon [18],4938
4797,Parengi (Gorum),,,,pare1266,2007,asher2007world,features,feature,map_051,"Map 51 North-East India, Bangladesh, Bhutan and Nepal [212]",4939
4798,Paresí,,,,pare1272,traditional,asher2007world,features,feature,map_018,Map 18 Brazilian Atlantic Coast: Time of Contact [110],4940
4800,Parintintin,,,,tenh1241,traditional,asher2007world,features,feature,map_016,Map 16 Western Brazil: Time of Contact [354],4942
4802,Pas,,,,pasi1259,2007,asher2007world,features,feature,map_033,Map 33 Northern Papua New Guinea [280],4944
4803,Pashai (Pashayi),,,,pash1270,2007,asher2007world,features,feature,map_053,"Map 53 Iran, Afghanistan and Pakistan [54]",4945
4804,Pashto,,,,pash1269,2007,asher2007world,features,feature,map_053,"Map 53 Iran, Afghanistan and Pakistan [26]",4946
4805,Pasimanua,,,,pasi1254,2007,asher2007world,features,feature,map_030,Map 30 New Britain and New Ireland [41],4947
4806,Pasing (Bit),,,,bitt1240,2007,asher2007world,features,feature,map_047,"Map 47 Northern Thailand, Laos and Vietnam [38]",4948
4807,Pasto,,,,past1243,traditional,asher2007world,features,feature,map_012,Map 12 Northern South America: Time of Contact [22],4949
4809,Pasé,,,,pass1250,traditional,asher2007world,features,feature,map_016,Map 16 Western Brazil: Time of Contact [82],4951
4810,Pata,,,,tete1250,2007,asher2007world,features,feature,map_078 map_080,Map 78 Democratic Republic of Congo: Katang [4]; Map 80 Democratic Republic of Congo: Kivu [74],4952
4811,Patani,,,,pata1260,2007,asher2007world,features,feature,map_037,Map 37 The Moluccas [41],4953
4813,Patoshó-Hanhanhain,,,,pata1261,traditional,asher2007world,features,feature,map_018,Map 18 Brazilian Atlantic Coast: Time of Contact [302],4955
4815,Patpatar,,,,patp1243,2007,asher2007world,features,feature,map_030,Map 30 New Britain and New Ireland [56],4957
4816,Patwin,,,,patw1250,traditional,asher2007world,features,feature,map_004,Map 4 California: Time of Contact [45],4958
4817,Paulohi,,,,paul1238,2007,asher2007world,features,feature,map_037,Map 37 The Moluccas [14],4959
4818,Paumarí,,,,paum1247,traditional,asher2007world,features,feature,map_016,Map 16 Western Brazil: Time of Contact [131],4960
4820,Pauna-Paikone,,,,paun1241,traditional,asher2007world,features,feature,map_020,Map 20 Central Pacific Coast: Time of Contact [118],4962
4822,Pauwi,,,,pauw1243,2007,asher2007world,features,feature,map_034,Map 34 Irian Jaya [173],4964
4823,Pawaian,,,,pawa1255,2007,asher2007world,features,feature,map_032,Map 32 Southern Papua New Guinea [155],4965
4824,Pawishiana,,,,paux1236,traditional,asher2007world,features,feature,map_012,Map 12 Northern South America: Time of Contact [397],4966
4825,Pawnee,,,,pawn1254,traditional,asher2007world,features,feature,map_005,Map 5 The Great Plains: Time of Contact [33],4967
4826,Pay,,,,mala1494,2007,asher2007world,features,feature,map_033,Map 33 Northern Papua New Guinea [55],4968
4827,Paya,,,,pech1241,traditional,asher2007world,features,feature,map_012,Map 12 Northern South America: Time of Contact [28],4969
4828,Payawá,,,,paya1236,traditional,asher2007world,features,feature,map_018,Map 18 Brazilian Atlantic Coast: Time of Contact [266],4970
4829,Paynamar,,,,payn1244,2007,asher2007world,features,feature,map_033,Map 33 Northern Papua New Guinea [12],4971
4831,Pazeh,,,,paze1234,2007,asher2007world,features,feature,map_050,"Map 50 Japan, Korea and Taiwan [18]",4973
4832,Pear,,,,pear1247,2007,asher2007world,features,feature,map_048,"Map 48 Southern Thailand, Laos and Vietnam, and Cambodia [32]",4974
4833,Pecos,,,,jeme1245,traditional,asher2007world,features,feature,map_003,Map 3 South-Western North America: Time of Contact [40],4975
4834,Pedi,,,,pedi1238,2007,asher2007world,features,feature,map_074,Map 74 Southern Africa [5a],4976
4835,Peere,,,,peer1241,2007,asher2007world,features,feature,map_091,Map 91 Adamawa Region [5],4977
4836,Pelasla,,,,gwen1242,2007,asher2007world,features,feature,map_094,Map 94 Northern Cameroon [27],4978
4837,Pemba,,,,pemb1239,2007,asher2007world,features,feature,map_076 map_085,Map 76 Southern Tanzania [1d]; Map 85 Kenyan Coast [1i],4979
4838,Pemong,,,,pemo1248,traditional,asher2007world,features,feature,map_012,Map 12 Northern South America: Time of Contact [400],4980
4840,Penchal,,,,penc1239,2007,asher2007world,features,feature,map_030,Map 30 New Britain and New Ireland [27],4982
4841,Pende,,,,phen1239,2007,asher2007world,features,feature,map_081,Map 81 Democratic Republic of Congo: Kasai [64],4983
4842,Pengo,,,,peng1244,2007,asher2007world,features,feature,map_051,"Map 51 North-East India, Bangladesh, Bhutan and Nepal [196]",4984
4843,Pentlatch,,,,pent1242,traditional,asher2007world,features,feature,map_006,Map 6 North-Western Pacific America: Time of Contact [19],4985
4845,Peri,,,,bhel1238,2007,asher2007world,features,feature,map_079 map_080,Map 79 Democratic Republic of Congo: Orienta [10]; Map 80 Democratic Republic of Congo: Kivu [13],4987
4846,Pericú,,,,peri1250,traditional,asher2007world,features,feature,map_003,Map 3 South-Western North America: Time of Contact [71],4988
4847,Pero,,,,pero1241,2007,asher2007world,features,feature,map_098,Map 98 North-Eastern Nigeria [80],4989
4848,Persian (Farsi),,,,fars1254,2007,asher2007world,features,feature,map_053 map_070,"Map 53 Iran, Afghanistan and Pakistan [2]; Map 70 The Middle East and Arabian Peninsula [107]",4990
4849,Petapa,,,,taje1237,2007,asher2007world,features,feature,map_039,Map 39 Sulawesi [25],4991
4850,Peve,,,,peve1243,2007,asher2007world,features,feature,map_091,Map 91 Adamawa Region [62a],4992
4851,Phake,,,,phak1238,2007,asher2007world,features,feature,map_051,"Map 51 North-East India, Bangladesh, Bhutan and Nepal [218]",4993
4852,Phalo,,,,phal1255,2007,asher2007world,features,feature,map_047,"Map 47 Northern Thailand, Laos and Vietnam [32]",4994
4853,Phalura,,,,phal1254,2007,asher2007world,features,feature,map_053,"Map 53 Iran, Afghanistan and Pakistan [48]",4995
4854,Phana,,,,phan1254,2007,asher2007world,features,feature,map_047,"Map 47 Northern Thailand, Laos and Vietnam [91]",4996
4855,Phang,,,,wala1271,2007,asher2007world,features,feature,map_047,"Map 47 Northern Thailand, Laos and Vietnam [33]",4997
4856,Pho,,,,pwoe1235,2007,asher2007world,features,feature,map_047,"Map 47 Northern Thailand, Laos and Vietnam [82]",4998
4857,Pho (Pwo),,,,pwon1235,2007,asher2007world,features,feature,map_049,Map 49 Burma (Myanmar) [29],4999
4858,Pho(Pwo),,,,pwoe1235,2007,asher2007world,features,feature,map_048,"Map 48 Southern Thailand, Laos and Vietnam, and Cambodia [75]",5000
4859,Phom,,,,phom1236,2007,asher2007world,features,feature,map_051,"Map 51 North-East India, Bangladesh, Bhutan and Nepal [118]",5001
4860,Phong,,,,phon1243,2007,asher2007world,features,feature,map_047,"Map 47 Northern Thailand, Laos and Vietnam [80]",5002
4861,Phong (1),,,,phon1243,2007,asher2007world,features,feature,map_047,"Map 47 Northern Thailand, Laos and Vietnam [42]",5003
4862,Phong (2),,,,phon1243,2007,asher2007world,features,feature,map_047,"Map 47 Northern Thailand, Laos and Vietnam [70]",5004
4863,Phuan,,,,phua1239,2007,asher2007world,features,feature,map_047 map_048,"Map 47 Northern Thailand, Laos and Vietnam [25]; Map 48 Southern Thailand, Laos and Vietnam, and Cambodia [19]",5005 5006
4864,Phula,,,,phuk1235,2007,asher2007world,features,feature,map_047,"Map 47 Northern Thailand, Laos and Vietnam [98]",5007
4865,Phuman,,,,uuuu1243,2007,asher2007world,features,feature,map_046,"Map 46 Yunnan Province, China [6]",5008
4866,Phuong,,,,phuo1238,2007,asher2007world,features,feature,map_047,"Map 47 Northern Thailand, Laos and Vietnam [49]",5009
4867,Phutai,,,,phut1244,2007,asher2007world,features,feature,map_047 map_048,"Map 47 Northern Thailand, Laos and Vietnam [22]; Map 48 Southern Thailand, Laos and Vietnam, and Cambodia [15]",5010 5011
4868,Phuthi,,,,phut1246,2007,asher2007world,features,feature,map_074,Map 74 Southern Africa [6a],5012
4869,Piamatsina,,,,piam1242,2007,asher2007world,features,feature,map_027,Map 27 Vanuatu and New Caledonia [49],5013
4870,Piame (Biami),,,,piam1243,2007,asher2007world,features,feature,map_033,Map 33 Northern Papua New Guinea [301],5014
4871,Piapoko,,,,piap1246,traditional,asher2007world,features,feature,map_012,Map 12 Northern South America: Time of Contact [76],5015
4873,Piaroa-Mako,,,,maco1238,traditional,asher2007world,features,feature,map_012,Map 12 Northern South America: Time of Contact [426],5017
4875,Picuris,,,,picu1248,traditional,asher2007world,features,feature,map_005,Map 5 The Great Plains: Time of Contact [57],5019
4876,Piin,,,,mpii1240,2007,asher2007world,features,feature,map_081,Map 81 Democratic Republic of Congo: Kasai [34],5020
4877,Pije,,,,pije1237,2007,asher2007world,features,feature,map_027,Map 27 Vanuatu and New Caledonia [119],5021
4878,Pila,,,,pila1246,2007,asher2007world,features,feature,map_033,Map 33 Northern Papua New Guinea [54],5022
4879,Pilagá,,,,pila1245,traditional,asher2007world,features,feature,map_020,Map 20 Central Pacific Coast: Time of Contact [261],5023
4881,Pileni,,,,pile1238,2007,asher2007world,features,feature,map_026 map_029,Map 26 Polynesia [14]; Map 29 Solomon Islands and Bougainville [69],5025 5026
4883,Pimbwe,,,,pimb1238,2007,asher2007world,features,feature,map_076 map_078,Map 76 Southern Tanzania [27]; Map 78 Democratic Republic of Congo: Katang [37],5028
4884,Pimenteira,,,,pime1237,traditional,asher2007world,features,feature,map_018,Map 18 Brazilian Atlantic Coast: Time of Contact [420],5029
4885,Pinal (Pinaye),,,,pina1253,2007,asher2007world,features,feature,map_033,Map 33 Northern Papua New Guinea [366],5030
4886,Pinghua,,,,ping1245,2007,asher2007world,features,feature,map_045,Map 45 China and Mongolia [16],5031
4888,Pinome,,,,cora1260,traditional,asher2007world,features,feature,map_010,Map 10 Meso-America: Time of Contact [59f],5033
4891,Pinyi,,,,pinj1243,2007,asher2007world,features,feature,map_088,Map 88 Gabon and Equatorial Guinea [22],5036
4892,Pinyin,,,,piny1238,2007,asher2007world,features,feature,map_093 map_095,Map 93 Central South-Western Cameroon [55]; Map 95 South-Eastern Nigeria and Mid-Western Cameroon [60],5037
4893,Piohé,,,,maca1261,traditional,asher2007world,features,feature,map_012,Map 12 Northern South America: Time of Contact [149],5038
4896,Pipikoro,,,,umaa1242,2007,asher2007world,features,feature,map_039,Map 39 Sulawesi [29],5041
4897,Pipil,,,,pipi1250,traditional,asher2007world,features,feature,map_010,Map 10 Meso-America: Time of Contact [59e],5042
4899,Pirahán,,,,pira1253,traditional,asher2007world,features,feature,map_016,Map 16 Western Brazil: Time of Contact [252],5044
4902,Piro,,,,yine1238,traditional,asher2007world,features,feature,map_014,Map 14 Northern Pacific Coast: Time of Contact [119],5047
4904,Piro,,,,piro1248,traditional,asher2007world,features,feature,map_003,Map 3 South-Western North America: Time of Contact [43],5049
4905,Pisa,,,,asue1235,2007,asher2007world,features,feature,map_034,Map 34 Irian Jaya [14],5050
4906,Piti,,,,piti1243,2007,asher2007world,features,feature,map_096 map_097,"Map 96 South Plateau, Nigeria [4]; Map 97 North Plateau, Nigeria [25a]",5051
4909,Pitu Ulunna Salo,,,,bamb1270,2007,asher2007world,features,feature,map_039,Map 39 Sulawesi [49],5054
4911,Piu,,,,piuu1237,2007,asher2007world,features,feature,map_032,Map 32 Southern Papua New Guinea [221],5056
4912,Piva,,,,lawu1237,2007,asher2007world,features,feature,map_029,Map 29 Solomon Islands and Bougainville [11],5057
4913,Piya (Wurkum),,,,piya1246,2007,asher2007world,features,feature,map_098,Map 98 North-Eastern Nigeria [81],5058
4914,Plains Cree,,,,plai1258,traditional,asher2007world,features,feature,map_007,Map 7 Northern North America: Time of Contact [62],5059
4916,Plains Igbo,,,,,2007,asher2007world,features,feature,map_101,Map 101 South-Western Nigeria [82],5061
4917,Plains Miwok,,,,plai1259,traditional,asher2007world,features,feature,map_004,Map 4 California: Time of Contact [62],5062
4918,Plang,,,,blan1242,2007,asher2007world,features,feature,map_046 map_049,"Map 46 Yunnan Province, China [11]; Map 49 Burma (Myanmar) [8]",5063
4919,Playano,,,,,traditional,asher2007world,features,feature,map_004,Map 4 California: Time of Contact [83],5064
4920,"Pnar (Synteng, Jaintia)",,,,pnar1238,2007,asher2007world,features,feature,map_051,"Map 51 North-East India, Bangladesh, Bhutan and Nepal [199]",5065
4921,Pochuteko,,,,poch1244,traditional,asher2007world,features,feature,map_010,Map 10 Meso-America: Time of Contact [58],5066
4922,Podopa (Polopa),,,,folo1238,2007,asher2007world,features,feature,map_032,Map 32 Southern Papua New Guinea [154],5067
4923,Podzo,,,,podz1238,2007,asher2007world,features,feature,map_075,Map 75 Mozambique [27],5068
4924,Pogaya (Bogaia),,,,boga1247,2007,asher2007world,features,feature,map_033,Map 33 Northern Papua New Guinea [182],5069
4925,Pogoro,,,,pogo1243,2007,asher2007world,features,feature,map_076,Map 76 Southern Tanzania [33],5070
4926,Poguli,,,,pogu1238,2007,asher2007world,features,feature,map_054,Map 54 North-West India [28],5071
4927,Pojulu,,,,poju1239,2007,asher2007world,features,feature,map_072 map_079,Map 72 Sudan and the Horn of Africa [164]; Map 79 Democratic Republic of Congo: Orienta [72],5072
4928,Pok,,,,book1240,2007,asher2007world,features,feature,map_086,Map 86 Central East Africa [81],5073
4929,Poka-Kori-Wipsi-Geeri,,,,kagf1238,2007,asher2007world,features,feature,map_100 map_102,Map 100 Northern Nigeria and Niger [28]; Map 102 Benin and Togo [42],5074
4930,Poke,,,,poke1238,2007,asher2007world,features,feature,map_079 map_080 map_081,Map 79 Democratic Republic of Congo: Orienta [37]; Map 80 Democratic Republic of Congo: Kivu [1]; Map 81 Democratic Republic of Congo: Kasai [20],5075
4931,Poko-Vumba,,,,rive1266,2007,asher2007world,features,feature,map_082,Map 82 Democratic Republic of Congo: Equate [34d],5076
4932,Pokomo,,,,poko1261,2007,asher2007world,features,feature,map_072,Map 72 Sudan and the Horn of Africa [198],5077
4933,Pokot,,,,poko1263,2007,asher2007world,features,feature,map_072 map_086,Map 72 Sudan and the Horn of Africa [148]; Map 86 Central East Africa [79],5078
4934,Polci,,,,polc1243,2007,asher2007world,features,feature,map_097 map_098,"Map 97 North Plateau, Nigeria [89]; Map 98 North-Eastern Nigeria [97a]",5079
4935,Polish,,,,poli1260,2007,asher2007world,features,feature,map_058 map_061 map_062 map_064 map_065,"Map 58 Western Russia, the Baltic States, Belarus, Ukraine and Moldova [4]; Map 61 Hungary, Romania and the Balkans [8]; Map 62 Poland, the Czech Republic and Slovakia [4]; Map 64 The Nordic Countries [11]; Map 65 Germany, Austria, Liechtenstein and Switzerland [18]",5081 5082
4936,Polonombauk,,,,polo1242,2007,asher2007world,features,feature,map_027,Map 27 Vanuatu and New Caledonia [26],5083
4937,Pom,,,,pomm1237,2007,asher2007world,features,feature,map_034,Map 34 Irian Jaya [198],5084
4938,Pomo,,,,pomo1277,2007,asher2007world,features,feature,map_087,Map 87 Northern Congo and Southern Central African Republic [46],5085
4939,Ponapean,,,,pona1249,2007,asher2007world,features,feature,map_028,Map 28 Micronesia [13],5086
4940,Ponca,,,,ponc1241,traditional,asher2007world,features,feature,map_005,Map 5 The Great Plains: Time of Contact [24],5087
4941,Pondoma,,,,anam1247,2007,asher2007world,features,feature,map_033,Map 33 Northern Papua New Guinea [6],5088
4942,Pongo,,,,pong1251,2007,asher2007world,features,feature,map_092,Map 92 South-Western Cameroon [14a],5089
4943,Pongu (Ri),,,,pong1250,2007,asher2007world,features,feature,map_101,Map 101 South-Western Nigeria [43],5090
4944,Ponosakan,,,,pono1240,2007,asher2007world,features,feature,map_039,Map 39 Sulawesi [10],5091
4946,"Poqomam, Pokomam",,,,poqo1253,traditional,asher2007world,features,feature,map_010,Map 10 Meso-America: Time of Contact [20b],5093
4948,"Poqomchí, Pokomchí",,,,poqo1254,traditional,asher2007world,features,feature,map_010,Map 10 Meso-America: Time of Contact [20a],5095
4949,Pori (Pol),,,,pomo1271,2007,asher2007world,features,feature,map_087,Map 87 Northern Congo and Southern Central African Republic [48],5096
4950,Porohanon,,,,poro1253,2007,asher2007world,features,feature,map_040,Map 40 The Philippines [78],5097
4951,Porome,,,,poro1255,2007,asher2007world,features,feature,map_032,Map 32 Southern Papua New Guinea [163],5098
4952,Port Sandwich,,,,port1285,2007,asher2007world,features,feature,map_027,Map 27 Vanuatu and New Caledonia [73],5099
4954,Portuguese,,,,port1283,2007,asher2007world,features,feature,map_068,Map 68 The Iberian Peninsula and Atlantic Islands [2],5101
4955,Portuguese-Based Creoles,,,,,2007,asher2007world,features,feature,map_088,Map 88 Gabon and Equatorial Guinea [57],5102
4956,Portvato,,,,port1293,2007,asher2007world,features,feature,map_027,Map 27 Vanuatu and New Caledonia [58],5103
4957,Potawatomi,,,,pota1247,traditional,asher2007world,features,feature,map_001,Map 1 East Coast and Great Lakes: Time of Contact [13],5104
4959,Poto,,,,temb1272,2007,asher2007world,features,feature,map_082,Map 82 Democratic Republic of Congo: Equate [35a],5106
4960,Pove,,,,tsog1243,2007,asher2007world,features,feature,map_083 map_088,Map 83 Democratic Republic of Congo: Bas Congo and Southern Congo [54]; Map 88 Gabon and Equatorial Guinea [23],5107
4961,Poyanawa,,,,poya1241,traditional,asher2007world,features,feature,map_014,Map 14 Northern Pacific Coast: Time of Contact [230],5108
4963,Prasuni,,,,pras1239,2007,asher2007world,features,feature,map_053,"Map 53 Iran, Afghanistan and Pakistan [62]",5110
4964,Provençal French,,,,prov1235,2007,asher2007world,features,feature,map_065 map_067 map_069,"Map 65 Germany, Austria, Liechtenstein and Switzerland [8]; Map 67 Italy, Corsica, Sardinia, Sicily and Malta [5]; Map 69 France, Belgium, the Netherlands and Luxembourg [2]",5111
4965,Psikye,,,,psik1239,2007,asher2007world,features,feature,map_094,Map 94 Northern Cameroon [17],5112
4966,Puari,,,,puar1240,2007,asher2007world,features,feature,map_033,Map 33 Northern Papua New Guinea [197],5113
4967,Pubiao,,,,qabi1235,2007,asher2007world,features,feature,map_045,Map 45 China and Mongolia [78],5114
4968,Pudtol Atta,,,,pudt1235,2007,asher2007world,features,feature,map_040,Map 40 The Philippines [14],5115
4969,Puelche,,,,puel1244,traditional,asher2007world,features,feature,map_022,Map 22 Southern South America: Time of Contact [172],5116
4970,Puguli (Pwo),,,,phui1238,2007,asher2007world,features,feature,map_104 map_105,Map 104 Burkina Faso [50]; Map 105 Ivory Coast [39],5117
4971,Puinave,,,,puin1248,traditional,asher2007world,features,feature,map_012,Map 12 Northern South America: Time of Contact [NA],5118
4973,Pukina,,,,puqu1242,traditional,asher2007world,features,feature,map_020,Map 20 Central Pacific Coast: Time of Contact [211],5120
4974,Pula [Yi],,,,upri1239,2007,asher2007world,features,feature,map_046,"Map 46 Yunnan Province, China [87]",5121
4975,Pulabu,,,,pula1267,2007,asher2007world,features,feature,map_033,Map 33 Northern Papua New Guinea [28],5122
4976,Pulana,,,,pula1264,2007,asher2007world,features,feature,map_074,Map 74 Southern Africa [5c],5123
4977,Pular,,,,pula1262,2007,asher2007world,features,feature,map_107 map_108,"Map 107 Guinea and Mali [1c]; Map 108 Senegal, Gambia and Guinea Bissau [1a]",5124
4978,Pulie,,,,puli1237,2007,asher2007world,features,feature,map_030,Map 30 New Britain and New Ireland [36],5125
4980,Puluwat,,,,pulu1242,2007,asher2007world,features,feature,map_028,Map 28 Micronesia [7],5127
4981,Puma,,,,puma1239,2007,asher2007world,features,feature,map_051,"Map 51 North-East India, Bangladesh, Bhutan and Nepal [71]",5128
4982,"Pumi [Pumi, Tibetan]",,,,pumi1242,2007,asher2007world,features,feature,map_046,"Map 46 Yunnan Province, China [29]",5129
4983,Punan Aput,,,,puna1267,2007,asher2007world,features,feature,map_041,Map 41 Borneo and Madagascar [62],5130
4984,Punan Bahbiau,,,,puna1275,2007,asher2007world,features,feature,map_041,Map 41 Borneo and Madagascar [42],5131
4985,Punan Merah,,,,puna1268,2007,asher2007world,features,feature,map_041,Map 41 Borneo and Madagascar [63],5132
4986,Punan Merap,,,,puna1274,2007,asher2007world,features,feature,map_041,Map 41 Borneo and Madagascar [43],5133
4987,Punan Tubu,,,,puna1266,2007,asher2007world,features,feature,map_041,"Map 41 Borneo and Madagascar [75, H]",5134
4988,Punan-Nibong,,,,nibo1237,2007,asher2007world,features,feature,map_041,Map 41 Borneo and Madagascar [64],5135
4989,Puncchi (Punchi),,,,paha1251,2007,asher2007world,features,feature,map_054,Map 54 North-West India [30],5136
4990,Pungu,,,,pung1240,2007,asher2007world,features,feature,map_084,Map 84 Angola [29c],5137
4992,Punjabi (Panjabi),,,,lahn1241,2007,asher2007world,features,feature,map_053 map_054,"Map 53 Iran, Afghanistan and Pakistan [58]; Map 54 North-West India [31]",5139
4994,Punu,,,,punu1239,2007,asher2007world,features,feature,map_083 map_088,Map 83 Democratic Republic of Congo: Bas Congo and Southern Congo [22]; Map 88 Gabon and Equatorial Guinea [10],5141
4995,Pupeo,,,,qabi1235,2007,asher2007world,features,feature,map_047,"Map 47 Northern Thailand, Laos and Vietnam [4]",5142
4996,Puragi,,,,pura1253,2007,asher2007world,features,feature,map_034,Map 34 Irian Jaya [72],5143
4997,"Purari(Koriki, Namau)",,,,pura1257,2007,asher2007world,features,feature,map_032,Map 32 Southern Papua New Guinea [176],5144
4998,Purik,,,,puri1263,2007,asher2007world,features,feature,map_054,Map 54 North-West India [3],5145
4999,Purisimeño,,,,puri1259,traditional,asher2007world,features,feature,map_004,Map 4 California: Time of Contact [85],5146
5000,Puruborá,,,,puru1264,traditional,asher2007world,features,feature,map_016,Map 16 Western Brazil: Time of Contact [380],5147
5001,Purukotó,,,,pemo1248,traditional,asher2007world,features,feature,map_012,Map 12 Northern South America: Time of Contact [402],5148
5002,Puruwá,,,,puru1267,traditional,asher2007world,features,feature,map_014,Map 14 Northern Pacific Coast: Time of Contact [194],5149
5003,Purí,,,,puri1262,traditional,asher2007world,features,feature,map_018,Map 18 Brazilian Atlantic Coast: Time of Contact [305],5150
5004,Putai,,,,puta1243,2007,asher2007world,features,feature,map_094 map_098 map_099,Map 94 Northern Cameroon [11]; Map 98 North-Eastern Nigeria [105]; Map 99 Lake Chad Region [1],5151
5006,Putoh,,,,puto1237,2007,asher2007world,features,feature,map_041,Map 41 Borneo and Madagascar [80],5153
5007,Puyuma,,,,puyu1239,2007,asher2007world,features,feature,map_050,"Map 50 Japan, Korea and Taiwan [9]",5154
5008,Pwaamei,,,,pwaa1237,2007,asher2007world,features,feature,map_027,Map 27 Vanuatu and New Caledonia [116],5155
5009,Pwapwâ,,,,pwap1237,2007,asher2007world,features,feature,map_027,Map 27 Vanuatu and New Caledonia [114],5156
5010,Pyapun,,,,pyap1239,2007,asher2007world,features,feature,map_096,"Map 96 South Plateau, Nigeria [67]",5157
5011,Pyu,,,,pyuu1245,2007,asher2007world,features,feature,map_033 map_034,Map 33 Northern Papua New Guinea [213]; Map 34 Irian Jaya [164],5158
5012,Qahar,,,,chah1241,2007,asher2007world,features,feature,map_045,Map 45 China and Mongolia [19],5159
5013,Qahţān,,,,najd1235,2007,asher2007world,features,feature,map_070,Map 70 The Middle East and Arabian Peninsula [44],5160
5015,"Qanjobal, Kanjobal",,,,qanj1241,traditional,asher2007world,features,feature,map_010,Map 10 Meso-America: Time of Contact [12],5162
5016,Qashqai,,,,qash1240,2007,asher2007world,features,feature,map_053,"Map 53 Iran, Afghanistan and Pakistan [75]",5163
5017,Qasīm,,,,qasi1234,2007,asher2007world,features,feature,map_070,Map 70 The Middle East and Arabian Peninsula [15],5164
5018,Qatar,,,,gulf1241,2007,asher2007world,features,feature,map_070,Map 70 The Middle East and Arabian Peninsula [58],5165
5019,Qaw,,,,,2007,asher2007world,features,feature,map_045,Map 45 China and Mongolia [79],5166
5021,"Qeqchí, Kekchí",,,,kekc1242,traditional,asher2007world,features,feature,map_010,Map 10 Meso-America: Time of Contact [21],5168
5022,Qiang,,,,nort2722,2007,asher2007world,features,feature,map_045,Map 45 China and Mongolia [113],5169
5023,Qiongwen Dialect,,,,hain1238,2007,asher2007world,features,feature,map_045,Map 45 China and Mongolia [14],5170
5024,Quapaw,,,,quap1242,traditional,asher2007world,features,feature,map_002,Map 2 South-Eastern North America: Time of Contact [8],5171
5026,"Quechan, Yuma",,,,quec1382,traditional,asher2007world,features,feature,map_003,Map 3 South-Western North America: Time of Contact [51],5173
5027,Quileute,,,,quil1240,traditional,asher2007world,features,feature,map_006,Map 6 North-Western Pacific America: Time of Contact [47],5174
5028,Quinault,,,,quin1251,traditional,asher2007world,features,feature,map_006,Map 6 North-Western Pacific America: Time of Contact [35],5175
5029,Quinigua,,,,quin1252,traditional,asher2007world,features,feature,map_003,Map 3 South-Western North America: Time of Contact [81],5176
5030,Quiripi-Unquachog,,,,wamp1250,traditional,asher2007world,features,feature,map_001,Map 1 East Coast and Great Lakes: Time of Contact [28],5177
5031,Rabai,,,,raba1248,2007,asher2007world,features,feature,map_085,Map 85 Kenyan Coast [10],5178
5032,Rabha,,,,rabh1238,2007,asher2007world,features,feature,map_051,"Map 51 North-East India, Bangladesh, Bhutan and Nepal [110]",5179
5033,Raga,,,,hano1246,2007,asher2007world,features,feature,map_027,Map 27 Vanuatu and New Caledonia [21],5180
5034,Ragane,,,,haaa1252,2007,asher2007world,features,feature,map_080,Map 80 Democratic Republic of Congo: Kivu [34a],5181
5035,Rajah Kabungsuan Manobo,,,,raja1254,2007,asher2007world,features,feature,map_040,Map 40 The Philippines [104],5182
5036,Rajasthani,,,,raja1256,2007,asher2007world,features,feature,map_054,Map 54 North-West India [59],5183
5037,Rajbangshi,,,,rajb1243,2007,asher2007world,features,feature,map_051,"Map 51 North-East India, Bangladesh, Bhutan and Nepal [182]",5184
5038,Rajong,,,,rajo1237,2007,asher2007world,features,feature,map_038,Map 38 Lesser Sunda Islands and Timor [19],5185
5040,Rama,,,,rama1270,traditional,asher2007world,features,feature,map_012,Map 12 Northern South America: Time of Contact [30],5187
5041,Ramaytush,,,,sanf1261,traditional,asher2007world,features,feature,map_004,Map 4 California: Time of Contact [68],5188
5042,Rambani,,,,ramb1240,2007,asher2007world,features,feature,map_054,Map 54 North-West India [27],5189
5043,Rampi,,,,ramp1243,2007,asher2007world,features,feature,map_039,Map 39 Sulawesi [34],5190
5044,Rana Tharu,,,,rana1246,2007,asher2007world,features,feature,map_051 map_054,"Map 51 North-East India, Bangladesh, Bhutan and Nepal [165a]; Map 54 North-West India [52a]",5191
5045,Rangi,,,,lang1320,2007,asher2007world,features,feature,map_076 map_086,Map 76 Southern Tanzania [17]; Map 86 Central East Africa [22],5192
5046,Ranglo,,,,laha1255,2007,asher2007world,features,feature,map_054,Map 54 North-West India [7],5193
5047,Rangpa,,,,rong1264,2007,asher2007world,features,feature,map_054,Map 54 North-West India [13],5194
5049,Rao,,,,raoo1244,2007,asher2007world,features,feature,map_033,Map 33 Northern Papua New Guinea [329],5196
5050,Raoruo [Nu],,,,zauz1238,2007,asher2007world,features,feature,map_046,"Map 46 Yunnan Province, China [46]",5197
5051,Rapting,,,,rapt1240,2007,asher2007world,features,feature,map_033,Map 33 Northern Papua New Guinea [91],5198
5052,Ratahan,,,,rata1244,2007,asher2007world,features,feature,map_039,Map 39 Sulawesi [4],5199
5053,Raute (Raji),,,,raut1239,2007,asher2007world,features,feature,map_051,"Map 51 North-East India, Bangladesh, Bhutan and Nepal [52]",5200
5054,Rauto,,,,puli1237,2007,asher2007world,features,feature,map_030,Map 30 New Britain and New Ireland [37],5201
5055,Rawa,,,,rawa1267,2007,asher2007world,features,feature,map_032 map_033,Map 32 Southern Papua New Guinea [77]; Map 33 Northern Papua New Guinea [143],5202
5056,Rawo,,,,rawo1244,2007,asher2007world,features,feature,map_033,Map 33 Northern Papua New Guinea [196],5203
5057,Raya,,,,east2652,2007,asher2007world,features,feature,map_072,Map 72 Sudan and the Horn of Africa [53a],5204
5058,Rejang,,,,reja1240,2007,asher2007world,features,feature,map_043,Map 43 Sumatra [13],5205
5059,Rejang Kayan,,,,reja1241,2007,asher2007world,features,feature,map_041,Map 41 Borneo and Madagascar [47],5206
5061,Rembong,,,,nucl1516,2007,asher2007world,features,feature,map_038,Map 38 Lesser Sunda Islands and Timor [21],5208
5062,Remo,,,,remo1248,traditional,asher2007world,features,feature,map_014,Map 14 Northern Pacific Coast: Time of Contact [222],5209
5063,Remo (Bonda),,,,bond1245,2007,asher2007world,features,feature,map_051,"Map 51 North-East India, Bangladesh, Bhutan and Nepal [209]",5210
5064,Rempi,,,,remp1241,2007,asher2007world,features,feature,map_033,Map 33 Northern Papua New Guinea [87],5211
5065,Rendille,,,,rend1243,2007,asher2007world,features,feature,map_072 map_085 map_086,Map 72 Sudan and the Horn of Africa [57]; Map 85 Kenyan Coast [39]; Map 86 Central East Africa [94],5212
5066,Rengpungmo,,,,sout3216,2007,asher2007world,features,feature,map_051,"Map 51 North-East India, Bangladesh, Bhutan and Nepal [15]",5213
5067,Rera,,,,havu1238,2007,asher2007world,features,feature,map_080,Map 80 Democratic Republic of Congo: Kivu [45b],5214
5068,Rerau,,,,rera1240,2007,asher2007world,features,feature,map_033,Map 33 Northern Papua New Guinea [31],5215
5069,Reshe,,,,resh1242,2007,asher2007world,features,feature,map_100 map_101 map_102,Map 100 Northern Nigeria and Niger [24]; Map 101 South-Western Nigeria [37]; Map 102 Benin and Togo [38],5216
5071,Reyesano,,,,reye1240,traditional,asher2007world,features,feature,map_020,Map 20 Central Pacific Coast: Time of Contact [239],5218
5072,Rhade,,,,rade1240,2007,asher2007world,features,feature,map_048,"Map 48 Southern Thailand, Laos and Vietnam, and Cambodia [8]",5219
5073,Rhaeto-Romance,,,,roma1326,2007,asher2007world,features,feature,map_065 map_067 map_069,"Map 65 Germany, Austria, Liechtenstein and Switzerland [10]; Map 67 Italy, Corsica, Sardinia, Sicily and Malta [6]; Map 69 France, Belgium, the Netherlands and Luxembourg [7]",5220
5074,Rianglang,,,,rian1261,2007,asher2007world,features,feature,map_046,"Map 46 Yunnan Province, China [7]",5221
5075,Riantana,,,,rian1263,2007,asher2007world,features,feature,map_034,Map 34 Irian Jaya [91],5222
5076,Ribina,,,,ribi1243,2007,asher2007world,features,feature,map_096 map_097,"Map 96 South Plateau, Nigeria [2]; Map 97 North Plateau, Nigeria [44]",5223
5077,Ribun,,,,ribu1241,2007,asher2007world,features,feature,map_041,Map 41 Borneo and Madagascar [25],5224
5078,Righ,,,,tema1243,2007,asher2007world,features,feature,map_071 map_073,Map 71 North-East Africa [66]; Map 73 North-West Africa [45],5225
5079,Rihe (Ribe),,,,ribe1238,2007,asher2007world,features,feature,map_085,Map 85 Kenyan Coast [9],5226
5081,Rikpa,,,,bafi1243,2007,asher2007world,features,feature,map_093,Map 93 Central South-Western Cameroon [81],5228
5082,Rimi (Nyaturu),,,,nyat1246,2007,asher2007world,features,feature,map_076 map_086,Map 76 Southern Tanzania [18]; Map 86 Central East Africa [21],5229
5083,Rinconada Bikol,,,,irig1242,2007,asher2007world,features,feature,map_040,Map 40 The Philippines [64],5230
5085,Rio Grande Keresan,,,,east1472,traditional,asher2007world,features,feature,map_005,Map 5 The Great Plains: Time of Contact [52],5232
5087,Ripey,,,,bafi1243,2007,asher2007world,features,feature,map_093,Map 93 Central South-Western Cameroon [80],5234
5088,Ririo,,,,riri1237,2007,asher2007world,features,feature,map_029,Map 29 Solomon Islands and Bougainville [17],5235
5090,Riung,,,,riun1237,2007,asher2007world,features,feature,map_038,Map 38 Lesser Sunda Islands and Timor [24],5237
5091,Rizaygāt,,,,suda1236,2007,asher2007world,features,feature,map_071 map_072,Map 71 North-East Africa [31]; Map 72 Sudan and the Horn of Africa [19],5238
5092,Roba,,,,roba1240,2007,asher2007world,features,feature,map_098,Map 98 North-Eastern Nigeria [13],5239
5093,Rocky Peak (Yinibu),,,,iter1241,2007,asher2007world,features,feature,map_033,Map 33 Northern Papua New Guinea [214],5240
5094,Roin),,,,ronj1237,2007,asher2007world,features,feature,map_033,Map 33 Northern Papua New Guinea [392],5241
5095,Rolong,,,,rolo1241,2007,asher2007world,features,feature,map_074,Map 74 Southern Africa [7g],5242
5096,Roma,,,,roma1332,2007,asher2007world,features,feature,map_038,Map 38 Lesser Sunda Islands and Timor [46],5243
5097,Romanian,,,,roma1327,2007,asher2007world,features,feature,map_058 map_061 map_062,"Map 58 Western Russia, the Baltic States, Belarus, Ukraine and Moldova [9]; Map 61 Hungary, Romania and the Balkans [10]; Map 62 Poland, the Czech Republic and Slovakia [13]",5244
5098,Romblon,,,,romb1246,2007,asher2007world,features,feature,map_040,Map 40 The Philippines [73],5245
5099,Rombo,,,,romb1244,2007,asher2007world,features,feature,map_086,Map 86 Central East Africa [6j],5246
5100,Romkun,,,,romk1240,2007,asher2007world,features,feature,map_033,Map 33 Northern Papua New Guinea [344],5247
5101,Ron,,,,roon1237,2007,asher2007world,features,feature,map_034,Map 34 Irian Jaya [193],5248
5102,Ronde,,,,sher1258,2007,asher2007world,features,feature,map_106,Map 106 Liberia and Sierra Leone [6b],5249
5103,Ronga,,,,rong1268,2007,asher2007world,features,feature,map_074 map_075,Map 74 Southern Africa [11]; Map 75 Mozambique [48],5250
5104,Ronge,,,,nucl1339,2007,asher2007world,features,feature,map_071 map_072,Map 71 North-East Africa [80]; Map 72 Sudan and the Horn of Africa [137],5251
5105,Rongga,,,,rong1269,2007,asher2007world,features,feature,map_038,Map 38 Lesser Sunda Islands and Timor [15],5252
5106,Rongpa-Brogpa,,,,rong1262,2007,asher2007world,features,feature,map_045,Map 45 China and Mongolia [95],5253
5107,Roria,,,,rori1237,2007,asher2007world,features,feature,map_027,Map 27 Vanuatu and New Caledonia [39],5254
5108,Roro,,,,roro1238,2007,asher2007world,features,feature,map_032,Map 32 Southern Papua New Guinea [229],5255
5109,Roshani (Rushani),,,,rush1239,2007,asher2007world,features,feature,map_057,Map 57 Central Asia [5],5256
5110,Roti,,,,roti1238,2007,asher2007world,features,feature,map_038,Map 38 Lesser Sunda Islands and Timor [36],5257
5111,Rotokas,,,,roto1249,2007,asher2007world,features,feature,map_029,Map 29 Solomon Islands and Bougainville [71],5258
5112,Rotuman,,,,rotu1241,2007,asher2007world,features,feature,map_026,Map 26 Polynesia [1],5259
5113,Roviana,,,,rovi1238,2007,asher2007world,features,feature,map_029,Map 29 Solomon Islands and Bougainville [23],5260
5114,Rtahu,,,,amdo1237,2007,asher2007world,features,feature,map_045,Map 45 China and Mongolia [91],5261
5115,Rtsamdah,,,,mnga1238,2007,asher2007world,features,feature,map_045,Map 45 China and Mongolia [96c],5262
5116,Rubātāb,,,,suda1236,2007,asher2007world,features,feature,map_071 map_072,Map 71 North-East Africa [16]; Map 72 Sudan and the Horn of Africa [2],5263
5117,Ruc,,,,rucc1239,2007,asher2007world,features,feature,map_047,"Map 47 Northern Thailand, Laos and Vietnam [75]",5264
5118,Rue,,,,ruee1238,2007,asher2007world,features,feature,map_074 map_075 map_077,Map 74 Southern Africa [22]; Map 75 Mozambique [32]; Map 77 Zambia [22],5265
5119,Rufā'a,,,,suda1236,2007,asher2007world,features,feature,map_071 map_072,Map 71 North-East Africa [20]; Map 72 Sudan and the Horn of Africa [6],5266
5120,Ruihi (Rufiji),,,,rufi1234,2007,asher2007world,features,feature,map_076,Map 76 Southern Tanzania [29],5267
5121,Rukai,,,,ruka1240,2007,asher2007world,features,feature,map_050,"Map 50 Japan, Korea and Taiwan [11]",5268
5122,Rukuba (Che),,,,chee1238,2007,asher2007world,features,feature,map_096 map_097,"Map 96 South Plateau, Nigeria [18]; Map 97 North Plateau, Nigeria [11d]",5269
5123,Ruli,,,,ruul1235,2007,asher2007world,features,feature,map_086,Map 86 Central East Africa [31],5270
5124,Rumai,,,,,2007,asher2007world,features,feature,map_046,"Map 46 Yunnan Province, China [19, 20, 22, 23]",5271
5125,Rumaya,,,,kaur1268,2007,asher2007world,features,feature,map_097,"Map 97 North Plateau, Nigeria [42]",5272
5126,Rumsen,,,,rums1243,traditional,asher2007world,features,feature,map_004,Map 4 California: Time of Contact [72],5273
5127,Rumu(Kairi,,,,rumu1243,2007,asher2007world,features,feature,map_032,Map 32 Southern Papua New Guinea [175],5274
5128,Rundi,,,,rund1242,2007,asher2007world,features,feature,map_080,Map 80 Democratic Republic of Congo: Kivu [23],5275
5129,Runga,,,,rung1258,2007,asher2007world,features,feature,map_089,Map 89 Central African Republic and South-Eastern Chad [64],5276
5130,Rungu,,,,rung1256,2007,asher2007world,features,feature,map_077 map_078,Map 77 Zambia [73a]; Map 78 Democratic Republic of Congo: Katang [40],5277
5131,Rungu,,,,orun1242,2007,asher2007world,features,feature,map_088,Map 88 Gabon and Equatorial Guinea [8],5278
5132,Rungus,,,,rung1259,2007,asher2007world,features,feature,map_041,Map 41 Borneo and Madagascar [98],5279
5133,Rungwa,,,,rung1255,2007,asher2007world,features,feature,map_076 map_078,Map 76 Southern Tanzania [26]; Map 78 Democratic Republic of Congo: Katang [38],5280
5134,Ruruma,,,,ruma1250,2007,asher2007world,features,feature,map_097,"Map 97 North Plateau, Nigeria [41]",5281
5135,Russian,,,,russ1263,2007,asher2007world,features,feature,map_045 map_050 map_055 map_056 map_057 map_058 map_059 map_064 map_061 map_062,"Map 45 China and Mongolia [125]; Map 50 Japan, Korea and Taiwan [21]; Map 55 Eastern Siberia [1]; Map 56 Western Siberia [1]; Map 57 Central Asia [1]; Map 58 Western Russia, the Baltic States, Belarus, Ukraine and Moldova [1]; Map 59 The Caucasus [1]; Map 64 The Nordic Countries [10]; Map 61 Hungary, Romania and the Balkans [1]; Map 62 Poland, the Czech Republic and Slovakia [1]",5282 5283 5284 5285 5286 5287 5288 5289 5290 5291 5292 5293 5294 5295 5296 5297 5298 5299 5300
5136,Ruthog,,,,ruth1234,2007,asher2007world,features,feature,map_045,Map 45 China and Mongolia [96a],5301
5137,Ruto,,,,luto1241,2007,asher2007world,features,feature,map_089 map_090,"Map 89 Central African Republic and South-Eastern Chad [71]; Map 90 Central African Republic, South-Western Chad and Cameroon [43a]",5302
5138,Rutul,,,,rutu1240,2007,asher2007world,features,feature,map_059,Map 59 The Caucasus [44],5303
5139,Ruund,,,,ruun1238,2007,asher2007world,features,feature,map_081,Map 81 Democratic Republic of Congo: Kasai [75],5304
5140,Rwala,,,,cent2224,2007,asher2007world,features,feature,map_070,Map 70 The Middle East and Arabian Peninsula [24],5305
5141,Rwanda,,,,kiny1244,2007,asher2007world,features,feature,map_079 map_080,Map 79 Democratic Republic of Congo: Orienta [1]; Map 80 Democratic Republic of Congo: Kivu [21],5306
5142,Rwo,,,,rwaa1238,2007,asher2007world,features,feature,map_086,Map 86 Central East Africa [6a],5307
5143,Sa,,,,saaa1241,2007,asher2007world,features,feature,map_027,Map 27 Vanuatu and New Caledonia [54],5308
5144,Sa,,,,caaa1238,2007,asher2007world,features,feature,map_093,Map 93 Central South-Western Cameroon [62c],5309
5145,Sa'ban,,,,saba1265,2007,asher2007world,features,feature,map_041,Map 41 Borneo and Madagascar [78],5310
5146,Sa'dan,,,,tora1261,2007,asher2007world,features,feature,map_039,Map 39 Sulawesi [47],5311
5147,Saaroa,,,,saar1237,2007,asher2007world,features,feature,map_050,"Map 50 Japan, Korea and Taiwan [14]",5312
5148,Saba,,,,saba1276,2007,asher2007world,features,feature,map_089,Map 89 Central African Republic and South-Eastern Chad [86],5313
5149,Sabanga,,,,band1342,2007,asher2007world,features,feature,map_089,Map 89 Central African Republic and South-Eastern Chad [7],5314
5151,Saberi,,,,isir1237,2007,asher2007world,features,feature,map_034,Map 34 Irian Jaya [48],5316
5152,Sach,,,,sach1240,2007,asher2007world,features,feature,map_047,"Map 47 Northern Thailand, Laos and Vietnam [73]",5317
5153,Sadani(Sadri),,,,sadr1248,2007,asher2007world,features,feature,map_051,"Map 51 North-East India, Bangladesh, Bhutan and Nepal [175]",5318
5154,Saek,,,,saek1240,2007,asher2007world,features,feature,map_047,"Map 47 Northern Thailand, Laos and Vietnam [10]",5319
5155,Saep,,,,saep1240,2007,asher2007world,features,feature,map_033,Map 33 Northern Papua New Guinea [20],5320
5156,Safalaba,,,,safa1243,2007,asher2007world,features,feature,map_103,Map 103 Ghana [42],5321
5157,Safen,,,,saaf1238,2007,asher2007world,features,feature,map_108,"Map 108 Senegal, Gambia and Guinea Bissau [5]",5322
5158,Safeyoka (Ampale),,,,safe1240,2007,asher2007world,features,feature,map_032,Map 32 Southern Papua New Guinea [113],5323
5159,Safwa,,,,safw1238,2007,asher2007world,features,feature,map_076 map_077,Map 76 Southern Tanzania [49]; Map 77 Zambia [17],5324
5160,Sagala,,,,saga1256,2007,asher2007world,features,feature,map_076,Map 76 Southern Tanzania [13],5325
5161,Sahaptin,,,,saha1240,traditional,asher2007world,features,feature,map_006,Map 6 North-Western Pacific America: Time of Contact [51],5326
5163,Sahel Subgroup,,,,sahi1245,2007,asher2007world,features,feature,map_073,Map 73 North-West Africa [6],5328
5164,Saho,,,,saho1246,2007,asher2007world,features,feature,map_072,Map 72 Sudan and the Horn of Africa [52],5329
5165,Sahu,,,,sahu1245,2007,asher2007world,features,feature,map_037,Map 37 The Moluccas [59],5330
5166,Saipan Carolinian,,,,caro1242,2007,asher2007world,features,feature,map_028,Map 28 Micronesia [6],5331
5167,Saisiyat,,,,sais1237,2007,asher2007world,features,feature,map_050,"Map 50 Japan, Korea and Taiwan [17]",5332
5168,Sajau Basap,,,,puna1273,2007,asher2007world,features,feature,map_041,Map 41 Borneo and Madagascar [44],5333
5169,Sak,,,,sakm1234,2007,asher2007world,features,feature,map_049 map_051,"Map 49 Burma (Myanmar) [43]; Map 51 North-East India, Bangladesh, Bhutan and Nepal [124]",5334
5170,Sakaci,,,,maku1279,2007,asher2007world,features,feature,map_075,Map 75 Mozambique [14],5335
5171,Sakam,,,,saka1292,2007,asher2007world,features,feature,map_032 map_033,Map 32 Southern Papua New Guinea [69]; Map 33 Northern Papua New Guinea [119],5336
5172,Sakao,,,,port1296,2007,asher2007world,features,feature,map_027,Map 27 Vanuatu and New Caledonia [22],5337
5174,Sakapulteko,,,,saca1238,traditional,asher2007world,features,feature,map_010,Map 10 Meso-America: Time of Contact [19b],5339
5175,Sakata,,,,saka1287,2007,asher2007world,features,feature,map_081 map_083,Map 81 Democratic Republic of Congo: Kasai [11]; Map 83 Democratic Republic of Congo: Bas Congo and Southern Congo [65],5340
5176,Sake,,,,sake1247,2007,asher2007world,features,feature,map_087 map_088,Map 87 Northern Congo and Southern Central African Republic [64]; Map 88 Gabon and Equatorial Guinea [33],5341
5177,Saki (Maya),,,,saki1249,2007,asher2007world,features,feature,map_033,Map 33 Northern Papua New Guinea [56],5342
5178,Sala,,,,sala1266,2007,asher2007world,features,feature,map_074 map_077,Map 74 Southern Africa [30]; Map 77 Zambia [31],5343
5179,Salamat,,,,mass1262,2007,asher2007world,features,feature,map_071 map_072,Map 71 North-East Africa [36]; Map 72 Sudan and the Horn of Africa [24],5344
5180,Salar,,,,sala1264,2007,asher2007world,features,feature,map_045,Map 45 China and Mongolia [41],5345
5181,Saleman,,,,sale1244,2007,asher2007world,features,feature,map_037,Map 37 The Moluccas [23],5346
5182,Salima,,,,suda1236,2007,asher2007world,features,feature,map_071 map_072,Map 71 North-East Africa [26]; Map 72 Sudan and the Horn of Africa [14],5347
5183,Salka,,,,tsis1238,2007,asher2007world,features,feature,map_100 map_101,Map 100 Northern Nigeria and Niger [22]; Map 101 South-Western Nigeria [38a],5348
5184,Saluan,,,,salu1253,2007,asher2007world,features,feature,map_039,Map 39 Sulawesi [40],5349
5185,Salumá,,,,salu1254,traditional,asher2007world,features,feature,map_012,Map 12 Northern South America: Time of Contact [389],5350
5186,Sama,,,,sama1300,2007,asher2007world,features,feature,map_084,Map 84 Angola [16],5351
5187,Sama,,,,,2007,asher2007world,features,feature,map_087 map_088,Map 87 Northern Congo and Southern Central African Republic [68]; Map 88 Gabon and Equatorial Guinea [50],5352
5188,Sama Bajau,,,,,2007,asher2007world,features,feature,map_038,Map 38 Lesser Sunda Islands and Timor [28],5353
5189,Sama Sibuguey,,,,sibu1252,2007,asher2007world,features,feature,map_040,Map 40 The Philippines [115],5354
5190,Samar-Leyte,,,,sama1301,2007,asher2007world,features,feature,map_040,Map 40 The Philippines [71],5355
5191,Samarokena,,,,sama1240,2007,asher2007world,features,feature,map_034,Map 34 Irian Jaya [49],5356
5192,Samatao [Yi],,,,sama1295,2007,asher2007world,features,feature,map_046,"Map 46 Yunnan Province, China [57]",5357
5193,Samatu [Yi],,,,sama1296,2007,asher2007world,features,feature,map_046,"Map 46 Yunnan Province, China [70]",5358
5194,Samba (Leko),,,,samb1305,2007,asher2007world,features,feature,map_091,Map 91 Adamawa Region [17],5359
5195,Sambo,,,,umbu1257,2007,asher2007world,features,feature,map_084,Map 84 Angola [26f],5360
5196,Samburu,,,,samb1315,2007,asher2007world,features,feature,map_072 map_085 map_086,Map 72 Sudan and the Horn of Africa [169]; Map 85 Kenyan Coast [45]; Map 86 Central East Africa [77],5361
5197,Samei [Yi],,,,same1240,2007,asher2007world,features,feature,map_046,"Map 46 Yunnan Province, China [56]",5362
5198,Samia,,,,saam1283,2007,asher2007world,features,feature,map_086,Map 86 Central East Africa [35m],5363
5199,Samogo,,,,seek1238,2007,asher2007world,features,feature,map_104 map_105 map_107,Map 104 Burkina Faso [81]; Map 105 Ivory Coast [71]; Map 107 Guinea and Mali [18],5364
5200,Samosa,,,,samo1306,2007,asher2007world,features,feature,map_033,Map 33 Northern Papua New Guinea [100],5365
5201,Samwe,,,,wara1292,2007,asher2007world,features,feature,map_104 map_105,Map 104 Burkina Faso [11]; Map 105 Ivory Coast [66],5366
5202,San,,,,,2007,asher2007world,features,feature,map_081,Map 81 Democratic Republic of Congo: Kasai [35],5367
5204,Sanda,,,,sand1271,2007,asher2007world,features,feature,map_106,Map 106 Liberia and Sierra Leone [8e],5369
5205,Sandawe,,,,sand1273,2007,asher2007world,features,feature,map_076 map_086,Map 76 Southern Tanzania [72]; Map 86 Central East Africa [100],5370
5206,Sanemá,,,,sanu1240,traditional,asher2007world,features,feature,map_012,Map 12 Northern South America: Time of Contact [424],5371
5208,Sanga,,,,sang1331,2007,asher2007world,features,feature,map_077 map_078,Map 77 Zambia [49]; Map 78 Democratic Republic of Congo: Katang [6],5373
5209,Sanga,,,,sang1329,2007,asher2007world,features,feature,map_097,"Map 97 North Plateau, Nigeria [27]",5374
5210,Sangil,,,,sang1337,2007,asher2007world,features,feature,map_040,Map 40 The Philippines [127],5375
5211,Sangir,,,,sang1336,2007,asher2007world,features,feature,map_039,Map 39 Sulawesi [2],5376
5212,Sangir,,,,sang1337,2007,asher2007world,features,feature,map_040,Map 40 The Philippines [128],5377
5213,Sangke,,,,sang1347,2007,asher2007world,features,feature,map_033 map_034,Map 33 Northern Papua New Guinea [192]; Map 34 Irian Jaya [161],5378
5214,Sanglechi,,,,sang1344,2007,asher2007world,features,feature,map_053,"Map 53 Iran, Afghanistan and Pakistan [31]",5379
5215,Sango,,,,rive1257,2007,asher2007world,features,feature,map_082 map_089,Map 82 Democratic Republic of Congo: Equate [48]; Map 89 Central African Republic and South-Eastern Chad [42],5380
5216,Sangpang,,,,samp1249,2007,asher2007world,features,feature,map_051,"Map 51 North-East India, Bangladesh, Bhutan and Nepal [70]",5381
5217,Sangtam,,,,sang1321,2007,asher2007world,features,feature,map_051,"Map 51 North-East India, Bangladesh, Bhutan and Nepal [126]",5382
5218,Sangu,,,,sang1330,2007,asher2007world,features,feature,map_076,Map 76 Southern Tanzania [48],5383
5219,Sangu,,,,sang1333,2007,asher2007world,features,feature,map_083 map_088,Map 83 Democratic Republic of Congo: Bas Congo and Southern Congo [20]; Map 88 Gabon and Equatorial Guinea [17],5384
5220,Sanhāja Of Srair,,,,senh1238,2007,asher2007world,features,feature,map_073,Map 73 North-West Africa [66],5385
5221,Sanhāja Subgroup,,,,senh1238,2007,asher2007world,features,feature,map_073,Map 73 North-West Africa [25],5386
5222,Sani [Yi],,,,sani1269,2007,asher2007world,features,feature,map_046,"Map 46 Yunnan Province, China [83]",5387
5223,Sanio,,,,sani1271,2007,asher2007world,features,feature,map_033,Map 33 Northern Papua New Guinea [298],5388
5224,Santali,,,,sant1410,2007,asher2007world,features,feature,map_051,"Map 51 North-East India, Bangladesh, Bhutan and Nepal [200, C]",5389
5226,Santrokofi (Sele),,,,sele1249,2007,asher2007world,features,feature,map_102,Map 102 Benin and Togo [11],5391
5227,Sanza,,,,sanz1246,2007,asher2007world,features,feature,map_080,Map 80 Democratic Republic of Congo: Kivu [40c],5392
5228,Saparua,,,,sapa1251,2007,asher2007world,features,feature,map_037,Map 37 The Moluccas [11],5393
5229,Sapará,,,,sapa1254,traditional,asher2007world,features,feature,map_012,Map 12 Northern South America: Time of Contact [396],5394
5230,Sapiny,,,,sabi1247,2007,asher2007world,features,feature,map_072 map_086,Map 72 Sudan and the Horn of Africa [152]; Map 86 Central East Africa [78],5395
5231,Saposa,,,,sapo1253,2007,asher2007world,features,feature,map_029,Map 29 Solomon Islands and Bougainville [5],5396
5232,"Sapoteko, Zapoteco",,,,zapo1437,traditional,asher2007world,features,feature,map_010,Map 10 Meso-America: Time of Contact [46],5397
5234,Sarangani Blaan,,,,sara1326,2007,asher2007world,features,feature,map_040,Map 40 The Philippines [123],5399
5235,Sarangani Manobo,,,,sara1327,2007,asher2007world,features,feature,map_040,Map 40 The Philippines [111],5400
5236,Sarcee,,,,sars1236,traditional,asher2007world,features,feature,map_007,Map 7 Northern North America: Time of Contact [41],5401
5238,Sardinian,,,,sard1257,2007,asher2007world,features,feature,map_067 map_069,"Map 67 Italy, Corsica, Sardinia, Sicily and Malta [2]; Map 69 France, Belgium, the Netherlands and Luxembourg [4]",5403
5239,Sardiyya,,,,najd1235,2007,asher2007world,features,feature,map_070,Map 70 The Middle East and Arabian Peninsula [19],5404
5240,Saruga,,,,saru1243,2007,asher2007world,features,feature,map_033,Map 33 Northern Papua New Guinea [102],5405
5241,Sarwa,,,,saru1245,2007,asher2007world,features,feature,map_089 map_090,"Map 89 Central African Republic and South-Eastern Chad [81a]; Map 90 Central African Republic, South-Western Chad and Cameroon [46]",5406
5242,Sasak,,,,sasa1249,2007,asher2007world,features,feature,map_038,Map 38 Lesser Sunda Islands and Timor [2],5407
5243,Sasaru-Enwan-Igwe,,,,sasa1252,2007,asher2007world,features,feature,map_101,Map 101 South-Western Nigeria [72],5408
5244,Sasawa,,,,sasa1251,2007,asher2007world,features,feature,map_034,Map 34 Irian Jaya [155],5409
5245,Satlej,,,,hima1250,2007,asher2007world,features,feature,map_054,Map 54 North-West India [40],5410
5246,Sau,,,,sauu1244,2007,asher2007world,features,feature,map_032,Map 32 Southern Papua New Guinea [26],5411
5247,Sauk,,,,sauk1252,2007,asher2007world,features,feature,map_032,Map 32 Southern Papua New Guinea [55],5412
5248,Sauk-Meskwaki (Fox),,,,mesk1242,traditional,asher2007world,features,feature,map_001,Map 1 East Coast and Great Lakes: Time of Contact [14],5413
5249,Saulteaux,,,,west1510,traditional,asher2007world,features,feature,map_007,Map 7 Northern North America: Time of Contact [74],5414
5250,Saurashtri,,,,saur1248,2007,asher2007world,features,feature,map_052,Map 52 Southern India and Sri Lanka [20],5415
5251,Sause,,,,saus1247,2007,asher2007world,features,feature,map_034,Map 34 Irian Jaya [88],5416
5252,Sausi (Uya),,,,saus1246,2007,asher2007world,features,feature,map_033,Map 33 Northern Papua New Guinea [38],5417
5253,Savannah Igbo,,,,,2007,asher2007world,features,feature,map_101,Map 101 South-Western Nigeria [78],5418
5254,Savara (Sora),,,,sava1244,2007,asher2007world,features,feature,map_051,"Map 51 North-East India, Bangladesh, Bhutan and Nepal [211]",5419
5255,Savi,,,,savi1242,2007,asher2007world,features,feature,map_053,"Map 53 Iran, Afghanistan and Pakistan [51]",5420
5256,Savosavo,,,,savo1255,2007,asher2007world,features,feature,map_029,Map 29 Solomon Islands and Bougainville [83],5421
5257,Savu,,,,sabu1255,2007,asher2007world,features,feature,map_038,Map 38 Lesser Sunda Islands and Timor [12],5422
5258,Sawai,,,,sawa1247,2007,asher2007world,features,feature,map_037,Map 37 The Moluccas [40],5423
5259,"Sawos (Gaikunti, Kwongai, Sepik Plains, Tshuosh)",,,,sawo1235,2007,asher2007world,features,feature,map_033,Map 33 Northern Papua New Guinea [297],5424
5260,Sawuy,,,,sawi1257,2007,asher2007world,features,feature,map_034,"Map 34 Irian Jaya [17, A]",5425
5261,Saya,,,,saya1246,2007,asher2007world,features,feature,map_096 map_097 map_098,"Map 96 South Plateau, Nigeria [80]; Map 97 North Plateau, Nigeria [86]; Map 98 North-Eastern Nigeria [99]",5426
5263,"Sayula Mijean, Sayulteko, Sayula Popoluca",,,,sayu1241,traditional,asher2007world,features,feature,map_010,Map 10 Meso-America: Time of Contact [25],5428
5264,Sba'a,,,,najd1235,2007,asher2007world,features,feature,map_070,Map 70 The Middle East and Arabian Peninsula [31],5429
5265,Sbay',,,,najd1235,2007,asher2007world,features,feature,map_070,Map 70 The Middle East and Arabian Peninsula [39],5430
5266,Seba,,,,seba1247,2007,asher2007world,features,feature,map_077,Map 77 Zambia [42],5431
5267,Sebané,,,,saba1268,traditional,asher2007world,features,feature,map_016,Map 16 Western Brazil: Time of Contact [331],5432
5269,Sebob Kenyah,,,,sebo1238,2007,asher2007world,features,feature,map_041,"Map 41 Borneo and Madagascar [72, E]",5434
5270,Sechelt,,,,sech1246,traditional,asher2007world,features,feature,map_006,Map 6 North-Western Pacific America: Time of Contact [20],5435
5271,Sechura,,,,sech1236,traditional,asher2007world,features,feature,map_014,Map 14 Northern Pacific Coast: Time of Contact [198],5436
5272,Sedang,,,,seda1262,2007,asher2007world,features,feature,map_048,"Map 48 Southern Thailand, Laos and Vietnam, and Cambodia [53]",5437
5273,Sedoa,,,,sedo1237,2007,asher2007world,features,feature,map_039,Map 39 Sulawesi [31],5438
5274,Seediq,,,,taro1264,2007,asher2007world,features,feature,map_050,"Map 50 Japan, Korea and Taiwan [6]",5439
5275,Sefwi,,,,sehw1238,2007,asher2007world,features,feature,map_103 map_105,Map 103 Ghana [6a]; Map 105 Ivory Coast [16],5440
5276,Sega,,,,sega1243,2007,asher2007world,features,feature,map_041,Map 41 Borneo and Madagascar [57],5441
5277,Segeju,,,,sege1246,2007,asher2007world,features,feature,map_076 map_085,Map 76 Southern Tanzania [2a]; Map 85 Kenyan Coast [13],5442
5278,Seget,,,,sege1235,2007,asher2007world,features,feature,map_034 map_037,Map 34 Irian Jaya [105]; Map 37 The Moluccas [54],5443
5279,Sekani,,,,seka1250,traditional,asher2007world,features,feature,map_007,Map 7 Northern North America: Time of Contact [37],5444
5280,Sekar,,,,seka1247,2007,asher2007world,features,feature,map_034,Map 34 Irian Jaya [217],5445
5281,Seki,,,,seki1238,2007,asher2007world,features,feature,map_088,Map 88 Gabon and Equatorial Guinea [25],5446
5282,Seko,,,,seko1242,2007,asher2007world,features,feature,map_039,Map 39 Sulawesi [51],5447
5283,Sekpela (Likpe),,,,sekp1241,2007,asher2007world,features,feature,map_102,Map 102 Benin and Togo [9],5448
5284,Selaru,,,,sela1259,2007,asher2007world,features,feature,map_038,Map 38 Lesser Sunda Islands and Timor [63],5449
5285,Sele,,,,,2007,asher2007world,features,feature,map_084,Map 84 Angola [26a],5450
5286,Selepet,,,,sele1250,2007,asher2007world,features,feature,map_032 map_033,Map 32 Southern Papua New Guinea [43]; Map 33 Northern Papua New Guinea [111],5451
5287,Selkup (Ostyak Samoyed),,,,selk1253,2007,asher2007world,features,feature,map_055 map_056,Map 55 Eastern Siberia [20]; Map 56 Western Siberia [15],5452
5288,Selungai Murut,,,,selu1243,2007,asher2007world,features,feature,map_041,Map 41 Borneo and Madagascar [81],5453
5289,Selwasa,,,,selu1242,2007,asher2007world,features,feature,map_038,"Map 38 Lesser Sunda Islands and Timor [62, C]",5454
5290,Sema,,,,sumi1235,2007,asher2007world,features,feature,map_051,"Map 51 North-East India, Bangladesh, Bhutan and Nepal [130]",5455
5291,Semai,,,,sema1266,2007,asher2007world,features,feature,map_044,Map 44 West Malaysia and Singapore [9],5456
5292,Semaq Beri,,,,sema1265,2007,asher2007world,features,feature,map_044,Map 44 West Malaysia and Singapore [11],5457
5293,Sembakung,,,,semb1242,2007,asher2007world,features,feature,map_041,Map 41 Borneo and Madagascar [89],5458
5294,Sembla,,,,seek1238,2007,asher2007world,features,feature,map_104 map_105,Map 104 Burkina Faso [82]; Map 105 Ivory Coast [72],5459
5295,Seme,,,,siam1242,2007,asher2007world,features,feature,map_104 map_105,Map 104 Burkina Faso [68]; Map 105 Ivory Coast [32],5460
5296,Semelai,,,,seme1247,2007,asher2007world,features,feature,map_044,Map 44 West Malaysia and Singapore [12],5461
5297,Semimi,,,,semi1264,2007,asher2007world,features,feature,map_034,Map 34 Irian Jaya [127],5462
5298,Semnani,,,,semn1251,2007,asher2007world,features,feature,map_053,"Map 53 Iran, Afghanistan and Pakistan [17]",5463
5299,Sempan,,,,semp1241,2007,asher2007world,features,feature,map_034,Map 34 Irian Jaya [29],5464
5300,Sena,,,,nucl1396,2007,asher2007world,features,feature,map_075,Map 75 Mozambique [28],5465
5301,Senari,,,,ceba1235,2007,asher2007world,features,feature,map_104 map_105 map_107,Map 104 Burkina Faso [8]; Map 105 Ivory Coast [60]; Map 107 Guinea and Mali [25],5466
5302,Sende,,,,bolo1261,2007,asher2007world,features,feature,map_084,Map 84 Angola [19],5467
5303,Sene,,,,sene1263,2007,asher2007world,features,feature,map_032,Map 32 Southern Papua New Guinea [30],5468
5304,Seneca,,,,sene1264,traditional,asher2007world,features,feature,map_001,Map 1 East Coast and Great Lakes: Time of Contact [41],5469
5305,Sengele,,,,seng1278,2007,asher2007world,features,feature,map_081 map_083,Map 81 Democratic Republic of Congo: Kasai [5]; Map 83 Democratic Republic of Congo: Bas Congo and Southern Congo [66],5470
5306,Senggi,,,,seng1285,2007,asher2007world,features,feature,map_034,Map 34 Irian Jaya [100],5471
5307,Sentani,,,,nucl1632,2007,asher2007world,features,feature,map_034,Map 34 Irian Jaya [122],5472
5308,Sepa,,,,sepa1241,2007,asher2007world,features,feature,map_033,Map 33 Northern Papua New Guinea [382],5473
5309,Sepa-Teluti,,,,east2757,2007,asher2007world,features,feature,map_037,Map 37 The Moluccas [15],5474
5310,Sepen,,,,sepe1240,2007,asher2007world,features,feature,map_033,Map 33 Northern Papua New Guinea [338],5475
5311,Sera (Ssia),,,,sera1260,2007,asher2007world,features,feature,map_033,Map 33 Northern Papua New Guinea [403],5476
5312,Serbian / Croatian / Bosnian,,,,sout1528,2007,asher2007world,features,feature,map_061 map_062 map_065 map_066 map_067,"Map 61 Hungary, Romania and the Balkans [4]; Map 62 Poland, the Czech Republic and Slovakia [9]; Map 65 Germany, Austria, Liechtenstein and Switzerland [13]; Map 66 Albania, Greece, Crete and Cyprus [6]; Map 67 Italy, Corsica, Sardinia, Sicily and Malta [11]",5477 5478 5479
5313,Sere,,,,sere1264,2007,asher2007world,features,feature,map_079 map_089,Map 79 Democratic Republic of Congo: Orienta [46]; Map 89 Central African Republic and South-Eastern Chad [1],5480
5314,Serer(-Sin),,,,sere1260,2007,asher2007world,features,feature,map_108,"Map 108 Senegal, Gambia and Guinea Bissau [3]",5481
5315,Seri,,,,seri1257,traditional,asher2007world,features,feature,map_003,Map 3 South-Western North America: Time of Contact [67],5482
5318,"Serkin Lenka, Serkin Lenca",,,,lenc1243,traditional,asher2007world,features,feature,map_010,Map 10 Meso-America: Time of Contact [63a],5485
5319,Serrano,,,,serr1255,traditional,asher2007world,features,feature,map_003,Map 3 South-Western North America: Time of Contact [16],5486
5320,Serudung,,,,seru1246,2007,asher2007world,features,feature,map_041,Map 41 Borneo and Madagascar [92],5487
5321,Serui-Laut,,,,seru1244,2007,asher2007world,features,feature,map_034,Map 34 Irian Jaya [204],5488
5322,Sese,,,,sese1244,2007,asher2007world,features,feature,map_086,Map 86 Central East Africa [30],5489
5323,Set,,,,seti1248,2007,asher2007world,features,feature,map_033,Map 33 Northern Papua New Guinea [224],5490
5324,Seta,,,,seta1245,2007,asher2007world,features,feature,map_033,Map 33 Northern Papua New Guinea [223],5491
5325,Setaman,,,,seta1246,2007,asher2007world,features,feature,map_033,Map 33 Northern Papua New Guinea [176],5492
5326,Seti,,,,seti1246,2007,asher2007world,features,feature,map_034 map_037,Map 34 Irian Jaya [222]; Map 37 The Moluccas [29],5493
5327,Settled Dialects,,,,alge1239,2007,asher2007world,features,feature,map_073,Map 73 North-West Africa [15],5494
5328,Severn Ojibwe,,,,seve1240,traditional,asher2007world,features,feature,map_007,Map 7 Northern North America: Time of Contact [72],5495
5329,Sewa Bay,,,,sewa1251,2007,asher2007world,features,feature,map_031,Map 31 South-Eastern Papua New Guinea [22],5496
5331,Central Alaskan Yup'ik,,,,cent2127,traditional,asher2007world,features,feature,map_007,Map 7 Northern North America: Time of Contact [4],7009x
5332,Seward Peninsula Inupiaq,,,,nort2945,traditional,asher2007world,features,feature,map_007,Map 7 Northern North America: Time of Contact [5],5498
5333,Sgar,,,,gart1234,2007,asher2007world,features,feature,map_045,Map 45 China and Mongolia [96b],5499
5334,Sgaw,,,,sgaw1245,2007,asher2007world,features,feature,map_047 map_049,"Map 47 Northern Thailand, Laos and Vietnam [81]; Map 49 Burma (Myanmar) [28]",5500 5501
5335,Sha,,,,shaa1247,2007,asher2007world,features,feature,map_096,"Map 96 South Plateau, Nigeria [81]",5502
5336,Shagawu,,,,ronn1241,2007,asher2007world,features,feature,map_096,"Map 96 South Plateau, Nigeria [76]",5503
5337,Shakriabá,,,,xakr1238,traditional,asher2007world,features,feature,map_018,Map 18 Brazilian Atlantic Coast: Time of Contact [293],5504
5339,Shall-Zwall,,,,shal1242,2007,asher2007world,features,feature,map_096 map_097,"Map 96 South Plateau, Nigeria [30]; Map 97 North Plateau, Nigeria [13]",5506
5340,Shamba(L)A,,,,sham1280,2007,asher2007world,features,feature,map_076 map_085 map_086,Map 76 Southern Tanzania [3]; Map 85 Kenyan Coast [14]; Map 86 Central East Africa [2],5507
5341,Shambiu,,,,samb1310,2007,asher2007world,features,feature,map_084,Map 84 Angola [25a],5508
5342,Shammar,,,,nort3137,2007,asher2007world,features,feature,map_070,Map 70 The Middle East and Arabian Peninsula [14],5509
5343,Shan,,,,shan1277,2007,asher2007world,features,feature,map_046 map_047 map_049,"Map 46 Yunnan Province, China [17]; Map 47 Northern Thailand, Laos and Vietnam [15]; Map 49 Burma (Myanmar) [3]",5510 5511 5512
5344,Shangaan (Tsonga),,,,tson1249,2007,asher2007world,features,feature,map_075,Map 75 Mozambique [47],5513
5345,Shange,,,,shen1249,2007,asher2007world,features,feature,map_106,Map 106 Liberia and Sierra Leone [6a],5514
5346,Shani,,,,shen1250,2007,asher2007world,features,feature,map_097,"Map 97 North Plateau, Nigeria [47]",5515
5347,Shanjo,,,,shan1291,2007,asher2007world,features,feature,map_074 map_077,Map 74 Southern Africa [31]; Map 77 Zambia [27],5516
5348,Sharanawa,,,,shar1245,traditional,asher2007world,features,feature,map_014,Map 14 Northern Pacific Coast: Time of Contact [226],5517
5350,Shark Bay,,,,shar1244,2007,asher2007world,features,feature,map_027,Map 27 Vanuatu and New Caledonia [24],5519
5351,Sharwa,,,,shar1249,2007,asher2007world,features,feature,map_094,Map 94 Northern Cameroon [52],5520
5352,Sharārāt,,,,najd1235,2007,asher2007world,features,feature,map_070,Map 70 The Middle East and Arabian Peninsula [26],5521
5353,Shasha,,,,shas1264,2007,asher2007world,features,feature,map_077,Map 77 Zambia [66],5522
5354,Shasta,,,,shas1239,traditional,asher2007world,features,feature,map_004,Map 4 California: Time of Contact [35],5523
5355,Shatt And Other Dialects,,,,shat1243,2007,asher2007world,features,feature,map_072,Map 72 Sudan and the Horn of Africa [140],5524
5356,Shavante,,,,xava1240,traditional,asher2007world,features,feature,map_018,Map 18 Brazilian Atlantic Coast: Time of Contact [290],5525
5358,Shawnee,,,,shaw1249,traditional,asher2007world,features,feature,map_001,Map 1 East Coast and Great Lakes: Time of Contact [19],5527
5359,Shayqiyya,,,,suda1236,2007,asher2007world,features,feature,map_071 map_072,Map 71 North-East Africa [15]; Map 72 Sudan and the Horn of Africa [1],5528
5360,She,,,,shee1239,2007,asher2007world,features,feature,map_072,Map 72 Sudan and the Horn of Africa [90],5529
5361,Shebaye,,,,sheb1234,traditional,asher2007world,features,feature,map_012,Map 12 Northern South America: Time of Contact [124],5530
5362,Sheko,,,,shek1245,2007,asher2007world,features,feature,map_072,Map 72 Sudan and the Horn of Africa [97],5531
5363,Shelala-Mazer Dialects,,,,,2007,asher2007world,features,feature,map_073,Map 73 North-West Africa [56],5532
5364,Sheng,,,,stie1250,2007,asher2007world,features,feature,map_048,"Map 48 Southern Thailand, Laos and Vietnam, and Cambodia [69]",5533
5365,Sherbro,,,,sher1258,2007,asher2007world,features,feature,map_106,Map 106 Liberia and Sierra Leone [6],5534
5366,Sherdukpen,,,,sher1257,2007,asher2007world,features,feature,map_051,"Map 51 North-East India, Bangladesh, Bhutan and Nepal [41]",5535
5367,Sherente,,,,xere1240,traditional,asher2007world,features,feature,map_018,Map 18 Brazilian Atlantic Coast: Time of Contact [292],5536
5369,Sherpa,,,,sher1255,2007,asher2007world,features,feature,map_045 map_051,"Map 45 China and Mongolia [97a]; Map 51 North-East India, Bangladesh, Bhutan and Nepal [24]",5538
5370,Shila,,,,shil1264,2007,asher2007world,features,feature,map_077 map_078,Map 77 Zambia [10]; Map 78 Democratic Republic of Congo: Katang [30],5539
5371,Shina,,,,shin1264,2007,asher2007world,features,feature,map_053 map_054,"Map 53 Iran, Afghanistan and Pakistan [40]; Map 54 North-West India [23]",5540
5372,Shinga,,,,chis1242,2007,asher2007world,features,feature,map_077,Map 77 Zambia [8],5541
5373,Shingu,,,,ndan1241,2007,asher2007world,features,feature,map_093,Map 93 Central South-Western Cameroon [64g],5542
5375,"Shinkan, Xinca",,,,xinc1237,traditional,asher2007world,features,feature,map_010,Map 10 Meso-America: Time of Contact [62],5544
5376,Shipibo,,,,ship1254,traditional,asher2007world,features,feature,map_014,Map 14 Northern Pacific Coast: Time of Contact [218],5545
5378,Shipinawa,,,,xipi1238,traditional,asher2007world,features,feature,map_014,Map 14 Northern Pacific Coast: Time of Contact [231],5547
5379,Shira,,,,sira1266,2007,asher2007world,features,feature,map_083 map_088,Map 83 Democratic Republic of Congo: Bas Congo and Southern Congo [19]; Map 88 Gabon and Equatorial Guinea [14],5548
5380,Shiwo,,,,shiw1234,2007,asher2007world,features,feature,map_087 map_088,Map 87 Northern Congo and Southern Central African Republic [61]; Map 88 Gabon and Equatorial Guinea [40a],5549
5381,Shixing,,,,shix1238,2007,asher2007world,features,feature,map_045,Map 45 China and Mongolia [120],5550
5382,Shoa,,,,shoa1235,2007,asher2007world,features,feature,map_072,Map 72 Sudan and the Horn of Africa [53d],5551
5383,Shobio,,,,,2007,asher2007world,features,feature,map_080,Map 80 Democratic Republic of Congo: Kivu [37],5552
5384,Shokleng,,,,xokl1240,traditional,asher2007world,features,feature,map_018,Map 18 Brazilian Atlantic Coast: Time of Contact [295],5553
5386,Shokó,,,,xoco1235,traditional,asher2007world,features,feature,map_018,Map 18 Brazilian Atlantic Coast: Time of Contact [323],5555
5388,Sholio,,,,shol1241,2007,asher2007world,features,feature,map_096 map_097,"Map 96 South Plateau, Nigeria [34c]; Map 97 North Plateau, Nigeria [21]",5557
5389,Shona,,,,shon1251,2007,asher2007world,features,feature,map_077,Map 77 Zambia [57],5558
5390,Shor,,,,shor1247,2007,asher2007world,features,feature,map_055 map_056,Map 55 Eastern Siberia [7]; Map 56 Western Siberia [9],5559
5392,Showa,,,,bush1247,2007,asher2007world,features,feature,map_081,Map 81 Democratic Republic of Congo: Kasai [49a],5561
5393,Shua,,,,tsoa1238,2007,asher2007world,features,feature,map_074 map_077,Map 74 Southern Africa [48]; Map 77 Zambia [76],5562
5394,Shughni,,,,,2007,asher2007world,features,feature,map_053,"Map 53 Iran, Afghanistan and Pakistan [29]",5563
5395,Shughni,,,,shug1248,2007,asher2007world,features,feature,map_053 map_057,"Map 53 Iran, Afghanistan and Pakistan [29]; Map 57 Central Asia [8]",5564
5396,Shukriyya,,,,shuk1244,2007,asher2007world,features,feature,map_072,Map 72 Sudan and the Horn of Africa [7],5565
5397,Shukriyya With Beja,,,,beja1238,2007,asher2007world,features,feature,map_072,Map 72 Sudan and the Horn of Africa [7a],5566
5398,Shukurú,,,,xuku1239,traditional,asher2007world,features,feature,map_018,Map 18 Brazilian Atlantic Coast: Time of Contact [319],5567
5400,Shumashti,,,,shum1235,2007,asher2007world,features,feature,map_053,"Map 53 Iran, Afghanistan and Pakistan [53]",5569
5401,Shuswap,,,,shus1248,traditional,asher2007world,features,feature,map_006,Map 6 North-Western Pacific America: Time of Contact [30],5570
5403,Shuwa,,,,shuw1238,2007,asher2007world,features,feature,map_090 map_099,"Map 90 Central African Republic, South-Western Chad and Cameroon [73d]; Map 99 Lake Chad Region [18]",5572 5573
5404,Siagha-Yenimu,,,,sout2941,2007,asher2007world,features,feature,map_034,Map 34 Irian Jaya [16],5574
5405,Sialum,,,,sial1240,2007,asher2007world,features,feature,map_032 map_033,Map 32 Southern Papua New Guinea [37]; Map 33 Northern Papua New Guinea [105],5575
5406,Siane,,,,sian1257,2007,asher2007world,features,feature,map_032 map_033,Map 32 Southern Papua New Guinea [8]; Map 33 Northern Papua New Guinea [149],5576
5407,Siang,,,,sian1254,2007,asher2007world,features,feature,map_041,Map 41 Borneo and Madagascar [5],5577
5408,Siar,,,,siar1238,2007,asher2007world,features,feature,map_030,Map 30 New Britain and New Ireland [53],5578
5409,Sidamo,,,,sida1246,2007,asher2007world,features,feature,map_072,Map 72 Sudan and the Horn of Africa [68],5579
5410,Sie,,,,siee1239,2007,asher2007world,features,feature,map_027,Map 27 Vanuatu and New Caledonia [101],5580
5411,Sighau,,,,tait1250,2007,asher2007world,features,feature,map_085,Map 85 Kenyan Coast [27],5581
5412,Sigu,,,,sigh1238,2007,asher2007world,features,feature,map_083 map_088,Map 83 Democratic Republic of Congo: Bas Congo and Southern Congo [44]; Map 88 Gabon and Equatorial Guinea [26],5582
5413,Siha,,,,siha1242,2007,asher2007world,features,feature,map_086,Map 86 Central East Africa [6b],5583
5414,Sihan,,,,siha1245,2007,asher2007world,features,feature,map_033,Map 33 Northern Papua New Guinea [85],5584
5415,Sikaiana,,,,sika1261,2007,asher2007world,features,feature,map_026 map_029,Map 26 Polynesia [21]; Map 29 Solomon Islands and Bougainville [68],5585
5416,Sikka,,,,sika1262,2007,asher2007world,features,feature,map_038,Map 38 Lesser Sunda Islands and Timor [32],5586
5417,Sila,,,,sila1247,2007,asher2007world,features,feature,map_047,"Map 47 Northern Thailand, Laos and Vietnam [92]",5587
5418,Silakau,,,,kend1254,2007,asher2007world,features,feature,map_041,Map 41 Borneo and Madagascar [16],5588
5419,Sile,,,,lega1253,2007,asher2007world,features,feature,map_080,Map 80 Democratic Republic of Congo: Kivu [15],5589
5420,Sileibi,,,,sile1255,2007,asher2007world,features,feature,map_033,Map 33 Northern Papua New Guinea [2],5590
5421,Siliput,,,,sili1247,2007,asher2007world,features,feature,map_033,Map 33 Northern Papua New Guinea [249],5591
5422,Silisili,,,,midd1327,2007,asher2007world,features,feature,map_032,Map 32 Southern Papua New Guinea [202],5592
5423,Silopi,,,,silo1240,2007,asher2007world,features,feature,map_033,Map 33 Northern Papua New Guinea [103],5593
5424,Silti'i,,,,silt1240,2007,asher2007world,features,feature,map_072,Map 72 Sudan and the Horn of Africa [32],5594
5425,Simalungan,,,,bata1288,2007,asher2007world,features,feature,map_043,Map 43 Sumatra [11],5595
5426,Simbari,,,,simb1255,2007,asher2007world,features,feature,map_032,Map 32 Southern Papua New Guinea [116],5596
5427,Simbo,,,,simb1256,2007,asher2007world,features,feature,map_029,Map 29 Solomon Islands and Bougainville [21],5597
5428,Simeulue,,,,sime1241,2007,asher2007world,features,feature,map_043,Map 43 Sumatra [1],5598
5429,Simog,,,,auwe1239,2007,asher2007world,features,feature,map_033,Map 33 Northern Papua New Guinea [200],5599
5430,Sinai,,,,,2007,asher2007world,features,feature,map_070,Map 70 The Middle East and Arabian Peninsula [79],5600
5431,Sinauna,,,,remo1247,2007,asher2007world,features,feature,map_040,Map 40 The Philippines [48],5601
5432,Sindhi,,,,sind1272,2007,asher2007world,features,feature,map_053 map_054,"Map 53 Iran, Afghanistan and Pakistan [59, A]; Map 54 North-West India [32]",5602
5433,Sinesip,,,,sout2857,2007,asher2007world,features,feature,map_027,Map 27 Vanuatu and New Caledonia [67],5603
5434,Singgie,,,,sing1269,2007,asher2007world,features,feature,map_041,Map 41 Borneo and Madagascar [19],5604
5435,Singpho,,,,sing1264,2007,asher2007world,features,feature,map_051,"Map 51 North-East India, Bangladesh, Bhutan and Nepal [123b]",5605
5436,Sinhalese,,,,sinh1246,2007,asher2007world,features,feature,map_052,Map 52 Southern India and Sri Lanka [21],5606
5437,Sinji,,,,mban1264,2007,asher2007world,features,feature,map_084,Map 84 Angola [13],5607
5438,Sinsali / Cong,,,,coon1239,2007,asher2007world,features,feature,map_047,"Map 47 Northern Thailand, Laos and Vietnam [96]",5608
5439,Sinsauru (Kow),,,,sins1241,2007,asher2007world,features,feature,map_033,Map 33 Northern Papua New Guinea [34],5609
5440,Sinyar,,,,siny1243,2007,asher2007world,features,feature,map_071 map_072,Map 71 North-East Africa [90]; Map 72 Sudan and the Horn of Africa [179],5610
5441,Sio,,,,sioo1240,2007,asher2007world,features,feature,map_032 map_033,Map 32 Southern Papua New Guinea [223]; Map 33 Northern Papua New Guinea [381],5611
5444,"Sipakapenyo, Sipacapense",,,,sipa1247,traditional,asher2007world,features,feature,map_010,Map 10 Meso-America: Time of Contact [19c],5614
5445,Sir,,,,siri1278,2007,asher2007world,features,feature,map_097,"Map 97 North Plateau, Nigeria [76]",5615
5446,Siraiki (Saraiki),,,,sera1259,2007,asher2007world,features,feature,map_053 map_054,"Map 53 Iran, Afghanistan and Pakistan [57]; Map 54 North-West India [29]",5616
5447,Sirak,,,,nafi1237,2007,asher2007world,features,feature,map_032,Map 32 Southern Papua New Guinea [210],5617
5448,Sirasira,,,,sara1323,2007,asher2007world,features,feature,map_032,Map 32 Southern Papua New Guinea [208],5618
5449,Sirio,,,,nawa1258,2007,asher2007world,features,feature,map_031 map_032,Map 31 South-Eastern Papua New Guinea [58]; Map 32 Southern Papua New Guinea [131],5619
5451,Sirionó,,,,siri1279,traditional,asher2007world,features,feature,map_020,Map 20 Central Pacific Coast: Time of Contact [340],5621
5452,Sirkai,,,,kete1254,2007,asher2007world,features,feature,map_034,Map 34 Irian Jaya [66],5622
5453,Sirmauri,,,,sirm1239,2007,asher2007world,features,feature,map_054,Map 54 North-West India [45],5623
5454,Sirohi,,,,siro1247,2007,asher2007world,features,feature,map_054,Map 54 North-West India [57c],5624
5455,Siroi (Suroi),,,,siro1249,2007,asher2007world,features,feature,map_033,Map 33 Northern Papua New Guinea [26],5625
5456,Sirḥān,,,,najd1235,2007,asher2007world,features,feature,map_070,Map 70 The Middle East and Arabian Peninsula [20],5626
5457,Sisaala,,,,sisa1248,2007,asher2007world,features,feature,map_103 map_104 map_105,Map 103 Ghana [69]; Map 104 Burkina Faso [51]; Map 105 Ivory Coast [40],5627
5458,Siska (Tonga),,,,tong1321,2007,asher2007world,features,feature,map_075 map_076 map_077,Map 75 Mozambique [36]; Map 76 Southern Tanzania [65]; Map 77 Zambia [43],5628
5459,Sissano,,,,siss1243,2007,asher2007world,features,feature,map_033,Map 33 Northern Papua New Guinea [404],5629
5460,Sistani,,,,sist1235,2007,asher2007world,features,feature,map_053,"Map 53 Iran, Afghanistan and Pakistan [28]",5630
5461,Siti,,,,siti1241,2007,asher2007world,features,feature,map_103 map_104 map_105,Map 103 Ghana [75]; Map 104 Burkina Faso [56]; Map 105 Ivory Coast [37],5631
5462,Siuslaw,,,,sius1254,traditional,asher2007world,features,feature,map_004,Map 4 California: Time of Contact [18],5632
5463,Siwa,,,,siwi1239,2007,asher2007world,features,feature,map_071,Map 71 North-East Africa [51],5633
5464,Siwai,,,,siwa1245,2007,asher2007world,features,feature,map_029,Map 29 Solomon Islands and Bougainville [77],5634
5465,Sizaki,,,,siza1240,2007,asher2007world,features,feature,map_086,Map 86 Central East Africa [47],5635
5466,Ske,,,,seke1241,2007,asher2007world,features,feature,map_027,Map 27 Vanuatu and New Caledonia [53],5636
5467,Skolt Saame,,,,skol1241,2007,asher2007world,features,feature,map_064,Map 64 The Nordic Countries [22],5637
5468,Skolt Saami (Skolt Lappish),,,,skol1241,2007,asher2007world,features,feature,map_058,"Map 58 Western Russia, the Baltic States, Belarus, Ukraine and Moldova [21]",5638
5469,Skou,,,,nucl1634,2007,asher2007world,features,feature,map_034,Map 34 Irian Jaya [160],5639
5470,Slave,,,,sout2959,traditional,asher2007world,features,feature,map_007,Map 7 Northern North America: Time of Contact [33],5640
5472,Slovak,,,,slov1269,2007,asher2007world,features,feature,map_058 map_061 map_062 map_065 map_067,"Map 58 Western Russia, the Baltic States, Belarus, Ukraine and Moldova [5]; Map 61 Hungary, Romania and the Balkans [3]; Map 62 Poland, the Czech Republic and Slovakia [6]; Map 65 Germany, Austria, Liechtenstein and Switzerland [17]; Map 67 Italy, Corsica, Sardinia, Sicily and Malta [13]",5642
5473,Slovene,,,,slov1268,2007,asher2007world,features,feature,map_061 map_065 map_067,"Map 61 Hungary, Romania and the Balkans [5]; Map 65 Germany, Austria, Liechtenstein and Switzerland [14]; Map 67 Italy, Corsica, Sardinia, Sicily and Malta [12]",5643
5474,So,,,,sooo1254,2007,asher2007world,features,feature,map_047,"Map 47 Northern Thailand, Laos and Vietnam [46]",5644
5475,So,,,,sode1235,2007,asher2007world,features,feature,map_079,Map 79 Democratic Republic of Congo: Orienta [38],5645
5476,So,,,,sooo1256,2007,asher2007world,features,feature,map_086,Map 86 Central East Africa [56],5646
5477,So'a,,,,cent2074,2007,asher2007world,features,feature,map_038,Map 38 Lesser Sunda Islands and Timor [20],5647
5478,So(O),,,,soca1235,2007,asher2007world,features,feature,map_087,Map 87 Northern Congo and Southern Central African Republic [62],5648
5479,Sobei,,,,sobe1238,2007,asher2007world,features,feature,map_034,Map 34 Irian Jaya [176],5649
5480,Soddo,,,,sodd1242,2007,asher2007world,features,feature,map_072,Map 72 Sudan and the Horn of Africa [35],5650
5481,Sodochi (Sadochi),,,,sodo1238,2007,asher2007world,features,feature,map_054,Map 54 North-West India [46],5651
5482,Soga,,,,soga1242,2007,asher2007world,features,feature,map_086,Map 86 Central East Africa [34],5652
5483,Sokoro,,,,soko1263,2007,asher2007world,features,feature,map_089 map_090,"Map 89 Central African Republic and South-Eastern Chad [85]; Map 90 Central African Republic, South-Western Chad and Cameroon [60]",5653
5484,Solano,,,,sanf1266,traditional,asher2007world,features,feature,map_003,Map 3 South-Western North America: Time of Contact [73],5654
5485,Soli,,,,soli1239,2007,asher2007world,features,feature,map_074 map_077,Map 74 Southern Africa [32]; Map 77 Zambia [25],5655
5486,Solongo,,,,koon1244,2007,asher2007world,features,feature,map_084,Map 84 Angola [2a],5656
5487,Solos,,,,solo1257,2007,asher2007world,features,feature,map_029,Map 29 Solomon Islands and Bougainville [3],5657
5488,Som,,,,somm1240,2007,asher2007world,features,feature,map_032 map_033,Map 32 Southern Papua New Guinea [68]; Map 33 Northern Papua New Guinea [118],5658
5489,Somahai,,,,soma1242,2007,asher2007world,features,feature,map_034,Map 34 Irian Jaya [33],5659
5490,Some,,,,some1244,2007,asher2007world,features,feature,map_032,Map 32 Southern Papua New Guinea [99],5660
5491,Somrai,,,,somr1248,2007,asher2007world,features,feature,map_090,"Map 90 Central African Republic, South-Western Chad and Cameroon [51]",5661
5492,Somyewe,,,,somy1238,2007,asher2007world,features,feature,map_095,Map 95 South-Eastern Nigeria and Mid-Western Cameroon [63],5662
5493,Sona (Kanasi),,,,kana1288,2007,asher2007world,features,feature,map_031,Map 31 South-Eastern Papua New Guinea [72],5663
5494,Sondi,,,,,2007,asher2007world,features,feature,map_081 map_084,Map 81 Democratic Republic of Congo: Kasai [76]; Map 84 Angola [22],5664
5495,Songhai,,,,zarm1239,2007,asher2007world,features,feature,map_102 map_104 map_073,Map 102 Benin and Togo [82]; Map 104 Burkina Faso [1]; Map 73 North-West Africa [80],5665 5667
5496,Songhai,,,,koyr1242,2007,asher2007world,features,feature,map_104 map_073,Map 104 Burkina Faso [1]; Map 73 North-West Africa [80],5666
5497,Songo,,,,song1304,2007,asher2007world,features,feature,map_080,Map 80 Democratic Republic of Congo: Kivu [71h],5668
5498,Songu,,,,nson1238,2007,asher2007world,features,feature,map_084,Map 84 Angola [12],5669
5499,Songum,,,,samm1244,2007,asher2007world,features,feature,map_033,Map 33 Northern Papua New Guinea [21],5670
5500,Songye,,,,song1303,2007,asher2007world,features,feature,map_078 map_080,Map 78 Democratic Republic of Congo: Katang [18]; Map 80 Democratic Republic of Congo: Kivu [63],5671
5501,Soni,,,,,2007,asher2007world,features,feature,map_080,Map 80 Democratic Republic of Congo: Kivu [35],5672
5502,Sonia,,,,soni1260,2007,asher2007world,features,feature,map_032,Map 32 Southern Papua New Guinea [89],5673
5503,Soninke,,,,soni1259,2007,asher2007world,features,feature,map_104 map_107 map_108,"Map 104 Burkina Faso [79]; Map 107 Guinea and Mali [17]; Map 108 Senegal, Gambia and Guinea Bissau [33]",5674 5675 5676
5504,Sonjo,,,,temi1247,2007,asher2007world,features,feature,map_086,Map 86 Central East Africa [24],5677
5505,Sonsorolese,,,,sons1243,2007,asher2007world,features,feature,map_028,Map 28 Micronesia [1],5678
5506,Soqoţrī,,,,soqo1240,2007,asher2007world,features,feature,map_070,Map 70 The Middle East and Arabian Peninsula [104],5679
5507,Sorbian,,,,sorb1249,2007,asher2007world,features,feature,map_065,"Map 65 Germany, Austria, Liechtenstein and Switzerland [15]",5680
5508,Sori/Harengan,,,,sori1242,2007,asher2007world,features,feature,map_030,Map 30 New Britain and New Ireland [6],5681
5509,Sorsogon (Masbate),,,,masb1237,2007,asher2007world,features,feature,map_040,Map 40 The Philippines [75],5682
5510,Sorsogon (Waray),,,,wara1299,2007,asher2007world,features,feature,map_040,Map 40 The Philippines [76],5683
5511,Sotang,,,,sota1241,2007,asher2007world,features,feature,map_051,"Map 51 North-East India, Bangladesh, Bhutan and Nepal [67]",5684
5513,South Binja,,,,binj1248,2007,asher2007world,features,feature,map_080,Map 80 Democratic Republic of Congo: Kivu [64b],5686
5514,South Buton,,,,ciac1237,2007,asher2007world,features,feature,map_039,Map 39 Sulawesi [54],5687
5515,South Chin,,,,anuu1241,2007,asher2007world,features,feature,map_049,Map 49 Burma (Myanmar) [50],5688
5516,South Efate,,,,sout2856,2007,asher2007world,features,feature,map_027,Map 27 Vanuatu and New Caledonia [100],5689
5517,South Embará,,,,epen1239,traditional,asher2007world,features,feature,map_012,Map 12 Northern South America: Time of Contact [8a],5690
5519,South Etung,,,,sout2824,2007,asher2007world,features,feature,map_093,Map 93 Central South-Western Cameroon [23b],5692
5520,South Hemba,,,,hemb1242,2007,asher2007world,features,feature,map_078,Map 78 Democratic Republic of Congo: Katang [14b],5693
5521,South Keaka,,,,keak1238,2007,asher2007world,features,feature,map_093,Map 93 Central South-Western Cameroon [22e],5694
5522,South Lebanon Dialects,,,,sout3122,2007,asher2007world,features,feature,map_070,Map 70 The Middle East and Arabian Peninsula [85],5695
5523,South Malaita,,,,saaa1240,2007,asher2007world,features,feature,map_029,Map 29 Solomon Islands and Bougainville [53],5696
5524,South Ngalik,,,,sili1249,2007,asher2007world,features,feature,map_034,Map 34 Irian Jaya [43],5697
5525,South Ngom,,,,ngom1270,2007,asher2007world,features,feature,map_083 map_088,Map 83 Democratic Republic of Congo: Bas Congo and Southern Congo [47]; Map 88 Gabon and Equatorial Guinea [29],5698
5526,South Ntomba,,,,ntom1248,2007,asher2007world,features,feature,map_081,Map 81 Democratic Republic of Congo: Kasai [7b],5699
5527,South Samo,,,,sout2844,2007,asher2007world,features,feature,map_104,Map 104 Burkina Faso [84b],5700
5528,South Sotho,,,,sout2807,2007,asher2007world,features,feature,map_074,Map 74 Southern Africa [6],5701
5529,South Tugan Ful,,,,,2007,asher2007world,features,feature,map_104,Map 104 Burkina Faso [T],5702
5530,South-Central Lebanon Dialects,,,,sout3121,2007,asher2007world,features,feature,map_070,Map 70 The Middle East and Arabian Peninsula [86],5703
5531,South-West Badara,,,,sout2821,2007,asher2007world,features,feature,map_096,"Map 96 South Plateau, Nigeria [47b]",5704
5532,South-Western Bali Malay Bahasa Malayu Loloan,,,,bali1279,2007,asher2007world,features,feature,map_042,Map 42 Java and Bali [5],5705
5533,Southeast (Ma'anyan),,,,maan1238,2007,asher2007world,features,feature,map_041,Map 41 Borneo and Madagascar [3],5706
5534,Southeast Ambrym,,,,sout2859,2007,asher2007world,features,feature,map_027,Map 27 Vanuatu and New Caledonia [59],5707
5535,Southeast Yoruba,,,,yoru1245,2007,asher2007world,features,feature,map_101 map_102,Map 101 South-Western Nigeria [91]; Map 102 Benin and Togo [31],5708
5536,Southeastern Pomo,,,,sout2982,traditional,asher2007world,features,feature,map_004,Map 4 California: Time of Contact [52],5709
5538,Southern (Minnan) Dialect,,,,minn1241,2007,asher2007world,features,feature,map_045,Map 45 China and Mongolia [13],5711
5539,Southern Alta,,,,sout2905,2007,asher2007world,features,feature,map_040,Map 40 The Philippines [24],5712
5540,"Southern Arapesh (Muhiang, Mufwian)",,,,mufi1238,2007,asher2007world,features,feature,map_033,Map 33 Northern Papua New Guinea [257],5713
5541,Southern Bisaya,,,,brun1245,2007,asher2007world,features,feature,map_041,Map 41 Borneo and Madagascar [106],5714
5542,Southern Kati,,,,sout2940,2007,asher2007world,features,feature,map_034,Map 34 Irian Jaya [1],5715
5543,Southern Kechua,,,,,traditional,asher2007world,features,feature,map_020,Map 20 Central Pacific Coast: Time of Contact [206],5716
5544,Southern Kham,,,,sout2714,2007,asher2007world,features,feature,map_046,"Map 46 Yunnan Province, China [26]",5717
5545,Southern Khams,,,,sout2714,2007,asher2007world,features,feature,map_045,Map 45 China and Mongolia [89],5718
5546,Southern Kiwai,,,,sout2949,2007,asher2007world,features,feature,map_032,Map 32 Southern Papua New Guinea [156],5719
5547,Southern Min,,,,minn1241,2007,asher2007world,features,feature,map_050,"Map 50 Japan, Korea and Taiwan [3]",5720
5549,"Southern Misteko, Southern Mixteco",,,,sout3401,traditional,asher2007world,features,feature,map_010,Map 10 Meso-America: Time of Contact [49c],5722
5550,Southern Mnong,,,,sout2692,2007,asher2007world,features,feature,map_048,"Map 48 Southern Thailand, Laos and Vietnam, and Cambodia [72]",5723
5551,Southern Nambikuara,,,,sout2994,traditional,asher2007world,features,feature,map_016,Map 16 Western Brazil: Time of Contact [330],5724
5553,Southern Nosu (Adur) [Suondi],,,,sich1238,2007,asher2007world,features,feature,map_046,"Map 46 Yunnan Province, China [48S]",5726
5555,Southern Paiute,,,,sout2969,traditional,asher2007world,features,feature,map_004,Map 4 California: Time of Contact [96],5728
5556,Southern Plateau Dialects,,,,,2007,asher2007world,features,feature,map_070,Map 70 The Middle East and Arabian Peninsula [94],5729
5557,Southern Pomo,,,,sout2984,traditional,asher2007world,features,feature,map_004,Map 4 California: Time of Contact [56],5730
5558,Southern Roglai,,,,sout3010,2007,asher2007world,features,feature,map_048,"Map 48 Southern Thailand, Laos and Vietnam, and Cambodia [3]",5731
5559,Southern Sama,,,,sout2918,2007,asher2007world,features,feature,map_040 map_041,Map 40 The Philippines [119]; Map 41 Borneo and Madagascar [NA],5732
5561,"Southern Sapoteko, Southern Zapoteco",,,,sout3003,traditional,asher2007world,features,feature,map_010,Map 10 Meso-America: Time of Contact [46e],5734
5562,Southern Sierra Miwok,,,,sout2985,traditional,asher2007world,features,feature,map_004,Map 4 California: Time of Contact [65],5735
5563,Southern Tepehuan,,,,sout2975,traditional,asher2007world,features,feature,map_003,Map 3 South-Western North America: Time of Contact [26],5736
5564,Southern Tsimshian,,,,sout2962,traditional,asher2007world,features,feature,map_006,Map 6 North-Western Pacific America: Time of Contact [16],5737
5565,Southern Tutchone,,,,sout2957,traditional,asher2007world,features,feature,map_007,Map 7 Northern North America: Time of Contact [26],5738
5567,Southern Zhuang (Nunc),,,,nung1283,2007,asher2007world,features,feature,map_045,Map 45 China and Mongolia [73],5740
5568,Southern Zhuang (Nung),,,,nung1283,2007,asher2007world,features,feature,map_047,"Map 47 Northern Thailand, Laos and Vietnam [11]",5741
5569,Southwest Tanna,,,,sout2869,2007,asher2007world,features,feature,map_027,Map 27 Vanuatu and New Caledonia [107],5742
5570,Southwestern Dialect,,,,xina1239,2007,asher2007world,features,feature,map_045,Map 45 China and Mongolia [4],5743
5572,Sowa,,,,sowa1244,2007,asher2007world,features,feature,map_027,Map 27 Vanuatu and New Caledonia [52],5745
5573,Sozo,,,,grea1289,2007,asher2007world,features,feature,map_080,Map 80 Democratic Republic of Congo: Kivu [38],5746
5575,Spanish,,,,stan1288,2007,asher2007world,features,feature,map_068 map_069 map_073,"Map 68 The Iberian Peninsula and Atlantic Islands [1]; Map 69 France, Belgium, the Netherlands and Luxembourg [5]; Map 73 North-West Africa [83]",5749 5750 5751
5576,Spiti,,,,spit1240,2007,asher2007world,features,feature,map_054,Map 54 North-West India [5],5753
5578,Spuhreng,,,,pura1259,2007,asher2007world,features,feature,map_045,Map 45 China and Mongolia [96d],5755
5579,Squamish,,,,squa1248,traditional,asher2007world,features,feature,map_006,Map 6 North-Western Pacific America: Time of Contact [21],5756
5580,Standard Bikol,,,,irig1242,2007,asher2007world,features,feature,map_040,Map 40 The Philippines [62],5757
5581,Stoney,,,,ston1242,traditional,asher2007world,features,feature,map_007,Map 7 Northern North America: Time of Contact [60],5758
5582,Suau,,,,suau1242,2007,asher2007world,features,feature,map_031,Map 31 South-Eastern Papua New Guinea [5],5759
5583,Suba,,,,suba1238,2007,asher2007world,features,feature,map_086,Map 86 Central East Africa [52],5760
5584,Subi,,,,subi1247,2007,asher2007world,features,feature,map_080,Map 80 Democratic Republic of Congo: Kivu [39],5761
5585,Subiya,,,,subi1246,2007,asher2007world,features,feature,map_074 map_077,Map 74 Southern Africa [39]; Map 77 Zambia [61a],5762
5586,Subre-Kaberwa,,,,soub1242,2007,asher2007world,features,feature,map_105,Map 105 Ivory Coast [24c],5763
5587,Sudest,,,,sude1239,2007,asher2007world,features,feature,map_031,Map 31 South-Eastern Papua New Guinea [44],5764
5588,Suena,,,,suen1241,2007,asher2007world,features,feature,map_032,Map 32 Southern Papua New Guinea [140],5765
5589,Suga,,,,suga1248,2007,asher2007world,features,feature,map_095,Map 95 South-Eastern Nigeria and Mid-Western Cameroon [69],5766
5590,Sugurti,,,,sugu1242,2007,asher2007world,features,feature,map_099,Map 99 Lake Chad Region [24],5767
5591,Sui,,,,suii1243,2007,asher2007world,features,feature,map_045,Map 45 China and Mongolia [64],5768
5592,Suki,,,,suki1245,2007,asher2007world,features,feature,map_032,Map 32 Southern Papua New Guinea [105],5769
5593,Suku,,,,suku1259,2007,asher2007world,features,feature,map_081 map_084,Map 81 Democratic Republic of Congo: Kasai [57a]; Map 84 Angola [9],5770
5594,Sukuma,,,,suku1261,2007,asher2007world,features,feature,map_086,Map 86 Central East Africa [17],5771
5595,Sukurum,,,,suku1264,2007,asher2007world,features,feature,map_032,Map 32 Southern Papua New Guinea [206],5772
5596,Sula,,,,sula1248,2007,asher2007world,features,feature,map_037,Map 37 The Moluccas [34],5773
5597,Sulka,,,,sulk1246,2007,asher2007world,features,feature,map_030,Map 30 New Britain and New Ireland [86],5774
5598,Sulung,,,,sulu1241,2007,asher2007world,features,feature,map_045 map_051,"Map 45 China and Mongolia [104]; Map 51 North-East India, Bangladesh, Bhutan and Nepal [89]",5775
5599,Suma,,,,suma1264,2007,asher2007world,features,feature,map_090,"Map 90 Central African Republic, South-Western Chad and Cameroon [31]",5776
5600,Sumambu-Tagal,,,,taga1273,2007,asher2007world,features,feature,map_041,Map 41 Borneo and Madagascar [83],5777
5601,Sumariup (Sogoba),,,,suma1269,2007,asher2007world,features,feature,map_033,Map 33 Northern Papua New Guinea [310],5778
5602,Sumatra Malay,,,,nucl1806,2007,asher2007world,features,feature,map_043,Map 43 Sumatra [14],5779
5603,Sumau (Garia),,,,suma1270,2007,asher2007world,features,feature,map_033,Map 33 Northern Papua New Guinea [40],5780
5604,Sumbawa,,,,sumb1241,2007,asher2007world,features,feature,map_038,Map 38 Lesser Sunda Islands and Timor [3],5781
5605,Sumbe,,,,umbu1257,2007,asher2007world,features,feature,map_084,Map 84 Angola [26b],5782
5606,Sumbwa (Mweri),,,,mwer1249,2007,asher2007world,features,feature,map_080 map_086,Map 80 Democratic Republic of Congo: Kivu [50]; Map 86 Central East Africa [15],5783
5607,Sumu-Ulua,,,,ulwa1239,traditional,asher2007world,features,feature,map_012,Map 12 Northern South America: Time of Contact [49],5784
5608,Sundanese,,,,sund1252,2007,asher2007world,features,feature,map_042,Map 42 Java and Bali [2],5785
5609,Sundi,,,,suun1239,2007,asher2007world,features,feature,map_083 map_084,Map 83 Democratic Republic of Congo: Bas Congo and Southern Congo [9]; Map 84 Angola [1f],5786
5610,Sunga,,,,cent2288,2007,asher2007world,features,feature,map_086,Map 86 Central East Africa [35p],5787
5611,Sunuwar (Koints),,,,sunw1242,2007,asher2007world,features,feature,map_051,"Map 51 North-East India, Bangladesh, Bhutan and Nepal [57]",5788
5612,Sunüfana,,,,choc1280,traditional,asher2007world,features,feature,map_012,Map 12 Northern South America: Time of Contact [9],5789
5613,Supyire,,,,supy1237,2007,asher2007world,features,feature,map_104 map_105 map_107,Map 104 Burkina Faso [6]; Map 105 Ivory Coast [62]; Map 107 Guinea and Mali [26],5790
5614,Sura,,,,west2717,2007,asher2007world,features,feature,map_096 map_097,"Map 96 South Plateau, Nigeria [61]; Map 97 North Plateau, Nigeria [73]",5791
5615,Surel,,,,sure1238,2007,asher2007world,features,feature,map_051,"Map 51 North-East India, Bangladesh, Bhutan and Nepal [58]",5792
5616,Surgujiya,,,,surg1246,2007,asher2007world,features,feature,map_051,"Map 51 North-East India, Bangladesh, Bhutan and Nepal [169a]",5793
5617,Surigaonon,,,,suri1273,2007,asher2007world,features,feature,map_040,Map 40 The Philippines [82],5794
5618,Sursurunga,,,,surs1246,2007,asher2007world,features,feature,map_030,Map 30 New Britain and New Ireland [59],5795
5619,Surubu,,,,suru1258,2007,asher2007world,features,feature,map_097,"Map 97 North Plateau, Nigeria [45]",5796
5621,Susquehannock,,,,susq1241,traditional,asher2007world,features,feature,map_001,Map 1 East Coast and Great Lakes: Time of Contact [42],5798
5622,Susu,,,,susu1250,2007,asher2007world,features,feature,map_106 map_107,Map 106 Liberia and Sierra Leone [22]; Map 107 Guinea and Mali [20],5799
5623,Sutiaba,,,,subt1250,traditional,asher2007world,features,feature,map_010,Map 10 Meso-America: Time of Contact [40],5800
5624,Suwawa,,,,suwa1241,2007,asher2007world,features,feature,map_039,Map 39 Sulawesi [16],5801
5625,Suyá,,,,suya1243,traditional,asher2007world,features,feature,map_018,Map 18 Brazilian Atlantic Coast: Time of Contact [289],5802
5627,Svan,,,,svan1243,2007,asher2007world,features,feature,map_059,Map 59 The Caucasus [52],5804
5628,Swahili,,,,swah1253,2007,asher2007world,features,feature,map_072 map_076,Map 72 Sudan and the Horn of Africa [196]; Map 76 Southern Tanzania [1],5805
5629,Swaka,,,,swak1238,2007,asher2007world,features,feature,map_077,Map 77 Zambia [39],5806
5630,Swati (Swazi),,,,swat1243,2007,asher2007world,features,feature,map_075,Map 75 Mozambique [49a],5807
5631,Swazi (Swati),,,,swat1243,2007,asher2007world,features,feature,map_074,Map 74 Southern Africa [2],5808
5632,Swedish,,,,swed1254,2007,asher2007world,features,feature,map_062 map_064,"Map 62 Poland, the Czech Republic and Slovakia [10]; Map 64 The Nordic Countries [3]",5809 5810
5633,Swoeng,,,,lawi1235,2007,asher2007world,features,feature,map_047 map_048,"Map 47 Northern Thailand, Laos and Vietnam [58]; Map 48 Southern Thailand, Laos and Vietnam, and Cambodia [48]",5811
5634,Sylheti (Sileti),,,,sylh1242,2007,asher2007world,features,feature,map_051,"Map 51 North-East India, Bangladesh, Bhutan and Nepal [179]",5812
5635,Sáliva,,,,sali1298,traditional,asher2007world,features,feature,map_012,Map 12 Northern South America: Time of Contact [425],5813
5638,Sáparo-Konambo,,,,zapa1252,traditional,asher2007world,features,feature,map_014,Map 14 Northern Pacific Coast: Time of Contact [173],5816
5639,Sūs,,,,susi1238,2007,asher2007world,features,feature,map_073,Map 73 North-West Africa [70],5817
5640,Ta'aysha,,,,,2007,asher2007world,features,feature,map_071 map_072,Map 71 North-East Africa [33]; Map 72 Sudan and the Horn of Africa [21],5818
5641,Ta-Oih,,,,lowe1395,2007,asher2007world,features,feature,map_047 map_048,"Map 47 Northern Thailand, Laos and Vietnam [51]; Map 48 Southern Thailand, Laos and Vietnam, and Cambodia [38]",5819
5642,Taari,,,,dari1254,2007,asher2007world,features,feature,map_091,Map 91 Adamawa Region [62b],5820
5643,Tabar,,,,taba1261,2007,asher2007world,features,feature,map_030,Map 30 New Britain and New Ireland [65],5821
5644,Tabasaran,,,,taba1259,2007,asher2007world,features,feature,map_059,Map 59 The Caucasus [41],5822
5645,Tabatulabal,,,,tuba1278,traditional,asher2007world,features,feature,map_004,Map 4 California: Time of Contact [100],5823
5646,Taboan,,,,itun1238,2007,asher2007world,features,feature,map_093,Map 93 Central South-Western Cameroon [66c],5824
5647,Tabwe,,,,taab1238,2007,asher2007world,features,feature,map_078,Map 78 Democratic Republic of Congo: Katang [31],5825
5648,Tachoni,,,,tach1242,2007,asher2007world,features,feature,map_086,Map 86 Central East Africa [35c],5826
5649,Tadashak,,,,tada1238,2007,asher2007world,features,feature,map_073,Map 73 North-West Africa [81],5827
5650,Tadyawan,,,,tady1237,2007,asher2007world,features,feature,map_040,Map 40 The Philippines [51],5828
5651,Taensa,,,,taen1234,traditional,asher2007world,features,feature,map_002,Map 2 South-Eastern North America: Time of Contact [41],5829
5652,Tafire,,,,tafi1244,2007,asher2007world,features,feature,map_104 map_105,Map 104 Burkina Faso [66]; Map 105 Ivory Coast [55],5830
5653,Tagabawa,,,,taga1272,2007,asher2007world,features,feature,map_040,Map 40 The Philippines [110],5831
5654,Tagakaulu,,,,taga1268,2007,asher2007world,features,feature,map_040,Map 40 The Philippines [89],5832
5655,Tagalog,,,,taga1270,2007,asher2007world,features,feature,map_040,Map 40 The Philippines [61],5833
5656,Tagbana,,,,tagw1240,2007,asher2007world,features,feature,map_105,Map 105 Ivory Coast [56],5834
5657,Tagish,,,,tagi1240,traditional,asher2007world,features,feature,map_007,Map 7 Northern North America: Time of Contact [27],5835
5658,Tagu [Yi],,,,talu1238,2007,asher2007world,features,feature,map_046,"Map 46 Yunnan Province, China [73]",5836
5659,Tahltan,,,,tahl1239,traditional,asher2007world,features,feature,map_007,Map 7 Northern North America: Time of Contact [29],5837
5661,Tahue,,,,,traditional,asher2007world,features,feature,map_003,Map 3 South-Western North America: Time of Contact [89],5839
5662,Tai Daeng,,,,taid1253,2007,asher2007world,features,feature,map_047,"Map 47 Northern Thailand, Laos and Vietnam [21]",5840
5663,Tai Dam,,,,taid1247,2007,asher2007world,features,feature,map_048,"Map 48 Southern Thailand, Laos and Vietnam, and Cambodia [14]",5841
5664,Tai Khaw,,,,taid1250,2007,asher2007world,features,feature,map_047,"Map 47 Northern Thailand, Laos and Vietnam [20]",5842
5665,Tai Mao,,,,shan1277,2007,asher2007world,features,feature,map_049,Map 49 Burma (Myanmar) [1],5843
5666,Tai Neua,,,,tain1252,2007,asher2007world,features,feature,map_047,"Map 47 Northern Thailand, Laos and Vietnam [14]",5844
5667,Taihu Dialect,,,,,2007,asher2007world,features,feature,map_045,Map 45 China and Mongolia [7a],5845
5668,Taikat,,,,taik1255,2007,asher2007world,features,feature,map_034,Map 34 Irian Jaya [101],5846
5669,Tairona,,,,mala1522,traditional,asher2007world,features,feature,map_012,Map 12 Northern South America: Time of Contact [31],5847
5670,Tairora,,,,nort2920,2007,asher2007world,features,feature,map_032,Map 32 Southern Papua New Guinea [6],5848
5671,Taiwan Dialect,,,,mand1415,2007,asher2007world,features,feature,map_050,"Map 50 Japan, Korea and Taiwan [2]",5849
5672,Taizhou Dialect,,,,taiz1238,2007,asher2007world,features,feature,map_045,Map 45 China and Mongolia [7d],5850
5673,Tajik,,,,taji1245,2007,asher2007world,features,feature,map_045 map_057,Map 45 China and Mongolia [123]; Map 57 Central Asia [3],5851
5674,Tajiki,,,,,2007,asher2007world,features,feature,map_053,"Map 53 Iran, Afghanistan and Pakistan [5]",5852
5675,Tajuos,,,,taju1238,2007,asher2007world,features,feature,map_106,Map 106 Liberia and Sierra Leone [13b],5853
5676,Takame,,,,atac1235,traditional,asher2007world,features,feature,map_012,Map 12 Northern South America: Time of Contact [165],5854
5677,Takana,,,,taca1256,traditional,asher2007world,features,feature,map_020,Map 20 Central Pacific Coast: Time of Contact [238],5855
5678,Takelma,,,,take1257,traditional,asher2007world,features,feature,map_004,Map 4 California: Time of Contact [33],5856
5679,Takestani,,,,take1255,2007,asher2007world,features,feature,map_053,"Map 53 Iran, Afghanistan and Pakistan [14]",5857
5680,Takia,,,,taki1248,2007,asher2007world,features,feature,map_033,Map 33 Northern Papua New Guinea [386],5858
5681,Takua,,,,lahu1253,2007,asher2007world,features,feature,map_047,"Map 47 Northern Thailand, Laos and Vietnam [87]",5859
5682,Takum,,,,taku1256,2007,asher2007world,features,feature,map_095,Map 95 South-Eastern Nigeria and Mid-Western Cameroon [82b],5860
5683,Takunyapé,,,,tacu1234,traditional,asher2007world,features,feature,map_018,Map 18 Brazilian Atlantic Coast: Time of Contact [351],5861
5684,Takuu,,,,taku1257,2007,asher2007world,features,feature,map_026 map_029,Map 26 Polynesia [24]; Map 29 Solomon Islands and Bougainville [65],5862
5685,Tal,,,,tall1250,2007,asher2007world,features,feature,map_096,"Map 96 South Plateau, Nigeria [66]",5863
5686,Tala,,,,tala1295,2007,asher2007world,features,feature,map_097 map_098,"Map 97 North Plateau, Nigeria [82]; Map 98 North-Eastern Nigeria [91]",5864
5687,Tale,,,,luba1253,2007,asher2007world,features,feature,map_080,Map 80 Democratic Republic of Congo: Kivu [62],5865
5688,Tale,,,,tale1239,2007,asher2007world,features,feature,map_090,"Map 90 Central African Republic, South-Western Chad and Cameroon [11]",5866
5689,Taleshi (Talyshi),,,,taly1247,2007,asher2007world,features,feature,map_053,"Map 53 Iran, Afghanistan and Pakistan [12]",5867
5690,Taliabo,,,,tali1262,2007,asher2007world,features,feature,map_037,Map 37 The Moluccas [35],5868
5691,Talidam,,,,taid1247,2007,asher2007world,features,feature,map_047,"Map 47 Northern Thailand, Laos and Vietnam [19]",5869
5692,Talinge,,,,tali1258,2007,asher2007world,features,feature,map_079 map_080,Map 79 Democratic Republic of Congo: Orienta [8]; Map 80 Democratic Republic of Congo: Kivu [40b],5870
5693,Talise,,,,tali1259,2007,asher2007world,features,feature,map_029,Map 29 Solomon Islands and Bougainville [40],5871
5694,Talishi,,,,taly1247,2007,asher2007world,features,feature,map_059,Map 59 The Caucasus [4],5872
5695,Talni,,,,taln1239,2007,asher2007world,features,feature,map_102 map_103 map_104,Map 102 Benin and Togo [66]; Map 103 Ghana [45]; Map 104 Burkina Faso [21],5873
5696,Talodi,,,,talo1250,2007,asher2007world,features,feature,map_071,Map 71 North-East Africa [97],5874
5697,Talu [Yi],,,,,2007,asher2007world,features,feature,map_046,"Map 46 Yunnan Province, China [19, 20]",5875
5698,Tam,,,,tami1290,2007,asher2007world,features,feature,map_032,Map 32 Southern Papua New Guinea [224],5876
5699,Tama,,,,tama1332,2007,asher2007world,features,feature,map_071 map_072,Map 71 North-East Africa [87]; Map 72 Sudan and the Horn of Africa [145],5877
5700,Tamagario,,,,tama1336,2007,asher2007world,features,feature,map_034,Map 34 Irian Jaya [39],5878
5701,Tamambo,,,,malo1243,2007,asher2007world,features,feature,map_027,Map 27 Vanuatu and New Caledonia [30],5879
5702,Taman,,,,tama1328,2007,asher2007world,features,feature,map_049,Map 49 Burma (Myanmar) [42],5880
5703,Tamang,,,,nucl1729,2007,asher2007world,features,feature,map_051,"Map 51 North-East India, Bangladesh, Bhutan and Nepal [8]",5881
5704,Tamasheq,,,,,2007,asher2007world,features,feature,map_100 map_073,Map 100 Northern Nigeria and Niger [12]; Map 73 North-West Africa [72],5882
5705,Tamazight,,,,stan1324,2007,asher2007world,features,feature,map_073,Map 73 North-West Africa [68],5883
5706,Tambago,,,,band1345,2007,asher2007world,features,feature,map_079 map_089 map_090,"Map 79 Democratic Republic of Congo: Orienta [55c]; Map 89 Central African Republic and South-Eastern Chad [17]; Map 90 Central African Republic, South-Western Chad and Cameroon [27]",5884 5885
5707,Tambanua,,,,tomb1244,2007,asher2007world,features,feature,map_041,Map 41 Borneo and Madagascar [111],5886
5708,Tambas,,,,tamb1267,2007,asher2007world,features,feature,map_096,"Map 96 South Plateau, Nigeria [73b]",5887
5709,Tambo,,,,tamb1252,2007,asher2007world,features,feature,map_075 map_076 map_077,Map 75 Mozambique [25]; Map 76 Southern Tanzania [56]; Map 77 Zambia [13],5888
5710,Tambotalo,,,,tamb1253,2007,asher2007world,features,feature,map_027,Map 27 Vanuatu and New Caledonia [31],5889
5711,Tamil,,,,tami1289,2007,asher2007world,features,feature,map_052,Map 52 Southern India and Sri Lanka [32],5890
5712,Tampuan,,,,tamp1251,2007,asher2007world,features,feature,map_048,"Map 48 Southern Thailand, Laos and Vietnam, and Cambodia [66]",5891
5713,Tampulma,,,,tamp1252,2007,asher2007world,features,feature,map_102 map_103 map_104,Map 102 Benin and Togo [52]; Map 103 Ghana [72]; Map 104 Burkina Faso [54],5892
5714,Tamyen,,,,sant1427,traditional,asher2007world,features,feature,map_004,Map 4 California: Time of Contact [69],5893
5715,Tanacross,,,,tana1290,traditional,asher2007world,features,feature,map_007,Map 7 Northern North America: Time of Contact [19],5894
5717,Tanah Merah,,,,tana1288,2007,asher2007world,features,feature,map_034,Map 34 Irian Jaya [94],5896
5718,Tanaina,,,,tana1289,traditional,asher2007world,features,feature,map_007,Map 7 Northern North America: Time of Contact [21],5897
5720,Tandia,,,,tand1253,2007,asher2007world,features,feature,map_034,Map 34 Irian Jaya [189],5899
5721,Tangale,,,,nucl1696,2007,asher2007world,features,feature,map_098,Map 98 North-Eastern Nigeria [82],5900
5722,Tangga,,,,tang1348,2007,asher2007world,features,feature,map_030,Map 30 New Britain and New Ireland [60],5901
5723,Tangkhul,,,,nucl1829,2007,asher2007world,features,feature,map_049 map_051,"Map 49 Burma (Myanmar) [45]; Map 51 North-East India, Bangladesh, Bhutan and Nepal [144]",5902 5903
5724,Tanglang,,,,tang1372,2007,asher2007world,features,feature,map_046,"Map 46 Yunnan Province, China [81]",5904
5725,Tanglapui,,,,sawi1256,2007,asher2007world,features,feature,map_038,Map 38 Lesser Sunda Islands and Timor [68],5905
5726,Tangoa,,,,tang1347,2007,asher2007world,features,feature,map_027,Map 27 Vanuatu and New Caledonia [33],5906
5727,Tangsa,,,,tang1379,2007,asher2007world,features,feature,map_051,"Map 51 North-East India, Bangladesh, Bhutan and Nepal [122]",5907
5728,Tangsa / Rangpan,,,,tang1379,2007,asher2007world,features,feature,map_049,Map 49 Burma (Myanmar) [38],5908
5729,Tangu,,,,tang1355,2007,asher2007world,features,feature,map_033,Map 33 Northern Papua New Guinea [342],5909
5730,Tanguat,,,,tang1356,2007,asher2007world,features,feature,map_033,Map 33 Northern Papua New Guinea [343],5910
5731,Tangwang,,,,tang1373,2007,asher2007world,features,feature,map_045,Map 45 China and Mongolia [127],5911
5732,Tani (Miami),,,,mian1254,2007,asher2007world,features,feature,map_033,Map 33 Northern Papua New Guinea [57],5912
5733,Tanjong,,,,kano1244,2007,asher2007world,features,feature,map_041,Map 41 Borneo and Madagascar [32],5913
5734,"Tano, Hano",,,,ariz1237,traditional,asher2007world,features,feature,map_003,Map 3 South-Western North America: Time of Contact [42],5914
5735,Tanūma,,,,hija1235,2007,asher2007world,features,feature,map_070,Map 70 The Middle East and Arabian Peninsula [71],5915
5736,Taogwe,,,,kwer1264,2007,asher2007world,features,feature,map_034,Map 34 Irian Jaya [141],5916
5737,Taori-Kei,,,,kaiy1239,2007,asher2007world,features,feature,map_034,Map 34 Irian Jaya [140],5917
5738,Taori-So,,,,dout1240,2007,asher2007world,features,feature,map_034,Map 34 Irian Jaya [142],5918
5739,Taos,,,,taos1236,traditional,asher2007world,features,feature,map_005,Map 5 The Great Plains: Time of Contact [56],5919
5740,"Tapachula Mijean, Tapachulteko, Mixe",,,,tapa1260,traditional,asher2007world,features,feature,map_010,Map 10 Meso-America: Time of Contact [28],5920
5741,Taparita,,,,tapa1262,traditional,asher2007world,features,feature,map_012,Map 12 Northern South America: Time of Contact [56],5921
5742,Tapirapé,,,,tapi1254,traditional,asher2007world,features,feature,map_018,Map 18 Brazilian Atlantic Coast: Time of Contact [345],5922
5744,Tapshin,,,,surr1238,2007,asher2007world,features,feature,map_096 map_097,"Map 96 South Plateau, Nigeria [58]; Map 97 North Plateau, Nigeria [67]",5924
5745,Tarahumara,,,,tara1321,traditional,asher2007world,features,feature,map_003,Map 3 South-Western North America: Time of Contact [31],5925
5747,Taram,,,,tara1314,2007,asher2007world,features,feature,map_095,Map 95 South-Eastern Nigeria and Mid-Western Cameroon [72c],5927
5748,Taraon,,,,diga1241,2007,asher2007world,features,feature,map_045 map_049 map_051,"Map 45 China and Mongolia [106]; Map 49 Burma (Myanmar) [12]; Map 51 North-East India, Bangladesh, Bhutan and Nepal [100]",5928
5750,Tariana,,,,tari1256,traditional,asher2007world,features,feature,map_012,Map 12 Northern South America: Time of Contact [85],5930
5752,Tarof,,,,taro1259,2007,asher2007world,features,feature,map_034,Map 34 Irian Jaya [70],5932
5753,Tarok,,,,taro1263,2007,asher2007world,features,feature,map_096 map_098,"Map 96 South Plateau, Nigeria [43]; Map 98 North-Eastern Nigeria [64]",5933
5754,Tarpia,,,,tarp1240,2007,asher2007world,features,feature,map_034,Map 34 Irian Jaya [178],5934
5755,Taruma,,,,taru1236,traditional,asher2007world,features,feature,map_016,Map 16 Western Brazil: Time of Contact [314],5935
5756,Tarunggare,,,,tung1293,2007,asher2007world,features,feature,map_034,Map 34 Irian Jaya [129],5936
5757,Tashelhait,,,,tach1250,2007,asher2007world,features,feature,map_073,Map 73 North-West Africa [69],5937
5759,Tasmate,,,,tasm1246,2007,asher2007world,features,feature,map_027,Map 27 Vanuatu and New Caledonia [45],5939
5760,Tat,,,,cauc1242,2007,asher2007world,features,feature,map_059,Map 59 The Caucasus [5],5940
5761,Tatana,,,,tata1257,2007,asher2007world,features,feature,map_041,Map 41 Borneo and Madagascar [104],5941
5762,Tatar,,,,tata1255,2007,asher2007world,features,feature,map_045 map_055 map_056 map_058,"Map 45 China and Mongolia [43]; Map 55 Eastern Siberia [2]; Map 56 Western Siberia [2]; Map 58 Western Russia, the Baltic States, Belarus, Ukraine and Moldova [13]",5942 5943 5944 5945 5946
5763,Tataviam,,,,serr1255,traditional,asher2007world,features,feature,map_003,Map 3 South-Western North America: Time of Contact [19],5947
5764,Tate (Raepa-Tati,,,,kaki1249,2007,asher2007world,features,feature,map_032,Map 32 Southern Papua New Guinea [182],5948
5765,Tati,,,,tati1244,2007,asher2007world,features,feature,map_053,"Map 53 Iran, Afghanistan and Pakistan [3]",5949
5766,Tauade,,,,taua1242,2007,asher2007world,features,feature,map_032,Map 32 Southern Papua New Guinea [123],5950
5767,Taulil,,,,taul1251,2007,asher2007world,features,feature,map_030,Map 30 New Britain and New Ireland [81],5951
5768,Taungyo,,,,taun1248,2007,asher2007world,features,feature,map_049,Map 49 Burma (Myanmar) [58],5952
5769,Taupota,,,,taup1242,2007,asher2007world,features,feature,map_031,Map 31 South-Eastern Papua New Guinea [10],5953
5770,Taurap,,,,burm1264,2007,asher2007world,features,feature,map_034,Map 34 Irian Jaya [172],5954
5772,Tausug,,,,taus1251,2007,asher2007world,features,feature,map_040,Map 40 The Philippines [83],5956
5773,Tausug As Lingua Franca,,,,taus1251,2007,asher2007world,features,feature,map_040,Map 40 The Philippines [129],5957
5774,Tauya (Inafosa),,,,tauy1241,2007,asher2007world,features,feature,map_033,Map 33 Northern Papua New Guinea [43],5958
5775,Tavara (Tawara),,,,tawa1270,2007,asher2007world,features,feature,map_075,Map 75 Mozambique [42d],5959
5776,Taveta,,,,tave1240,2007,asher2007world,features,feature,map_085,Map 85 Kenyan Coast [24],5960
5777,Tavoyan,,,,tavo1242,2007,asher2007world,features,feature,map_048,"Map 48 Southern Thailand, Laos and Vietnam, and Cambodia [77]",5961
5778,Tawala,,,,tawa1275,2007,asher2007world,features,feature,map_031,Map 31 South-Eastern Papua New Guinea [12],5962
5779,Tawana,,,,tswa1253,2007,asher2007world,features,feature,map_074,Map 74 Southern Africa [7a],5963
5780,Tawasa,,,,tawa1290,traditional,asher2007world,features,feature,map_002,Map 2 South-Eastern North America: Time of Contact [52],5964
5781,Taworta,,,,tawo1244,2007,asher2007world,features,feature,map_034,Map 34 Irian Jaya [136],5965
5782,Tay (Tho),,,,tayy1238,2007,asher2007world,features,feature,map_047,"Map 47 Northern Thailand, Laos and Vietnam [12]",5966
5783,Tayari,,,,taya1251,2007,asher2007world,features,feature,map_102 map_104,Map 102 Benin and Togo [74]; Map 104 Burkina Faso [37],5967
5784,Tayyi',,,,najd1235,2007,asher2007world,features,feature,map_070,Map 70 The Middle East and Arabian Peninsula [22],5968
5785,Tazhi [Yi],,,,tazh1234,2007,asher2007world,features,feature,map_046,"Map 46 Yunnan Province, China [74]",5969
5786,Tboli,,,,tbol1240,2007,asher2007world,features,feature,map_040,Map 40 The Philippines [122],5970
5787,Te',,,,ntii1238,2007,asher2007world,features,feature,map_093,Map 93 Central South-Western Cameroon [62d],5971
5788,Tebilung,,,,tobi1239,2007,asher2007world,features,feature,map_041,Map 41 Borneo and Madagascar [103],5972
5789,Teda-Daza,,,,daza1242,2007,asher2007world,features,feature,map_100,Map 100 Northern Nigeria and Niger [17],5973
5790,Tee,,,,teke1275,2007,asher2007world,features,feature,map_083,Map 83 Democratic Republic of Congo: Bas Congo and Southern Congo [28f],5974
5791,Teere,,,,teer1238,2007,asher2007world,features,feature,map_091,Map 91 Adamawa Region [8b],5975
5792,Tegali,,,,tega1236,2007,asher2007world,features,feature,map_071,Map 71 North-East Africa [96],5976
5793,Tege,,,,teke1276,2007,asher2007world,features,feature,map_083,Map 83 Democratic Republic of Congo: Bas Congo and Southern Congo [28b],5977
5794,Tegesye,,,,teen1242,2007,asher2007world,features,feature,map_103 map_104 map_105,Map 103 Ghana [81]; Map 104 Burkina Faso [63a]; Map 105 Ivory Coast [51],5978
5795,Tehit,,,,tehi1237,2007,asher2007world,features,feature,map_034,Map 34 Irian Jaya [109],5979
5796,Teiwa,,,,teiw1235,2007,asher2007world,features,feature,map_038,Map 38 Lesser Sunda Islands and Timor [80],5980
5797,Tekiraka,,,,abis1238,traditional,asher2007world,features,feature,map_012,Map 12 Northern South America: Time of Contact [146],5981
5799,"Teko, Teco",,,,tekt1235,traditional,asher2007world,features,feature,map_010,Map 10 Meso-America: Time of Contact [14],5983
5800,Tekwexe,,,,,traditional,asher2007world,features,feature,map_010,Map 10 Meso-America: Time of Contact [56],5984
5801,Telefol,,,,tele1256,2007,asher2007world,features,feature,map_033,Map 33 Northern Papua New Guinea [173],5985
5802,Telugu,,,,telu1262,2007,asher2007world,features,feature,map_051 map_052,"Map 51 North-East India, Bangladesh, Bhutan and Nepal [197]; Map 52 Southern India and Sri Lanka [28]",5986
5803,Tembo,,,,luba1254,2007,asher2007world,features,feature,map_077 map_078,Map 77 Zambia [46]; Map 78 Democratic Republic of Congo: Katang [16],5987
5804,Tembo,,,,temb1270,2007,asher2007world,features,feature,map_080,Map 80 Democratic Republic of Congo: Kivu [10],5988
5805,Teme,,,,teme1252,2007,asher2007world,features,feature,map_098,Map 98 North-Eastern Nigeria [30],5989
5806,Temiar,,,,temi1246,2007,asher2007world,features,feature,map_044,Map 44 West Malaysia and Singapore [8],5990
5807,Temuan,,,,temu1239,2007,asher2007world,features,feature,map_044,Map 44 West Malaysia and Singapore [19],5991
5808,Ten,,,,tenn1245,2007,asher2007world,features,feature,map_045,Map 45 China and Mongolia [65],5992
5809,Tenetehara,,,,temb1276,traditional,asher2007world,features,feature,map_016,Map 16 Western Brazil: Time of Contact [348],5993
5811,Tengo (Mamvu),,,,mamv1243,2007,asher2007world,features,feature,map_079,Map 79 Democratic Republic of Congo: Orienta [63f],5995
5812,Tengu Kan,,,,teng1266,2007,asher2007world,features,feature,map_104,Map 104 Burkina Faso [4o],5996
5813,Teop,,,,teop1238,2007,asher2007world,features,feature,map_029,Map 29 Solomon Islands and Bougainville [8],5997
5814,Teor-Kur,,,,teor1239,2007,asher2007world,features,feature,map_034 map_037,Map 34 Irian Jaya [226]; Map 37 The Moluccas [32],5998
5815,Tepecano,,,,tepe1278,traditional,asher2007world,features,feature,map_003,Map 3 South-Western North America: Time of Contact [27],5999
5817,"Tepewa, Tepehua",,,,tepe1243,traditional,asher2007world,features,feature,map_010,Map 10 Meso-America: Time of Contact [30],6001
5818,Tepo,,,,tepo1240,2007,asher2007world,features,feature,map_105,Map 105 Ivory Coast [28c],6002
5819,Tera,,,,tera1251,2007,asher2007world,features,feature,map_100 map_098,Map 100 Northern Nigeria and Niger [11a]; Map 98 North-Eastern Nigeria [100],6003
5821,Terena,,,,tere1279,traditional,asher2007world,features,feature,map_018,Map 18 Brazilian Atlantic Coast: Time of Contact [115],6005
5823,Teribe,,,,teri1250,traditional,asher2007world,features,feature,map_012,Map 12 Northern South America: Time of Contact [47],6007
5825,Terik,,,,teri1244,2007,asher2007world,features,feature,map_086,Map 86 Central East Africa [83],6009
5826,Ternate,,,,tern1247,2007,asher2007world,features,feature,map_037,Map 37 The Moluccas [58],6010
5827,Teso,,,,teso1249,2007,asher2007world,features,feature,map_072 map_086,Map 72 Sudan and the Horn of Africa [165]; Map 86 Central East Africa [69],6011
5828,Tetela,,,,tete1250,2007,asher2007world,features,feature,map_078 map_080 map_081,Map 78 Democratic Republic of Congo: Katang [2]; Map 80 Democratic Republic of Congo: Kivu [71]; Map 81 Democratic Republic of Congo: Kasai [47],6012 6013
5830,Teton,,,,lako1247,traditional,asher2007world,features,feature,map_005,Map 5 The Great Plains: Time of Contact [19],6015
5831,Tetouan,,,,cons1245,2007,asher2007world,features,feature,map_071 map_073,Map 71 North-East Africa [48]; Map 73 North-West Africa [20],6016
5832,Tetun,,,,tetu1245,2007,asher2007world,features,feature,map_038,Map 38 Lesser Sunda Islands and Timor [38],6017
5833,Teun,,,,teun1241,2007,asher2007world,features,feature,map_038,Map 38 Lesser Sunda Islands and Timor [54],6018
5834,Teve,,,,tewe1238,2007,asher2007world,features,feature,map_074 map_075,Map 74 Southern Africa [20]; Map 75 Mozambique [42b],6019
5835,Tewa,,,,tewa1260,traditional,asher2007world,features,feature,map_005,Map 5 The Great Plains: Time of Contact [60],6020
5836,Tewelche,,,,tehu1242,traditional,asher2007world,features,feature,map_022,Map 22 Southern South America: Time of Contact [245],6021
5838,Thai,,,,thai1261,2007,asher2007world,features,feature,map_047 map_048,"Map 47 Northern Thailand, Laos and Vietnam [26]; Map 48 Southern Thailand, Laos and Vietnam, and Cambodia [20]",6023 6024
5839,Thakali,,,,thak1245,2007,asher2007world,features,feature,map_051,"Map 51 North-East India, Bangladesh, Bhutan and Nepal [3]",6025
5841,Thami (Thangmi),,,,than1259,2007,asher2007world,features,feature,map_051,"Map 51 North-East India, Bangladesh, Bhutan and Nepal [48]",6027
5842,Thaminyi-Kodin,,,,kada1282,2007,asher2007world,features,feature,map_071 map_072,Map 71 North-East Africa [77]; Map 72 Sudan and the Horn of Africa [119],6028
5843,Thao,,,,thao1240,2007,asher2007world,features,feature,map_050,"Map 50 Japan, Korea and Taiwan [16]",6029
5844,Tharaka,,,,thar1283,2007,asher2007world,features,feature,map_072 map_085 map_086,Map 72 Sudan and the Horn of Africa [205]; Map 85 Kenyan Coast [30]; Map 86 Central East Africa [13],6030
5846,Thavung,,,,aheu1239,2007,asher2007world,features,feature,map_047,"Map 47 Northern Thailand, Laos and Vietnam [77]",6032
5850,Thompson,,,,thom1243,traditional,asher2007world,features,feature,map_006,Map 6 North-Western Pacific America: Time of Contact [29],6036
5852,Thulung,,,,thul1246,2007,asher2007world,features,feature,map_051,"Map 51 North-East India, Bangladesh, Bhutan and Nepal [63]",6038
5853,Tiang,,,,tian1237,2007,asher2007world,features,feature,map_030,Map 30 New Britain and New Ireland [70],6039
5854,Tiba,,,,gaaa1245,2007,asher2007world,features,feature,map_098,Map 98 North-Eastern Nigeria [56],6040
5855,Tibea,,,,tibe1274,2007,asher2007world,features,feature,map_093,Map 93 Central South-Western Cameroon [77],6041
5856,Tibetan,,,,tibe1272,2007,asher2007world,features,feature,map_049 map_051,"Map 49 Burma (Myanmar) [52]; Map 51 North-East India, Bangladesh, Bhutan and Nepal [10]",6042 6043
5857,Tichurong,,,,tich1238,2007,asher2007world,features,feature,map_051,"Map 51 North-East India, Bangladesh, Bhutan and Nepal [16]",6044
5858,Tidikelt,,,,tidi1242,2007,asher2007world,features,feature,map_073,Map 73 North-West Africa [59],6045
5859,Tidong,,,,tidu1239,2007,asher2007world,features,feature,map_041,Map 41 Borneo and Madagascar [88],6046
5860,Tidore,,,,tido1248,2007,asher2007world,features,feature,map_037,Map 37 The Moluccas [57],6047
5861,Tiene,,,,tien1242,2007,asher2007world,features,feature,map_081 map_083,Map 81 Democratic Republic of Congo: Kasai [37]; Map 83 Democratic Republic of Congo: Bas Congo and Southern Congo [57],6048
5862,Tiepo,,,,tief1244,2007,asher2007world,features,feature,map_104,Map 104 Burkina Faso [13],6049
5863,Tifal,,,,tifa1245,2007,asher2007world,features,feature,map_033,Map 33 Northern Papua New Guinea [174],6050
5864,Tigak,,,,tiga1245,2007,asher2007world,features,feature,map_030,Map 30 New Britain and New Ireland [68],6051
5865,Tigania,,,,tiga1244,2007,asher2007world,features,feature,map_085,Map 85 Kenyan Coast [34b],6052
5866,Tige,,,,tige1238,2007,asher2007world,features,feature,map_095,Map 95 South-Eastern Nigeria and Mid-Western Cameroon [61b],6053
5867,Tigre,,,,tigr1270,2007,asher2007world,features,feature,map_072,Map 72 Sudan and the Horn of Africa [26],6054
5868,Tigrinya,,,,tigr1271,2007,asher2007world,features,feature,map_072,Map 72 Sudan and the Horn of Africa [27],6055
5869,Tigwa Manobo,,,,tigw1237,2007,asher2007world,features,feature,map_040,Map 40 The Philippines [105],6056
5870,Tiharo,,,,tlha1242,2007,asher2007world,features,feature,map_074,Map 74 Southern Africa [7i],6057
5871,Tihāma Dialects,,,,,2007,asher2007world,features,feature,map_070,Map 70 The Middle East and Arabian Peninsula [96],6058
5872,Tikar,,,,tika1246,2007,asher2007world,features,feature,map_093 map_095,Map 93 Central South-Western Cameroon [20]; Map 95 South-Eastern Nigeria and Mid-Western Cameroon [61],6059
5873,Tikopia,,,,tiko1237,2007,asher2007world,features,feature,map_026,Map 26 Polynesia [16],6060
5875,Tikuna,,,,ticu1245,traditional,asher2007world,features,feature,map_016,Map 16 Western Brazil: Time of Contact [162],6062
5876,Tilapa Otomí,,,,tila1239,traditional,asher2007world,features,feature,map_010,Map 10 Meso-America: Time of Contact [36d],6063
5877,Tillamook,,,,till1254,traditional,asher2007world,features,feature,map_004,Map 4 California: Time of Contact [3],6064
5878,Tilung,,,,tilu1238,2007,asher2007world,features,feature,map_051,"Map 51 North-East India, Bangladesh, Bhutan and Nepal [61]",6065
5879,Timbaro,,,,timb1262,2007,asher2007world,features,feature,map_072,Map 72 Sudan and the Horn of Africa [66],6066
5880,Timbe,,,,timb1251,2007,asher2007world,features,feature,map_032 map_033,Map 32 Southern Papua New Guinea [44]; Map 33 Northern Papua New Guinea [112],6067
5881,Timibira,,,,timb1253,traditional,asher2007world,features,feature,map_018,Map 18 Brazilian Atlantic Coast: Time of Contact [285],6068
5883,Timote-Kuika,,,,timo1237,traditional,asher2007world,features,feature,map_012,Map 12 Northern South America: Time of Contact [2],6070
5884,Timputz,,,,tinp1237,2007,asher2007world,features,feature,map_029,Map 29 Solomon Islands and Bougainville [7],6071
5885,Timucua,,,,timu1245,traditional,asher2007world,features,feature,map_002,Map 2 South-Eastern North America: Time of Contact [51],6072
5886,Timugon,,,,timu1263,2007,asher2007world,features,feature,map_041,Map 41 Borneo and Madagascar [85],6073
5887,Tina Sambal,,,,tina1248,2007,asher2007world,features,feature,map_040,Map 40 The Philippines [40],6074
5888,Tinan,,,,tina1246,2007,asher2007world,features,feature,map_054,Map 54 North-West India [17],6075
5889,Tindi,,,,tind1238,2007,asher2007world,features,feature,map_059,Map 59 The Caucasus [30],6076
5890,Tingelin,,,,fali1264,2007,asher2007world,features,feature,map_091,Map 91 Adamawa Region [37b],6077
5891,Tingong,,,,ting1251,2007,asher2007world,features,feature,map_093,Map 93 Central South-Western Cameroon [78a],6078
5892,Tiniwa,,,,tini1245,traditional,asher2007world,features,feature,map_012,Map 12 Northern South America: Time of Contact [52],6079
5894,Tipai,,,,kumi1248,traditional,asher2007world,features,feature,map_003,Map 3 South-Western North America: Time of Contact [54],6081
5896,Tipaza,,,,chen1266,2007,asher2007world,features,feature,map_073,Map 73 North-West Africa [52],6083
5897,Tiriko,,,,tiri1257,2007,asher2007world,features,feature,map_086,Map 86 Central East Africa [35j],6084
5898,Tirio,,,,tiri1259,2007,asher2007world,features,feature,map_032,Map 32 Southern Papua New Guinea [164],6085
5899,Tiriyó,,,,trio1238,traditional,asher2007world,features,feature,map_012,Map 12 Northern South America: Time of Contact [386],6086
5901,Tirma,,,,tirm1240,2007,asher2007world,features,feature,map_072,Map 72 Sudan and the Horn of Africa [131],6088
5902,Tiruray,,,,tiru1241,2007,asher2007world,features,feature,map_040,Map 40 The Philippines [124],6089
5903,Titan,,,,tita1241,2007,asher2007world,features,feature,map_030,Map 30 New Britain and New Ireland [20],6090
5904,Tiv,,,,tivv1240,2007,asher2007world,features,feature,map_095 map_096,"Map 95 South-Eastern Nigeria and Mid-Western Cameroon [1]; Map 96 South Plateau, Nigeria [54]",6091
5910,"Tlapaneko, Tlapaneco",,,,subt1249,traditional,asher2007world,features,feature,map_010,Map 10 Meso-America: Time of Contact [39],6097
5911,Tlhaping,,,,tlha1241,2007,asher2007world,features,feature,map_074,Map 74 Southern Africa [7e],6098
5912,Tlingit,,,,tlin1245,traditional,asher2007world,features,feature,map_007,Map 7 Northern North America: Time of Contact [12],6099
5914,Toa,,,,foau1240,2007,asher2007world,features,feature,map_034,Map 34 Irian Jaya [134],6101
5915,Toaripi,,,,toar1246,2007,asher2007world,features,feature,map_032,Map 32 Southern Papua New Guinea [177],6102
5917,Toba,,,,toba1269,traditional,asher2007world,features,feature,map_020,Map 20 Central Pacific Coast: Time of Contact [262],6104
5918,Toba Batak,,,,bata1289,2007,asher2007world,features,feature,map_043,Map 43 Sumatra [9],6105
5919,Tobaru,,,,taba1263,2007,asher2007world,features,feature,map_037,Map 37 The Moluccas [60],6106
5920,Tobelo,,,,tobe1252,2007,asher2007world,features,feature,map_037,Map 37 The Moluccas [63],6107
5921,Tobo,,,,tobo1251,2007,asher2007world,features,feature,map_032,Map 32 Southern Papua New Guinea [45],6108
5922,Tocenga,,,,toce1238,2007,asher2007world,features,feature,map_093,Map 93 Central South-Western Cameroon [70f],6109
5923,Tod,,,,stod1242,2007,asher2007world,features,feature,map_054,Map 54 North-West India [6],6110
5924,Todrah,,,,todr1244,2007,asher2007world,features,feature,map_048,"Map 48 Southern Thailand, Laos and Vietnam, and Cambodia [55]",6111
5925,"Tofa (Tofalar, Karagas)",,,,tofa1248,2007,asher2007world,features,feature,map_055 map_056,Map 55 Eastern Siberia [4]; Map 56 Western Siberia [6],6112
5926,Tofamna,,,,tofa1246,2007,asher2007world,features,feature,map_034,Map 34 Irian Jaya [84],6113
5927,Togbo,,,,togb1242,2007,asher2007world,features,feature,map_082 map_089,Map 82 Democratic Republic of Congo: Equate [57]; Map 89 Central African Republic and South-Eastern Chad [16b],6114 6115
5928,Togo Kan,,,,togo1254,2007,asher2007world,features,feature,map_104,Map 104 Burkina Faso [4p],6116
5929,Tojolabal,,,,tojo1241,traditional,asher2007world,features,feature,map_010,Map 10 Meso-America: Time of Contact [10],6117
5931,Toka,,,,toka1243,2007,asher2007world,features,feature,map_074 map_077,Map 74 Southern Africa [33]; Map 77 Zambia [24a],6119
5932,Tolai,,,,kuan1248,2007,asher2007world,features,feature,map_030,Map 30 New Britain and New Ireland [57],6120
5933,"Tolimeko, Tolimeco",,,,,traditional,asher2007world,features,feature,map_010,Map 10 Meso-America: Time of Contact [65],6121
5934,Tolitoli,,,,toto1304,2007,asher2007world,features,feature,map_039,Map 39 Sulawesi [19],6122
5935,Tolomako,,,,tolo1255,2007,asher2007world,features,feature,map_027,Map 27 Vanuatu and New Caledonia [50],6123
5936,Tolowa,,,,tolo1259,traditional,asher2007world,features,feature,map_004,Map 4 California: Time of Contact [26],6124
5937,Tombulu,,,,tomb1243,2007,asher2007world,features,feature,map_039,Map 39 Sulawesi [7],6125
5938,Tomini,,,,tomi1243,2007,asher2007world,features,feature,map_039,Map 39 Sulawesi [20],6126
5939,Tommo So,,,,tomm1242,2007,asher2007world,features,feature,map_104,Map 104 Burkina Faso [4k],6127
5940,Tomo Kan,,,,tomo1243,2007,asher2007world,features,feature,map_104,Map 104 Burkina Faso [4a],6128
5941,Tomoip,,,,tomo1244,2007,asher2007world,features,feature,map_030,Map 30 New Britain and New Ireland [52],6129
5942,Tomu River Lang,,,,odoo1238,2007,asher2007world,features,feature,map_032,Map 32 Southern Papua New Guinea [91],6130
5943,Tonda,,,,blaf1238,2007,asher2007world,features,feature,map_032 map_034,Map 32 Southern Papua New Guinea [188]; Map 34 Irian Jaya [167],6131
5944,Tondano,,,,tond1251,2007,asher2007world,features,feature,map_039,Map 39 Sulawesi [6],6132
5945,Tonga,,,,tong1315,2007,asher2007world,features,feature,map_074 map_075,Map 74 Southern Africa [25]; Map 75 Mozambique [43],6133
5946,Tonga,,,,tong1318,2007,asher2007world,features,feature,map_074 map_075 map_077,Map 74 Southern Africa [25]; Map 75 Mozambique [43]; Map 77 Zambia [24],6134
5947,Tongren Dialect,,,,tong1310,2007,asher2007world,features,feature,map_045,Map 45 China and Mongolia [32],6135
5948,Tongwe,,,,tong1320,2007,asher2007world,features,feature,map_078 map_080,Map 78 Democratic Republic of Congo: Katang [43]; Map 80 Democratic Republic of Congo: Kivu [52],6136
5949,Tonjo,,,,tonj1244,2007,asher2007world,features,feature,map_093,Map 93 Central South-Western Cameroon [70c],6137
5950,Tonjo-Tukombe,,,,tuki1240,2007,asher2007world,features,feature,map_093,Map 93 Central South-Western Cameroon [70e],6138
5951,Tonkawa,,,,tonk1249,traditional,asher2007world,features,feature,map_003,Map 3 South-Western North America: Time of Contact [72],6139
5952,Tonsawang,,,,tons1239,2007,asher2007world,features,feature,map_039,Map 39 Sulawesi [9],6140
5953,Tonsea,,,,tons1240,2007,asher2007world,features,feature,map_039,Map 39 Sulawesi [5],6141
5954,Tontemboan,,,,tont1239,2007,asher2007world,features,feature,map_039,Map 39 Sulawesi [8],6142
5955,Toram,,,,tora1267,2007,asher2007world,features,feature,map_089,Map 89 Central African Republic and South-Eastern Chad [83c],6143
5956,Torau,,,,tora1259,2007,asher2007world,features,feature,map_029,Map 29 Solomon Islands and Bougainville [14],6144
5957,Torgut (Torguud),,,,alta1279,2007,asher2007world,features,feature,map_045,Map 45 China and Mongolia [24],6145
5958,Torguud,,,,alta1279,2007,asher2007world,features,feature,map_045,Map 45 China and Mongolia [NA],6146
5959,Toro,,,,toor1238,2007,asher2007world,features,feature,map_079 map_080,Map 79 Democratic Republic of Congo: Orienta [4]; Map 80 Democratic Republic of Congo: Kivu [19],6147
5960,Toro So,,,,toro1252,2007,asher2007world,features,feature,map_104,Map 104 Burkina Faso [4q],6148
5961,Toro Tegu,,,,toro1253,2007,asher2007world,features,feature,map_104,Map 104 Burkina Faso [4s],6149
5962,Toromona,,,,toro1255,traditional,asher2007world,features,feature,map_016,Map 16 Western Brazil: Time of Contact [243],6150
5964,Torwali,,,,torw1241,2007,asher2007world,features,feature,map_053,"Map 53 Iran, Afghanistan and Pakistan [46]",6152
5965,Torá,,,,tora1263,traditional,asher2007world,features,feature,map_016,Map 16 Western Brazil: Time of Contact [67],6153
5966,Totela,,,,tote1238,2007,asher2007world,features,feature,map_074 map_077,Map 74 Southern Africa [40]; Map 77 Zambia [61b],6154
5967,Toto,,,,toto1302,2007,asher2007world,features,feature,map_051,"Map 51 North-East India, Bangladesh, Bhutan and Nepal [104]",6155
5969,"Totonako, Totonaco",,,,toto1252,traditional,asher2007world,features,feature,map_010,Map 10 Meso-America: Time of Contact [29],6157
5970,Totoró,,,,toto1306,traditional,asher2007world,features,feature,map_012,Map 12 Northern South America: Time of Contact [18],6158
5971,Touareg,,,,taha1241,2007,asher2007world,features,feature,map_100 map_071 map_073,Map 100 Northern Nigeria and Niger [13]; Map 71 North-East Africa [59]; Map 73 North-West Africa [63],6159
5972,Towei,,,,towe1240,2007,asher2007world,features,feature,map_034,Map 34 Irian Jaya [81],6160
5973,Tregami,,,,treg1243,2007,asher2007world,features,feature,map_053,"Map 53 Iran, Afghanistan and Pakistan [64]",6161
5974,Tri,,,,trii1240,2007,asher2007world,features,feature,map_047,"Map 47 Northern Thailand, Laos and Vietnam [47a]",6162
5976,"Triki, Trique",,,,triq1251,traditional,asher2007world,features,feature,map_010,Map 10 Meso-America: Time of Contact [51],6164
5978,Triw,,,,triw1234,2007,asher2007world,features,feature,map_047,"Map 47 Northern Thailand, Laos and Vietnam [57]",6166
5979,Trukese,,,,chuu1238,2007,asher2007world,features,feature,map_028,Map 28 Micronesia [9],6167
5980,Trumai,,,,trum1247,traditional,asher2007world,features,feature,map_018,Map 18 Brazilian Atlantic Coast: Time of Contact [57],6168
5982,Ts'ao (Kua-Tsua),,,,tsao1238,2007,asher2007world,features,feature,map_074,Map 74 Southern Africa [47],6170
5983,Ts'ikha (Ts'ixa),,,,tsix1234,2007,asher2007world,features,feature,map_074,Map 74 Southern Africa [49],6171
5984,Tsabe,,,,edec1238,2007,asher2007world,features,feature,map_102,Map 102 Benin and Togo [30c],6172
5985,Tsakhur,,,,tsak1249,2007,asher2007world,features,feature,map_059,Map 59 The Caucasus [45],6173
5986,Tsamba,,,,samb1309,2007,asher2007world,features,feature,map_081,Map 81 Democratic Republic of Congo: Kasai [58],6174
5987,Tsangi,,,,tsaa1242,2007,asher2007world,features,feature,map_083 map_088,Map 83 Democratic Republic of Congo: Bas Congo and Southern Congo [41]; Map 88 Gabon and Equatorial Guinea [46],6175
5988,Tsat,,,,tsat1238,2007,asher2007world,features,feature,map_045,Map 45 China and Mongolia [60],6176
5989,Tsetsaut,,,,tset1236,traditional,asher2007world,features,feature,map_007,Map 7 Northern North America: Time of Contact [36],6177
5990,Tsez(Dido),,,,dido1241,2007,asher2007world,features,feature,map_059,Map 59 The Caucasus [33],6178
5991,Tshangla,,,,tsha1245,2007,asher2007world,features,feature,map_051,"Map 51 North-East India, Bangladesh, Bhutan and Nepal [43]",6179
5992,Tsiege,,,,,2007,asher2007world,features,feature,map_083,Map 83 Democratic Republic of Congo: Bas Congo and Southern Congo [51],6180
5993,Tsogo,,,,tsog1243,2007,asher2007world,features,feature,map_083 map_088,Map 83 Democratic Republic of Congo: Bas Congo and Southern Congo [53]; Map 88 Gabon and Equatorial Guinea [18],6181
5994,Tsonga-Jonga (Shangaan),,,,tson1249,2007,asher2007world,features,feature,map_074,Map 74 Southern Africa [12],6182
5995,Tsotso,,,,tsot1241,2007,asher2007world,features,feature,map_086,Map 86 Central East Africa [35g],6183
5996,Tsou,,,,tsou1248,2007,asher2007world,features,feature,map_050,"Map 50 Japan, Korea and Taiwan [12]",6184
5997,Tsum,,,,tsum1240,2007,asher2007world,features,feature,map_051,"Map 51 North-East India, Bangladesh, Bhutan and Nepal [22]",6185
5998,Tsuvan,,,,tsuv1243,2007,asher2007world,features,feature,map_094,Map 94 Northern Cameroon [53],6186
5999,Tswa,,,,tswa1255,2007,asher2007world,features,feature,map_075,Map 75 Mozambique [45],6187
6000,Tswana,,,,tswa1253,2007,asher2007world,features,feature,map_074 map_084,Map 74 Southern Africa [7]; Map 84 Angola [48],6188
6001,Tsáfiki,,,,colo1256,traditional,asher2007world,features,feature,map_012,Map 12 Northern South America: Time of Contact [24],6189
6003,Ttao-Suamato,,,,muba1238,2007,asher2007world,features,feature,map_032,Map 32 Southern Papua New Guinea [171],6191
6004,Tualatin-Yamhill,,,,tual1242,traditional,asher2007world,features,feature,map_004,Map 4 California: Time of Contact [13],6192
6005,Tubar,,,,tuba1279,traditional,asher2007world,features,feature,map_003,Map 3 South-Western North America: Time of Contact [32],6193
6006,Tubetube,,,,bwan1241,2007,asher2007world,features,feature,map_031,Map 31 South-Eastern Papua New Guinea [1],6194
6008,Tukanarikem,,,,arik1264,traditional,asher2007world,features,feature,map_016,Map 16 Western Brazil: Time of Contact [366],6196
6009,Tukanc-Besi,,,,tuka1247,2007,asher2007world,features,feature,map_039,Map 39 Sulawesi [56],6197
6010,Tukano,,,,tuca1252,traditional,asher2007world,features,feature,map_012,Map 12 Northern South America: Time of Contact [160],6198
6012,Tuken,,,,tuge1241,2007,asher2007world,features,feature,map_072 map_086,Map 72 Sudan and the Horn of Africa [150]; Map 86 Central East Africa [86],6200
6013,Tuki,,,,tuki1240,2007,asher2007world,features,feature,map_092 map_093,Map 92 South-Western Cameroon [7]; Map 93 Central South-Western Cameroon [70],6201
6014,Tukombe,,,,komb1269,2007,asher2007world,features,feature,map_093,Map 93 Central South-Western Cameroon [70b],6202
6015,Tukudede,,,,tuku1254,2007,asher2007world,features,feature,map_038,Map 38 Lesser Sunda Islands and Timor [40],6203
6016,Tula,,,,tula1252,2007,asher2007world,features,feature,map_098,Map 98 North-Eastern Nigeria [4],6204
6017,Tule-Kaweah,,,,tule1245,traditional,asher2007world,features,feature,map_004,Map 4 California: Time of Contact [77],6205
6018,Tuling,,,,elin1239,2007,asher2007world,features,feature,map_092 map_093,Map 92 South-Western Cameroon [4a]; Map 93 Central South-Western Cameroon [66a],6206
6019,Tulu,,,,tulu1258,2007,asher2007world,features,feature,map_052,Map 52 Southern India and Sri Lanka [33],6207
6020,Tum,,,,toum1239,2007,asher2007world,features,feature,map_047,"Map 47 Northern Thailand, Laos and Vietnam [72]",6208
6021,Tumak,,,,tuma1260,2007,asher2007world,features,feature,map_089 map_090,"Map 89 Central African Republic and South-Eastern Chad [81c]; Map 90 Central African Republic, South-Western Chad and Cameroon [48]",6209
6022,Tumbatu,,,,swah1253,2007,asher2007world,features,feature,map_076 map_085,Map 76 Southern Tanzania [1b]; Map 85 Kenyan Coast [1k],6210
6023,Tumbuka,,,,tumb1250,2007,asher2007world,features,feature,map_075 map_076 map_077,Map 75 Mozambique [40]; Map 76 Southern Tanzania [67]; Map 77 Zambia [45],6211
6024,Tumbwe,,,,tong1320,2007,asher2007world,features,feature,map_078 map_080,Map 78 Democratic Republic of Congo: Katang [34]; Map 80 Democratic Republic of Congo: Kivu [42],6212
6025,Tumleo,,,,tuml1238,2007,asher2007world,features,feature,map_033,Map 33 Northern Papua New Guinea [406],6213
6026,Tunebo,,,,tune1260,traditional,asher2007world,features,feature,map_012,Map 12 Northern South America: Time of Contact [38],6214
6028,Tunen,,,,tune1261,2007,asher2007world,features,feature,map_092 map_093,Map 92 South-Western Cameroon [4]; Map 93 Central South-Western Cameroon [66],6216
6029,Tungoro,,,,ngor1242,2007,asher2007world,features,feature,map_093,Map 93 Central South-Western Cameroon [70a],6217
6030,Tunia,,,,tuni1251,2007,asher2007world,features,feature,map_089 map_090,"Map 89 Central African Republic and South-Eastern Chad [54]; Map 90 Central African Republic, South-Western Chad and Cameroon [4]",6218
6031,Tunica,,,,tuni1252,traditional,asher2007world,features,feature,map_002,Map 2 South-Eastern North America: Time of Contact [34],6219
6032,Tuotampa,,,,tuot1238,2007,asher2007world,features,feature,map_093,Map 93 Central South-Western Cameroon [68],6220
6033,Tuparí,,,,tupa1250,traditional,asher2007world,features,feature,map_016,Map 16 Western Brazil: Time of Contact [369],6221
6035,Tupuri,,,,tupu1244,2007,asher2007world,features,feature,map_090 map_091 map_094,"Map 90 Central African Republic, South-Western Chad and Cameroon [13]; Map 91 Adamawa Region [33d]; Map 94 Northern Cameroon [2c]",6223
6036,Tupí,,,,tupi1273,traditional,asher2007world,features,feature,map_012,Map 12 Northern South America: Time of Contact [341],6224
6037,Tura (Wen),,,,tour1242,2007,asher2007world,features,feature,map_106,Map 106 Liberia and Sierra Leone [30],6225
6038,Turaka,,,,tura1265,2007,asher2007world,features,feature,map_031,Map 31 South-Eastern Papua New Guinea [69],6226
6039,Turka,,,,turk1306,2007,asher2007world,features,feature,map_104,Map 104 Burkina Faso [61b],6227
6040,Turkana,,,,turk1308,2007,asher2007world,features,feature,map_072 map_086,Map 72 Sudan and the Horn of Africa [167]; Map 86 Central East Africa [73],6228
6041,Turkish,,,,nucl1301,2007,asher2007world,features,feature,map_053 map_059 map_060 map_061 map_066 map_070,"Map 53 Iran, Afghanistan and Pakistan [76]; Map 59 The Caucasus [8]; Map 60 Turkey [5]; Map 61 Hungary, Romania and the Balkans [15]; Map 66 Albania, Greece, Crete and Cyprus [9]; Map 70 The Middle East and Arabian Peninsula [110]",6229 6230 6231 6232 6233 6234 6235
6042,Turkish (Quchani),,,,khor1269,2007,asher2007world,features,feature,map_053,"Map 53 Iran, Afghanistan and Pakistan [74]",6236
6043,Turkmen,,,,turk1304,2007,asher2007world,features,feature,map_053 map_057 map_058 map_059,"Map 53 Iran, Afghanistan and Pakistan [73]; Map 57 Central Asia [12]; Map 58 Western Russia, the Baltic States, Belarus, Ukraine and Moldova [12]; Map 59 The Caucasus [10]",6237 6238
6045,Turkwam (Toro),,,,toro1249,2007,asher2007world,features,feature,map_096,"Map 96 South Plateau, Nigeria [44]",6240
6046,Turu,,,,turu1251,2007,asher2007world,features,feature,map_034,Map 34 Irian Jaya [144],6241
6047,Turōyō,,,,turo1239,2007,asher2007world,features,feature,map_070,Map 70 The Middle East and Arabian Peninsula [2],6242
6048,Tuscarora,,,,tusc1257,traditional,asher2007world,features,feature,map_001,Map 1 East Coast and Great Lakes: Time of Contact [46],6243
6049,Tushinawa,,,,tuxi1238,traditional,asher2007world,features,feature,map_014,Map 14 Northern Pacific Coast: Time of Contact [223],6244
6050,Tushá,,,,tuxa1239,traditional,asher2007world,features,feature,map_018,Map 18 Brazilian Atlantic Coast: Time of Contact [316],6245
6052,Tusya(Ng),,,,tusi1238,2007,asher2007world,features,feature,map_104 map_105,Map 104 Burkina Faso [9]; Map 105 Ivory Coast [53],6247
6053,Tutelo-Saponi-Monyton,,,,tute1247,traditional,asher2007world,features,feature,map_001,Map 1 East Coast and Great Lakes: Time of Contact [53],6248
6054,Tutoh Kenyah,,,,long1416,2007,asher2007world,features,feature,map_041,"Map 41 Borneo and Madagascar [73, F]",6249
6055,Tutong,,,,brun1245,2007,asher2007world,features,feature,map_041,Map 41 Borneo and Madagascar [107],6250x
6056,Tutong,,,,tuto1241,2007,asher2007world,features,feature,map_041,Map 41 Borneo and Madagascar [40],6250
6057,Tutsingo,,,,tsin1239,2007,asher2007world,features,feature,map_093,Map 93 Central South-Western Cameroon [70d],6251
6058,Tutuba,,,,tutu1241,2007,asher2007world,features,feature,map_027,Map 27 Vanuatu and New Caledonia [28],6252
6059,Tututni,,,,tutu1242,traditional,asher2007world,features,feature,map_004,Map 4 California: Time of Contact [25],6253
6060,Tuvalu,,,,tuva1244,2007,asher2007world,features,feature,map_026,Map 26 Polynesia [9],6254
6061,Tuvan (Uryankhai),,,,tuvi1240,2007,asher2007world,features,feature,map_055,Map 55 Eastern Siberia [3],6255
6062,Twa,,,,twao1242,2007,asher2007world,features,feature,map_077,Map 77 Zambia [5],6256
6063,Twa,,,,rwan1241,2007,asher2007world,features,feature,map_080,Map 80 Democratic Republic of Congo: Kivu [29],6257
6064,Twafap,,,,ghom1247,2007,asher2007world,features,feature,map_093,Map 93 Central South-Western Cameroon [64b],6258
6065,Twampa,,,,uduk1239,2007,asher2007world,features,feature,map_072,Map 72 Sudan and the Horn of Africa [184],6259
6066,Twana,,,,twan1247,traditional,asher2007world,features,feature,map_006,Map 6 North-Western Pacific America: Time of Contact [26],6260
6067,Twumfu,,,,twum1238,2007,asher2007world,features,feature,map_095,Map 95 South-Eastern Nigeria and Mid-Western Cameroon [61a],6261
6068,Tyapi,,,,tiap1238,2007,asher2007world,features,feature,map_107,Map 107 Guinea and Mali [15],6262
6069,Tyenga (Shanga),,,,kyen1241,2007,asher2007world,features,feature,map_102,Map 102 Benin and Togo [77],6263
6071,Tzeltal,,,,tzel1254,traditional,asher2007world,features,feature,map_010,Map 10 Meso-America: Time of Contact [9],6265
6073,Tzotzil,,,,tzot1259,traditional,asher2007world,features,feature,map_010,Map 10 Meso-America: Time of Contact [8],6267
6075,Tzuljil,,,,tzut1248,traditional,asher2007world,features,feature,map_010,Map 10 Meso-America: Time of Contact [19d],6269
6077,Tîrî,,,,tiri1258,2007,asher2007world,features,feature,map_027,Map 27 Vanuatu and New Caledonia [128],6271
6078,Uab Meto,,,,uabm1237,2007,asher2007world,features,feature,map_038,Map 38 Lesser Sunda Islands and Timor [37],6272
6079,Uaripi,,,,tair1256,2007,asher2007world,features,feature,map_032,Map 32 Southern Papua New Guinea [178],6273
6080,Ubaghala,,,,ubag1245,2007,asher2007world,features,feature,map_101,Map 101 South-Western Nigeria [31],6274
6081,Ubang,,,,uban1243,2007,asher2007world,features,feature,map_095,Map 95 South-Eastern Nigeria and Mid-Western Cameroon [73f],6275
6082,Ubate,,,,,traditional,asher2007world,features,feature,map_003,Map 3 South-Western North America: Time of Contact [87],6276
6083,Ubir,,,,ubir1237,2007,asher2007world,features,feature,map_031,Map 31 South-Eastern Papua New Guinea [14],6277
6084,Ubu-Mbokomu-Moshi-Kirua-Kilema-Mwika,,,,moch1256,2007,asher2007world,features,feature,map_086,Map 86 Central East Africa [6f],6278
6085,Udihe (Udehe),,,,udih1248,2007,asher2007world,features,feature,map_055,Map 55 Eastern Siberia [15],6279
6086,Udmurt (Votyak),,,,udmu1245,2007,asher2007world,features,feature,map_056 map_058,"Map 56 Western Siberia [20]; Map 58 Western Russia, the Baltic States, Belarus, Ukraine and Moldova [27]",6280
6087,Ugare,,,,mesa1245,2007,asher2007world,features,feature,map_095,Map 95 South-Eastern Nigeria and Mid-Western Cameroon [8],6281
6088,Ughele,,,,ughe1237,2007,asher2007world,features,feature,map_029,Map 29 Solomon Islands and Bougainville [24],6282
6089,Uhami-Iyayu,,,,uham1238,2007,asher2007world,features,feature,map_101,Map 101 South-Western Nigeria [76],6283
6090,Uhunduni,,,,dama1272,2007,asher2007world,features,feature,map_034,Map 34 Irian Jaya [50],6284
6091,Uhuum,,,,yuku1243,2007,asher2007world,features,feature,map_095,Map 95 South-Eastern Nigeria and Mid-Western Cameroon [84a],6285
6092,Ujir,,,,ujir1237,2007,asher2007world,features,feature,map_034,Map 34 Irian Jaya [227],6286
6093,Ukaan,,,,ukaa1243,2007,asher2007world,features,feature,map_101,Map 101 South-Western Nigeria [49],6287
6094,Ukpe-Bayobiri,,,,ukpe1247,2007,asher2007world,features,feature,map_095,Map 95 South-Eastern Nigeria and Mid-Western Cameroon [73i],6288
6095,Ukrainian,,,,ukra1253,2007,asher2007world,features,feature,map_058 map_059 map_061 map_062,"Map 58 Western Russia, the Baltic States, Belarus, Ukraine and Moldova [3]; Map 59 The Caucasus [2]; Map 61 Hungary, Romania and the Balkans [2]; Map 62 Poland, the Czech Republic and Slovakia [3]",6289
6096,Ukue-Ehwen,,,,ukue1239,2007,asher2007world,features,feature,map_101,Map 101 South-Western Nigeria [77],6290
6097,Ukuriguma,,,,ukur1240,2007,asher2007world,features,feature,map_033,Map 33 Northern Papua New Guinea [73],6291
6098,Ukwani-Aboh,,,,ukwu1241,2007,asher2007world,features,feature,map_101,Map 101 South-Western Nigeria [81b],6292
6099,Ukwo,,,,ukwu1242,2007,asher2007world,features,feature,map_101,Map 101 South-Western Nigeria [78d],6293
6100,Ulau-Suain,,,,ulau1237,2007,asher2007world,features,feature,map_033,Map 33 Northern Papua New Guinea [407],6294
6101,Ulcha (Olcha),,,,ulch1241,2007,asher2007world,features,feature,map_055,Map 55 Eastern Siberia [13],6295
6102,Ulingan (Mawake),,,,mauw1238,2007,asher2007world,features,feature,map_033,Map 33 Northern Papua New Guinea [59],6296
6103,Ulithian,,,,ulit1238,2007,asher2007world,features,feature,map_028,Map 28 Micronesia [2],6297
6104,Ulu,,,,orlu1238,2007,asher2007world,features,feature,map_101,Map 101 South-Western Nigeria [83a],6298
6105,Ulukwumi,,,,uluk1257,2007,asher2007world,features,feature,map_101,Map 101 South-Western Nigeria [92],6299
6109,Umiray Dumaget,,,,umir1236,2007,asher2007world,features,feature,map_040,Map 40 The Philippines [8],6303
6110,Umon,,,,umon1238,2007,asher2007world,features,feature,map_101,Map 101 South-Western Nigeria [30],6304
6113,Umutina,,,,,traditional,asher2007world,features,feature,map_020,Map 20 Central Pacific Coast: Time of Contact [279],6307
6114,Umvang,,,,omva1238,2007,asher2007world,features,feature,map_087 map_088 map_092,Map 87 Northern Congo and Southern Central African Republic [70g]; Map 88 Gabon and Equatorial Guinea [43b]; Map 92 South-Western Cameroon [40e],6308
6115,Unami,,,,unam1242,traditional,asher2007world,features,feature,map_001,Map 1 East Coast and Great Lakes: Time of Contact [31],6309
6116,Uneme,,,,unem1238,2007,asher2007world,features,feature,map_101,Map 101 South-Western Nigeria [67],6310
6117,Unew Zealand Maori,,,,maor1246,2007,asher2007world,features,feature,map_026,Map 26 Polynesia [36],6311
6118,Unga,,,,unga1253,2007,asher2007world,features,feature,map_077,Map 77 Zambia [2],6312
6121,Unguja (Zanzibar),,,,ungu1238,2007,asher2007world,features,feature,map_076,Map 76 Southern Tanzania [1a],6315
6122,Unua,,,,unua1237,2007,asher2007world,features,feature,map_027,Map 27 Vanuatu and New Caledonia [78],6316
6124,Upper Baram Kenyah,,,,main1275,2007,asher2007world,features,feature,map_041,Map 41 Borneo and Madagascar [66],6318
6125,Upper Chehalis,,,,uppe1439,traditional,asher2007world,features,feature,map_006,Map 6 North-Western Pacific America: Time of Contact [37],6319
6126,Upper Digul,,,,awyu1263,2007,asher2007world,features,feature,map_034,Map 34 Irian Jaya [21],6320
6127,Upper Kaeme,,,,awyu1263,2007,asher2007world,features,feature,map_034,Map 34 Irian Jaya [22],6321
6128,Upper Kinabatangan,,,,uppe1427,2007,asher2007world,features,feature,map_041,Map 41 Borneo and Madagascar [112],6322
6129,Upper Kuskokwim,,,,uppe1438,traditional,asher2007world,features,feature,map_007,Map 7 Northern North America: Time of Contact [17],6323
6131,"Upper Morehead (Rouku, Kamindjo, Tjokwai Tokwasa",,,,wara1294,2007,asher2007world,features,feature,map_032,Map 32 Southern Papua New Guinea [187],6325
6132,Upper Piman,,,,toho1245,traditional,asher2007world,features,feature,map_003,Map 3 South-Western North America: Time of Contact [23],6326
6134,Upper Tanana,,,,uppe1437,traditional,asher2007world,features,feature,map_007,Map 7 Northern North America: Time of Contact [20],6328
6136,Upper Umpqua,,,,uppe1436,traditional,asher2007world,features,feature,map_004,Map 4 California: Time of Contact [23],6330
6137,Ura,,,,kamu1262,2007,asher2007world,features,feature,map_100 map_101,Map 100 Northern Nigeria and Niger [19]; Map 101 South-Western Nigeria [44],6331
6138,Ura,,,,urav1235,2007,asher2007world,features,feature,map_027,Map 27 Vanuatu and New Caledonia [102],6332
6140,Urai,,,,urat1244,2007,asher2007world,features,feature,map_033,Map 33 Northern Papua New Guinea [244],6334
6141,Urak Lawoi',,,,urak1238,2007,asher2007world,features,feature,map_048,"Map 48 Southern Thailand, Laos and Vietnam, and Cambodia [11]",6335
6142,Uraklawoi',,,,urak1238,2007,asher2007world,features,feature,map_044,Map 44 West Malaysia and Singapore [17],6336
6143,Urarina,,,,urar1246,traditional,asher2007world,features,feature,map_014,Map 14 Northern Pacific Coast: Time of Contact [171],6337
6145,Urdu,,,,urdu1245,2007,asher2007world,features,feature,map_051 map_052 map_053 map_054,"Map 51 North-East India, Bangladesh, Bhutan and Nepal [166]; Map 52 Southern India and Sri Lanka [13]; Map 53 Iran, Afghanistan and Pakistan [36]; Map 54 North-West India [55]",6339 6340 6341 6342
6146,Urhobo,,,,urho1239,2007,asher2007world,features,feature,map_101,Map 101 South-Western Nigeria [63c],6343
6147,Uri,,,,urii1240,2007,asher2007world,features,feature,map_032,Map 32 Southern Papua New Guinea [60],6344
6148,Uria,,,,orya1242,2007,asher2007world,features,feature,map_034,Map 34 Irian Jaya [145],6345
6149,Urianhay (Tuvan),,,,tuvi1240,2007,asher2007world,features,feature,map_045,Map 45 China and Mongolia [44],6346
6150,Urigina,,,,urig1240,2007,asher2007world,features,feature,map_033,Map 33 Northern Papua New Guinea [39],6347
6151,Urim,,,,urim1252,2007,asher2007world,features,feature,map_033,Map 33 Northern Papua New Guinea [245],6348
6152,Urimo,,,,urim1251,2007,asher2007world,features,feature,map_033,Map 33 Northern Papua New Guinea [263],6349
6153,Uripiv-Wala-Rano-Atchin,,,,urip1239,2007,asher2007world,features,feature,map_027,Map 27 Vanuatu and New Caledonia [86],6350
6155,Uru,,,,uruu1244,traditional,asher2007world,features,feature,map_020,Map 20 Central Pacific Coast: Time of Contact [210a],6352
6157,Uruava,,,,urua1242,2007,asher2007world,features,feature,map_029,Map 29 Solomon Islands and Bougainville [13],6354
6159,Urupá-Jarú,,,,urup1244,traditional,asher2007world,features,feature,map_016,Map 16 Western Brazil: Time of Contact [65],6356
6160,Usaghade,,,,usag1244,2007,asher2007world,features,feature,map_093,Map 93 Central South-Western Cameroon [6],6357
6161,Useri,,,,usse1238,2007,asher2007world,features,feature,map_086,Map 86 Central East Africa [6i],6358
6162,Ushojo,,,,usho1238,2007,asher2007world,features,feature,map_053,"Map 53 Iran, Afghanistan and Pakistan [45]",6359
6163,Usino,,,,sopp1247,2007,asher2007world,features,feature,map_033,Map 33 Northern Papua New Guinea [42],6360
6164,Usku,,,,usku1243,2007,asher2007world,features,feature,map_034,Map 34 Irian Jaya [83],6361
6166,"Uspanteko, Uspanteco",,,,uspa1245,traditional,asher2007world,features,feature,map_010,Map 10 Meso-America: Time of Contact [18],6363
6167,Usu,,,,uyaa1238,2007,asher2007world,features,feature,map_033,Map 33 Northern Papua New Guinea [33],6364
6168,Utagwang,,,,utug1238,2007,asher2007world,features,feature,map_095,Map 95 South-Eastern Nigeria and Mid-Western Cameroon [73b],6365
6169,Ute,,,,utee1244,traditional,asher2007world,features,feature,map_005,Map 5 The Great Plains: Time of Contact [47],6366
6171,Utu,,,,utuu1240,2007,asher2007world,features,feature,map_033,Map 33 Northern Papua New Guinea [104],6368
6172,Utuli,,,,ilwa1237,2007,asher2007world,features,feature,map_085,Map 85 Kenyan Coast [2c],6369
6174,Uvbie,,,,uvbi1238,2007,asher2007world,features,feature,map_101,Map 101 South-Western Nigeria [63d],6371
6175,Uvol,,,,lote1237,2007,asher2007world,features,feature,map_030,Map 30 New Britain and New Ireland [47],6372
6177,Uyghur (Uighur),,,,uigh1240,2007,asher2007world,features,feature,map_045 map_057,Map 45 China and Mongolia [37]; Map 57 Central Asia [16],6374
6178,Uzbek,,,,nort2690,2007,asher2007world,features,feature,map_045 map_053 map_057,"Map 45 China and Mongolia [38]; Map 53 Iran, Afghanistan and Pakistan [77]; Map 57 Central Asia [15]",6375 6376 6377
6179,Uzekwe,,,,uzek1238,2007,asher2007world,features,feature,map_095,Map 95 South-Eastern Nigeria and Mid-Western Cameroon [78b],6378
6180,Vafsi,,,,vafs1240,2007,asher2007world,features,feature,map_053,"Map 53 Iran, Afghanistan and Pakistan [20]",6379
6181,Vagdi,,,,wagd1238,2007,asher2007world,features,feature,map_054,Map 54 North-West India [68a],6380
6182,Vaghua,,,,vagh1249,2007,asher2007world,features,feature,map_029,Map 29 Solomon Islands and Bougainville [15],6381
6183,Vagla,,,,vagl1239,2007,asher2007world,features,feature,map_103 map_104,Map 103 Ghana [73]; Map 104 Burkina Faso [55],6382
6184,Vai,,,,vaii1241,2007,asher2007world,features,feature,map_106,"Map 106 Liberia and Sierra Leone [21, V]",6383
6185,Vale,,,,vale1250,2007,asher2007world,features,feature,map_089 map_090,"Map 89 Central African Republic and South-Eastern Chad [70]; Map 90 Central African Republic, South-Western Chad and Cameroon [43b]",6384
6186,Valley Yokuts,,,,vall1251,traditional,asher2007world,features,feature,map_004,Map 4 California: Time of Contact [74],6385
6187,Valman (Koroko),,,,valm1241,2007,asher2007world,features,feature,map_033,Map 33 Northern Papua New Guinea [234],6386
6188,Vangunu,,,,vang1243,2007,asher2007world,features,feature,map_029,Map 29 Solomon Islands and Bougainville [28],6387
6189,Vanimo (Manimo),,,,vani1248,2007,asher2007world,features,feature,map_033,Map 33 Northern Papua New Guinea [194],6388
6190,Vao,,,,vaoo1237,2007,asher2007world,features,feature,map_027,Map 27 Vanuatu and New Caledonia [88],6389
6191,Varama,,,,bara1362,2007,asher2007world,features,feature,map_088,Map 88 Gabon and Equatorial Guinea [15],6390
6192,Varisi,,,,vari1239,2007,asher2007world,features,feature,map_029,Map 29 Solomon Islands and Bougainville [16],6391
6193,Varli,,,,varl1238,2007,asher2007world,features,feature,map_054,Map 54 North-West India [76],6392
6194,Vata,,,,vata1239,2007,asher2007world,features,feature,map_105,Map 105 Ivory Coast [23b],6393
6195,Vehes,,,,vehe1237,2007,asher2007world,features,feature,map_032,Map 32 Southern Papua New Guinea [216],6394
6196,Venda,,,,vend1245,2007,asher2007world,features,feature,map_074 map_075,Map 74 Southern Africa [9]; Map 75 Mozambique [51],6395
6197,Veng'o,,,,veng1238,2007,asher2007world,features,feature,map_093 map_095,Map 93 Central South-Western Cameroon [45]; Map 95 South-Eastern Nigeria and Mid-Western Cameroon [44d],6396
6198,Ventureño,,,,vent1242,traditional,asher2007world,features,feature,map_003,Map 3 South-Western North America: Time of Contact [64],6397
6199,Vera'a,,,,vera1241,2007,asher2007world,features,feature,map_027,Map 27 Vanuatu and New Caledonia [7],6398
6200,Vere,,,,vere1252,2007,asher2007world,features,feature,map_091 map_098,Map 91 Adamawa Region [13]; Map 98 North-Eastern Nigeria [25a],6399
6201,Vidunda,,,,vidu1238,2007,asher2007world,features,feature,map_076,Map 76 Southern Tanzania [12],6400
6202,Viemo,,,,viem1243,2007,asher2007world,features,feature,map_104 map_105,Map 104 Burkina Faso [12]; Map 105 Ivory Coast [54],6401
6203,Vietnamese,,,,viet1252,2007,asher2007world,features,feature,map_047 map_048,"Map 47 Northern Thailand, Laos and Vietnam [67]; Map 48 Southern Thailand, Laos and Vietnam, and Cambodia [74]",6402 6403
6204,Vilela,,,,vile1241,traditional,asher2007world,features,feature,map_020,Map 20 Central Pacific Coast: Time of Contact [274],6404
6205,Vili,,,,vili1238,2007,asher2007world,features,feature,map_083 map_088,Map 83 Democratic Republic of Congo: Bas Congo and Southern Congo [6]; Map 88 Gabon and Equatorial Guinea [52],6405
6206,Vimtin,,,,fali1288,2007,asher2007world,features,feature,map_094,Map 94 Northern Cameroon [51],6406
6207,Vinza,,,,vinz1238,2007,asher2007world,features,feature,map_078 map_080,Map 78 Democratic Republic of Congo: Katang [46]; Map 80 Democratic Republic of Congo: Kivu [32],6407
6208,Vira,,,,fuli1240,2007,asher2007world,features,feature,map_080,Map 80 Democratic Republic of Congo: Kivu [25b],6408
6209,Virginia Algonquian,,,,powh1243,traditional,asher2007world,features,feature,map_001,Map 1 East Coast and Great Lakes: Time of Contact [33],6409
6210,Viya,,,,eviy1235,2007,asher2007world,features,feature,map_088,Map 88 Gabon and Equatorial Guinea [19],6410
6211,Voh-Kone,,,,vohk1234,2007,asher2007world,features,feature,map_027,Map 27 Vanuatu and New Caledonia [117],6411
6212,Vora,,,,togb1241,2007,asher2007world,features,feature,map_082 map_089,Map 82 Democratic Republic of Congo: Equate [58]; Map 89 Central African Republic and South-Eastern Chad [16a],6412
6213,Vovo,,,,vovo1238,2007,asher2007world,features,feature,map_027,Map 27 Vanuatu and New Caledonia [90],6413
6214,Vuma,,,,luvu1238,2007,asher2007world,features,feature,map_086,Map 86 Central East Africa [30b],6414
6215,Vumba,,,,swah1253,2007,asher2007world,features,feature,map_085,Map 85 Kenyan Coast [1h],6415
6216,Vunapu,,,,vuna1239,2007,asher2007world,features,feature,map_027,Map 27 Vanuatu and New Caledonia [48],6416
6217,Vungu,,,,vumb1238,2007,asher2007world,features,feature,map_083 map_088,Map 83 Democratic Republic of Congo: Bas Congo and Southern Congo [21]; Map 88 Gabon and Equatorial Guinea [11],6417
6218,Vurës,,,,vure1239,2007,asher2007world,features,feature,map_027,Map 27 Vanuatu and New Caledonia [8],6418
6219,Vute,,,,vute1244,2007,asher2007world,features,feature,map_087 map_091 map_092 map_093 map_095,Map 87 Northern Congo and Southern Central African Republic [71]; Map 91 Adamawa Region [41]; Map 92 South-Western Cameroon [2]; Map 93 Central South-Western Cameroon [19]; Map 95 South-Eastern Nigeria and Mid-Western Cameroon [68],6419 6420
6220,W. Angami,,,,anga1288,2007,asher2007world,features,feature,map_051,"Map 51 North-East India, Bangladesh, Bhutan and Nepal [131]",6421
6221,W. Rengma,,,,reng1253,2007,asher2007world,features,feature,map_051,"Map 51 North-East India, Bangladesh, Bhutan and Nepal [134]",6422
6222,Wa,,,,waaa1245,2007,asher2007world,features,feature,map_047 map_049,"Map 47 Northern Thailand, Laos and Vietnam [29]; Map 49 Burma (Myanmar) [7]",6423
6224,Waata,,,,waat1238,2007,asher2007world,features,feature,map_072 map_085,Map 72 Sudan and the Horn of Africa [53n]; Map 85 Kenyan Coast [43h],6425
6225,Wab (Som),,,,wabb1237,2007,asher2007world,features,feature,map_033,Map 33 Northern Papua New Guinea [389],6426
6226,Wabo,,,,wabo1240,2007,asher2007world,features,feature,map_034,Map 34 Irian Jaya [207],6427
6227,Wabuda,,,,wabo1241,2007,asher2007world,features,feature,map_032,Map 32 Southern Papua New Guinea [157],6428
6229,Wachipaéri,,,,huac1244,traditional,asher2007world,features,feature,map_020,Map 20 Central Pacific Coast: Time of Contact [54a],6430
6230,Wachí,,,,guac1239,traditional,asher2007world,features,feature,map_018,Map 18 Brazilian Atlantic Coast: Time of Contact [265],6431
6231,Wada,,,,wada1260,2007,asher2007world,features,feature,map_079 map_082 map_089 map_090,"Map 79 Democratic Republic of Congo: Orienta [55b]; Map 82 Democratic Republic of Congo: Equate [60]; Map 89 Central African Republic and South-Eastern Chad [11]; Map 90 Central African Republic, South-Western Chad and Cameroon [25]",6432 6433
6232,Wadaginam,,,,wada1263,2007,asher2007world,features,feature,map_033,Map 33 Northern Papua New Guinea [7],6434
6233,Wadapi-Laut,,,,nucl1466,2007,asher2007world,features,feature,map_034,Map 34 Irian Jaya [205],6435
6234,Waddai,,,,maba1277,2007,asher2007world,features,feature,map_071 map_072,Map 71 North-East Africa [35]; Map 72 Sudan and the Horn of Africa [23],6436
6239,Waerana,,,,waer1237,2007,asher2007world,features,feature,map_038,Map 38 Lesser Sunda Islands and Timor [16],6441
6240,Waffa,,,,waff1241,2007,asher2007world,features,feature,map_032,Map 32 Southern Papua New Guinea [4],6442
6241,Wagawaca,,,,waga1268,2007,asher2007world,features,feature,map_031,Map 31 South-Eastern Papua New Guinea [3],6443
6243,Wahau Kayan,,,,waha1239,2007,asher2007world,features,feature,map_041,Map 41 Borneo and Madagascar [54],6445
6244,Wahau Kenyah,,,,waha1238,2007,asher2007world,features,feature,map_041,Map 41 Borneo and Madagascar [74],6446
6245,Wahgi,,,,nucl1620,2007,asher2007world,features,feature,map_032 map_033,Map 32 Southern Papua New Guinea [18]; Map 33 Northern Papua New Guinea [155],6447
6246,Wahiro,,,,wayu1243,traditional,asher2007world,features,feature,map_012,Map 12 Northern South America: Time of Contact [103],6448
6248,Wahivo,,,,guah1255,traditional,asher2007world,features,feature,map_012,Map 12 Northern South America: Time of Contact [68],6450
6250,Waia,,,,tabo1241,2007,asher2007world,features,feature,map_032,Map 32 Southern Papua New Guinea [168],6452
6252,Waibuk (Wiyaw),,,,haru1245,2007,asher2007world,features,feature,map_033,Map 33 Northern Papua New Guinea [364],6454
6253,Waigali,,,,waig1243,2007,asher2007world,features,feature,map_053,"Map 53 Iran, Afghanistan and Pakistan [63]",6455
6254,Wailapa,,,,wail1242,2007,asher2007world,features,feature,map_027,Map 27 Vanuatu and New Caledonia [35],6456
6255,Waima'a,,,,waim1252,2007,asher2007world,features,feature,map_038,Map 38 Lesser Sunda Islands and Timor [57],6457
6256,Waina,,,,sowa1245,2007,asher2007world,features,feature,map_034,Map 34 Irian Jaya [99],6458
6257,Wainumá,,,,wain1249,traditional,asher2007world,features,feature,map_016,Map 16 Western Brazil: Time of Contact [72],6459
6259,Waiwai,,,,waiw1244,traditional,asher2007world,features,feature,map_012,Map 12 Northern South America: Time of Contact [392],6461
6261,Waja,,,,waja1259,2007,asher2007world,features,feature,map_091 map_098,Map 91 Adamawa Region [W]; Map 98 North-Eastern Nigeria [1],6463
6263,Wajumará,,,,wayu1242,traditional,asher2007world,features,feature,map_012,Map 12 Northern South America: Time of Contact [411],6465
6264,Waka,,,,waka1275,2007,asher2007world,features,feature,map_098,Map 98 North-Eastern Nigeria [28],6466
6267,Wakhi,,,,wakh1245,2007,asher2007world,features,feature,map_053 map_057,"Map 53 Iran, Afghanistan and Pakistan [33]; Map 57 Central Asia [11]",6469
6270,"Walapai, Hualapai",,,,wala1270,traditional,asher2007world,features,feature,map_003,Map 3 South-Western North America: Time of Contact [46],6472
6271,Wali,,,,wali1263,2007,asher2007world,features,feature,map_103 map_104,Map 103 Ghana [39]; Map 104 Burkina Faso [19],6473
6272,Walio,,,,nucl1453,2007,asher2007world,features,feature,map_033,Map 33 Northern Papua New Guinea [313],6474
6274,Wama-Tankamba,,,,waam1244,2007,asher2007world,features,feature,map_102 map_104,Map 102 Benin and Togo [73]; Map 104 Burkina Faso [38],6476
6275,Wamaka,,,,mala1522,traditional,asher2007world,features,feature,map_012,Map 12 Northern South America: Time of Contact [33],6477
6277,Wamas,,,,wama1247,2007,asher2007world,features,feature,map_033,Map 33 Northern Papua New Guinea [99],6479
6279,Wambiano-Mogés,,,,guam1248,traditional,asher2007world,features,feature,map_012,Map 12 Northern South America: Time of Contact [19],6481
6280,Wambon,,,,wamb1259,2007,asher2007world,features,feature,map_034,Map 34 Irian Jaya [10],6482
6282,Wamo,,,,guam1236,traditional,asher2007world,features,feature,map_012,Map 12 Northern South America: Time of Contact [58],6484
6283,Wamoé,,,,uamu1236,traditional,asher2007world,features,feature,map_018,Map 18 Brazilian Atlantic Coast: Time of Contact [321],6485
6285,Wampar,,,,wamp1247,2007,asher2007world,features,feature,map_032,Map 32 Southern Papua New Guinea [209],6487
6286,Wampur,,,,wamp1248,2007,asher2007world,features,feature,map_032,Map 32 Southern Papua New Guinea [207],6488
6287,Wanambre,,,,wana1269,2007,asher2007world,features,feature,map_033,Map 33 Northern Papua New Guinea [66],6489
6288,Wanana-Pirá,,,,guan1269,traditional,asher2007world,features,feature,map_012,Map 12 Northern South America: Time of Contact [161],6490
6290,Wanang,,,,wana1265,2007,asher2007world,features,feature,map_051,"Map 51 North-East India, Bangladesh, Bhutan and Nepal [107]",6492
6291,Wancho,,,,wanc1238,2007,asher2007world,features,feature,map_049 map_051,"Map 49 Burma (Myanmar) [35]; Map 51 North-East India, Bangladesh, Bhutan and Nepal [120]",6493
6292,Wanda,,,,wand1264,2007,asher2007world,features,feature,map_075 map_076 map_077,Map 75 Mozambique [39]; Map 76 Southern Tanzania [50]; Map 77 Zambia [15],6494
6293,Wandabong,,,,wand1268,2007,asher2007world,features,feature,map_032 map_033,Map 32 Southern Papua New Guinea [71]; Map 33 Northern Papua New Guinea [123],6495
6294,Wandala,,,,wand1278,2007,asher2007world,features,feature,map_094 map_099 map_095,Map 94 Northern Cameroon [19]; Map 99 Lake Chad Region [2]; Map 95 South-Eastern Nigeria and Mid-Western Cameroon [102],6496 6497
6295,Wandala Daza,,,,tebu1238,2007,asher2007world,features,feature,map_099,Map 99 Lake Chad Region [28],6498
6296,Wandamen,,,,wand1267,2007,asher2007world,features,feature,map_034,Map 34 Irian Jaya [192],6499
6297,Waneci,,,,wane1241,2007,asher2007world,features,feature,map_053,"Map 53 Iran, Afghanistan and Pakistan [27]",6500
6298,Wanes,,,,ware1254,2007,asher2007world,features,feature,map_034,Map 34 Irian Jaya [151],6501
6299,Wanga,,,,wang1294,2007,asher2007world,features,feature,map_086,Map 86 Central East Africa [35e],6502
6301,Wanggom,,,,wang1299,2007,asher2007world,features,feature,map_034,Map 34 Irian Jaya [9],6504
6308,Waninnawa,,,,pano1254,traditional,asher2007world,features,feature,map_014,Map 14 Northern Pacific Coast: Time of Contact [221],6511
6310,Wanji,,,,vwan1235,2007,asher2007world,features,feature,map_076 map_077,Map 76 Southern Tanzania [47]; Map 77 Zambia [33b],6513
6311,Wanka,,,,jauj1237,traditional,asher2007world,features,feature,map_020,Map 20 Central Pacific Coast: Time of Contact [203],6514
6313,Wano,,,,wano1243,2007,asher2007world,features,feature,map_034,"Map 34 Irian Jaya [47, C]",6516
6314,Wantoat,,,,want1252,2007,asher2007world,features,feature,map_032,Map 32 Southern Papua New Guinea [64],6517
6315,Wanukaka,,,,wanu1241,2007,asher2007world,features,feature,map_038,Map 38 Lesser Sunda Islands and Timor [8],6518
6316,Wanuma,,,,usan1239,2007,asher2007world,features,feature,map_033,Map 33 Northern Papua New Guinea [70],6519
6317,Wanyam,,,,wany1246,traditional,asher2007world,features,feature,map_016,Map 16 Western Brazil: Time of Contact [59],6520
6319,Wapi,,,,pina1252,2007,asher2007world,features,feature,map_033,Map 33 Northern Papua New Guinea [367],6522
6320,Wapishan,,,,wapi1253,traditional,asher2007world,features,feature,map_012,Map 12 Northern South America: Time of Contact [101],6523
6322,Wappo,,,,wapp1239,traditional,asher2007world,features,feature,map_004,Map 4 California: Time of Contact [50],6525
6323,War,,,,wark1246,2007,asher2007world,features,feature,map_051,"Map 51 North-East India, Bangladesh, Bhutan and Nepal [198a]",6526
6324,Waraikú,,,,arai1239,traditional,asher2007world,features,feature,map_014,Map 14 Northern Pacific Coast: Time of Contact [96],6527
6325,Warao,,,,wara1303,traditional,asher2007world,features,feature,map_012,Map 12 Northern South America: Time of Contact [27],6528
6327,"Warapu (Varofu, Waropu)",,,,bara1405,2007,asher2007world,features,feature,map_033,Map 33 Northern Papua New Guinea [198],6530
6330,Warekena,,,,guar1293,traditional,asher2007world,features,feature,map_012,Map 12 Northern South America: Time of Contact [79],6533
6332,Warenbori,,,,ware1253,2007,asher2007world,features,feature,map_034,Map 34 Irian Jaya [182],6535
6333,Waris,,,,wari1266,2007,asher2007world,features,feature,map_033 map_034,Map 33 Northern Papua New Guinea [202]; Map 34 Irian Jaya [97],6536
6334,Wariva,,,,nade1244,traditional,asher2007world,features,feature,map_012,Map 12 Northern South America: Time of Contact [136],6537
6336,Warji,,,,warj1256,2007,asher2007world,features,feature,map_097,"Map 97 North Plateau, Nigeria [75]",6539
6337,Warkay-Bipim,,,,wark1247,2007,asher2007world,features,feature,map_034,Map 34 Irian Jaya [38],6540
6343,Waropen,,,,waro1242,2007,asher2007world,features,feature,map_034,Map 34 Irian Jaya [184],6546
6349,Wasa,,,,wasa1245,2007,asher2007world,features,feature,map_079 map_089,Map 79 Democratic Republic of Congo: Orienta [55e]; Map 89 Central African Republic and South-Eastern Chad [20],6552
6350,Wase,,,,waph1238,2007,asher2007world,features,feature,map_096 map_098,"Map 96 South Plateau, Nigeria [40b]; Map 98 North-Eastern Nigeria [59]",6553
6351,Wasembo (Gusap),,,,wase1252,2007,asher2007world,features,feature,map_032,Map 32 Southern Papua New Guinea [152],6554
6352,Washa,,,,chit1248,traditional,asher2007world,features,feature,map_002,Map 2 South-Eastern North America: Time of Contact [33],6555
6353,Washoe,,,,wash1253,traditional,asher2007world,features,feature,map_004,Map 4 California: Time of Contact [58],6556
6354,Waskia,,,,wask1241,2007,asher2007world,features,feature,map_033,Map 33 Northern Papua New Guinea [15],6557
6356,"Wasteko, Huasteco",,,,huas1242,traditional,asher2007world,features,feature,map_010,Map 10 Meso-America: Time of Contact [1],6559
6357,Wasulunka,,,,wasu1254,2007,asher2007world,features,feature,map_105 map_106 map_107,Map 105 Ivory Coast [69e]; Map 106 Liberia and Sierra Leone [18c]; Map 107 Guinea and Mali [21b],6560
6358,Watakataui,,,,wata1251,2007,asher2007world,features,feature,map_033,Map 33 Northern Papua New Guinea [308],6561
6359,Wataluma,,,,kani1281,2007,asher2007world,features,feature,map_031,Map 31 South-Eastern Papua New Guinea [27],6562
6360,Watam,,,,wata1253,2007,asher2007world,features,feature,map_033,Map 33 Northern Papua New Guinea [332],6563
6363,Watsi,,,,mong1338,2007,asher2007world,features,feature,map_081,Map 81 Democratic Republic of Congo: Kasai [1g],6566
6364,Watubela,,,,watu1247,2007,asher2007world,features,feature,map_034 map_037,Map 34 Irian Jaya [224]; Map 37 The Moluccas [31],6567
6365,Watuso-Wétar,,,,male1297,traditional,asher2007world,features,feature,map_012,Map 12 Northern South America: Time of Contact [29],6568
6366,Waurá-Meinaku,,,,waur1245,traditional,asher2007world,features,feature,map_018,Map 18 Brazilian Atlantic Coast: Time of Contact [112],6569
6369,"Wavi, Huave",,,,huav1256,traditional,asher2007world,features,feature,map_010,Map 10 Meso-America: Time of Contact [31],6572
6370,Waxiang,,,,waxi1236,2007,asher2007world,features,feature,map_045,Map 45 China and Mongolia [15],6573
6371,Wayampí,,,,waya1270,traditional,asher2007world,features,feature,map_012,Map 12 Northern South America: Time of Contact [350],6574
6373,Wayana,,,,waya1269,traditional,asher2007world,features,feature,map_012,Map 12 Northern South America: Time of Contact [406],6576
6375,Wayaná,,,,kain1272,traditional,asher2007world,features,feature,map_022,Map 22 Southern South America: Time of Contact [296],6578
6376,Wayavéro,,,,guay1257,traditional,asher2007world,features,feature,map_012,Map 12 Northern South America: Time of Contact [70],6579
6378,Wayoró,,,,wayo1238,traditional,asher2007world,features,feature,map_016,Map 16 Western Brazil: Time of Contact [371],6581
6380,We,,,,weee1241,2007,asher2007world,features,feature,map_074 map_077,Map 74 Southern Africa [34]; Map 77 Zambia [24c],6583
6381,Weda,,,,weda1240,2007,asher2007world,features,feature,map_037,Map 37 The Moluccas [39],6584
6382,Wedau,,,,weda1241,2007,asher2007world,features,feature,map_031,Map 31 South-Eastern Papua New Guinea [9],6585
6383,Wee,,,,weso1238,2007,asher2007world,features,feature,map_105 map_106,Map 105 Ivory Coast [31]; Map 106 Liberia and Sierra Leone [10],6586
6384,Weliki,,,,weli1239,2007,asher2007world,features,feature,map_032 map_033,Map 32 Southern Papua New Guinea [65]; Map 33 Northern Papua New Guinea [115],6587
6385,Welsh,,,,wels1247,2007,asher2007world,features,feature,map_063 map_069,"Map 63 The British Isles [2]; Map 69 France, Belgium, the Netherlands and Luxembourg [13]",6588
6386,Wemale,,,,nort2864,2007,asher2007world,features,feature,map_037,Map 37 The Moluccas [18],6589
6388,Wenro,,,,wenr1236,traditional,asher2007world,features,feature,map_001,Map 1 East Coast and Great Lakes: Time of Contact [43],6591
6389,Werchikwar,,,,buru1296,2007,asher2007world,features,feature,map_053,"Map 53 Iran, Afghanistan and Pakistan [79b]",6592
6390,Weretal,,,,wari1264,2007,asher2007world,features,feature,map_034,Map 34 Irian Jaya [139],6593
6391,Weri,,,,weri1253,2007,asher2007world,features,feature,map_032,Map 32 Southern Papua New Guinea [121],6594
6392,West,,,,west2452,2007,asher2007world,features,feature,map_106,Map 106 Liberia and Sierra Leone [8a],6595
6393,West Bikidnon Manobo,,,,west2555,2007,asher2007world,features,feature,map_040,Map 40 The Philippines [106],6596
6394,West Binisaya,,,,mala1491,2007,asher2007world,features,feature,map_040,Map 40 The Philippines [67],6597
6395,West Frisian,,,,west2354,2007,asher2007world,features,feature,map_065 map_069,"Map 65 Germany, Austria, Liechtenstein and Switzerland [4]; Map 69 France, Belgium, the Netherlands and Luxembourg [12]",6598
6396,West Greenlandic,,,,kala1399,traditional,asher2007world,features,feature,map_007,Map 7 Northern North America: Time of Contact [9],6599
6398,West Guadalancanal,,,,ghar1239,2007,asher2007world,features,feature,map_029,Map 29 Solomon Islands and Bougainville [39],6601
6399,West Kambari,,,,west2828,2007,asher2007world,features,feature,map_100 map_102,Map 100 Northern Nigeria and Niger [21]; Map 102 Benin and Togo [37],6602
6400,West Kare,,,,kare1338,2007,asher2007world,features,feature,map_090,"Map 90 Central African Republic, South-Western Chad and Cameroon [12b]",6603
6401,West Keaka,,,,west2482,2007,asher2007world,features,feature,map_093,Map 93 Central South-Western Cameroon [22d],6604
6402,West Makian,,,,west2600,2007,asher2007world,features,feature,map_037,Map 37 The Moluccas [56],6605
6403,West Massina Ful,,,,west2453,2007,asher2007world,features,feature,map_104 map_107 map_108,"Map 104 Burkina Faso [W]; Map 107 Guinea and Mali [1a]; Map 108 Senegal, Gambia and Guinea Bissau [1b]",6606 6607 6608
6404,West Mbum,,,,mbum1254,2007,asher2007world,features,feature,map_091,Map 91 Adamawa Region [29],6609
6405,West Nyala,,,,west2861,2007,asher2007world,features,feature,map_086,Map 86 Central East Africa [35o],6610
6406,West Oroko,,,,orok1266,2007,asher2007world,features,feature,map_092 map_093,Map 92 South-Western Cameroon [25]; Map 93 Central South-Western Cameroon [82],6611
6407,West Teke,,,,moye1234,2007,asher2007world,features,feature,map_081 map_083 map_088,Map 81 Democratic Republic of Congo: Kasai [29]; Map 83 Democratic Republic of Congo: Bas Congo and Southern Congo [28]; Map 88 Gabon and Equatorial Guinea [49],6612
6408,West Yoruba,,,,yoru1245,2007,asher2007world,features,feature,map_102,Map 102 Benin and Togo [32],6613
6409,Western Abenaki,,,,west2630,traditional,asher2007world,features,feature,map_001,Map 1 East Coast and Great Lakes: Time of Contact [23],6614
6410,Western Apache,,,,west2615,traditional,asher2007world,features,feature,map_003,Map 3 South-Western North America: Time of Contact [9],6615
6413,Western Atakapa,,,,west2881,traditional,asher2007world,features,feature,map_002,Map 2 South-Eastern North America: Time of Contact [29],6618
6414,Western Bedouin Dialects,,,,,2007,asher2007world,features,feature,map_071,Map 71 North-East Africa [14],6619
6415,Western Canadian Inuktitut,,,,west2618,traditional,asher2007world,features,feature,map_007,Map 7 Northern North America: Time of Contact [7],6620
6417,Western Coastal Malay,,,,west2821,2007,asher2007world,features,feature,map_041,Map 41 Borneo and Madagascar [13],6622
6418,Western Dani,,,,west2594,2007,asher2007world,features,feature,map_034,Map 34 Irian Jaya [46],6623
6419,Western Delta,,,,west2938,2007,asher2007world,features,feature,map_071,Map 71 North-East Africa [3],6624
6420,Western Fijian,,,,waya1268,2007,asher2007world,features,feature,map_026,Map 26 Polynesia [2],6625
6421,Western Kenyah,,,,long1406,2007,asher2007world,features,feature,map_041,Map 41 Borneo and Madagascar [65],6626
6422,Western Khams,,,,west2413,2007,asher2007world,features,feature,map_045,Map 45 China and Mongolia [90],6627
6423,Western Monpa,,,,bodi1256,2007,asher2007world,features,feature,map_045,Map 45 China and Mongolia [98],6628
6425,"Western Nawa, Western Nahuatl",,,,mich1245,traditional,asher2007world,features,feature,map_010,Map 10 Meso-America: Time of Contact [59b],6630
6426,Western Otomí,,,,quer1236,traditional,asher2007world,features,feature,map_010,Map 10 Meso-America: Time of Contact [36c],6631
6428,"Western Popoloka, Western Popoloca",,,,sanf1264,traditional,asher2007world,features,feature,map_010,Map 10 Meso-America: Time of Contact [45c],6633
6429,Western Sama,,,,pang1291,2007,asher2007world,features,feature,map_040,Map 40 The Philippines [117],6634
6431,"Western Sapoteko, Western Zapoteco",,,,west2645,traditional,asher2007world,features,feature,map_010,Map 10 Meso-America: Time of Contact [46d],6636
6432,Western Shoshone,,,,west2622,traditional,asher2007world,features,feature,map_004,Map 4 California: Time of Contact [94],6637
6434,"Western Soke, Zoque",,,,chim1300,traditional,asher2007world,features,feature,map_010,Map 10 Meso-America: Time of Contact [22a],6639
6435,Western Subanon,,,,west2557,2007,asher2007world,features,feature,map_040,Map 40 The Philippines [92],6640
6436,Western Swampy Cree,,,,west2628,traditional,asher2007world,features,feature,map_007,Map 7 Northern North America: Time of Contact [64],6641
6437,Western Tol,,,,west2777,traditional,asher2007world,features,feature,map_010,Map 10 Meso-America: Time of Contact [33a],6642
6438,Western Yugur,,,,west2402,2007,asher2007world,features,feature,map_045,Map 45 China and Mongolia [42],6643
6439,Wetar,,,,weta1245,2007,asher2007world,features,feature,map_038,Map 38 Lesser Sunda Islands and Timor [45],6644
6440,Weyewa,,,,weye1237,2007,asher2007world,features,feature,map_038,Map 38 Lesser Sunda Islands and Timor [6],6645
6441,Whitesands,,,,whit1269,2007,asher2007world,features,feature,map_027,Map 27 Vanuatu and New Caledonia [104],6646
6442,Wi-Isu,,,,isum1240,2007,asher2007world,features,feature,map_095,Map 95 South-Eastern Nigeria and Mid-Western Cameroon [41a],6647
6443,Wiaki,,,,mini1253,2007,asher2007world,features,feature,map_033,Map 33 Northern Papua New Guinea [248],6648
6444,Wichita,,,,wich1260,traditional,asher2007world,features,feature,map_002,Map 2 South-Eastern North America: Time of Contact [17],6649
6446,"Wichol, Huichol",,,,huic1243,traditional,asher2007world,features,feature,map_010,Map 10 Meso-America: Time of Contact [53],6651
6458,Wild Sulaymān,,,,najd1235,2007,asher2007world,features,feature,map_070,Map 70 The Middle East and Arabian Peninsula [28],6663
6459,Wild'alī,,,,najd1235,2007,asher2007world,features,feature,map_070,Map 70 The Middle East and Arabian Peninsula [25],6664
6460,Wile,,,,wile1238,2007,asher2007world,features,feature,map_103 map_104 map_105,Map 103 Ghana [43]; Map 104 Burkina Faso [18]; Map 105 Ivory Coast [35],6665
6462,Winnebago,,,,winn1245,traditional,asher2007world,features,feature,map_001,Map 1 East Coast and Great Lakes: Time of Contact [50],6667
6463,Winnebago,,,,hoch1243,traditional,asher2007world,features,feature,map_005,Map 5 The Great Plains: Time of Contact [30],6668
6464,Wintu,,,,nucl1651,traditional,asher2007world,features,feature,map_004,Map 4 California: Time of Contact [43],6669
6468,Wiriná,,,,uiri1238,traditional,asher2007world,features,feature,map_012,Map 12 Northern South America: Time of Contact [98],6673
6471,Wiru,,,,wiru1244,2007,asher2007world,features,feature,map_032,Map 32 Southern Papua New Guinea [27],6676
6472,Wiyot,,,,wiyo1248,traditional,asher2007world,features,feature,map_004,Map 4 California: Time of Contact [32],6677
6473,Wo,,,,woii1237,2007,asher2007world,features,feature,map_034,Map 34 Irian Jaya [197],6678
6474,Wobe,,,,weno1238,2007,asher2007world,features,feature,map_105,Map 105 Ivory Coast [31a],6679
6475,Woccon,,,,wocc1242,traditional,asher2007world,features,feature,map_001,Map 1 East Coast and Great Lakes: Time of Contact [54],6680
6476,Wodani,,,,wola1243,2007,asher2007world,features,feature,map_034,Map 34 Irian Jaya [52],6681
6477,Wogamusin,,,,woga1249,2007,asher2007world,features,feature,map_033,Map 33 Northern Papua New Guinea [275],6682
6478,Wogeo,,,,woge1237,2007,asher2007world,features,feature,map_033,Map 33 Northern Papua New Guinea [399],6683
6479,Woj (Enekan),,,,woje1238,2007,asher2007world,features,feature,map_105,Map 105 Ivory Coast [69a],6684
6480,Wokam-Tarangan,,,,mano1275,2007,asher2007world,features,feature,map_034,Map 34 Irian Jaya [231],6685
6481,Woleaian,,,,wole1240,2007,asher2007world,features,feature,map_028,Map 28 Micronesia [3],6686
6482,Wolio,,,,woli1241,2007,asher2007world,features,feature,map_039,Map 39 Sulawesi [53],6687
6483,Wollaitta,,,,wola1242,2007,asher2007world,features,feature,map_072,Map 72 Sudan and the Horn of Africa [73],6688
6484,Wollo,,,,woll1236,2007,asher2007world,features,feature,map_072,Map 72 Sudan and the Horn of Africa [53b],6689
6485,Wolof,,,,nucl1347,2007,asher2007world,features,feature,map_107 map_108 map_073,"Map 107 Guinea and Mali [2]; Map 108 Senegal, Gambia and Guinea Bissau [2]; Map 73 North-West Africa [73]",6690
6487,Wom,,,,womn1235,2007,asher2007world,features,feature,map_091 map_098,Map 91 Adamawa Region [18]; Map 98 North-Eastern Nigeria [24],6692
6488,Wom (Wam),,,,womp1235,2007,asher2007world,features,feature,map_033,Map 33 Northern Papua New Guinea [260],6693
6489,Wongo,,,,wong1247,2007,asher2007world,features,feature,map_081,Map 81 Democratic Republic of Congo: Kasai [54],6694
6490,Wonso,,,,kons1243,2007,asher2007world,features,feature,map_072,Map 72 Sudan and the Horn of Africa [54],6695
6491,Woods Cree,,,,wood1236,traditional,asher2007world,features,feature,map_007,Map 7 Northern North America: Time of Contact [63],6696
6492,Wor (Dugukan),,,,woro1257,2007,asher2007world,features,feature,map_105,Map 105 Ivory Coast [69b],6697
6494,Wotapuri,,,,wota1240,2007,asher2007world,features,feature,map_053,"Map 53 Iran, Afghanistan and Pakistan [52]",6699
6495,Wotu,,,,wotu1240,2007,asher2007world,features,feature,map_039,Map 39 Sulawesi [62],6700
6496,Woyo,,,,iwoy1234,2007,asher2007world,features,feature,map_084,Map 84 Angola [1c],6701
6499,Wukari,,,,wapa1235,2007,asher2007world,features,feature,map_095 map_096 map_098,"Map 95 South-Eastern Nigeria and Mid-Western Cameroon [79a]; Map 96 South Plateau, Nigeria [40a]; Map 98 North-Eastern Nigeria [58]",6704
6503,Wum(B)Vu,,,,wumb1242,2007,asher2007world,features,feature,map_083 map_088,Map 83 Democratic Republic of Congo: Bas Congo and Southern Congo [49]; Map 88 Gabon and Equatorial Guinea [31],6708
6504,Wumboko,,,,wumb1241,2007,asher2007world,features,feature,map_092 map_093,Map 92 South-Western Cameroon [18]; Map 93 Central South-Western Cameroon [92],6709
6505,Wumbu,,,,wumb1242,2007,asher2007world,features,feature,map_081 map_083,Map 81 Democratic Republic of Congo: Kasai [61]; Map 83 Democratic Republic of Congo: Bas Congo and Southern Congo [17a],6710
6506,Wumu,,,,wuum1238,2007,asher2007world,features,feature,map_081 map_083,Map 81 Democratic Republic of Congo: Kasai [28]; Map 83 Democratic Republic of Congo: Bas Congo and Southern Congo [27],6711
6508,Wungu,,,,rung1256,2007,asher2007world,features,feature,map_076 map_077,Map 76 Southern Tanzania [21]; Map 77 Zambia [74],6713
6510,Wushi,,,,wush1238,2007,asher2007world,features,feature,map_093 map_095,Map 93 Central South-Western Cameroon [44]; Map 95 South-Eastern Nigeria and Mid-Western Cameroon [44b],6715
6511,Wusi,,,,wusi1237,2007,asher2007world,features,feature,map_027,Map 27 Vanuatu and New Caledonia [44],6716
6512,Wutun,,,,wutu1241,2007,asher2007world,features,feature,map_045,Map 45 China and Mongolia [126],6717
6513,Wutung (Udung),,,,wutu1244,2007,asher2007world,features,feature,map_033,Map 33 Northern Papua New Guinea [193],6718
6515,Wuzhou Dialect,,,,wuzh1238,2007,asher2007world,features,feature,map_045,Map 45 China and Mongolia [7c],6720
6516,Wuzlam,,,,wuzl1236,2007,asher2007world,features,feature,map_094,Map 94 Northern Cameroon [33],6721
6517,Wäläne,,,,wola1253,2007,asher2007world,features,feature,map_072,Map 72 Sudan and the Horn of Africa [33],6722
6518,Xarua,,,,haru1243,2007,asher2007world,features,feature,map_030,Map 30 New Britain and New Ireland [74],6723
6519,Xasonke,,,,xaas1235,2007,asher2007world,features,feature,map_107,Map 107 Guinea and Mali [21c],6724
6520,Xhosa,,,,xhos1239,2007,asher2007world,features,feature,map_074,Map 74 Southern Africa [4],6725
6521,Xibo,,,,xibe1242,2007,asher2007world,features,feature,map_045,Map 45 China and Mongolia [47],6726
6522,Xinh Mul,,,,puoc1238,2007,asher2007world,features,feature,map_047,"Map 47 Northern Thailand, Laos and Vietnam [40]",6727
6523,Xixime,,,,utoa1244,traditional,asher2007world,features,feature,map_003,Map 3 South-Western North America: Time of Contact [98],6728
6524,Xârâcuu,,,,xara1244,2007,asher2007world,features,feature,map_027,Map 27 Vanuatu and New Caledonia [129],6729
6525,Xârâgùre,,,,xara1243,2007,asher2007world,features,feature,map_027,Map 27 Vanuatu and New Caledonia [130],6730
6526,Yaa,,,,nyaa1242,2007,asher2007world,features,feature,map_083,Map 83 Democratic Republic of Congo: Bas Congo and Southern Congo [28d],6731
6527,Yabasi,,,,basa1284,2007,asher2007world,features,feature,map_092 map_093,Map 92 South-Western Cameroon [35a]; Map 93 Central South-Western Cameroon [97],6732
6528,Yabaána,,,,yaba1249,traditional,asher2007world,features,feature,map_012,Map 12 Northern South America: Time of Contact [97],6733
6530,Yabem,,,,yabe1254,2007,asher2007world,features,feature,map_032,Map 32 Southern Papua New Guinea [196],6735
6531,Yaben,,,,yabe1255,2007,asher2007world,features,feature,map_033,Map 33 Northern Papua New Guinea [71],6736
6532,Yabio,,,,yawi1238,2007,asher2007world,features,feature,map_033,Map 33 Northern Papua New Guinea [315],6737
6533,Yabiyufa (Yawiyuha),,,,yawe1241,2007,asher2007world,features,feature,map_032,Map 32 Southern Papua New Guinea [9],6738
6534,Yabong,,,,yabo1240,2007,asher2007world,features,feature,map_033,Map 33 Northern Papua New Guinea [17],6739
6536,Yadina,,,,budu1265,2007,asher2007world,features,feature,map_099,Map 99 Lake Chad Region [11],6741
6537,Yaeh,,,,jehh1245,2007,asher2007world,features,feature,map_047 map_048,"Map 47 Northern Thailand, Laos and Vietnam [64]; Map 48 Southern Thailand, Laos and Vietnam, and Cambodia [65]",6742
6538,Yafi,,,,yafi1240,2007,asher2007world,features,feature,map_033 map_034,Map 33 Northern Papua New Guinea [189]; Map 34 Irian Jaya [78],6743
6541,Yagawak,,,,yaga1259,2007,asher2007world,features,feature,map_032,Map 32 Southern Papua New Guinea [62],6746
6542,Yagba,,,,yoru1245,2007,asher2007world,features,feature,map_101,Map 101 South-Western Nigeria [89a],6747
6543,Yagima,,,,mong1338,2007,asher2007world,features,feature,map_081,Map 81 Democratic Republic of Congo: Kasai [1d],6748
6544,Yagomi,,,,yago1240,2007,asher2007world,features,feature,map_033,Map 33 Northern Papua New Guinea [129],6749
6545,Yagwoia,,,,yagw1240,2007,asher2007world,features,feature,map_032,Map 32 Southern Papua New Guinea [114],6750
6546,Yahadian,,,,yaha1248,2007,asher2007world,features,feature,map_034,Map 34 Irian Jaya [76],6751
6547,Yahahi,,,,pira1253,traditional,asher2007world,features,feature,map_016,Map 16 Western Brazil: Time of Contact [254],6752
6548,Yahang,,,,yaha1247,2007,asher2007world,features,feature,map_033,Map 33 Northern Papua New Guinea [250],6753
6549,Yaka,,,,yaka1270,2007,asher2007world,features,feature,map_081 map_083 map_084,Map 81 Democratic Republic of Congo: Kasai [59]; Map 83 Democratic Republic of Congo: Bas Congo and Southern Congo [17b]; Map 84 Angola [6],6754
6550,Yakan,,,,yaka1277,2007,asher2007world,features,feature,map_040,Map 40 The Philippines [113],6755
6551,Yakkha,,,,yakk1236,2007,asher2007world,features,feature,map_051,"Map 51 North-East India, Bangladesh, Bhutan and Nepal [83]",6756
6552,Yaknge,,,,buru1306,2007,asher2007world,features,feature,map_032,Map 32 Southern Papua New Guinea [46],6757
6553,Yakoma,,,,yako1252,2007,asher2007world,features,feature,map_082 map_089,Map 82 Democratic Republic of Congo: Equate [47]; Map 89 Central African Republic and South-Eastern Chad [44],6758
6554,Yakpa,,,,yakp1238,2007,asher2007world,features,feature,map_079 map_082 map_089 map_090,"Map 79 Democratic Republic of Congo: Orienta [55f]; Map 82 Democratic Republic of Congo: Equate [51]; Map 89 Central African Republic and South-Eastern Chad [21]; Map 90 Central African Republic, South-Western Chad and Cameroon [28]",6759 6760
6555,Yakut (Sakha),,,,yaku1245,2007,asher2007world,features,feature,map_055 map_056,Map 55 Eastern Siberia [5]; Map 56 Western Siberia [7],6761 6762
6556,Yala,,,,yala1263,2007,asher2007world,features,feature,map_093 map_095,Map 93 Central South-Western Cameroon [99]; Map 95 South-Eastern Nigeria and Mid-Western Cameroon [91],6763
6558,Yalu,,,,arib1240,2007,asher2007world,features,feature,map_032,Map 32 Southern Papua New Guinea [212],6765
6559,Yalunka,,,,yalu1240,2007,asher2007world,features,feature,map_106 map_107 map_108,"Map 106 Liberia and Sierra Leone [23]; Map 107 Guinea and Mali [19]; Map 108 Senegal, Gambia and Guinea Bissau [34]",6766 6767 6768
6560,Yamalele,,,,iama1237,2007,asher2007world,features,feature,map_031,Map 31 South-Eastern Papua New Guinea [32],6769
6561,Yamba,,,,yamb1251,2007,asher2007world,features,feature,map_095,Map 95 South-Eastern Nigeria and Mid-Western Cameroon [48],6770
6562,Yambasa,,,,yang1293,2007,asher2007world,features,feature,map_092 map_093,Map 92 South-Western Cameroon [5]; Map 93 Central South-Western Cameroon [69a],6771
6563,Yambes,,,,yamb1254,2007,asher2007world,features,feature,map_033,Map 33 Northern Papua New Guinea [256],6772
6564,Yambiang Yapeke,,,,bako1249,2007,asher2007world,features,feature,map_092,Map 92 South-Western Cameroon [34],6773
6566,Yamdena,,,,yamd1240,2007,asher2007world,features,feature,map_038,"Map 38 Lesser Sunda Islands and Timor [61, B]",6775
6567,Yami,,,,yami1254,2007,asher2007world,features,feature,map_050,"Map 50 Japan, Korea and Taiwan [19]",6776
6568,Yaminawa,,,,yami1256,traditional,asher2007world,features,feature,map_014,Map 14 Northern Pacific Coast: Time of Contact [227],6777
6570,Yamphe,,,,yamp1243,2007,asher2007world,features,feature,map_051,"Map 51 North-East India, Bangladesh, Bhutan and Nepal [81]",6779
6571,Yamphu,,,,yamp1242,2007,asher2007world,features,feature,map_051,"Map 51 North-East India, Bangladesh, Bhutan and Nepal [82]",6780
6572,Yaméo,,,,yame1242,traditional,asher2007world,features,feature,map_014,Map 14 Northern Pacific Coast: Time of Contact [178],6781
6573,Yana,,,,yana1271,traditional,asher2007world,features,feature,map_004,Map 4 California: Time of Contact [41],6782
6575,Yandang,,,,yend1241,2007,asher2007world,features,feature,map_098,Map 98 North-Eastern Nigeria [32],6784
6577,Yangavok,,,,fang1246,2007,asher2007world,features,feature,map_093,Map 93 Central South-Western Cameroon [98b],6786
6578,Yangere,,,,band1348,2007,asher2007world,features,feature,map_087 map_090,"Map 87 Northern Congo and Southern Central African Republic [94]; Map 90 Central African Republic, South-Western Chad and Cameroon [22]",6787 6788
6581,Yangulam,,,,yang1298,2007,asher2007world,features,feature,map_033,Map 33 Northern Papua New Guinea [30],6791
6582,Yankton-Yanktonai,,,,nako1239,traditional,asher2007world,features,feature,map_005,Map 5 The Great Plains: Time of Contact [18],6792
6584,Yanomama,,,,nina1238,traditional,asher2007world,features,feature,map_012,Map 12 Northern South America: Time of Contact [422],6794
6586,Yans(I),,,,yans1239,2007,asher2007world,features,feature,map_081 map_083,Map 81 Democratic Republic of Congo: Kasai [31]; Map 83 Democratic Republic of Congo: Bas Congo and Southern Congo [60],6796
6588,Yao,,,,yaoa1239,traditional,asher2007world,features,feature,map_012,Map 12 Northern South America: Time of Contact [405],6798
6589,Yao,,,,,2007,asher2007world,features,feature,map_045 map_047,"Map 45 China and Mongolia [55]; Map 47 Northern Thailand, Laos and Vietnam [2]",6799
6590,Yao,,,,yaoo1241,2007,asher2007world,features,feature,map_075,Map 75 Mozambique [11],6800
6591,Yao [Various Languages],,,,kami1255,2007,asher2007world,features,feature,map_046,"Map 46 Yunnan Province, China [23]",6801
6592,Yapese,,,,yape1248,2007,asher2007world,features,feature,map_028,Map 28 Micronesia [12],6802
6593,Yapoma,,,,yapo1244,2007,asher2007world,features,feature,map_092,Map 92 South-Western Cameroon [36],6803
6594,Yapunda,,,,yapu1240,2007,asher2007world,features,feature,map_033,Map 33 Northern Papua New Guinea [236],6804
6595,Yaqay,,,,yaqa1246,2007,asher2007world,features,feature,map_034,Map 34 Irian Jaya [37],6805
6596,Yaqui,,,,yaqu1251,traditional,asher2007world,features,feature,map_003,Map 3 South-Western North America: Time of Contact [33],6806
6598,Yaquina,,,,alse1251,traditional,asher2007world,features,feature,map_004,Map 4 California: Time of Contact [16],6808
6599,Yarawata,,,,yara1250,2007,asher2007world,features,feature,map_033,Map 33 Northern Papua New Guinea [72],6809
6602,Yareba,,,,yare1248,2007,asher2007world,features,feature,map_031 map_032,Map 31 South-Eastern Papua New Guinea [59]; Map 32 Southern Papua New Guinea [134],6812
6605,Yarumá,,,,yaru1255,traditional,asher2007world,features,feature,map_018,Map 18 Brazilian Atlantic Coast: Time of Contact [417],6815
6606,Yasa,,,,yasa1242,2007,asher2007world,features,feature,map_088 map_092,Map 88 Gabon and Equatorial Guinea [2]; Map 92 South-Western Cameroon [21],6816
6607,Yasem,,,,fang1246,2007,asher2007world,features,feature,map_093,Map 93 Central South-Western Cameroon [98a],6817
6608,Yashi,,,,hash1238,2007,asher2007world,features,feature,map_096,"Map 96 South Plateau, Nigeria [24]",6818
6609,Yasing,,,,mund1325,2007,asher2007world,features,feature,map_090 map_091 map_094,"Map 90 Central African Republic, South-Western Chad and Cameroon [15]; Map 91 Adamawa Region [33a]; Map 94 Northern Cameroon [2d]",6819
6610,Yasung,,,,bako1249,2007,asher2007world,features,feature,map_092,Map 92 South-Western Cameroon [37b],6820
6611,Yatasi,,,,cadd1256,traditional,asher2007world,features,feature,map_002,Map 2 South-Eastern North America: Time of Contact [16],6821
6612,Yatye,,,,yace1238,2007,asher2007world,features,feature,map_095,Map 95 South-Eastern Nigeria and Mid-Western Cameroon [90],6822
6613,Yau,,,,yaum1237,2007,asher2007world,features,feature,map_032 map_033,Map 32 Southern Papua New Guinea [67]; Map 33 Northern Papua New Guinea [227],6823
6614,Yau,,,,yaus1235,2007,asher2007world,features,feature,map_033,Map 33 Northern Papua New Guinea [227],6824
6615,Yaul,,,,yaul1241,2007,asher2007world,features,feature,map_033,Map 33 Northern Papua New Guinea [321],6825
6616,Yauma,,,,yaum1238,2007,asher2007world,features,feature,map_084,Map 84 Angola [46a],6826
6617,Yaur,,,,yaur1239,2007,asher2007world,features,feature,map_034,Map 34 Irian Jaya [187],6827
6618,Yaure,,,,yaou1238,2007,asher2007world,features,feature,map_105,Map 105 Ivory Coast [77],6828
6619,Yauyos Kechua,,,,yauy1235,traditional,asher2007world,features,feature,map_020,Map 20 Central Pacific Coast: Time of Contact [207],6829
6621,Yavapai,,,,yava1252,traditional,asher2007world,features,feature,map_003,Map 3 South-Western North America: Time of Contact [48],6831
6623,Yaw,,,,yaww1238,2007,asher2007world,features,feature,map_049,Map 49 Burma (Myanmar) [59],6833
6624,Yawa,,,,yagu1244,traditional,asher2007world,features,feature,map_012,Map 12 Northern South America: Time of Contact [176],6834
6626,Yawalapití,,,,yawa1261,traditional,asher2007world,features,feature,map_018,Map 18 Brazilian Atlantic Coast: Time of Contact [113],6836
6628,Yawaperí,,,,waim1253,traditional,asher2007world,features,feature,map_012,Map 12 Northern South America: Time of Contact [395],6838
6632,Yay,,,,bouy1240,2007,asher2007world,features,feature,map_047,"Map 47 Northern Thailand, Laos and Vietnam [9]",6842
6634,Yazgulami,,,,yazg1240,2007,asher2007world,features,feature,map_057,Map 57 Central Asia [9],6844
6635,Yazi,,,,hemb1242,2007,asher2007world,features,feature,map_078 map_080,Map 78 Democratic Republic of Congo: Katang [9]; Map 80 Democratic Republic of Congo: Kivu [58],6845
6636,Yebokolo,,,,yabe1253,2007,asher2007world,features,feature,map_087,Map 87 Northern Congo and Southern Central African Republic [70b],6846
6637,Yega,,,,yega1243,2007,asher2007world,features,feature,map_031 map_032,Map 31 South-Eastern Papua New Guinea [83]; Map 32 Southern Papua New Guinea [150],6847 6848
6638,Yei,,,,yeyi1239,2007,asher2007world,features,feature,map_074 map_077,Map 74 Southern Africa [41]; Map 77 Zambia [72],6849
6639,Yeke,,,,,2007,asher2007world,features,feature,map_077,Map 77 Zambia [50],6850
6640,Yekora,,,,yeko1240,2007,asher2007world,features,feature,map_032,Map 32 Southern Papua New Guinea [141],6851
6641,Yela,,,,yela1239,2007,asher2007world,features,feature,map_080 map_081,Map 80 Democratic Republic of Congo: Kivu [4c]; Map 81 Democratic Republic of Congo: Kasai [1t],6852
6642,"Yele (Yela, Yeletnye)",,,,yele1255,2007,asher2007world,features,feature,map_031,Map 31 South-Eastern Papua New Guinea [88],6853
6643,Yelmek,,,,yelm1242,2007,asher2007world,features,feature,map_034,Map 34 Irian Jaya [171],6854
6644,Yemba (Dschang),,,,yemb1246,2007,asher2007world,features,feature,map_093,Map 93 Central South-Western Cameroon [60],6855
6645,Yembe,,,,mong1338,2007,asher2007world,features,feature,map_081,Map 81 Democratic Republic of Congo: Kasai [1p],6856
6646,Yembe,,,,,2007,asher2007world,features,feature,map_084,Map 84 Angola [2b],6857
6647,Yemsa,,,,yems1235,2007,asher2007world,features,feature,map_072,Map 72 Sudan and the Horn of Africa [91],6858
6648,Yeraka!,,,,yera1243,2007,asher2007world,features,feature,map_033,Map 33 Northern Papua New Guinea [289],6859
6649,Yeretuar,,,,yere1243,2007,asher2007world,features,feature,map_034,Map 34 Irian Jaya [188],6860
6650,Yeskwa,,,,yesk1239,2007,asher2007world,features,feature,map_096 map_097,"Map 96 South Plateau, Nigeria [17]; Map 97 North Plateau, Nigeria [9a]",6861
6651,Yey,,,,yeii1239,2007,asher2007world,features,feature,map_032 map_034,Map 32 Southern Papua New Guinea [183]; Map 34 Irian Jaya [169],6862
6652,Yidgha,,,,yidg1240,2007,asher2007world,features,feature,map_053,"Map 53 Iran, Afghanistan and Pakistan [34]",6863
6654,Yil,,,,yill1241,2007,asher2007world,features,feature,map_033,Map 33 Northern Papua New Guinea [230],6865
6658,Yimas,,,,yima1243,2007,asher2007world,features,feature,map_033,Map 33 Northern Papua New Guinea [352],6869
6659,Yimchungrü,,,,yimc1240,2007,asher2007world,features,feature,map_049 map_051,"Map 49 Burma (Myanmar) [44]; Map 51 North-East India, Bangladesh, Bhutan and Nepal [128]",6870
6667,Yira,,,,yira1240,2007,asher2007world,features,feature,map_079,Map 79 Democratic Republic of Congo: Orienta [4a],6878
6670,Yis,,,,yiss1240,2007,asher2007world,features,feature,map_033,Map 33 Northern Papua New Guinea [225],6881
6672,Yo,,,,yoyy1238,2007,asher2007world,features,feature,map_047 map_048,"Map 47 Northern Thailand, Laos and Vietnam [23]; Map 48 Southern Thailand, Laos and Vietnam, and Cambodia [16]",6883 6884
6673,Yo,,,,laoo1244,2007,asher2007world,features,feature,map_048,"Map 48 Southern Thailand, Laos and Vietnam, and Cambodia [16]",6885
6674,Yoba,,,,yoba1237,2007,asher2007world,features,feature,map_031,Map 31 South-Eastern Papua New Guinea [38],6886
6675,Yogad,,,,yoga1237,2007,asher2007world,features,feature,map_040,Map 40 The Philippines [20],6887
6676,Yogoma,,,,west2842,2007,asher2007world,features,feature,map_080,Map 80 Democratic Republic of Congo: Kivu [22],6888
6677,Yoidik,,,,yoid1240,2007,asher2007world,features,feature,map_033,Map 33 Northern Papua New Guinea [86],6889
6679,"Yokotán, Chontal Maya",,,,taba1266,traditional,asher2007world,features,feature,map_010,Map 10 Meso-America: Time of Contact [7],6891
6680,Yom-Tanla,,,,yomm1242,2007,asher2007world,features,feature,map_102 map_104,Map 102 Benin and Togo [62a]; Map 104 Burkina Faso [28],6892
6681,Yombe,,,,yomb1244,2007,asher2007world,features,feature,map_083 map_084 map_088,Map 83 Democratic Republic of Congo: Bas Congo and Southern Congo [5]; Map 84 Angola [1b]; Map 88 Gabon and Equatorial Guinea [51],6893
6682,Yombo,,,,yomb1244,2007,asher2007world,features,feature,map_081,Map 81 Democratic Republic of Congo: Kasai [53],6894
6683,Yoncalla,,,,yonc1234,traditional,asher2007world,features,feature,map_004,Map 4 California: Time of Contact [15],6895
6684,Yonggom,,,,yong1280,2007,asher2007world,features,feature,map_032 map_033 map_034,Map 32 Southern Papua New Guinea [80]; Map 33 Northern Papua New Guinea [170]; Map 34 Irian Jaya [3],6896
6685,Yongren Dai,,,,yong1278,2007,asher2007world,features,feature,map_046,"Map 46 Yunnan Province, China [13]",6897
6686,Yoni,,,,yoni1238,2007,asher2007world,features,feature,map_106,Map 106 Liberia and Sierra Leone [8c],6898
6688,Yotafa,,,,toba1266,2007,asher2007world,features,feature,map_034,Map 34 Irian Jaya [179],6900
6689,Yuaga,,,,yuag1237,2007,asher2007world,features,feature,map_027,Map 27 Vanuatu and New Caledonia [112],6901
6690,Yuan,,,,yuan1241,2007,asher2007world,features,feature,map_047,"Map 47 Northern Thailand, Laos and Vietnam [17]",6902
6691,Yuchi,,,,yuch1247,traditional,asher2007world,features,feature,map_002,Map 2 South-Eastern North America: Time of Contact [14],6903
6692,Yue,,,,yuec1235,2007,asher2007world,features,feature,map_045,Map 45 China and Mongolia [8],6904
6696,Yugum,,,,ghom1247,2007,asher2007world,features,feature,map_093,Map 93 Central South-Western Cameroon [62f],6908
6697,Yukaghir,,,,sout2750,2007,asher2007world,features,feature,map_055,Map 55 Eastern Siberia [27],6909
6698,"Yukateko, Yucatec Proper , Yucateco Proper",,,,yuca1254,traditional,asher2007world,features,feature,map_010,Map 10 Meso-America: Time of Contact [3a],6910
6699,Yuki,,,,yuki1243,traditional,asher2007world,features,feature,map_004,Map 4 California: Time of Contact [49],6911
6700,Yukpa-Japrería,,,,yukp1243,traditional,asher2007world,features,feature,map_012,Map 12 Northern South America: Time of Contact [382],6912
6702,Yukuben,,,,yuku1243,2007,asher2007world,features,feature,map_095,Map 95 South-Eastern Nigeria and Mid-Western Cameroon [83],6914
6705,Yulu,,,,nucl1427,2007,asher2007world,features,feature,map_089,Map 89 Central African Republic and South-Eastern Chad [75],6917
6706,Yulu-Binga (Dialects),,,,yulu1243,2007,asher2007world,features,feature,map_079,Map 79 Democratic Republic of Congo: Orienta [66],6918
6707,Yulu-Binga Dialects,,,,yulu1243,2007,asher2007world,features,feature,map_072,Map 72 Sudan and the Horn of Africa [177],6919
6711,Yungur,,,,bena1260,2007,asher2007world,features,feature,map_091 map_098,Map 91 Adamawa Region [22]; Map 98 North-Eastern Nigeria [12],6923
6713,Yupuá,,,,jupu1235,traditional,asher2007world,features,feature,map_012,Map 12 Northern South America: Time of Contact [155],6925
6714,Yurakare,,,,yura1255,traditional,asher2007world,features,feature,map_020,Map 20 Central Pacific Coast: Time of Contact [212],6926
6716,Yuri,,,,kark1258,2007,asher2007world,features,feature,map_033 map_034,Map 33 Northern Papua New Guinea [371]; Map 34 Irian Jaya [175],6928
6718,Yurok,,,,yuro1248,traditional,asher2007world,features,feature,map_004,Map 4 California: Time of Contact [31],6930
6723,Yámana,,,,yama1264,traditional,asher2007world,features,feature,map_022,Map 22 Southern South America: Time of Contact [247],6935
6724,Yâlayu,,,,nyal1254,2007,asher2007world,features,feature,map_027,Map 27 Vanuatu and New Caledonia [109],6936
6725,Yúnqay,,,,huan1255,traditional,asher2007world,features,feature,map_014,Map 14 Northern Pacific Coast: Time of Contact [204],6937
6726,Zaba,,,,zhab1238,2007,asher2007world,features,feature,map_045,Map 45 China and Mongolia [115],6938
6727,Zaghawa,,,,zagh1240,2007,asher2007world,features,feature,map_071 map_072 map_073,Map 71 North-East Africa [68]; Map 72 Sudan and the Horn of Africa [109]; Map 73 North-West Africa [77],6939
6728,Zaiwa,,,,zakh1243,2007,asher2007world,features,feature,map_045 map_051,"Map 45 China and Mongolia [108]; Map 51 North-East India, Bangladesh, Bhutan and Nepal [102]",6940
6729,Zakan,,,,lefa1242,2007,asher2007world,features,feature,map_093,Map 93 Central South-Western Cameroon [78b],6941
6730,Zakhchin,,,,zakh1248,2007,asher2007world,features,feature,map_045,Map 45 China and Mongolia [NA],6942
6731,Zalage,,,,mpoi1234,2007,asher2007world,features,feature,map_087,Map 87 Northern Congo and Southern Central African Republic [53i],6943
6732,Zaman,,,,zama1238,2007,asher2007world,features,feature,map_087 map_088,Map 87 Northern Congo and Southern Central African Republic [70f]; Map 88 Gabon and Equatorial Guinea [43g],6944
6733,Zamba,,,,zamb1245,2007,asher2007world,features,feature,map_082 map_087,Map 82 Democratic Republic of Congo: Equate [7]; Map 87 Northern Congo and Southern Central African Republic [8],6945
6734,Zan Gula,,,,zang1249,2007,asher2007world,features,feature,map_089,Map 89 Central African Republic and South-Eastern Chad [50],6946
6735,Zanaki,,,,zana1238,2007,asher2007world,features,feature,map_086,Map 86 Central East Africa [46],6947
6736,Zande,,,,zand1248,2007,asher2007world,features,feature,map_079 map_082 map_089,Map 79 Democratic Republic of Congo: Orienta [42]; Map 82 Democratic Republic of Congo: Equate [70]; Map 89 Central African Republic and South-Eastern Chad [4],6948
6737,Zangskari,,,,zang1248,2007,asher2007world,features,feature,map_054,Map 54 North-West India [4],6949
6738,Zangwal,,,,zang1255,2007,asher2007world,features,feature,map_097 map_098,"Map 97 North Plateau, Nigeria [84]; Map 98 North-Eastern Nigeria [93]",6950
6739,Zar,,,,zari1242,2007,asher2007world,features,feature,map_097,"Map 97 North Plateau, Nigeria [90]",6951
6740,Zaramo,,,,zara1247,2007,asher2007world,features,feature,map_076 map_085,Map 76 Southern Tanzania [8]; Map 85 Kenyan Coast [19],6952
6741,Zarma,,,,zarm1239,2007,asher2007world,features,feature,map_102 map_104 map_073,Map 102 Benin and Togo [81]; Map 104 Burkina Faso [3]; Map 73 North-West Africa [82],6953 6954
6742,Zarma Kabi Ful,,,,zarm1239,2007,asher2007world,features,feature,map_102,Map 102 Benin and Togo [Z],6955
6743,Zayse-Zergulla,,,,zays1235,2007,asher2007world,features,feature,map_072,Map 72 Sudan and the Horn of Africa [84],6956
6744,Zazao,,,,zaza1245,2007,asher2007world,features,feature,map_029,Map 29 Solomon Islands and Bougainville [32],6957
6745,Zeem,,,,zeem1242,2007,asher2007world,features,feature,map_096 map_097,"Map 96 South Plateau, Nigeria [84]; Map 97 North Plateau, Nigeria [91]",6958
6746,Zela,,,,luba1250,2007,asher2007world,features,feature,map_077 map_078,Map 77 Zambia [48a]; Map 78 Democratic Republic of Congo: Katang [15b],6959
6747,Zelgwa,,,,zulg1242,2007,asher2007world,features,feature,map_094,Map 94 Northern Cameroon [35],6960
6748,Zeliangrong,,,,zeme1240,2007,asher2007world,features,feature,map_051,"Map 51 North-East India, Bangladesh, Bhutan and Nepal [136]",6961
6749,Zenaga,,,,zena1248,2007,asher2007world,features,feature,map_073,Map 73 North-West Africa [71],6962
6750,Zezuru,,,,zezu1238,2007,asher2007world,features,feature,map_074 map_075,Map 74 Southern Africa [15]; Map 75 Mozambique [42f],6963
6751,Zhu-/Hoa(Si),,,,dzuo1238,2007,asher2007world,features,feature,map_074,Map 74 Southern Africa [57],6964
6752,Zia,,,,ziaa1250,2007,asher2007world,features,feature,map_031 map_032,Map 31 South-Eastern Papua New Guinea [76]; Map 32 Southern Papua New Guinea [142],6965
6753,Zigua,,,,zigu1242,2007,asher2007world,features,feature,map_076 map_085 map_086,Map 76 Southern Tanzania [5]; Map 85 Kenyan Coast [16]; Map 86 Central East Africa [1],6966
6754,Zilamu-Olam,,,,olam1240,2007,asher2007world,features,feature,map_072,Map 72 Sudan and the Horn of Africa [126],6967
6755,Zimakani,,,,zima1244,2007,asher2007world,features,feature,map_032,Map 32 Southern Papua New Guinea [101],6968
6756,Zime (Herde),,,,herd1236,2007,asher2007world,features,feature,map_090 map_091 map_094,"Map 90 Central African Republic, South-Western Chad and Cameroon [61]; Map 91 Adamawa Region [62]; Map 94 Northern Cameroon [67]",6969
6757,Ziziliveken,,,,zizi1238,2007,asher2007world,features,feature,map_094,Map 94 Northern Cameroon [50],6970
6758,Zombo,,,,yomb1244,2007,asher2007world,features,feature,map_081 map_083 map_084,Map 81 Democratic Republic of Congo: Kasai [60]; Map 83 Democratic Republic of Congo: Bas Congo and Southern Congo [17c]; Map 84 Angola [5],6971
6759,Zongbi,,,,zong1242,2007,asher2007world,features,feature,map_091,Map 91 Adamawa Region [4],6972
6760,Zua,,,,zhoa1238,2007,asher2007world,features,feature,map_093,Map 93 Central South-Western Cameroon [64e],6973
6761,Zubaki,,,,zuba1238,2007,asher2007world,features,feature,map_085,Map 85 Kenyan Coast [3e],6974
6762,Zufār,,,,oman1239,2007,asher2007world,features,feature,map_070,Map 70 The Middle East and Arabian Peninsula [77],6975
6763,Zula,,,,zula1235,2007,asher2007world,features,feature,map_078 map_080,Map 78 Democratic Republic of Congo: Katang [11]; Map 80 Democratic Republic of Congo: Kivu [56],6976
6764,Zulu,,,,zulu1248,2007,asher2007world,features,feature,map_074 map_075,Map 74 Southern Africa [3]; Map 75 Mozambique [49b],6977
6765,Zumaya,,,,zuma1239,2007,asher2007world,features,feature,map_094,Map 94 Northern Cameroon [66],6978
6766,Zuni,,,,zuni1245,traditional,asher2007world,features,feature,map_005,Map 5 The Great Plains: Time of Contact [67],6979
6768,Zørwang,,,,serw1238,2007,asher2007world,features,feature,map_049,Map 49 Burma (Myanmar) [15],6981
6769,Ópata,,,,opat1246,traditional,asher2007world,features,feature,map_003,Map 3 South-Western North America: Time of Contact [29],6982
6770,Ömie(Aomie),,,,omie1241,2007,asher2007world,features,feature,map_031,Map 31 South-Eastern Papua New Guinea [51],6983
6771,Ööld,,,,damb1251,2007,asher2007world,features,feature,map_045,Map 45 China and Mongolia [NA],6984
6772,Üdzemchin,,,,shil1261,2007,asher2007world,features,feature,map_045,Map 45 China and Mongolia [NA],6985
6773,Āl Murra,,,,najd1235,2007,asher2007world,features,feature,map_070,Map 70 The Middle East and Arabian Peninsula [46],6986
6774,Şa'da,,,,sana1295,2007,asher2007world,features,feature,map_070,Map 70 The Middle East and Arabian Peninsula [91],6987
6775,Şan'ānī Dialects,,,,sana1295,2007,asher2007world,features,feature,map_070,Map 70 The Middle East and Arabian Peninsula [93],6988
6776,Şlūt,,,,najd1235,2007,asher2007world,features,feature,map_070,Map 70 The Middle East and Arabian Peninsula [18],6989
6777,Ḥarb,,,,najd1235,2007,asher2007world,features,feature,map_070,Map 70 The Middle East and Arabian Peninsula [34],6990
6778,Ḥaḑramī Dialects,,,,hadr1236,2007,asher2007world,features,feature,map_070,Map 70 The Middle East and Arabian Peninsula [99],6991
6780,Busa,,,,odia1239,2007,asher2007world,features,feature,map_033,Map 33 Northern Papua New Guinea [372],7011x
6781,Gong,,,,ugon1239,2007,asher2007world,features,feature,map_048,"Map 48 Southern Thailand, Laos and Vietnam, and Cambodia [76]",7014x
6782,Khorasani Turkish (Quchani),,,,khor1269,2007,asher2007world,features,feature,map_053,"Map 53 Iran, Afghanistan and Pakistan [74]",7001x
6783,No label,,,,,traditional,asher2007world,features,feature,map_010 map_018 map_012 map_014,Map 10 Meso-America: Time of Contact [67]; Map 18 Brazilian Atlantic Coast: Time of Contact [251]; Map 12 Northern South America: Time of Contact [387]; Map 14 Northern Pacific Coast: Time of Contact [348],7002x 7007x 7004x 7006x
6784,Kham,,,,,2007,asher2007world,features,feature,map_051,"Map 51 North-East India, Bangladesh, Bhutan and Nepal [31]",2762y
6785,Khamnigan,,,,kham1281,2007,asher2007world,features,feature,map_045,Map 45 China and Mongolia [51],7003x
6786,Pauserna,,,,paus1244,traditional,asher2007world,features,feature,map_020,Map 20 Central Pacific Coast: Time of Contact [339],4963x
6787,Pho (Pwo),,,,,2007,asher2007world,features,feature,map_048,"Map 48 Southern Thailand, Laos and Vietnam, and Cambodia [75]",3593x
6788,Santee-Sisseton,,,,dako1259,traditional,asher2007world,features,feature,map_005,Map 5 The Great Plains: Time of Contact [20],7000x
6789,Kwale,,,,uare1241,2007,asher2007world,features,feature,map_032,Map 32 Southern Papua New Guinea [137],7010x
6790,Nsele,,,,nsel1238,2007,asher2007world,features,feature,map_095,Map 95 South-Eastern Nigeria and Mid-Western Cameroon [29b],14249
6791,Lemerig,,,,leme1238,2007,asher2007world,features,feature,map_027,Map 27 Vanuatu and New Caledonia [10],7012x
6792,Ngoro,,,,orok1266,2007,asher2007world,features,feature,map_093,Map 93 Central South-Western Cameroon [82a],4460x
6793,Pauxi,,,,paux1235,traditional,asher2007world,features,feature,map_012,Map 12 Northern South America: Time of Contact [397],4966x
6794,Akheu [Hani],,,,akeu1235,2007,asher2007world,features,feature,map_046,"Map 46 Yunnan Province, China [91]",7008x
6795,Pho (Pwo),,,,pwoe1235,2007,asher2007world,features,feature,map_048,"Map 48 Southern Thailand, Laos and Vietnam, and Cambodia [75]",5264x
6796,Buyang,,,,buya1244,2007,asher2007world,features,feature,map_045,Map 45 China and Mongolia [75],7013x
6797,Lodhanti,,,,lodh1244,2007,asher2007world,features,feature,map_054,Map 54 North-West India [67],7005x
6798,Tanah Merah,,,,tabl1243,2007,asher2007world,features,feature,map_034,Map 34 Irian Jaya [123],5896x
6799,Rennellese,,,,renn1242,2007,asher2007world,features,feature,map_029,Map 29 Solomon Islands and Bougainville [64],6354x
6800,Agara'iwa,,,,cish1238,2007,asher2007world,features,feature,map_100,Map 100 Northern Nigeria and Niger [23],6602x
