ID,Name,Macroarea,Latitude,Longitude,Glottocode,ISO639P3code,Feature_IDs,Glottolog_Languoid_Level,Family,Speaker_Area,Maps
aari1239,Aari,,5.95034,36.5721,aari1239,,33,language,South Omotic,languages,Map 72 Sudan and the Horn of Africa [106]
abad1241,Abadi,,-9.03389,146.992,abad1241,,1649,language,Austronesian,languages,Map 32 Southern Papua New Guinea [233]
abag1245,Abaga,,-6.12028,145.665,abag1245,,35,language,Nuclear Trans New Guinea,languages,Map 32 Southern Papua New Guinea [78]; Map 33 Northern Papua New Guinea [144]
abai1240,Abai Sungai,,5.55394,118.306,abai1240,,36,language,Austronesian,languages,Map 41 Borneo and Madagascar [110]
abar1238,Mungbam,,6.5805,10.2267,abar1238,,3862,language,Atlantic-Congo,languages,Map 95 South-Eastern Nigeria and Mid-Western Cameroon [25]
abau1245,Abau,,-3.97222,141.324,abau1245,,39,language,Sepik,languages,Map 33 Northern Papua New Guinea [271]; Map 34 Irian Jaya [166]
abee1242,Abé,,5.59682,-4.38497,abee1242,,43,language,Atlantic-Congo,languages,Map 105 Ivory Coast [5]
aben1249,Abenlen Ayta,,15.4131,120.2,aben1249,,42,language,Austronesian,languages,Map 40 The Philippines [42]
abid1235,Abidji,,5.65656,-4.58421,abid1235,,45,language,Atlantic-Congo,languages,Map 105 Ivory Coast [3]
abip1241,Abipon,,-29.0,-61.0,abip1241,,48,language,Guaicuruan,languages,Map 22 Southern South America: Time of Contact [264]
abis1238,Aewa,,-1.284096,-75.084405,abis1238,,5797,language,,languages,Map 12 Northern South America: Time of Contact [146]
abkh1244,Abkhaz,,43.056218,41.159115,abkh1244,,50,language,Abkhaz-Adyge,languages,Map 59 The Caucasus [16]
abro1238,Abron,,7.72094,-2.50289,abro1238,,52,language,Atlantic-Congo,languages,Map 103 Ghana [4]; Map 105 Ivory Coast [18]
abua1244,Abua,,4.83057,6.61492,abua1244,,55,language,Atlantic-Congo,languages,Map 101 South-Western Nigeria [8a]
abui1241,Abui,,-8.31058,124.588,abui1241,,57,language,Timor-Alor-Pantar,languages,Map 38 Lesser Sunda Islands and Timor [74]
abun1252,Abun,,-0.57073,132.416,abun1252,,2528 3404,language,,languages,Map 34 Irian Jaya [111]; Map 34 Irian Jaya [112]
abur1243,Abure,,5.21534,-3.64123,abur1243,,58,language,Atlantic-Congo,languages,Map 105 Ivory Coast [10]
abuu1241,Abu,,-4.24027,144.474,abuu1241,,81,language,Ramu,languages,Map 33 Northern Papua New Guinea [323]
acha1249,Longchuan Achang,,24.3479,97.7438,acha1249,,62 1112,language,Sino-Tibetan,languages,"Map 46 Yunnan Province, China [40]; Map 49 Burma (Myanmar) [61]"
acha1250,Achagua,,4.38649,-72.2005,acha1250,,64 189,language,Arawakan,languages,Map 12 Northern South America: Time of Contact [75]; Map 12 Northern South America: Time of Contact [77]
achi1257,Acehnese,,3.90757,96.6032,achi1257,,61,language,Austronesian,languages,Map 43 Sumatra [5]
achu1247,Achumawi,,41.0979,-121.191,achu1247,,69,language,Palaihnihan,languages,Map 4 California: Time of Contact [39]
acol1236,Acoli,,3.57738,32.5147,acol1236,,67 68 1311,language,Nilotic,languages,Map 72 Sudan and the Horn of Africa [170]; Map 72 Sudan and the Horn of Africa [173]; Map 79 Democratic Republic of Congo: Orienta [73]; Map 79 Democratic Republic of Congo: Orienta [76]; Map 86 Central East Africa [60]; Map 86 Central East Africa [62]
acro1239,Acroá,,-12.20318,-45.08975,acro1239,,141,language,Nuclear-Macro-Je,languages,Map 18 Brazilian Atlantic Coast: Time of Contact [291]
adai1235,Adai,,31.6314,-92.0059,adai1235,,72,language,,languages,Map 2 South-Eastern North America: Time of Contact [19]
adan1247,Adangme,,5.9437,0.13243,adan1247,,73,language,Atlantic-Congo,languages,Map 102 Benin and Togo [13]; Map 103 Ghana [36]
adas1235,Adasen,,17.8187,120.905,adas1235,,74,language,Austronesian,languages,Map 40 The Philippines [10]
adel1244,Adele,,8.16975,0.619185,adel1244,,75,language,Atlantic-Congo,languages,Map 103 Ghana [22]
adho1243,Adhola,,0.73235,34.0341,adho1243,,76,language,Nilotic,languages,Map 86 Central East Africa [65]
adio1239,Adioukrou,,5.38228,-4.52522,adio1239,,126,language,Atlantic-Congo,languages,Map 105 Ivory Coast [4]
adny1235,Adnyamathanha,,-30.1451,138.671,adny1235,,82,language,Pama-Nyungan,languages,Map 35 Australia: Time of Contact [206]
adyg1241,West Circassian,,44.0,39.33,adyg1241,,83,language,Abkhaz-Adyge,languages,Map 59 The Caucasus [18]
adze1240,Adzera,,-6.39394,146.294,adze1240,,84,language,Austronesian,languages,Map 32 Southern Papua New Guinea [205]; Map 33 Northern Papua New Guinea [394]
aeka1244,Aeka,,-8.855095,147.99477,aeka1244,,85,language,Nuclear Trans New Guinea,languages,Map 32 Southern Papua New Guinea [146]
aeky1238,Aekyom,,-5.88478,141.532,aeky1238,,394,language,Kamula-Elevala,languages,Map 32 Southern Papua New Guinea [92]; Map 33 Northern Papua New Guinea [187]
afad1236,Afade,,12.0551,14.6343,afad1236,,87,language,Afro-Asiatic,languages,Map 99 Lake Chad Region [5]
afar1241,Afar,,12.2281,41.8083,afar1241,,88,language,Afro-Asiatic,languages,Map 72 Sudan and the Horn of Africa [51]
afit1238,Afitti,,12.446,30.7611,afit1238,,1335,language,Nyimang,languages,Map 71 North-East Africa [86]; Map 72 Sudan and the Horn of Africa [144]
afri1274,Afrikaans,,-31.63272,20.46356,afri1274,,89,language,Indo-European,languages,Map 74 Southern Africa [62]
agat1236,Agatu,,7.97915,7.71639,agat1236,,4444,language,Atlantic-Congo,languages,"Map 101 South-Western Nigeria [60a]; Map 96 South Plateau, Nigeria [55a]"
aghe1239,Aghem,,6.38956,10.0807,aghe1239,,93,language,Atlantic-Congo,languages,Map 95 South-Eastern Nigeria and Mid-Western Cameroon [41]
aghu1253,Aghul,,41.9242,47.5843,aghu1253,,96,language,Nakh-Daghestanian,languages,Map 59 The Caucasus [40]
aghu1255,Aghu,,-6.34674,140.043,aghu1255,,94,language,Nuclear Trans New Guinea,languages,Map 34 Irian Jaya [13]
agii1245,Agi,,-3.49104,142.387,agii1245,,95,language,Nuclear Torricelli,languages,Map 33 Northern Papua New Guinea [238]
agob1244,Agob-Ende-Kawam,,-9.08521,142.532,agob1244,,101,language,Pahoturi,languages,Map 32 Southern Papua New Guinea [190]
agoi1246,Robambami,,5.87953,8.21629,agoi1246,,2072,language,Atlantic-Congo,languages,Map 93 Central South-Western Cameroon [10b]
agua1252,Aguacateco,,15.3307,-91.3153,agua1252,,385,language,Mayan,languages,Map 10 Meso-America: Time of Contact [16]
agua1253,Aguaruna,,-5.30044,-77.9218,agua1253,,387,language,Chicham,languages,Map 14 Northern Pacific Coast: Time of Contact [168b]
agus1235,Agusan Manobo,,8.62731,125.742,agus1235,,97,language,Austronesian,languages,Map 40 The Philippines [103]
agut1237,Agutaynen,,10.5328,119.655,agut1237,,98,language,Austronesian,languages,Map 40 The Philippines [56]
agwa1247,Agwagwune,,5.81055,8.03166,agwa1247,,40 46 79 99 1553,language,Atlantic-Congo,languages,Map 101 South-Western Nigeria [29a]; Map 101 South-Western Nigeria [29b]; Map 101 South-Western Nigeria [29c]; Map 101 South-Western Nigeria [29d]; Map 101 South-Western Nigeria [29e]; Map 93 Central South-Western Cameroon [16]
ahan1243,Ahanta,,4.85147,-1.94657,ahan1243,,102,language,Atlantic-Congo,languages,Map 103 Ghana [8]
aheu1239,Thavung,,17.7655,104.229,aheu1239,,103 5846,language,Austroasiatic,languages,"Map 47 Northern Thailand, Laos and Vietnam [77]; Map 47 Northern Thailand, Laos and Vietnam [78]"
ahte1237,Ahtena,,61.7068,-144.889,ahte1237,,105,language,Athabaskan-Eyak-Tlingit,languages,Map 7 Northern North America: Time of Contact [22]
ahwa1235,Ndunic,,9.17635,8.56205,ahwa1235,,4140,language,Atlantic-Congo,languages,"Map 96 South Plateau, Nigeria [35, A]"
aika1237,Aikanã,,-12.6695,-60.5353,aika1237,,108,language,,languages,Map 16 Western Brazil: Time of Contact [328]
aima1241,Aimaq,,35.283,59.1756,aima1241,,112 113 114 115,language,Indo-European,languages,"Map 53 Iran, Afghanistan and Pakistan [8a]; Map 53 Iran, Afghanistan and Pakistan [8b]; Map 53 Iran, Afghanistan and Pakistan [8c]; Map 53 Iran, Afghanistan and Pakistan [8d]"
aime1238,Aimele,,-6.68656,142.656,aime1238,,3073,language,Bosavi,languages,Map 32 Southern Papua New Guinea [88]
ainu1251,Ainu (China),,39.2714,76.4209,ainu1251,,407,language,Turkic,languages,Map 45 China and Mongolia [128]
aiom1240,Aiome,,-5.13467,144.765,aiom1240,,119,language,Ramu,languages,Map 33 Northern Papua New Guinea [331]
airo1242,Airoran,,-1.8522,138.158,airo1242,,122,language,Greater Kwerba,languages,Map 34 Irian Jaya [156]
ajab1235,Aja (Benin),,7.06634,1.64992,ajab1235,,80,language,Atlantic-Congo,languages,Map 102 Benin and Togo [2b]
ajas1235,Aja (South Sudan),,8.58003,25.6122,ajas1235,,124,language,Kresh-Aja,languages,Map 72 Sudan and the Horn of Africa [181]; Map 79 Democratic Republic of Congo: Orienta [59]; Map 89 Central African Republic and South-Eastern Chad [79]
ajie1238,Ajië,,-21.3029,165.468,ajie1238,,125,language,Austronesian,languages,Map 27 Vanuatu and New Caledonia [124]
akan1250,Akan,,6.34756,-1.33254,akan1250,,149 326 1601,language,Atlantic-Congo,languages,Map 102 Benin and Togo [28]; Map 102 Benin and Togo [29]; Map 102 Benin and Togo [29a]; Map 103 Ghana [1]; Map 103 Ghana [2]; Map 103 Ghana [3]; Map 105 Ivory Coast [19]
akas1242,Akaselem,,8.8858,1.37035,akas1242,,2535,language,Atlantic-Congo,languages,Map 102 Benin and Togo [55]
akeb1238,Akebu,,7.78365,0.77668,akeb1238,,2613,language,Atlantic-Congo,languages,Map 102 Benin and Togo [5]; Map 103 Ghana [34]
akee1238,Akye,,8.59543,8.75768,akee1238,,130,language,Atlantic-Congo,languages,"Map 96 South Plateau, Nigeria [26]"
akei1237,Akei,,-15.6377,166.767,akei1237,,131,language,Austronesian,languages,Map 27 Vanuatu and New Caledonia [37]
akeu1235,Akeu,,22.1959,101.0823,akeu1235,,6794,language,Sino-Tibetan,languages,"Map 46 Yunnan Province, China [91]"
akha1245,Akha,,21.2309,100.964,akha1245,,132 133,language,Sino-Tibetan,languages,"Map 46 Yunnan Province, China [90]; Map 47 Northern Thailand, Laos and Vietnam [90]; Map 48 Southern Thailand, Laos and Vietnam, and Cambodia [80]; Map 49 Burma (Myanmar) [67]"
akkk1240,Ak,,-3.57026,141.784,akkk1240,,128,language,Sepik,languages,Map 33 Northern Papua New Guinea [285]
akla1240,Aklanon,,11.55432,122.35413,akla1240,,135 6394,language,Austronesian,languages,Map 40 The Philippines [67]; Map 40 The Philippines [68]
akoo1248,Akoose,,4.9243,9.65522,akoo1248,,137 530 1530 4076,language,Atlantic-Congo,languages,Map 92 South-Western Cameroon [28]; Map 93 Central South-Western Cameroon [84]; Map 93 Central South-Western Cameroon [84a]; Map 93 Central South-Western Cameroon [84b]; Map 93 Central South-Western Cameroon [88h]
akoy1238,Akoye,,-7.66067,145.669,akoy1238,,3286,language,Angan,languages,Map 32 Southern Papua New Guinea [119]
akpe1248,Akpes,,7.50256,5.95559,akpe1248,,139,language,Atlantic-Congo,languages,Map 101 South-Western Nigeria [61]
akru1241,Chini,,-4.88687,144.821,akru1241,,142,language,Ramu,languages,Map 33 Northern Papua New Guinea [348]
akur1238,Akurio,,3.19607,-55.6294,akur1238,,146,language,Cariban,languages,Map 12 Northern South America: Time of Contact [385]
akwa1248,Akwa,,-0.39897,15.4623,akwa1248,,148,language,Atlantic-Congo,languages,Map 81 Democratic Republic of Congo: Kasai [18]; Map 83 Democratic Republic of Congo: Bas Congo and Southern Congo [38]; Map 87 Northern Congo and Southern Central African Republic [42]
alab1237,Alabama,,30.76738,-94.62848,alab1237,,153,language,Muskogean,languages,Map 2 South-Eastern North America: Time of Contact [45]
alab1254,Alaba-K'abeena,,7.39014,38.1732,alab1254,,152,language,Afro-Asiatic,languages,Map 72 Sudan and the Horn of Africa [65]
alag1242,Alago,,8.34986,8.52085,alag1242,,156,language,Atlantic-Congo,languages,"Map 95 South-Eastern Nigeria and Mid-Western Cameroon [93]; Map 96 South Plateau, Nigeria [55c]"
alag1248,Alagwa,,-4.64148,35.7231,alag1248,,157,language,Afro-Asiatic,languages,Map 76 Southern Tanzania [69]; Map 86 Central East Africa [91]
alak1253,Alak,,15.5565,106.597,alak1253,,158,language,Austroasiatic,languages,"Map 47 Northern Thailand, Laos and Vietnam [62]; Map 48 Southern Thailand, Laos and Vietnam, and Cambodia [63]"
alam1246,Alamblak,,-4.66307,143.316,alam1246,,159,language,Sepik,languages,Map 33 Northern Papua New Guinea [312]
alan1249,Alangan,,13.0982,121.022,alan1249,,160,language,Austronesian,languages,Map 40 The Philippines [50]
alaw1244,Alawa,,-15.5458,134.282,alaw1244,,162,language,Mangarrayi-Maran,languages,Map 35 Australia: Time of Contact [71]
alba1269,Inland-Buhi-Daraga Bikol,,13.1989,123.49,alba1269,,164,language,Austronesian,languages,Map 40 The Philippines [63]
aleg1238,Alege,,6.59423,9.00394,aleg1238,,165,language,Atlantic-Congo,languages,Map 95 South-Eastern Nigeria and Mid-Western Cameroon [73a]
aleu1260,Aleut,,52.1228,-174.29,aleu1260,,166 167,language,Eskimo-Aleut,languages,Map 55 Eastern Siberia [26]; Map 7 Northern North America: Time of Contact [11]
alge1239,Algerian Arabic,,35.4208,3.23033,alge1239,,170 649 651 653 655 5327 5831,language,Afro-Asiatic,languages,Map 71 North-East Africa [47]; Map 71 North-East Africa [48]; Map 73 North-West Africa [12]; Map 73 North-West Africa [15]; Map 73 North-West Africa [16]; Map 73 North-West Africa [18]; Map 73 North-West Africa [19]; Map 73 North-West Africa [1]; Map 73 North-West Africa [20]
alge1240,Algerian Saharan Arabic,,20.8884,4.80626,alge1240,,654 657,language,Afro-Asiatic,languages,Map 71 North-East Africa [46]; Map 73 North-West Africa [17]; Map 73 North-West Africa [8]
algo1255,Algonquin,,47.3876,-77.5258,algo1255,,4465 4632,language,Algic,languages,Map 7 Northern North America: Time of Contact [73]; Map 7 Northern North America: Time of Contact [78]
alii1240,Ali,,4.60014,18.0352,alii1240,,172,language,Atlantic-Congo,languages,Map 87 Northern Congo and Southern Central African Republic [81]; Map 89 Central African Republic and South-Eastern Chad [37b]
alla1248,Alladian,,5.22371,-4.42647,alla1248,,155,language,Atlantic-Congo,languages,Map 105 Ivory Coast [1]
alle1238,Allentiac,,-33.480938,-68.096924,alle1238,,181,language,Huarpean,languages,Map 22 Southern South America: Time of Contact [250a]
alse1251,Alsea-Yaquina,,44.408,-123.94,alse1251,,174 6598,language,,languages,Map 4 California: Time of Contact [16]; Map 4 California: Time of Contact [17]
alum1246,Arum,,9.01513,8.55956,alum1246,,54,language,Atlantic-Congo,languages,"Map 96 South Plateau, Nigeria [45]"
alun1238,Alune,,-3.11477,128.394,alun1238,,177,language,Austronesian,languages,Map 37 The Moluccas [16]
aluo1235,Aluo,,26.0,102.0,aluo1235,,178,language,Sino-Tibetan,languages,"Map 46 Yunnan Province, China [59]"
alur1250,Alur,,2.36213,31.0016,alur1250,,179,language,Nilotic,languages,Map 79 Democratic Republic of Congo: Orienta [74]
alya1239,Alyawarr,,-21.0427,136.835,alya1239,,180,language,Pama-Nyungan,languages,Map 35 Australia: Time of Contact [212]
amah1245,Amahai,,-3.32028,128.939,amah1245,,184,language,Austronesian,languages,Map 37 The Moluccas [13]
amah1246,Amahuaca,,-10.2012,-72.3208,amah1246,,191,language,Pano-Tacanan,languages,Map 14 Northern Pacific Coast: Time of Contact [224a]
amai1246,Amaimon,,-5.18742,145.368,amai1246,,185,language,Nuclear Trans New Guinea,languages,Map 33 Northern Papua New Guinea [69]
amal1242,Amal,,-4.04517,141.995,amal1242,,186,language,Sepik,languages,Map 33 Northern Papua New Guinea [273]
aman1266,Amanayé,,-3.79772,-48.6613,aman1266,,187,language,Tupian,languages,Map 18 Brazilian Atlantic Coast: Time of Contact [349]
amap1240,Ama (Papua New Guinea),,-4.20192,141.658,amap1240,,182,language,Left May,languages,Map 33 Northern Papua New Guinea [217]
amar1271,Amurdak,,-11.9876,132.878,amar1271,,217,language,Iwaidjan Proper,languages,Map 35 Australia: Time of Contact [19]
amar1272,Amara,,-5.55778,148.68,amar1272,,3304,language,Austronesian,languages,Map 30 New Britain and New Ireland [40]
amar1274,Amarakaeri,,-12.4931,-70.5533,amar1274,,204,language,Harakmbut,languages,Map 20 Central Pacific Coast: Time of Contact [54b]
amba1263,Amba (Uganda),,0.81206,30.0014,amba1263,,193,language,Atlantic-Congo,languages,Map 79 Democratic Republic of Congo: Orienta [9]
amba1265,Ambai,,-1.88126,136.526,amba1265,,194 6233,language,Austronesian,languages,Map 34 Irian Jaya [205]; Map 34 Irian Jaya [206]
amba1267,Ambala Ayta,,14.8156,120.283,amba1267,,195,language,Austronesian,languages,Map 40 The Philippines [46]
amba1269,Ambakich,,-4.23181,144.285,amba1269,,120,language,Keram,languages,Map 33 Northern Papua New Guinea [325]
ambe1247,Ambele,,5.94043,9.62028,ambe1247,,198,language,Atlantic-Congo,languages,Map 93 Central South-Western Cameroon [31]; Map 95 South-Eastern Nigeria and Mid-Western Cameroon [40g]
ambe1248,Ambelau,,-3.85919,127.196,ambe1248,,197,language,Austronesian,languages,Map 37 The Moluccas [36]
ambl1237,Amblong,,-15.5169,166.95,ambl1237,,200,language,Austronesian,languages,Map 27 Vanuatu and New Caledonia [36]
ambu1247,Ambulas,,-3.7801,143.059,ambu1247,,41,language,Ndu,languages,Map 33 Northern Papua New Guinea [294]
amdo1237,Amdo Tibetan,,34.5177,100.485,amdo1237,,1974 5106 5114,language,Sino-Tibetan,languages,Map 45 China and Mongolia [91]; Map 45 China and Mongolia [92]; Map 45 China and Mongolia [95]
amel1241,Amele,,-5.29126,145.687,amel1241,,202,language,Nuclear Trans New Guinea,languages,Map 33 Northern Papua New Guinea [82]
amha1245,Amharic,,11.708182,39.543456,amha1245,,206 5382 6484,language,Afro-Asiatic,languages,Map 72 Sudan and the Horn of Africa [28]; Map 72 Sudan and the Horn of Africa [53b]; Map 72 Sudan and the Horn of Africa [53d]
amis1246,Amis,,23.0917,121.348,amis1246,,207,language,Austronesian,languages,"Map 50 Japan, Korea and Taiwan [8]"
amol1235,Mol,,-3.46843,142.532,amol1235,,318,language,Nuclear Torricelli,languages,Map 33 Northern Papua New Guinea [243]
amoo1242,Amo,,10.3229,8.65405,amoo1242,,210,language,Atlantic-Congo,languages,"Map 97 North Plateau, Nigeria [24]"
ampa1238,Ampari Dogon,,14.15,-3.55,ampa1238,,215,language,Dogon,languages,Map 104 Burkina Faso [4b]
amto1250,Amto,,-4.12165,141.339,amto1250,,216,language,Amto-Musan,languages,Map 33 Northern Papua New Guinea [369]
anaa1238,Anaang,,4.94832,7.57969,anaa1238,,224,language,Atlantic-Congo,languages,Map 101 South-Western Nigeria [19]
anak1240,Anakalang,,-9.63425,119.605,anak1240,,222,language,Austronesian,languages,Map 38 Lesser Sunda Islands and Timor [9]
anal1239,Anal,,24.0506,94.2806,anal1239,,223 3115,language,Sino-Tibetan,languages,"Map 51 North-East India, Bangladesh, Bhutan and Nepal [140]; Map 51 North-East India, Bangladesh, Bhutan and Nepal [147]"
anam1247,Anam,,-4.68869,145.051,anam1247,,4941,language,Nuclear Trans New Guinea,languages,Map 33 Northern Papua New Guinea [6]
anam1248,Anamuxra,,-4.63762,144.991,anam1248,,2128,language,Nuclear Trans New Guinea,languages,Map 33 Northern Papua New Guinea [5]
anda1284,Andarum,,-4.48734,144.767,anda1284,,226,language,Ramu,languages,Map 33 Northern Papua New Guinea [340]
anda1286,Andaqui,,2.74999,-76.0,anda1286,,225,language,,languages,Map 12 Northern South America: Time of Contact [14]
ande1247,Andegerebinha,,-22.51278,137.3515,ande1247,,406 249,language,Pama-Nyungan,languages,Map 35 Australia: Time of Contact [213]; Map 35 Australia: Time of Contact [214]
andi1255,Andi,,42.8078,46.2919,andi1255,,227,language,Nakh-Daghestanian,languages,Map 59 The Caucasus [24]
andi1257,Andio,,-0.88368,123.174,andi1257,,228,language,Austronesian,languages,Map 39 Sulawesi [41]
ando1254,Andoquero,,-0.666992,-72.310867,ando1254,,230,language,Huitotoan,languages,Map 12 Northern South America: Time of Contact [184]
anei1239,Aneityum,,-20.1864,169.825,anei1239,,231,language,Austronesian,languages,Map 27 Vanuatu and New Caledonia [108]
anem1248,Aneme Wake,,-9.75911,148.479,anem1248,,44,language,Yareban,languages,Map 31 South-Eastern Papua New Guinea [56]
anem1249,Anem,,-5.54836,148.993,anem1249,,232,language,,languages,Map 30 New Britain and New Ireland [85]
anga1288,Angami Naga,,25.6841,93.8668,anga1288,,6220,language,Sino-Tibetan,languages,"Map 51 North-East India, Bangladesh, Bhutan and Nepal [131]"
anga1290,Angaataha,,-7.15012,146.352,anga1290,,233,language,Angan,languages,"Map 32 Southern Papua New Guinea [108, G]"
anga1292,Angal Heneng,,-6.13347,143.478,anga1292,,2569 2570,language,Nuclear Trans New Guinea,languages,Map 32 Southern Papua New Guinea [22]; Map 33 Northern Papua New Guinea [162]
anga1293,Angal,,-6.0127,143.592,anga1293,,234,language,Nuclear Trans New Guinea,languages,Map 32 Southern Papua New Guinea [24]; Map 33 Northern Papua New Guinea [167]
angi1238,Angika,,26.0047,85.534,angi1238,,239,language,Indo-European,languages,"Map 51 North-East India, Bangladesh, Bhutan and Nepal [170]"
ango1254,Angor,,-3.7167,141.199,ango1254,,238,language,Senagi,languages,Map 33 Northern Papua New Guinea [220]
ango1255,Angoram,,-4.07758,144.028,ango1255,,242,language,Lower Sepik,languages,Map 33 Northern Papua New Guinea [354]
anii1245,Anii,,9.11127,1.60169,anii1245,,221,language,Atlantic-Congo,languages,Map 102 Benin and Togo [32a]
anii1246,//Ani,,-19.0966,22.9088,anii1246,,27,language,Khoe-Kwadi,languages,Map 74 Southern Africa [53]
anim1239,Animere,,7.60385,0.41962,anim1239,,243,language,Atlantic-Congo,languages,Map 103 Ghana [33]
anin1240,Anindilyakwa,,-13.99904,136.6415,anin1240,,1547,language,Gunwinyguan,languages,Map 35 Australia: Time of Contact [67]
anja1238,Anjam,,-5.45899,145.717,anja1238,,813,language,Nuclear Trans New Guinea,languages,Map 33 Northern Papua New Guinea [24]
anka1246,Ankave,,-7.19444,145.754,anka1246,,244,language,Angan,languages,Map 32 Southern Papua New Guinea [117]
anma1239,Anmatyerre,,-22.2853,133.286,anma1239,,245,language,Pama-Nyungan,languages,Map 35 Australia: Time of Contact [211]
anor1241,Anor,,-4.98449,144.801,anor1241,,246,language,Ramu,languages,Map 33 Northern Papua New Guinea [330]
ansu1237,Ansus,,-1.7543,135.866,ansu1237,,247,language,Austronesian,languages,Map 34 Irian Jaya [196]
anua1242,Anuak,,7.57714,34.0267,anua1242,,255,language,Nilotic,languages,Map 72 Sudan and the Horn of Africa [154]
anuf1239,Anufo,,10.2839,0.56021,anuf1239,,1039,language,Atlantic-Congo,languages,Map 102 Benin and Togo [27]; Map 103 Ghana [9]; Map 104 Burkina Faso [70]
anuk1239,Anuki,,-9.6692,149.822,anuk1239,,251,language,Austronesian,languages,"Map 31 South-Eastern Papua New Guinea [19, A]"
anuu1241,Anu-Hkongso,,21.5,93.05,anuu1241,,5515,language,Sino-Tibetan,languages,Map 49 Burma (Myanmar) [50]
anyi1245,Anyin,,6.31781,-3.30532,anyi1245,,254 259,language,Atlantic-Congo,languages,Map 103 Ghana [5]; Map 103 Ghana [6b]; Map 105 Ivory Coast [14]; Map 105 Ivory Coast [15]
aohe1237,Aoheng-Seputan,,0.87404,114.127,aohe1237,,257,language,Austronesian,languages,Map 41 Borneo and Madagascar [58]
aona1235,Ao Naga,,26.3241,94.3824,aona1235,,256,language,Sino-Tibetan,languages,"Map 51 North-East India, Bangladesh, Bhutan and Nepal [125]"
aore1237,Aore,,-15.5753,167.166,aore1237,,258,language,Austronesian,languages,Map 27 Vanuatu and New Caledonia [29]
apal1237,Apalachee,,30.118,-84.416,apal1237,,262,language,Muskogean,languages,Map 2 South-Eastern North America: Time of Contact [50]
apal1256,Apali,,-5.1727,145.023,apal1256,,1534,language,Nuclear Trans New Guinea,languages,Map 33 Northern Papua New Guinea [10]
apal1257,Apalaí,,1.49792,-54.7457,apal1257,,263,language,Cariban,languages,Map 12 Northern South America: Time of Contact [408]
apat1240,Apatani,,27.1933,93.7284,apat1240,,260,language,Sino-Tibetan,languages,"Map 51 North-East India, Bangladesh, Bhutan and Nepal [95]"
apia1248,Apiaká,,-7.84711,-57.91,apia1248,,265,language,Tupian,languages,Map 18 Brazilian Atlantic Coast: Time of Contact [357]
apin1244,Apinayé,,-6.10774,-47.6315,apin1244,,267,language,Nuclear-Macro-Je,languages,Map 18 Brazilian Atlantic Coast: Time of Contact [287]
apma1240,Apma,,-15.8559,168.189,apma1240,,269,language,Austronesian,languages,Map 27 Vanuatu and New Caledonia [51]
apma1241,Ap Ma,,-4.35147,144.085,apma1241,,2422,language,Keram,languages,Map 33 Northern Papua New Guinea [322]
apol1242,Apolista,,-14.83,-68.66,apol1242,,3167,language,Arawakan,languages,Map 20 Central Pacific Coast: Time of Contact [125]
apur1254,Apurinã,,-8.21692,-66.7714,apur1254,,270,language,Arawakan,languages,Map 16 Western Brazil: Time of Contact [122]
arab1267,Arabana,,-28.705,135.449,arab1267,,272,language,Pama-Nyungan,languages,Map 35 Australia: Time of Contact [364]
arac1235,Aracaju,,,,arac1235,,276,language,Unclassifiable,languages,Map 12 Northern South America: Time of Contact [407]
arai1239,Araicu,,-3.104315,-67.2052,arai1239,,6324,language,Arawakan,languages,Map 14 Northern Pacific Coast: Time of Contact [96]
aran1237,Dombano,,-2.08016,132.983,aran1237,,281,language,South Bird's Head,languages,Map 34 Irian Jaya [68]
aran1265,Aranama,,28.65425,-97.38526,aran1265,,280,language,Unclassifiable,languages,Map 2 South-Eastern North America: Time of Contact [22]
arao1248,Araona,,-12.4242,-67.7293,arao1248,,282,language,Pano-Tacanan,languages,Map 16 Western Brazil: Time of Contact [240]
arap1274,Arapaho,,43.3879,-108.81,arap1274,,284 692,language,Algic,languages,Map 5 The Great Plains: Time of Contact [10]; Map 5 The Great Plains: Time of Contact [9]
araw1272,Arawum,,-5.52787,145.903,araw1272,,291,language,Nuclear Trans New Guinea,languages,Map 33 Northern Papua New Guinea [27]
araw1276,Lokono,,5.64295,-56.9243,araw1276,,293,language,Arawakan,languages,Map 12 Northern South America: Time of Contact [105]
arbo1245,Arbore,,4.92183,36.7986,arbo1245,,295,language,Afro-Asiatic,languages,Map 72 Sudan and the Horn of Africa [60]; Map 86 Central East Africa [98]
arch1244,Archi,,42.3239,46.8267,arch1244,,296,language,Nakh-Daghestanian,languages,Map 59 The Caucasus [47]
area1240,'Are'are,,-9.20699,161.158,area1240,,8 3597,language,Austronesian,languages,Map 29 Solomon Islands and Bougainville [50]; Map 29 Solomon Islands and Bougainville [51]
aree1239,Are,,-9.67147,149.999,aree1239,,297,language,Austronesian,languages,Map 31 South-Eastern Papua New Guinea [16]
arem1240,Arem,,17.7672,105.928,arem1240,,299,language,Austroasiatic,languages,"Map 47 Northern Thailand, Laos and Vietnam [76]"
arha1237,Arhâ,,-21.2866,165.273,arha1237,,301,language,Austronesian,languages,Map 27 Vanuatu and New Caledonia [123]
arho1237,Arhö,,-21.3183,165.161,arho1237,,302,language,Austronesian,languages,Map 27 Vanuatu and New Caledonia [122]
arhu1242,Arhuaco,,10.7018,-73.6363,arhu1242,,2115,language,Chibchan,languages,Map 12 Northern South America: Time of Contact [35]
arib1240,Aribwaung,,-6.65252,146.919,arib1240,,6558,language,Austronesian,languages,Map 32 Southern Papua New Guinea [212]
arib1241,Aribwatsa,,-6.72266,146.991,arib1241,,3102,language,Austronesian,languages,Map 32 Southern Papua New Guinea [198]
arif1239,Arifama-Miniafia,,-9.15565,149.246,arif1239,,303,language,Austronesian,languages,Map 31 South-Eastern Papua New Guinea [13]
arig1246,Arigidi,,7.56324,5.89556,arig1246,,136,language,Atlantic-Congo,languages,Map 101 South-Western Nigeria [87]
arik1262,Arikara,,45.0,-100.0,arik1262,,307,language,Caddoan,languages,Map 5 The Great Plains: Time of Contact [32]
arik1264,Arikem,,-8.924,-63.742,arik1264,,6008,language,Tupian,languages,Map 16 Western Brazil: Time of Contact [366]
arik1265,Arikapú,,-12.4878,-62.7261,arik1265,,305,language,Nuclear-Macro-Je,languages,Map 16 Western Brazil: Time of Contact [325]
ariz1237,Arizona Tewa,,35.836667,-110.381389,ariz1237,,5734,language,Kiowa-Tanoan,languages,Map 3 South-Western North America: Time of Contact [42]
arop1243,Arop-Lokep,,-5.31671,147.103,arop1243,,3352,language,Austronesian,languages,Map 30 New Britain and New Ireland [33]; Map 33 Northern Papua New Guinea [378]
aros1241,Arosi,,-10.2441,161.432,aros1241,,315,language,Austronesian,languages,Map 29 Solomon Islands and Bougainville [54]
arta1239,Arta,,16.4185,121.656,arta1239,,317,language,Austronesian,languages,Map 40 The Philippines [21]
arua1260,Aruamu,,-4.28957,144.842,arua1260,,3841,language,Ramu,languages,Map 33 Northern Papua New Guinea [339]
arua1263,Arawá (Amazonas State),,-5.5,-67.98,arua1263,,292,language,Arawan,languages,Map 16 Western Brazil: Time of Contact [127]
arua1264,Aruan,,-0.608631,-50.123291,arua1264,,324,language,Arawakan,languages,Map 12 Northern South America: Time of Contact [100]
arue1240,Aruek,,-3.37841,142.715,arue1240,,319,language,Nuclear Torricelli,languages,Map 33 Northern Papua New Guinea [252]
aruo1240,Srenge,,-3.45782,142.478,aruo1240,,320,language,Nuclear Torricelli,languages,Map 33 Northern Papua New Guinea [240]
arut1244,Arutani,,4.0673594,-62.8676118,arut1244,,390,language,,languages,Map 12 Northern South America: Time of Contact [143]
asar1240,Asaro'o,,-5.68263,146.508,asar1240,,3948,language,Nuclear Trans New Guinea,languages,Map 33 Northern Papua New Guinea [133]
ashk1246,Ashkun,,35.10699,70.542035,ashk1246,,329,language,Indo-European,languages,"Map 53 Iran, Afghanistan and Pakistan [65]"
asho1236,Asho Chin,,21.393,93.5069,asho1236,,2695,language,Sino-Tibetan,languages,"Map 51 North-East India, Bangladesh, Bhutan and Nepal [149]"
asht1244,Ashtiani,,37.7469,48.6808,asht1244,,331,language,Indo-European,languages,"Map 53 Iran, Afghanistan and Pakistan [19]"
asil1242,Asilulu,,-3.67302,127.952,asil1242,,335,language,Austronesian,languages,Map 37 The Moluccas [5]
asko1238,Askopan,,-6.22539,155.307,asko1238,,1514,language,North Bougainville,languages,Map 29 Solomon Islands and Bougainville [72]
asoa1238,Asoa,,2.26818,26.7198,asoa1238,,340,language,Central Sudanic,languages,Map 79 Democratic Republic of Congo: Orienta [61]
assa1263,Assamese,,26.0876,91.2932,assa1263,,337,language,Indo-European,languages,"Map 51 North-East India, Bangladesh, Bhutan and Nepal [176]"
assa1269,Assangori,,13.9592,22.6393,assa1269,,1555,language,Tamaic,languages,Map 71 North-East Africa [88]; Map 72 Sudan and the Horn of Africa [146]
assi1247,Assiniboine,,49.2923,-106.068,assi1247,,338,language,Siouan,languages,Map 7 Northern North America: Time of Contact [61]
asue1235,Asue Awyu,,-5.98341,139.123,asue1235,,4905,language,Nuclear Trans New Guinea,languages,Map 34 Irian Jaya [14]
asur1254,Asuri,,21.5721,83.4562,asur1254,,341,language,Austroasiatic,languages,"Map 51 North-East India, Bangladesh, Bhutan and Nepal [202]"
asut1235,Asu (Tanzania),,-4.17978,37.8323,asut1235,,4795,language,Atlantic-Congo,languages,Map 85 Kenyan Coast [22]
atac1235,Atacame,,0.834931,-79.778137,atac1235,,5676,language,,languages,Map 12 Northern South America: Time of Contact [165]
atak1252,Atakapa,,30.9121,-93.0827,atak1252,,1463 6413,language,,languages,Map 2 South-Eastern North America: Time of Contact [29]; Map 2 South-Eastern North America: Time of Contact [30]
atam1240,Ata Manobo,,7.7789,125.499,atam1240,,345,language,Austronesian,languages,Map 40 The Philippines [102]
atay1247,Atayal,,24.5209,121.388,atay1247,,350,language,Austronesian,languages,"Map 50 Japan, Korea and Taiwan [5]"
atem1241,Mand,,-5.08137,144.806,atem1241,,351,language,Nuclear Trans New Guinea,languages,Map 33 Northern Papua New Guinea [9]
athp1241,Athpariya,,26.8794,87.3296,athp1241,,353,language,Sino-Tibetan,languages,"Map 51 North-East India, Bangladesh, Bhutan and Nepal [87]"
atik1240,Atikamekw,,47.9555,-73.7989,atik1240,,363,language,Algic,languages,Map 7 Northern North America: Time of Contact [66]
atoh1238,Atohwaim,,-6.27123,138.666,atoh1238,,2574,language,Kayagaric,languages,Map 34 Irian Jaya [41]
aton1241,Atong (India),,25.346508,90.658722,aton1241,,356,language,Sino-Tibetan,languages,"Map 51 North-East India, Bangladesh, Bhutan and Nepal [108]"
aton1242,Atong,,6.03539,9.72121,aton1242,,357,language,Atlantic-Congo,languages,Map 93 Central South-Western Cameroon [33]; Map 95 South-Eastern Nigeria and Mid-Western Cameroon [40a]
atsa1241,Atsam,,9.95914,8.48301,atsa1241,,1072,language,Atlantic-Congo,languages,"Map 97 North Plateau, Nigeria [25b]"
atsa1242,Atsahuaca,,-14.1666,-69.5,atsa1242,,359,language,Pano-Tacanan,languages,Map 14 Northern Pacific Coast: Time of Contact [228]
atsu1245,Atsugewi,,40.4271,-120.661,atsu1245,,362,language,Palaihnihan,languages,Map 4 California: Time of Contact [40]
atti1239,Attié,,5.9977,-3.8209,atti1239,,354,language,Atlantic-Congo,languages,Map 105 Ivory Coast [6]
auhe1237,'Auhelawa,,-10.0959,151.002,auhe1237,,3001,language,Austronesian,languages,Map 31 South-Eastern Papua New Guinea [2]
aulu1238,Aulua,,-16.3579,167.697,aulu1238,,367,language,Austronesian,languages,Map 27 Vanuatu and New Caledonia [76]
aush1241,Aushi,,-11.6295,29.0168,aush1241,,368,language,Atlantic-Congo,languages,Map 77 Zambia [7]
auuu1241,Au,,-3.53277,142.105,auuu1241,,365,language,Nuclear Torricelli,languages,Map 33 Northern Papua New Guinea [229]
auwe1239,Auwe,,-3.33662,141.254,auwe1239,,5429,language,Border,languages,Map 33 Northern Papua New Guinea [200]
avac1239,Avá-Canoeiro,,-13.6081,-48.1336,avac1239,,377,language,Tupian,languages,Map 18 Brazilian Atlantic Coast: Time of Contact [347]
avar1256,Avar,,41.7047,46.558,avar1256,,372,language,Nakh-Daghestanian,languages,Map 59 The Caucasus [23]
avik1243,Avikam,,5.15838,-5.2529,avik1243,,375,language,Atlantic-Congo,languages,Map 105 Ivory Coast [2]
avok1242,Avokaya,,4.38639,29.9379,avok1242,,376,language,Central Sudanic,languages,Map 79 Democratic Republic of Congo: Orienta [65d]
awab1243,Awabakal,,-33.12847,151.43555,awab1243,,381,language,Pama-Nyungan,languages,Map 35 Australia: Time of Contact [417]
awac1238,Lavia-Awalai-Damangnuo Awa,,22.75,99.4833,awac1238,,380,language,Austroasiatic,languages,"Map 46 Yunnan Province, China [9]"
awac1239,Awa-Cuaiquer,,1.21652,-78.3401,awac1239,,2765,language,Barbacoan,languages,Map 12 Northern South America: Time of Contact [20]
awad1243,Awadhi,,27.5907,82.4663,awad1243,,382,language,Indo-European,languages,"Map 51 North-East India, Bangladesh, Bhutan and Nepal [167]; Map 54 North-West India [70]"
awad1244,Awad Bing,,-5.59896,146.355,awad1244,,725,language,Austronesian,languages,Map 33 Northern Papua New Guinea [390]
awak1250,Awak,,9.86334,11.3291,awak1250,,383,language,Atlantic-Congo,languages,Map 98 North-Eastern Nigeria [2]
awap1236,Awa (Papua New Guinea),,-6.65534,145.714,awap1236,,379,language,Nuclear Trans New Guinea,languages,Map 32 Southern Papua New Guinea [3]
awar1249,Awar,,-4.13554,144.836,awar1249,,386,language,Ramu,languages,Map 33 Northern Papua New Guinea [336]
awee1242,Aweer,,-1.40124,41.234,awee1242,,835,language,Afro-Asiatic,languages,Map 72 Sudan and the Horn of Africa [56]; Map 85 Kenyan Coast [40]
awet1244,Awetí,,-12.381944,-53.391944,awet1244,,392,language,Tupian,languages,Map 18 Brazilian Atlantic Coast: Time of Contact [359]
awin1248,Awing,,5.88362,10.264,awin1248,,395,language,Atlantic-Congo,languages,Map 93 Central South-Western Cameroon [54]; Map 95 South-Eastern Nigeria and Mid-Western Cameroon [57]
awng1244,Awngi,,10.9819,36.6916,awng1244,,396 2991,language,Afro-Asiatic,languages,Map 72 Sudan and the Horn of Africa [49]; Map 72 Sudan and the Horn of Africa [50]
awtu1239,Awtuw,,-3.53129,141.928,awtu1239,,369,language,Sepik,languages,Map 33 Northern Papua New Guinea [278]
awun1245,Auwon,,-3.79671,141.999,awun1245,,398,language,Sepik,languages,Map 33 Northern Papua New Guinea [286]
awut1241,Awutu,,5.42441,-0.59545,awut1241,,399 1504,language,Atlantic-Congo,languages,Map 102 Benin and Togo [18a]; Map 103 Ghana [20]; Map 103 Ghana [21]
awyi1241,Awyi,,-3.00564,140.604,awyi1241,,400,language,Border,languages,Map 34 Irian Jaya [102]
axam1237,Axamb,,-16.4838,167.707,axam1237,,401,language,Austronesian,languages,Map 27 Vanuatu and New Caledonia [70]
axiy1235,Axi Yi,,24.6009,103.713,axiy1235,,402,language,Sino-Tibetan,languages,"Map 46 Yunnan Province, China [84]"
ayor1240,Ayoreo,,-19.220055,-60.217495,ayor1240,,409,language,Zamucoan,languages,Map 18 Brazilian Atlantic Coast: Time of Contact [275]
ayuu1242,Ayu,,9.2634,8.60225,ayuu1242,,411,language,Atlantic-Congo,languages,"Map 96 South Plateau, Nigeria [29]; Map 97 North Plateau, Nigeria [13a]"
azha1235,Azha,,23.9,104.15,azha1235,,414,language,Sino-Tibetan,languages,"Map 46 Yunnan Province, China [86]"
azhe1235,Azhe,,24.405,103.441,azhe1235,,415,language,Sino-Tibetan,languages,"Map 46 Yunnan Province, China [85]"
baat1238,Baatonum,,9.63186,2.99607,baat1238,,576,language,Atlantic-Congo,languages,Map 102 Benin and Togo [44]; Map 104 Burkina Faso [67]
baba1263,Babango,,1.79475,23.5851,baba1263,,533,language,Atlantic-Congo,languages,Map 79 Democratic Republic of Congo: Orienta [26]; Map 82 Democratic Republic of Congo: Equate [30]
baba1266,Babanki,,5.97863,10.2869,baba1266,,419,language,Atlantic-Congo,languages,Map 93 Central South-Western Cameroon [40]; Map 95 South-Eastern Nigeria and Mid-Western Cameroon [42c]
baba1273,Babalia Creole Arabic,,12.7617,16.6925,baba1273,,875 876,language,Bookkeeping,languages,"Map 90 Central African Republic, South-Western Chad and Cameroon [44d]; Map 99 Lake Chad Region [33]"
babi1235,Witsuwit'en-Babine,,55.0997,-126.41,babi1235,,422,language,Athabaskan-Eyak-Tlingit,languages,Map 6 North-Western Pacific America: Time of Contact [7]
baca1246,Bacama,,9.53072,12.0416,baca1246,,427,language,Afro-Asiatic,languages,Map 91 Adamawa Region [68]; Map 98 North-Eastern Nigeria [108a]
bada1258,Bada (Nigeria),,9.62456,9.95,bada1258,,429,language,Atlantic-Congo,languages,"Map 96 South Plateau, Nigeria [48]; Map 97 North Plateau, Nigeria [58]; Map 98 North-Eastern Nigeria [48]"
bada1261,Bada (Indonesia),,-1.80249,120.319,bada1261,,428,language,Austronesian,languages,Map 39 Sulawesi [33]
bade1248,Bade,,12.789,10.6557,bade1248,,430,language,Afro-Asiatic,languages,Map 100 Northern Nigeria and Niger [8]
bady1239,Jaad-Badyara,,12.6425,-13.4759,bady1239,,4729,language,Atlantic-Congo,languages,"Map 108 Senegal, Gambia and Guinea Bissau [29]"
baet1237,Baetora,,-15.2574,168.159,baet1237,,432,language,Austronesian,languages,Map 27 Vanuatu and New Caledonia [18]
bafa1247,Bafaw-Balong,,4.53307,9.522,bafa1247,,500,language,Atlantic-Congo,languages,Map 92 South-Western Cameroon [30]; Map 93 Central South-Western Cameroon [87]
bafi1243,Bafia,,4.72603,11.0982,bafi1243,,5081 5087,language,Atlantic-Congo,languages,Map 93 Central South-Western Cameroon [80]; Map 93 Central South-Western Cameroon [81]
bafu1246,Bafut,,6.14153,10.1194,bafu1246,,434,language,Atlantic-Congo,languages,Map 93 Central South-Western Cameroon [50]; Map 95 South-Eastern Nigeria and Mid-Western Cameroon [55]
baga1272,Baga Sitemu,,10.4793,-14.4756,baga1272,,438,language,Atlantic-Congo,languages,Map 107 Guinea and Mali [10b]
baga1273,Baga Koga,,10.1286,-13.947,baga1273,,436,language,Atlantic-Congo,languages,Map 107 Guinea and Mali [13]
baga1274,Baga Sobané,,9.98865,-13.9054,baga1274,,439,language,Bookkeeping,languages,Map 107 Guinea and Mali [12]
baga1275,Pukur,,10.5271,-14.6111,baga1275,,435 437,language,Atlantic-Congo,languages,Map 107 Guinea and Mali [11]; Map 107 Guinea and Mali [4b]
bagh1251,Bagheli,,24.6837,87.4994,bagh1251,,443,language,Indo-European,languages,"Map 51 North-East India, Bangladesh, Bhutan and Nepal [168]; Map 54 North-West India [71]"
bagi1246,Bagirmi,,11.52392,14.769495,bagi1246,,579,language,Central Sudanic,languages,"Map 90 Central African Republic, South-Western Chad and Cameroon [44f]; Map 99 Lake Chad Region [34]"
bago1245,Bago-Kusuntu,,8.52697,1.41214,bago1245,,444,language,Atlantic-Congo,languages,Map 102 Benin and Togo [48]
bagr1243,Bagri,,31.4,75.06,bagr1243,,446,language,Indo-European,languages,Map 54 North-West India [57a]
bagu1252,Bagupi,,-5.07778,145.632,bagu1252,,447,language,Nuclear Trans New Guinea,languages,Map 33 Northern Papua New Guinea [92]
bagv1239,Bagvalal,,42.3966,46.1041,bagv1239,,448,language,Nakh-Daghestanian,languages,Map 59 The Caucasus [29]
baha1257,Bahau,,0.30801,115.332,baha1257,,452,language,Austronesian,languages,Map 41 Borneo and Madagascar [52]
baha1258,Baham,,-3.10628,132.637,baha1258,,450,language,West Bomberai,languages,Map 34 Irian Jaya [54]
baha1259,Baharna Arabic,,26.223615,50.580811,baha1259,,151 458,language,Afro-Asiatic,languages,Map 70 The Middle East and Arabian Peninsula [57]; Map 70 The Middle East and Arabian Peninsula [59]
bahi1252,Bahing,,27.3323,86.3949,bahi1252,,456,language,Sino-Tibetan,languages,"Map 51 North-East India, Bangladesh, Bhutan and Nepal [62]"
bahi1254,Bahinemo,,-4.55527,142.832,bahi1254,,455,language,Sepik,languages,Map 33 Northern Papua New Guinea [305]
bahn1262,Bahnar,,14.0476,108.471,bahn1262,,457,language,Austroasiatic,languages,"Map 48 Southern Thailand, Laos and Vietnam, and Cambodia [67]"
baib1251,Baibai,,-3.42672,141.345,baib1251,,460,language,Baibai-Fas,languages,Map 33 Northern Papua New Guinea [211]
baim1244,Baima,,33.1001,103.952,baim1244,,463,language,Sino-Tibetan,languages,Map 45 China and Mongolia [111]
baim1245,Baimak,,-5.18943,145.606,baim1245,,464,language,Nuclear Trans New Guinea,languages,Map 33 Northern Papua New Guinea [96]
bain1259,Bainounk-Gujaher,,12.3128,-16.0586,bain1259,,549,language,Atlantic-Congo,languages,"Map 108 Senegal, Gambia and Guinea Bissau [27]"
baka1272,Baka (Cameroon),,2.16013,13.7804,baka1272,,4299,language,Atlantic-Congo,languages,Map 87 Northern Congo and Southern Central African Republic [75]
baka1273,Bakaka,,4.79991,9.80402,baka1273,,4078,language,Atlantic-Congo,languages,Map 93 Central South-Western Cameroon [88g]
baka1274,Baka (South Sudan),,4.65943,29.59,baka1274,,473,language,Central Sudanic,languages,Map 79 Democratic Republic of Congo: Orienta [64]
baka1277,Bakairí,,-14.2628,-54.7034,baka1277,,474,language,Cariban,languages,Map 18 Brazilian Atlantic Coast: Time of Contact [412]
bakh1245,Bakhtiari,,32.0163,49.7713,bakh1245,,3371,language,Indo-European,languages,"Map 53 Iran, Afghanistan and Pakistan [4b]"
baki1244,Baki,,-16.7096,168.165,baki1244,,476,language,Austronesian,languages,Map 27 Vanuatu and New Caledonia [95]
bako1249,Bakoko,,3.56518,9.99905,bako1249,,78 478 758 6564 6593 6610,language,Atlantic-Congo,languages,Map 92 South-Western Cameroon [34]; Map 92 South-Western Cameroon [35c]; Map 92 South-Western Cameroon [36]; Map 92 South-Western Cameroon [37]; Map 92 South-Western Cameroon [37a]; Map 92 South-Western Cameroon [37b]; Map 93 Central South-Western Cameroon [95a]
bako1250,Bakole,,4.43654,8.97387,bako1250,,479,language,Atlantic-Congo,languages,Map 92 South-Western Cameroon [19]; Map 93 Central South-Western Cameroon [89]
bakp1238,Iyongiyong,,5.26756,8.26321,bakp1238,,482 2210,language,Atlantic-Congo,languages,Map 101 South-Western Nigeria [25]; Map 93 Central South-Western Cameroon [10]; Map 93 Central South-Western Cameroon [10a]
bakw1243,Bakwé,,5.23123,-6.51077,bakw1243,,485,language,Kru,languages,Map 105 Ivory Coast [27]
bala1302,Balanta-Ganja,,12.5382,-15.6658,bala1302,,1691,language,Atlantic-Congo,languages,"Map 108 Senegal, Gambia and Guinea Bissau [21a]"
bala1310,Balangao,,17.0994,121.272,bala1310,,488,language,Austronesian,languages,Map 40 The Philippines [27]
bala1311,Balangingi,,6.011614,121.686646,bala1311,,4489,language,Austronesian,languages,Map 40 The Philippines [116]
bala1314,Balaesang,,-0.05644,119.689,bala1314,,487,language,Austronesian,languages,Map 39 Sulawesi [27]
bala1315,Balantak,,-0.86809,123.289,bala1315,,490,language,Austronesian,languages,Map 39 Sulawesi [42]
bald1241,Baldemu,,10.9078,14.4674,bald1241,,491,language,Afro-Asiatic,languages,Map 94 Northern Cameroon [31]
bali1245,Bali (Nigeria),,8.81345,11.2952,bali1245,,496,language,Atlantic-Congo,languages,Map 98 North-Eastern Nigeria [33]
bali1274,Bali (Democratic Republic of Congo),,1.1807,26.5941,bali1274,,494,language,Atlantic-Congo,languages,Map 79 Democratic Republic of Congo: Orienta [28]
bali1278,Balinese,,-8.35714,115.075,bali1278,,499,language,Austronesian,languages,Map 38 Lesser Sunda Islands and Timor [1]; Map 42 Java and Bali [6]
bali1279,Balinese Malay,,-8.355884,114.648391,bali1279,,5532,language,Austronesian,languages,Map 42 Java and Bali [5]
balo1261,Loi-Likila,,0.93777,18.1266,balo1261,,3292,language,Atlantic-Congo,languages,Map 87 Northern Congo and Southern Central African Republic [3]
balt1258,Balti,,34.4491,77.2859,balt1258,,501,language,Sino-Tibetan,languages,"Map 53 Iran, Afghanistan and Pakistan [78]; Map 54 North-West India [2]"
balu1257,Paluai,,-2.5604,147.282,balu1257,,502,language,Austronesian,languages,Map 30 New Britain and New Ireland [25]
bamb1262,Bambassi,,9.82554,34.6522,bamb1262,,3571,language,Blue Nile Mao,languages,Map 72 Sudan and the Horn of Africa [100]
bamb1266,Bambili-Bambui,,6.10821,10.2233,bamb1266,,509,language,Atlantic-Congo,languages,Map 95 South-Eastern Nigeria and Mid-Western Cameroon [56]
bamb1269,Bambara,,12.9,-7.65,bamb1269,,508,language,Mande,languages,"Map 104 Burkina Faso [73]; Map 107 Guinea and Mali [21a]; Map 108 Senegal, Gambia and Guinea Bissau [35a]"
bamb1270,Bambam,,-3.02759,119.201,bamb1270,,4909,language,Austronesian,languages,Map 39 Sulawesi [49]
bame1260,Bamenyam,,5.77049,10.3302,bame1260,,3502,language,Atlantic-Congo,languages,Map 93 Central South-Western Cameroon [49]; Map 95 South-Eastern Nigeria and Mid-Western Cameroon [53]
bamu1253,Bamun,,5.49017,10.8477,bamu1253,,514,language,Atlantic-Congo,languages,Map 93 Central South-Western Cameroon [47]; Map 95 South-Eastern Nigeria and Mid-Western Cameroon [51]
bamu1256,Bamunka,,6.00203,10.5127,bamu1256,,515,language,Atlantic-Congo,languages,Map 93 Central South-Western Cameroon [43]; Map 95 South-Eastern Nigeria and Mid-Western Cameroon [44a]
bamu1257,Bamu,,-7.93818,143.545,bamu1257,,513,language,Kiwaian,languages,Map 32 Southern Papua New Guinea [158]
bamw1238,Bamwe,,2.16773,19.1644,bamw1238,,3241,language,Atlantic-Congo,languages,Map 82 Democratic Republic of Congo: Equate [21]
bana1292,Banaro,,-4.56615,144.329,bana1292,,518,language,Ramu,languages,Map 33 Northern Papua New Guinea [326]
bana1305,Bana,,10.3535,13.6131,bana1305,,516,language,Afro-Asiatic,languages,Map 94 Northern Cameroon [15]
band1342,Banda-Mbrès,,7.32924,23.0108,band1342,,1236 3730 3958 5149 6231,language,Atlantic-Congo,languages,"Map 79 Democratic Republic of Congo: Orienta [55b]; Map 82 Democratic Republic of Congo: Equate [60]; Map 89 Central African Republic and South-Eastern Chad [11]; Map 89 Central African Republic and South-Eastern Chad [12]; Map 89 Central African Republic and South-Eastern Chad [7]; Map 89 Central African Republic and South-Eastern Chad [8]; Map 89 Central African Republic and South-Eastern Chad [9]; Map 90 Central African Republic, South-Western Chad and Cameroon [23]; Map 90 Central African Republic, South-Western Chad and Cameroon [24]; Map 90 Central African Republic, South-Western Chad and Cameroon [25]"
band1343,Banda-Banda,,6.63889,22.7568,band1343,,870 3704 3760 4069 4201 4255 4261,language,Atlantic-Congo,languages,Map 79 Democratic Republic of Congo: Orienta [56b]; Map 82 Democratic Republic of Congo: Equate [56]; Map 89 Central African Republic and South-Eastern Chad [13]; Map 89 Central African Republic and South-Eastern Chad [15]; Map 89 Central African Republic and South-Eastern Chad [24]; Map 89 Central African Republic and South-Eastern Chad [25]; Map 89 Central African Republic and South-Eastern Chad [26]; Map 89 Central African Republic and South-Eastern Chad [28]; Map 89 Central African Republic and South-Eastern Chad [29]
band1344,Banda-Bambari,,6.21563,20.9827,band1344,,670 1735 2255 3259 4208 4282,language,Atlantic-Congo,languages,Map 82 Democratic Republic of Congo: Equate [53]; Map 82 Democratic Republic of Congo: Equate [54]; Map 82 Democratic Republic of Congo: Equate [55]; Map 89 Central African Republic and South-Eastern Chad [27]; Map 89 Central African Republic and South-Eastern Chad [31]; Map 89 Central African Republic and South-Eastern Chad [32]; Map 89 Central African Republic and South-Eastern Chad [33]; Map 89 Central African Republic and South-Eastern Chad [34]; Map 89 Central African Republic and South-Eastern Chad [35]
band1345,Banda-Ndélé,,8.03339,23.9021,band1345,,2302 3712 4281 5706,language,Atlantic-Congo,languages,"Map 79 Democratic Republic of Congo: Orienta [55c]; Map 79 Democratic Republic of Congo: Orienta [55d]; Map 89 Central African Republic and South-Eastern Chad [17]; Map 89 Central African Republic and South-Eastern Chad [18]; Map 89 Central African Republic and South-Eastern Chad [19]; Map 89 Central African Republic and South-Eastern Chad [23]; Map 90 Central African Republic, South-Western Chad and Cameroon [26]; Map 90 Central African Republic, South-Western Chad and Cameroon [27]"
band1348,Banda-Yangere,,3.95763,16.5907,band1348,,1732 6578,language,Atlantic-Congo,languages,"Map 87 Northern Congo and Southern Central African Republic [91]; Map 87 Northern Congo and Southern Central African Republic [94]; Map 90 Central African Republic, South-Western Chad and Cameroon [22]"
band1352,Bandi,,7.73729,-10.1684,band1352,,522,language,Mande,languages,Map 106 Liberia and Sierra Leone [27]
band1355,Banda (Indonesia),,-5.42138,133.142,band1355,,519,language,Austronesian,languages,"Map 34 Irian Jaya [225, D]"
bang1347,Ngombe-Bangandu,,2.18716,14.7506,bang1347,,527 1730,language,Atlantic-Congo,languages,Map 87 Northern Congo and Southern Central African Republic [87]; Map 87 Northern Congo and Southern Central African Republic [93]
bang1348,Bangwinji,,9.57157,11.2022,bang1348,,536,language,Atlantic-Congo,languages,Map 98 North-Eastern Nigeria [5]
bang1350,Bangubangu,,-4.31464,27.2438,bang1350,,535 2539 4428,language,Atlantic-Congo,languages,Map 78 Democratic Republic of Congo: Katang [12]; Map 78 Democratic Republic of Congo: Katang [27]; Map 80 Democratic Republic of Congo: Kivu [55]; Map 80 Democratic Republic of Congo: Kivu [61]; Map 80 Democratic Republic of Congo: Kivu [61a]
bang1354,Bobangi,,-0.87437,17.227,bang1354,,776 1318 1542,language,Atlantic-Congo,languages,Map 81 Democratic Republic of Congo: Kasai [4]; Map 81 Democratic Republic of Congo: Kasai [8]; Map 82 Democratic Republic of Congo: Equate [1]; Map 82 Democratic Republic of Congo: Equate [3]; Map 83 Democratic Republic of Congo: Bas Congo and Southern Congo [62]; Map 87 Northern Congo and Southern Central African Republic [10]; Map 87 Northern Congo and Southern Central African Republic [1]
bang1363,Bangime,,14.8116,-3.77092,bang1363,,528 1358,language,,languages,Map 104 Burkina Faso [4]; Map 104 Burkina Faso [4f]; Map 73 North-West Africa [76]
bang1365,Bangka,,-1.73288,105.897,bang1365,,3296,language,Austronesian,languages,Map 43 Sumatra [18]
bang1368,Banggai,,-1.58305,123.171,bang1368,,531,language,Austronesian,languages,Map 39 Sulawesi [43]
bang1369,Bangru,,27.95151,93.1608,bang1369,,534,language,Sino-Tibetan,languages,"Map 51 North-East India, Bangladesh, Bhutan and Nepal [93]"
bank1256,Bankon,,4.3702,9.6403,bank1256,,3298,language,Atlantic-Congo,languages,Map 92 South-Western Cameroon [38]; Map 93 Central South-Western Cameroon [96]
bann1247,Bannoni,,-6.23061,155.128,bann1247,,543,language,Austronesian,languages,Map 29 Solomon Islands and Bougainville [10]
bant1281,Bantawa,,27.12147,87.04738,bant1281,,545,language,Sino-Tibetan,languages,"Map 51 North-East India, Bangladesh, Bhutan and Nepal [72]"
bant1286,Bantik,,1.44586,124.846,bant1286,,547,language,Austronesian,languages,Map 39 Sulawesi [3]
bant1288,Bantoanon,,12.5194,122.034,bant1288,,548,language,Austronesian,languages,Map 40 The Philippines [72]
bant1293,Bantayanon,,11.2144,123.755,bant1293,,546,language,Austronesian,languages,Map 40 The Philippines [79]
baou1238,Baoulé,,5.42509,-4.76565,baou1238,,625,language,Atlantic-Congo,languages,Map 105 Ivory Coast [13]
bara1357,Baraamu,,28.3768,85.0584,bara1357,,704,language,Sino-Tibetan,languages,"Map 51 North-East India, Bangladesh, Bhutan and Nepal [49]"
bara1361,Barambu,,3.34642,26.861,bara1361,,568,language,Atlantic-Congo,languages,Map 79 Democratic Republic of Congo: Orienta [44]
bara1362,Barama,,-2.49659,10.6777,bara1362,,6191,language,Atlantic-Congo,languages,Map 88 Gabon and Equatorial Guinea [15]
bara1367,Barakai,,-6.7394,134.671,bara1367,,566,language,Austronesian,languages,Map 34 Irian Jaya [230]
bara1370,Baram Kayan,,3.51211,114.482,bara1370,,567,language,Austronesian,languages,Map 41 Borneo and Madagascar [48]
bara1375,Barapasi,,-2.28732,137.054,bara1375,,583,language,Geelvink Bay,languages,Map 34 Irian Jaya [130]
barb1263,Barbareño,,34.462,-119.699,barb1263,,571,language,Chumashan,languages,Map 3 South-Western North America: Time of Contact [63]
bare1279,Barain,,10.970124,17.911727,bare1279,,573,language,Afro-Asiatic,languages,Map 89 Central African Republic and South-Eastern Chad [87]
barg1252,Bargam,,-4.8723,145.756,barg1252,,4000,language,Nuclear Trans New Guinea,languages,Map 33 Northern Papua New Guinea [58]
bari1284,Bari,,4.19522,31.0723,bari1284,,574 4927,language,Nilotic,languages,Map 72 Sudan and the Horn of Africa [160]; Map 72 Sudan and the Horn of Africa [164]; Map 79 Democratic Republic of Congo: Orienta [69]; Map 79 Democratic Republic of Congo: Orienta [72]; Map 86 Central East Africa [67]
bari1286,Bariai,,-5.5087,148.666,bari1286,,575,language,Austronesian,languages,Map 30 New Britain and New Ireland [29]
bari1290,Bariji,,-9.231,148.454,bari1290,,577,language,Yareban,languages,Map 31 South-Eastern Papua New Guinea [60]
bari1297,Barí,,9.08497,-72.9353,bari1297,,594,language,Chibchan,languages,Map 12 Northern South America: Time of Contact [37]
bari1298,Barikewa,,-7.09739,143.99279,bari1298,,4646,language,Turama-Kikori,languages,Map 32 Southern Papua New Guinea [172]
baro1253,Barok,,-3.47672,152.193,baro1253,,582,language,Austronesian,languages,Map 30 New Britain and New Ireland [63]
barr1247,Barrow Point,,-14.1219,144.531,barr1247,,584,language,Pama-Nyungan,languages,Map 35 Australia: Time of Contact [293]
baru1267,Baruya,,-6.89261,145.818,baru1267,,589,language,Angan,languages,Map 32 Southern Papua New Guinea [115]
baru1269,Baruga,,-9.40132,148.761,baru1269,,586,language,Nuclear Trans New Guinea,languages,Map 31 South-Eastern Papua New Guinea [85]
barw1243,Barwe,,-17.675,33.4534,barw1243,,590,language,Atlantic-Congo,languages,Map 74 Southern Africa [18]; Map 75 Mozambique [42c]
basa1282,Basa (Nigeria),,8.03159,7.06183,basa1282,,53,language,Atlantic-Congo,languages,"Map 101 South-Western Nigeria [42]; Map 96 South Plateau, Nigeria [8]"
basa1284,Basa (Cameroon),,3.80765,10.4213,basa1284,,597 6527,language,Atlantic-Congo,languages,Map 92 South-Western Cameroon [35]; Map 92 South-Western Cameroon [35a]; Map 93 Central South-Western Cameroon [95]; Map 93 Central South-Western Cameroon [97]
basa1286,Basap,,1.41405,117.942,basa1286,,599,language,Austronesian,languages,Map 41 Borneo and Madagascar [46]
bash1263,Bashkardi,,27.33262,56.86549,bash1263,,604,language,Indo-European,languages,"Map 53 Iran, Afghanistan and Pakistan [22]"
bash1264,Bashkir,,53.59671,56.55937,bash1264,,606,language,Turkic,languages,"Map 56 Western Siberia [3]; Map 58 Western Russia, the Baltic States, Belarus, Ukraine and Moldova [14]"
bask1236,Basketo,,6.45774,36.5763,bask1236,,609,language,Ta-Ne-Omotic,languages,Map 72 Sudan and the Horn of Africa [82]
basq1248,Basque,,43.2787,-1.31622,basq1248,,610,language,,languages,"Map 68 The Iberian Peninsula and Atlantic Islands [7]; Map 69 France, Belgium, the Netherlands and Luxembourg [15]"
bass1258,Bassari-Tanda,,12.4529,-13.3495,bass1258,,600,language,Atlantic-Congo,languages,"Map 107 Guinea and Mali [6]; Map 108 Senegal, Gambia and Guinea Bissau [22]"
bass1260,Bassossi,,5.23655,9.52275,bass1260,,3873 4518,language,Atlantic-Congo,languages,Map 93 Central South-Western Cameroon [85]; Map 93 Central South-Western Cameroon [85a]
bata1285,Batanga,,1.397041,9.51011,bata1285,,544 615,language,Atlantic-Congo,languages,Map 92 South-Western Cameroon [23]; Map 92 South-Western Cameroon [24]
bata1288,Batak Simalungun,,3.04372,98.9083,bata1288,,5425,language,Austronesian,languages,Map 43 Sumatra [11]
bata1289,Batak Toba,,2.35498,99.1761,bata1289,,5918,language,Austronesian,languages,Map 43 Sumatra [9]
bata1292,Batak Alas-Kluet,,3.4293,97.8123,bata1292,,161,language,Austronesian,languages,Map 43 Sumatra [7]
bata1293,Batak Karo,,2.12787,98.2517,bata1293,,2524,language,Austronesian,languages,Map 43 Sumatra [8]
bata1297,Bataan Ayta,,14.4153,120.49,bata1297,,613,language,Austronesian,languages,Map 40 The Philippines [45]
bata1301,Batak,,10.1115,119.025,bata1301,,614,language,Austronesian,languages,Map 40 The Philippines [57]
bata1314,Bata,,9.68091,12.677,bata1314,,1738 1739,language,Afro-Asiatic,languages,Map 91 Adamawa Region [66]; Map 98 North-Eastern Nigeria [108]
bate1262,Batek,,4.8223,102.382,bate1262,,617,language,Austroasiatic,languages,Map 44 West Malaysia and Singapore [5]
bath1244,Bathari,,17.88699,55.61232,bath1244,,862,language,Afro-Asiatic,languages,Map 70 The Middle East and Arabian Peninsula [103]
bati1251,Bati (Cameroon),,4.25573,11.0591,bati1251,,619,language,Atlantic-Congo,languages,Map 92 South-Western Cameroon [10]; Map 93 Central South-Western Cameroon [74]
batu1255,Batu,,6.81588,10.9377,batu1255,,16 621,language,Atlantic-Congo,languages,Map 95 South-Eastern Nigeria and Mid-Western Cameroon [15]; Map 95 South-Eastern Nigeria and Mid-Western Cameroon [F]
baub1235,Bau-Jagoi Bidayuh,,1.54467,109.985,baub1235,,2216 5434,language,Austronesian,languages,Map 41 Borneo and Madagascar [18]; Map 41 Borneo and Madagascar [19]
bauc1238,Bauchi,,10.2077,6.61686,bauc1238,,629,language,Atlantic-Congo,languages,Map 101 South-Western Nigeria [45]
baur1252,Bauro,,-10.5826,161.863,baur1252,,628,language,Austronesian,languages,Map 29 Solomon Islands and Bougainville [56]
baur1253,Baure,,-13.61,-63.68,baur1253,,626,language,Arawakan,languages,Map 16 Western Brazil: Time of Contact [117]
bauu1244,Bau,,-5.26465,145.611,bauu1244,,623,language,Nuclear Trans New Guinea,languages,Map 33 Northern Papua New Guinea [84]
bauw1240,Bauwaki,,-9.82577,148.815,bauw1240,,630,language,Mailuan,languages,Map 31 South-Eastern Papua New Guinea [64]
bauz1241,Bauzi,,-2.44717,137.629,bauz1241,,631,language,Geelvink Bay,languages,Map 34 Irian Jaya [132]
baya1257,Bayali,,-23.72933,150.86616,baya1257,,636,language,Pama-Nyungan,languages,Map 35 Australia: Time of Contact [394]
baym1241,Bay Miwok,,37.784,-122.419,baym1241,,633,language,Miwok-Costanoan,languages,Map 4 California: Time of Contact [61]
bayo1255,Kugere-Kuxinge,,12.6881,-16.3947,bayo1255,,637,language,Atlantic-Congo,languages,"Map 108 Senegal, Gambia and Guinea Bissau [9]"
beam1240,Beami,,-6.14949,142.508,beam1240,,642,language,Bosavi,languages,Map 32 Southern Papua New Guinea [84]; Map 33 Northern Papua New Guinea [186]
beav1236,Beaver,,56.7984,-120.352,beav1236,,645,language,Athabaskan-Eyak-Tlingit,languages,Map 7 Northern North America: Time of Contact [38]
beba1238,Beba,,6.32256,9.73577,beba1238,,646,language,Atlantic-Congo,languages,Map 95 South-Eastern Nigeria and Mid-Western Cameroon [55a]
bebe1250,Bebe,,6.74825,10.5646,bebe1250,,647,language,Atlantic-Congo,languages,Map 95 South-Eastern Nigeria and Mid-Western Cameroon [18]
bebe1252,Bebeli,,-5.63282,150.323,bebe1252,,2475,language,Austronesian,languages,Map 30 New Britain and New Ireland [45]
bedo1237,Bedoanas,,-2.74438,132.566,bedo1237,,648,language,Austronesian,languages,Map 34 Irian Jaya [219]
beem1239,Beembe,,-3.95895,14.1,beem1239,,2635 3747 4065 4523,language,Atlantic-Congo,languages,Map 83 Democratic Republic of Congo: Bas Congo and Southern Congo [13a]; Map 83 Democratic Republic of Congo: Bas Congo and Southern Congo [13b]; Map 83 Democratic Republic of Congo: Bas Congo and Southern Congo [13c]; Map 83 Democratic Republic of Congo: Bas Congo and Southern Congo [13d]
befa1241,Menchum,,6.27562,10.0342,befa1241,,660 3890,language,Atlantic-Congo,languages,Map 95 South-Eastern Nigeria and Mid-Western Cameroon [39a]; Map 95 South-Eastern Nigeria and Mid-Western Cameroon [39b]
beja1238,Beja,,17.2436,36.6666,beja1238,,5 662 1919 5397,language,Afro-Asiatic,languages,Map 71 North-East Africa [13]; Map 72 Sudan and the Horn of Africa [23]; Map 72 Sudan and the Horn of Africa [45]; Map 72 Sudan and the Horn of Africa [7a]
bekw1241,Bekwarra,,6.73737,8.86489,bekw1241,,663,language,Atlantic-Congo,languages,Map 95 South-Eastern Nigeria and Mid-Western Cameroon [73c]
bekw1242,Bekwil,,1.71801,14.6527,bekw1242,,664 665 1566,language,Atlantic-Congo,languages,Map 87 Northern Congo and Southern Central African Republic [53a]; Map 87 Northern Congo and Southern Central African Republic [53l]; Map 87 Northern Congo and Southern Central African Republic [53m]
bela1254,Belarusian,,53.2307,25.6038,bela1254,,666,language,Indo-European,languages,"Map 58 Western Russia, the Baltic States, Belarus, Ukraine and Moldova [2]"
belh1239,Belhariya,,26.9972,87.2783,belh1239,,668,language,Sino-Tibetan,languages,"Map 51 North-East India, Bangladesh, Bhutan and Nepal [85]"
beli1258,Beli (Papua New Guinea),,-3.67881,142.34,beli1258,,669,language,Nuclear Torricelli,languages,Map 33 Northern Papua New Guinea [247]
bell1243,Bella Coola,,52.3448,-126.689,bell1243,,671,language,Salishan,languages,Map 6 North-Western Pacific America: Time of Contact [17]
bemb1255,Bembe,,-4.49057,29.0507,bemb1255,,674,language,Atlantic-Congo,languages,Map 80 Democratic Republic of Congo: Kivu [48]
bemb1257,Bemba (Zambia),,-10.6122,29.2993,bemb1257,,673 2317 3376 4006 4314 4330 5372 6062 6118,language,Atlantic-Congo,languages,Map 76 Southern Tanzania [60]; Map 77 Zambia [1]; Map 77 Zambia [1a]; Map 77 Zambia [1b]; Map 77 Zambia [2]; Map 77 Zambia [3]; Map 77 Zambia [4]; Map 77 Zambia [5]; Map 77 Zambia [8]; Map 77 Zambia [9]; Map 78 Democratic Republic of Congo: Katang [29]
bena1260,Bena (Nigeria),,9.74861,12.3972,bena1260,,6711,language,Atlantic-Congo,languages,Map 91 Adamawa Region [22]; Map 98 North-Eastern Nigeria [12]
bena1262,Bena (Tanzania),,-9.26671,35.0364,bena1262,,676,language,Atlantic-Congo,languages,Map 76 Southern Tanzania [42]
bena1264,Benabena,,-6.09974,145.534,bena1264,,678,language,Nuclear Trans New Guinea,languages,Map 32 Southern Papua New Guinea [11]; Map 33 Northern Papua New Guinea [151]
benc1235,Bench,,7.04682,35.7673,benc1235,,679 5360,language,Ta-Ne-Omotic,languages,Map 72 Sudan and the Horn of Africa [89]; Map 72 Sudan and the Horn of Africa [90]
bend1258,Bende,,-6.22082,30.5926,bend1258,,680,language,Atlantic-Congo,languages,Map 76 Southern Tanzania [23]; Map 78 Democratic Republic of Congo: Katang [42]
beng1280,Bengali,,24.0,90.0,beng1280,,683,language,Indo-European,languages,"Map 51 North-East India, Bangladesh, Bhutan and Nepal [177]"
beng1282,Benga,,1.075766,9.600739,beng1282,,563 682,language,Atlantic-Congo,languages,Map 88 Gabon and Equatorial Guinea [1]; Map 92 South-Western Cameroon [24a]
beng1286,Beng,,7.78122,-4.23539,beng1286,,675,language,Mande,languages,Map 105 Ivory Coast [80]
beot1247,Beothuk,,48.0,-57.0,beot1247,,685,language,,languages,Map 1 East Coast and Great Lakes: Time of Contact [1]
bepo1240,Bepour,,-4.5985,145.442,bepo1240,,686,language,Nuclear Trans New Guinea,languages,Map 33 Northern Papua New Guinea [60]
beri1253,Berinomo,,-4.41689,142.463,beri1253,,761,language,Sepik,languages,Map 33 Northern Papua New Guinea [304]
beri1254,Berik,,-2.26904,138.866,beri1254,,690,language,Tor-Orya,languages,Map 34 Irian Jaya [153]
bero1242,Berom,,9.67037,8.81221,bero1242,,751,language,Atlantic-Congo,languages,"Map 96 South Plateau, Nigeria [36a]; Map 97 North Plateau, Nigeria [15]"
besi1244,Besisi,,2.717,101.676,besi1244,,693,language,Austroasiatic,languages,Map 44 West Malaysia and Singapore [13]
beta1252,Betawi,,-6.21174,107.022,beta1252,,2218,language,Austronesian,languages,Map 42 Java and Bali [4]
bete1262,Bete-Bendi,,6.62037,9.20189,bete1262,,695,language,Atlantic-Congo,languages,Map 95 South-Eastern Nigeria and Mid-Western Cameroon [73d]
beti1248,Beti (Côte d'Ivoire),,5.26495,-3.28627,beti1248,,1551,language,Atlantic-Congo,languages,Map 105 Ivory Coast [11]
beto1236,Betoi-Jirara,,7.223906,-71.420238,beto1236,,696,language,,languages,Map 12 Northern South America: Time of Contact [13]
bezh1248,Bezhta,,42.1206,46.0332,bezh1248,,697,language,Nakh-Daghestanian,languages,Map 59 The Caucasus [35]
bhad1241,Bhadrawahi,,33.2851,75.8707,bhad1241,,698 4717,language,Indo-European,languages,Map 54 North-West India [34]; Map 54 North-West India [35]
bhat1265,Bhatri,,19.26078,82.24055,bhat1265,,701,language,Indo-European,languages,"Map 51 North-East India, Bangladesh, Bhutan and Nepal [181]"
bhel1238,Bhele,,0.24553,28.6681,bhel1238,,4845,language,Atlantic-Congo,languages,Map 79 Democratic Republic of Congo: Orienta [10]; Map 80 Democratic Republic of Congo: Kivu [13]
bhil1251,Bhili,,20.85,73.9592,bhil1251,,702,language,Indo-European,languages,Map 52 Southern India and Sri Lanka [8]; Map 54 North-West India [68]
bhoj1244,Bhojpuri,,26.458455,84.817115,bhoj1244,,703,language,Indo-European,languages,"Map 51 North-East India, Bangladesh, Bhutan and Nepal [171]"
bhot1235,Khunu-Töt,,31.8503,78.5728,bhot1235,,4563,language,Sino-Tibetan,languages,Map 54 North-West India [8]
biaf1240,Biafada,,11.467,-15.1347,biaf1240,,706,language,Atlantic-Congo,languages,"Map 107 Guinea and Mali [8a]; Map 108 Senegal, Gambia and Guinea Bissau [28]"
biak1248,Biak,,-0.9523,135.879,biak1248,,707,language,Austronesian,languages,Map 34 Irian Jaya [195]; Map 37 The Moluccas [44]
bial1238,Biali,,11.0382,1.08259,bial1238,,716,language,Atlantic-Congo,languages,Map 102 Benin and Togo [72]; Map 103 Ghana [52]; Map 104 Burkina Faso [35]
bian1251,Bian Marind,,-7.35942,140.568,bian1251,,709,language,Anim,languages,Map 32 Southern Papua New Guinea [103]; Map 34 Irian Jaya [35]
bian1252,Biangai,,-7.33882,146.765,bian1252,,710,language,Kunimaipan,languages,Map 32 Southern Papua New Guinea [120]
biat1246,Biatah Bidayuh,,1.17596,110.254,biat1246,,712,language,Austronesian,languages,Map 41 Borneo and Madagascar [20]
bier1244,Bierebo,,-16.6663,168.154,bier1244,,715,language,Austronesian,languages,Map 27 Vanuatu and New Caledonia [94]
bier1246,Bieria,,-16.7867,168.232,bier1246,,717 6213,language,Austronesian,languages,Map 27 Vanuatu and New Caledonia [90]; Map 27 Vanuatu and New Caledonia [97]
bign1238,Big Nambas,,-16.0903,167.239,bign1238,,718,language,Austronesian,languages,Map 27 Vanuatu and New Caledonia [85]
bila1255,Bila,,1.16839,28.7626,bila1255,,746,language,Atlantic-Congo,languages,Map 79 Democratic Republic of Congo: Orienta [11]
bila1257,Karen,,-4.93116,145.559,bila1257,,723,language,Nuclear Trans New Guinea,languages,Map 33 Northern Papua New Guinea [74]
bilb1241,Bilibil,,-5.26505,145.764,bilb1241,,726,language,Austronesian,languages,Map 33 Northern Papua New Guinea [384]
bile1244,Bile,,8.90052,11.1907,bile1244,,724,language,Atlantic-Congo,languages,Map 98 North-Eastern Nigeria [44]
bili1260,Bilin,,15.7833,38.3917,bili1260,,727,language,Afro-Asiatic,languages,Map 72 Sudan and the Horn of Africa [46]
bilo1248,Biloxi,,31.32,-89.1951,bilo1248,,728,language,Siouan,languages,Map 2 South-Eastern North America: Time of Contact [10]
bilu1245,Bilua,,-7.92388,156.663,bilu1245,,729,language,,languages,Map 29 Solomon Islands and Bougainville [80]
bima1247,Bima,,-8.57376,118.445,bima1247,,730,language,Austronesian,languages,Map 38 Lesser Sunda Islands and Timor [4]
bimi1240,Bimin,,-5.38732,142.04,bimi1240,,732,language,Nuclear Trans New Guinea,languages,Map 33 Northern Papua New Guinea [177]
bina1270,Bina (Nigeria),,10.2868,8.19726,bina1270,,748,language,Atlantic-Congo,languages,"Map 97 North Plateau, Nigeria [34]"
bina1271,Bina (Papua New Guinea),,-10.2667,149.661,bina1271,,733,language,Austronesian,languages,Map 31 South-Eastern Papua New Guinea [39]
bina1274,Binahari-Ma,,-10.133855,148.723092,bina1274,,734,language,Mailuan,languages,Map 31 South-Eastern Papua New Guinea [63]
bina1277,Binandere,,-8.37433,147.884,bina1277,,34 735,language,Nuclear Trans New Guinea,languages,Map 31 South-Eastern Papua New Guinea [77]; Map 32 Southern Papua New Guinea [144]; Map 32 Southern Papua New Guinea [145]
bine1240,Bine,,-9.08879,142.893,bine1240,,739,language,Eastern Trans-Fly,languages,Map 32 Southern Papua New Guinea [192]
bini1246,Bini,,6.40701,5.70426,bini1246,,1499,language,Atlantic-Congo,languages,Map 101 South-Western Nigeria [64]
binj1249,Binji,,-6.7,21.7,binj1249,,738,language,Atlantic-Congo,languages,Map 78 Democratic Republic of Congo: Katang [21]; Map 80 Democratic Republic of Congo: Kivu [66]; Map 81 Democratic Republic of Congo: Kasai [69]
bint1245,Bintauna,,0.75069,123.486,bint1245,,740,language,Austronesian,languages,Map 39 Sulawesi [12]
bint1246,Bintulu,,3.867,113.634,bint1246,,741,language,Austronesian,languages,Map 41 Borneo and Madagascar [33]
binu1244,Talaandig-Binukid,,8.15933,124.892,binu1244,,742,language,Austronesian,languages,Map 40 The Philippines [99]
binu1245,Binumarien,,-6.22068,146.102,binu1245,,743,language,Nuclear Trans New Guinea,languages,Map 32 Southern Papua New Guinea [5]
bira1254,Birao,,-9.73716,160.52,bira1254,,747,language,Austronesian,languages,Map 29 Solomon Islands and Bougainville [42]
birh1242,Birhor,,23.585,85.5611,birh1242,,749,language,Austroasiatic,languages,"Map 51 North-East India, Bangladesh, Bhutan and Nepal [204]"
birr1240,Birri,,5.33,24.6,birr1240,,959,language,Central Sudanic,languages,Map 79 Democratic Republic of Congo: Orienta [67]
bise1238,Biseni,,5.40296,6.51646,bise1238,,755,language,Ijoid,languages,Map 101 South-Western Nigeria [6]
bish1244,Bishnupriya Manipuri,,24.4578,92.0157,bish1244,,756,language,Indo-European,languages,"Map 51 North-East India, Bangladesh, Bhutan and Nepal [183]"
bisi1244,Bisis,,-4.46238,143.058,bisi1244,,757,language,Sepik,languages,Map 33 Northern Papua New Guinea [307]
biso1243,Bisorio,,-4.77763,143.213,biso1243,,721,language,Nuclear Trans New Guinea,languages,Map 33 Northern Papua New Guinea [302]
biss1248,Bissa,,10.4257,-1.67332,biss1248,,753,language,Mande,languages,Map 102 Benin and Togo [78]; Map 103 Ghana [83]; Map 104 Burkina Faso [85]
bisu1244,Bisu,,20.8542,99.9862,bisu1244,,759 760,language,Sino-Tibetan,languages,"Map 46 Yunnan Province, China [97]; Map 47 Northern Thailand, Laos and Vietnam [95]; Map 49 Burma (Myanmar) [68]"
bita1251,Bitare,,6.87398,11.3072,bita1251,,762,language,Atlantic-Congo,languages,Map 95 South-Eastern Nigeria and Mid-Western Cameroon [14]
bitt1240,Bit,,21.3474,101.916,bitt1240,,4806,language,Austroasiatic,languages,"Map 47 Northern Thailand, Laos and Vietnam [38]"
bitu1242,Bitur,,-8.51839,142.71,bitu1242,,4059,language,Anim,languages,Map 32 Southern Papua New Guinea [167]
biyo1243,Biyo,,22.511,101.652,biyo1243,,766 2678,language,Sino-Tibetan,languages,"Map 46 Yunnan Province, China [94]; Map 47 Northern Thailand, Laos and Vietnam [93]"
biyo1244,Biyom,,-5.79929,145.348,biyo1244,,765,language,Nuclear Trans New Guinea,languages,Map 33 Northern Papua New Guinea [44]
blab1237,Blablanga,,-8.15058,159.419,blab1237,,767,language,Austronesian,languages,Map 29 Solomon Islands and Bougainville [33]
blaf1238,Mblafe-Ránmo,,-8.56161,141.226,blaf1238,,5943,language,Yam,languages,Map 32 Southern Papua New Guinea [188]; Map 34 Irian Jaya [167]
blag1240,Blagar,,-8.31787,124.251,blag1240,,770,language,Timor-Alor-Pantar,languages,Map 38 Lesser Sunda Islands and Timor [78]
blan1242,Blang,,22.0092,99.7405,blan1242,,4918,language,Austroasiatic,languages,"Map 46 Yunnan Province, China [11]; Map 49 Burma (Myanmar) [8]"
boan1242,Boano (Maluku),,-2.95535,127.953,boan1242,,774,language,Austronesian,languages,Map 37 The Moluccas [1]
boan1243,Boano (Sulawesi),,0.51152,120.992,boan1243,,805,language,Austronesian,languages,Map 39 Sulawesi [21]
bobo1254,Bobot,,-3.43514,130.179,bobo1254,,778,language,Austronesian,languages,Map 37 The Moluccas [27]
bodo1267,Bodo Gadaba,,18.3857,82.771,bodo1267,,1887,language,Austroasiatic,languages,"Map 51 North-East India, Bangladesh, Bhutan and Nepal [208]"
bodo1269,Bodo-Mech,,26.1,92.0,bodo1269,,783,language,Sino-Tibetan,languages,"Map 51 North-East India, Bangladesh, Bhutan and Nepal [109]"
bodo1272,Bodo (Central African Republic),,6.0,26.0,bodo1272,,784,language,Atlantic-Congo,languages,Map 79 Democratic Republic of Congo: Orienta [20]; Map 89 Central African Republic and South-Eastern Chad [57]
bofi1238,Bofi,,4.02043,17.3032,bofi1238,,786,language,Atlantic-Congo,languages,Map 87 Northern Congo and Southern Central African Republic [82]
boga1247,Bogaya,,-5.54487,142.255,boga1247,,4924,language,,languages,Map 33 Northern Papua New Guinea [182]
bogh1241,Boghom,,9.49679,10.11454,bogh1241,,787 2269,language,Afro-Asiatic,languages,"Map 95 South-Eastern Nigeria and Mid-Western Cameroon [101]; Map 96 South Plateau, Nigeria [85]; Map 97 North Plateau, Nigeria [95]; Map 98 North-Eastern Nigeria [94]"
bogu1241,Boguru,,4.49213,29.1344,bogu1241,,788,language,Atlantic-Congo,languages,Map 79 Democratic Republic of Congo: Orienta [19]
boik1241,Boikin,,-3.68297,143.474,boik1241,,793,language,Ndu,languages,Map 33 Northern Papua New Guinea [295]
boko1261,Bokoto,,4.75111,16.6721,boko1261,,1729,language,Atlantic-Congo,languages,"Map 90 Central African Republic, South-Western Chad and Cameroon [33]"
boko1263,Boko (Democratic Republic of Congo),,1.51612,18.8806,boko1263,,2079,language,Atlantic-Congo,languages,Map 82 Democratic Republic of Congo: Equate [9]; Map 87 Northern Congo and Southern Central African Republic [13]
boky1238,Bokyi,,6.10475,9.05875,boky1238,,794,language,Atlantic-Congo,languages,Map 95 South-Eastern Nigeria and Mid-Western Cameroon [73e]
bola1250,Bola,,-5.55792,150.095,bola1250,,801 6518,language,Austronesian,languages,Map 30 New Britain and New Ireland [74]; Map 30 New Britain and New Ireland [75]
bola1252,Bolango,,0.39044,123.888,bola1252,,355 804,language,Austronesian,languages,Map 39 Sulawesi [14]; Map 39 Sulawesi [15]
bolg1251,Bolgo,,10.9025,18.8076,bolg1251,,807,language,Atlantic-Congo,languages,"Map 89 Central African Republic and South-Eastern Chad [49]; Map 90 Central African Republic, South-Western Chad and Cameroon [5]"
boli1255,Bolia,,-1.38362,18.09748,boli1255,,808,language,Atlantic-Congo,languages,Map 81 Democratic Republic of Congo: Kasai [6]
boli1256,Bolinao,,16.3071,119.853,boli1256,,809,language,Austronesian,languages,Map 40 The Philippines [39]
bolo1261,Kibala,,-10.3511,15.0867,bolo1261,,486 810 5302,language,Atlantic-Congo,languages,Map 84 Angola [17]; Map 84 Angola [18]; Map 84 Angola [19]
bolo1262,Boloki,,0.83463,18.4555,bolo1262,,811,language,Atlantic-Congo,languages,Map 82 Democratic Republic of Congo: Equate [4]; Map 87 Northern Congo and Southern Central African Republic [11]
bolo1266,Bolon,,11.8242,-4.75524,bolo1266,,812,language,Mande,languages,Map 104 Burkina Faso [74]
boly1239,Bolyu,,24.7013,104.955,boly1239,,4754,language,Austroasiatic,languages,Map 45 China and Mongolia [82]
boma1251,Boma Nord,,-3.01,16.92,boma1251,,815 4516,language,Atlantic-Congo,languages,Map 81 Democratic Republic of Congo: Kasai [30]; Map 83 Democratic Republic of Congo: Bas Congo and Southern Congo [59]; Map 83 Democratic Republic of Congo: Bas Congo and Southern Congo [59b]
bomb1262,Bomboma,,2.40195,18.7841,bomb1262,,510 817 822 3247,language,Atlantic-Congo,languages,Map 82 Democratic Republic of Congo: Equate [16]; Map 82 Democratic Republic of Congo: Equate [18]; Map 82 Democratic Republic of Congo: Equate [25]; Map 87 Northern Congo and Southern Central African Republic [33a]
bomi1238,Bomitaba,,1.70044,17.3733,bomi1238,,1549,language,Atlantic-Congo,languages,Map 82 Democratic Republic of Congo: Equate [28]; Map 87 Northern Congo and Southern Central African Republic [7]
bomk1234,Bom-Kim,,9.27518,-11.59696,bomk1234,,814 2921,language,Atlantic-Congo,languages,Map 106 Liberia and Sierra Leone [4]; Map 106 Liberia and Sierra Leone [7]
bomw1238,Bomwali,,1.71005,15.9546,bomw1238,,820,language,Atlantic-Congo,languages,Map 87 Northern Congo and Southern Central African Republic [52a]
bona1250,Bonan,,35.515,102.01778,bona1250,,1225 5947,language,Mongolic-Khitan,languages,Map 45 China and Mongolia [31]; Map 45 China and Mongolia [32]
bond1245,Bondo,,19.1512,83.8141,bond1245,,5063,language,Austroasiatic,languages,"Map 51 North-East India, Bangladesh, Bhutan and Nepal [209]"
bond1247,Bondei,,-5.10749,38.5079,bond1247,,824,language,Atlantic-Congo,languages,Map 85 Kenyan Coast [15]
bond1248,Najamba-Kindige,,14.9066,-3.32636,bond1248,,826,language,Dogon,languages,Map 104 Burkina Faso [4g]
bone1254,Bonerate,,-7.37657,121.792,bone1254,,827,language,Austronesian,languages,Map 39 Sulawesi [57]
bone1255,Bonerif,,-2.09529,139.208,bone1255,,828,language,Tor-Orya,languages,Map 34 Irian Jaya [150]
bong1282,Bon Gula,,10.6577,19.5774,bong1282,,821,language,Atlantic-Congo,languages,Map 89 Central African Republic and South-Eastern Chad [51]
bong1285,Bongo,,7.4145,27.9918,bong1285,,832 833,language,Central Sudanic,languages,Map 72 Sudan and the Horn of Africa [178]; Map 79 Democratic Republic of Congo: Orienta [58]
bong1287,Bonggo,,-2.28044,139.576,bong1287,,830,language,Austronesian,languages,Map 34 Irian Jaya [177]
bong1291,Bongu,,-5.50519,145.806,bong1291,,834,language,Nuclear Trans New Guinea,languages,Map 33 Northern Papua New Guinea [22]
bonj1234,Impfondo,,2.39823,17.6298,bonj1234,,836 3750 3752,language,Atlantic-Congo,languages,Map 82 Democratic Republic of Congo: Equate [5]; Map 87 Northern Congo and Southern Central African Republic [2]; Map 87 Northern Congo and Southern Central African Republic [5]; Map 87 Northern Congo and Southern Central African Republic [77]
bonk1243,Bonkeng,,4.66054,9.76306,bonk1243,,532,language,Atlantic-Congo,languages,Map 93 Central South-Western Cameroon [88k]
bonk1244,Bonkiman,,-5.84007,146.738,bonk1244,,837,language,Nuclear Trans New Guinea,languages,Map 33 Northern Papua New Guinea [121]
book1241,Bookan,,5.32519,116.474,book1241,,624,language,Austronesian,languages,Map 41 Borneo and Madagascar [90]
boon1242,Boon,,0.41988,43.1208,boon1242,,86,language,Afro-Asiatic,languages,Map 72 Sudan and the Horn of Africa [55f]
bopa1235,Bo (Papua New Guinea),,-4.32114,141.45,bopa1235,,773,language,Left May,languages,Map 33 Northern Papua New Guinea [216]
bora1263,Bora,,-2.000259,-72.257066,bora1263,,842,language,Boran,languages,Map 12 Northern South America: Time of Contact [182]
bora1271,Borana-Arsi-Guji Oromo,,1.05676,37.882,bora1271,,316 845 1857 2500,language,Afro-Asiatic,languages,Map 72 Sudan and the Horn of Africa [53e]; Map 72 Sudan and the Horn of Africa [53f]; Map 72 Sudan and the Horn of Africa [53h]; Map 72 Sudan and the Horn of Africa [53i]; Map 85 Kenyan Coast [43b]; Map 86 Central East Africa [96b]
bore1247,Borei,,-4.08697,144.715,bore1247,,1678,language,Ramu,languages,Map 33 Northern Papua New Guinea [333]
borg1235,Borgu Fulfulde,,9.801,3.988,borg1235,,1226,language,Atlantic-Congo,languages,Map 102 Benin and Togo [D]
boro1277,Boro (Ethiopia),,10.6596,35.345,boro1277,,970,language,Ta-Ne-Omotic,languages,Map 72 Sudan and the Horn of Africa [94]
boro1279,Borong,,-6.56688,147.511,boro1279,,2887,language,Nuclear Trans New Guinea,languages,Map 32 Southern Papua New Guinea [36]
boro1282,Bororo,,-16.6029,-55.2004,boro1282,,848,language,Bororoan,languages,Map 18 Brazilian Atlantic Coast: Time of Contact [278]
boru1244,Bo-Rukul,,8.9352,8.90506,boru1244,,3394,language,Atlantic-Congo,languages,"Map 96 South Plateau, Nigeria [37]"
boru1252,Boruca,,8.88093,-83.2124,boru1252,,850,language,Chibchan,languages,Map 12 Northern South America: Time of Contact [45]
bose1237,Boselewa,,-9.44763,150.693,bose1237,,853,language,Austronesian,languages,Map 31 South-Eastern Papua New Guinea [24]
bosn1248,Bosngun,,-4.16201,144.647,bosn1248,,854,language,Ramu,languages,Map 33 Northern Papua New Guinea [335]
botl1242,Botlikh,,42.665,46.22,botl1242,,856,language,Nakh-Daghestanian,languages,Map 59 The Caucasus [25]
boto1242,Botolan Sambal,,15.2315,120.164,boto1242,,857,language,Austronesian,languages,Map 40 The Philippines [41]
bouy1240,Bouyei,,24.8484,106.187,bouy1240,,4500 6632,language,Tai-Kadai,languages,"Map 45 China and Mongolia [72]; Map 47 Northern Thailand, Laos and Vietnam [9]"
bowa1234,Manus Koro,,-2.03429,147.14267,bowa1234,,4784,language,Austronesian,languages,Map 30 New Britain and New Ireland [19]
brag1240,Bragat,,-3.48707,142.495,brag1240,,863,language,Nuclear Torricelli,languages,Map 33 Northern Papua New Guinea [241]
brah1256,Brahui,,29.04,66.56,brah1256,,864,language,Dravidian,languages,"Map 53 Iran, Afghanistan and Pakistan [80]; Map 54 North-West India [78]"
brek1238,Brek Karen,,19.0561,96.8365,brek1238,,867,language,Sino-Tibetan,languages,Map 49 Burma (Myanmar) [26]
brem1238,Barem,,-4.67372,145.562,brem1238,,917,language,Nuclear Trans New Guinea,languages,Map 33 Northern Papua New Guinea [53]
brer1240,Breri,,-4.73271,144.707,brer1240,,868,language,Ramu,languages,Map 33 Northern Papua New Guinea [345]
bret1244,Breton,,48.2452,-3.78934,bret1244,,869,language,Indo-European,languages,"Map 63 The British Isles [3]; Map 69 France, Belgium, the Netherlands and Luxembourg [14]"
brib1243,Bribri,,9.39794,-83.0539,brib1243,,871,language,Chibchan,languages,Map 12 Northern South America: Time of Contact [46b]
brun1245,Brunei Bisaya-Dusun,,4.60791,114.517,brun1245,,5541 6055,language,Austronesian,languages,Map 41 Borneo and Madagascar [106]; Map 41 Borneo and Madagascar [107]
buaa1245,Bua,,9.92491,18.0821,buaa1245,,874,language,Atlantic-Congo,languages,Map 89 Central African Republic and South-Eastern Chad [45]
buam1238,Buamu,,11.1687,-3.50303,buam1238,,962,language,Atlantic-Congo,languages,Map 104 Burkina Faso [40a]; Map 105 Ivory Coast [36]
bube1242,Bube,,3.53638,8.68929,bube1242,,877,language,Atlantic-Congo,languages,Map 92 South-Western Cameroon [20]
bubi1249,Bubia,,4.02178,9.22304,bubi1249,,878,language,Bookkeeping,languages,Map 92 South-Western Cameroon [16]
budu1248,Budukh,,41.2272,48.3353,budu1248,,881,language,Nakh-Daghestanian,languages,Map 59 The Caucasus [42]
budu1250,Budu,,2.00501,27.951,budu1250,,880,language,Atlantic-Congo,languages,Map 79 Democratic Republic of Congo: Orienta [15]
budu1265,Buduma,,13.0692,14.4492,budu1265,,882 2367 6536,language,Afro-Asiatic,languages,Map 71 North-East Africa [49]; Map 73 North-West Africa [31]; Map 99 Lake Chad Region [11]; Map 99 Lake Chad Region [12]; Map 99 Lake Chad Region [12a]
budz1238,Budza,,2.19951,22.6107,budz1238,,884,language,Atlantic-Congo,languages,Map 82 Democratic Republic of Congo: Equate [28b]
buen1244,Buena Vista Yokuts,,35.22038,-119.23748,buen1244,,885,language,Yokutsan,languages,Map 4 California: Time of Contact [79]
buga1247,Bugan,,23.6124,104.963,buga1247,,4734,language,Austroasiatic,languages,Map 45 China and Mongolia [81]
buga1250,Bugawac,,-6.67519,147.32,buga1250,,898,language,Austronesian,languages,Map 32 Southern Papua New Guinea [197]
bugh1239,Bughotu,,-8.47948,159.802,bugh1239,,888,language,Austronesian,languages,Map 29 Solomon Islands and Bougainville [36]
bugi1244,Buginese,,-4.47,119.977,bugi1244,,887,language,Austronesian,languages,Map 39 Sulawesi [45]; Map 41 Borneo and Madagascar [0]
bugl1243,Buglere,,8.57695,-81.25648,bugl1243,,799,language,Chibchan,languages,Map 12 Northern South America: Time of Contact [43]
bugu1246,Bugun,,27.1929556,92.4713002,bugu1246,,889,language,Sino-Tibetan,languages,"Map 51 North-East India, Bangladesh, Bhutan and Nepal [90]"
buhi1245,Buhid,,12.6396,121.21,buhi1245,,891,language,Austronesian,languages,Map 40 The Philippines [53]
buhu1237,Buhutu,,-10.5074,150.18,buhu1237,,791,language,Austronesian,languages,Map 31 South-Eastern Papua New Guinea [4]
bujh1238,Bujhyal,,28.0084,84.5068,bujh1238,,1768,language,Sino-Tibetan,languages,"Map 51 North-East India, Bangladesh, Bhutan and Nepal [54]"
buka1257,Bukar-Sadung Bidayuh,,0.96817,110.657,buka1257,,896,language,Austronesian,languages,Map 41 Borneo and Madagascar [21]
buka1261,Bukat,,1.29075,113.246,buka1261,,897,language,Austronesian,languages,Map 41 Borneo and Madagascar [61]
buki1248,Bukitan,,2.34947,114.895,buki1248,,899,language,Austronesian,languages,Map 41 Borneo and Madagascar [36]
buki1249,Bukiyip,,-3.47169,143.111,buki1249,,3970,language,Nuclear Torricelli,languages,Map 33 Northern Papua New Guinea [258]
buku1249,Bukusu,,0.68043,34.7719,buku1249,,900,language,Atlantic-Congo,languages,Map 86 Central East Africa [35a]
bulg1262,Bulgarian,,43.3646,25.047,bulg1262,,903,language,Indo-European,languages,"Map 58 Western Russia, the Baltic States, Belarus, Ukraine and Moldova [6]; Map 60 Turkey [1]; Map 61 Hungary, Romania and the Balkans [7]; Map 66 Albania, Greece, Crete and Cyprus [5]"
bulg1265,Bulgebi,,-5.69713,146.403,bulg1265,,904,language,Nuclear Trans New Guinea,languages,Map 33 Northern Papua New Guinea [136]
buli1254,Buli (Ghana),,10.5763,-1.26748,buli1254,,905,language,Atlantic-Congo,languages,Map 103 Ghana [54]; Map 104 Burkina Faso [39a]
buli1255,Buli (Indonesia),,1.0008,128.443,buli1255,,906,language,Austronesian,languages,Map 37 The Moluccas [43]
bull1247,Bullom So,,9.0,-13.16,bull1247,,3879,language,Atlantic-Congo,languages,Map 106 Liberia and Sierra Leone [5]
bulu1251,Bulu (Cameroon),,3.16141,11.6365,bulu1251,,909 6732,language,Atlantic-Congo,languages,Map 87 Northern Congo and Southern Central African Republic [70f]; Map 88 Gabon and Equatorial Guinea [43g]; Map 92 South-Western Cameroon [40f]
bulu1253,Bulu (Papua New Guinea),,-5.06134,150.101,bulu1253,,908,language,Austronesian,languages,Map 30 New Britain and New Ireland [76]
buma1244,Bumaji,,6.4491,9.36028,buma1244,,911,language,Atlantic-Congo,languages,Map 95 South-Eastern Nigeria and Mid-Western Cameroon [73h]
buma1247,Bumang,,23.02,103.34,buma1247,,1232,language,Bookkeeping,languages,"Map 46 Yunnan Province, China [18]"
bumb1241,Bumbita Arapesh,,-3.65508,142.859,bumb1241,,912,language,Nuclear Torricelli,languages,Map 33 Northern Papua New Guinea [259]
bumm1238,Bum,,6.48655,10.418,bumm1238,,910,language,Atlantic-Congo,languages,Map 95 South-Eastern Nigeria and Mid-Western Cameroon [42a]
bumt1240,Bumthangkha,,27.6494,90.8037,bumt1240,,913,language,Sino-Tibetan,languages,"Map 51 North-East India, Bangladesh, Bhutan and Nepal [33]"
buna1275,Bunaba,,-17.8297,125.631,buna1275,,916,language,Bunaban,languages,Map 35 Australia: Time of Contact [87]
buna1276,Bunama,,-10.0761,151.066,buna1276,,919,language,Austronesian,languages,Map 31 South-Eastern Papua New Guinea [26]
buna1277,Buna,,-3.95553,144.119,buna1277,,915,language,Nuclear Torricelli,languages,Map 33 Northern Papua New Guinea [267]
buna1278,Bunak,,-9.13618,125.216,buna1278,,918,language,Timor-Alor-Pantar,languages,Map 38 Lesser Sunda Islands and Timor [66]
bund1253,Bundeli,,24.8982,78.9542,bund1253,,922 6797,language,Indo-European,languages,Map 54 North-West India [66]; Map 54 North-West India [67]
bung1264,Bunganditj,,-36.5,140.5,bung1264,,924,language,Pama-Nyungan,languages,Map 35 Australia: Time of Contact [448]
bung1269,Bungku,,-3.22197,122.212,bung1269,,925,language,Austronesian,languages,Map 39 Sulawesi [36]
bung1270,Bungain,,-3.69674,143.796,bung1270,,923,language,Nuclear Torricelli,languages,Map 33 Northern Papua New Guinea [264]
bunn1240,Bun,,-4.51885,143.892,bunn1240,,914,language,Yuat,languages,Map 33 Northern Papua New Guinea [361]
bunu1267,Bunun,,23.4116,121.025,bunu1267,,926,language,Austronesian,languages,"Map 50 Japan, Korea and Taiwan [15]"
buol1237,Buol,,0.97727,121.519,buol1237,,927,language,Austronesian,languages,Map 39 Sulawesi [18]
bura1267,Burarra,,-12.3061,134.365,bura1267,,930,language,Maningrida,languages,Map 35 Australia: Time of Contact [64]; Map 35 Australia: Time of Contact [65]
bura1271,Burak,,9.49451,11.0698,bura1271,,929,language,Atlantic-Congo,languages,Map 98 North-Eastern Nigeria [16]
bura1292,Bura-Pabir,,10.4822,12.3007,bura1292,,928 4713,language,Afro-Asiatic,languages,Map 100 Northern Nigeria and Niger [11]; Map 94 Northern Cameroon [9]; Map 98 North-Eastern Nigeria [104]; Map 98 North-Eastern Nigeria [104a]
burj1242,Burji,,4.44624,38.4646,burj1242,,933,language,Afro-Asiatic,languages,Map 72 Sudan and the Horn of Africa [69]; Map 85 Kenyan Coast [42]; Map 86 Central East Africa [95]
burm1263,Burmbar,,-16.41653,167.73124,burm1263,,517,language,Austronesian,languages,Map 27 Vanuatu and New Caledonia [75]
burm1264,Burmeso,,-2.47582,138.203,burm1264,,5770,language,,languages,Map 34 Irian Jaya [172]
buru1296,Burushaski,,36.2161,74.8236,buru1296,,939 6389,language,,languages,"Map 53 Iran, Afghanistan and Pakistan [79a]; Map 53 Iran, Afghanistan and Pakistan [79b]"
buru1301,Northern Burun,,10.725,33.921,buru1301,,937,language,Nilotic,languages,Map 72 Sudan and the Horn of Africa [153]
buru1303,Buru (Indonesia),,-3.43957,126.632,buru1303,,935,language,Austronesian,languages,Map 37 The Moluccas [33]
buru1304,Burusu,,3.36912,117.012,buru1304,,940,language,Austronesian,languages,Map 41 Borneo and Madagascar [45]
buru1306,Burum-Mindik,,-6.51663,147.333,buru1306,,936 6552,language,Nuclear Trans New Guinea,languages,Map 32 Southern Papua New Guinea [46]; Map 32 Southern Papua New Guinea [47]
buru1320,Burunge,,-5.21369,35.963,buru1320,,938,language,Afro-Asiatic,languages,Map 76 Southern Tanzania [70]; Map 86 Central East Africa [92]
busa1251,Busam,,5.8604,9.68068,busa1251,,944,language,Atlantic-Congo,languages,Map 93 Central South-Western Cameroon [32]; Map 95 South-Eastern Nigeria and Mid-Western Cameroon [40h]
busa1253,Busa,,9.91074,4.39929,busa1253,,943,language,Mande,languages,Map 100 Northern Nigeria and Niger [30]; Map 101 South-Western Nigeria [94]; Map 102 Benin and Togo [76]
busa1254,Busami,,-1.73681,136.032,busa1254,,945,language,Austronesian,languages,Map 34 Irian Jaya [203]
busa1255,Busang Kayan,,0.03494,115.401,busa1255,,946,language,Austronesian,languages,Map 41 Borneo and Madagascar [51]
bush1247,Bushoong,,-4.69463,21.4556,bush1247,,947 1897 4305 5392,language,Atlantic-Congo,languages,Map 81 Democratic Republic of Congo: Kasai [49]; Map 81 Democratic Republic of Congo: Kasai [49a]; Map 81 Democratic Republic of Congo: Kasai [50]; Map 81 Democratic Republic of Congo: Kasai [51]
buta1242,Butam,,-4.471696,152.245674,buta1242,,948,language,Taulil-Butam,languages,Map 30 New Britain and New Ireland [80]
butm1237,Farafi,,-15.3353,167.034,butm1237,,949,language,Austronesian,languages,Map 27 Vanuatu and New Caledonia [25]
butu1244,Butuanon,,8.87009,125.418,butu1244,,952,language,Austronesian,languages,Map 40 The Philippines [81]
buuu1244,Bu,,9.05077,8.65697,buuu1244,,2262,language,Atlantic-Congo,languages,"Map 96 South Plateau, Nigeria [23]"
buwa1243,Buwal,,10.6151,13.8838,buwa1243,,956,language,Afro-Asiatic,languages,Map 94 Northern Cameroon [43]
buyu1239,Buyu,,-5.41806,28.5545,buyu1239,,957,language,Atlantic-Congo,languages,Map 78 Democratic Republic of Congo: Katang [26]; Map 80 Democratic Republic of Congo: Kivu [59]
bwaa1238,Bwa,,2.5957,25.2514,bwaa1238,,618 960,language,Atlantic-Congo,languages,Map 79 Democratic Republic of Congo: Orienta [30]; Map 79 Democratic Republic of Congo: Orienta [31]; Map 82 Democratic Republic of Congo: Equate [37]
bwai1242,Bwaidoka,,-9.51158,150.297,bwai1242,,961,language,Austronesian,languages,Map 31 South-Eastern Papua New Guinea [30]
bwan1241,Bwanabwana,,-10.6599,151.034,bwan1241,,6006,language,Austronesian,languages,Map 31 South-Eastern Papua New Guinea [1]
bwil1245,Bwile,,-8.3041,29.4071,bwil1245,,967,language,Atlantic-Congo,languages,Map 78 Democratic Republic of Congo: Katang [31a]
bwis1242,Bwisi,,-3.23686,11.9595,bwis1242,,969,language,Atlantic-Congo,languages,Map 83 Democratic Republic of Congo: Bas Congo and Southern Congo [23]; Map 88 Gabon and Equatorial Guinea [16]
byan1241,Byangsi,,29.92002,80.63653,byan1241,,971,language,Sino-Tibetan,languages,"Map 51 North-East India, Bangladesh, Bhutan and Nepal [46b]; Map 54 North-West India [15b]"
byep1241,Byep-Besep,,4.57276,13.46245,byep1241,,691 972,language,Atlantic-Congo,languages,Map 87 Northern Congo and Southern Central African Republic [57a]; Map 87 Northern Congo and Southern Central African Republic [57b]
caac1237,Caac,,-20.4114,164.578,caac1237,,975,language,Austronesian,languages,Map 27 Vanuatu and New Caledonia [111]
cabe1245,Cabécar,,9.67031,-83.4102,cabe1245,,2325,language,Chibchan,languages,Map 12 Northern South America: Time of Contact [46a]
caca1247,Cacaopera,,13.7437,-88.1133,caca1247,,2370,language,Misumalpan,languages,Map 10 Meso-America: Time of Contact [67]
cacu1241,Kakua,,0.88778,-69.5659,cacu1241,,2374,language,Kakua-Nukak,languages,Map 12 Northern South America: Time of Contact [NA]
cadd1256,Caddo,,33.33,-93.5,cadd1256,,976 6611,language,Caddoan,languages,Map 2 South-Eastern North America: Time of Contact [15]; Map 2 South-Eastern North America: Time of Contact [16]
cahu1264,Cahuilla,,33.5324,-116.691,cahu1264,,980,language,Uto-Aztecan,languages,Map 3 South-Western North America: Time of Contact [22]
caij1234,Caijia,,27.284,105.292,caij1234,,981,language,Sino-Tibetan,languages,Map 45 China and Mongolia [17]
caka1240,Caka,,6.26979,9.77746,caka1240,,983,language,Atlantic-Congo,languages,Map 95 South-Eastern Nigeria and Mid-Western Cameroon [12]
cakf1236,Cakfem-Mushere,,9.00924,9.16071,cakf1236,,1037,language,Afro-Asiatic,languages,"Map 96 South Plateau, Nigeria [60]"
cala1258,Calamian Tagbanwa,,12.0716,120.094,cala1258,,2386,language,Austronesian,languages,Map 40 The Philippines [55]
calu1239,Calusa,,,,calu1239,,984,language,Unclassifiable,languages,Map 2 South-Eastern North America: Time of Contact [53]
caml1239,Camling,,27.3371,86.7612,caml1239,,1052,language,Sino-Tibetan,languages,"Map 51 North-East India, Bangladesh, Bhutan and Nepal [73]"
cams1241,Camsá,,1.14537,-76.8931,cams1241,,2431,language,,languages,Map 12 Northern South America: Time of Contact [51]
cana1260,Canari,,-2.47517,-78.979054,cana1260,,2465,language,Barbacoan,languages,Map 14 Northern Pacific Coast: Time of Contact [193]
cand1248,Candoshi-Shapra,,-4.23835,-76.9347,cand1248,,2446,language,,languages,Map 14 Northern Pacific Coast: Time of Contact [132]
cani1243,Canichana,,-14.3058,-64.944455,cani1243,,2450,language,,languages,Map 20 Central Pacific Coast: Time of Contact [147]
caol1238,Cao Lan,,21.5832,105.81923,caol1238,,985,language,Tai-Kadai,languages,"Map 47 Northern Thailand, Laos and Vietnam [13]"
capa1241,Capanahua,,-6.63254,-74.3813,capa1241,,2468,language,Pano-Tacanan,languages,Map 14 Northern Pacific Coast: Time of Contact [219]
capi1239,Capiznon,,11.4122,122.954,capi1239,,987,language,Austronesian,languages,Map 40 The Philippines [77]
cara1270,Cara,,10.1281,8.74567,cara1270,,973,language,Atlantic-Congo,languages,"Map 97 North Plateau, Nigeria [16a]"
cara1272,Carapana,,0.06168,-69.6465,cara1272,,2493,language,Tucanoan,languages,Map 12 Northern South America: Time of Contact [159]
cari1279,Carijona,,1.21894,-72.0664,cari1279,,2511,language,Cariban,languages,Map 12 Northern South America: Time of Contact [388]
cari1280,Cariay,,-1.072848,-62.887131,cari1280,,2510,language,Arawakan,languages,Map 12 Northern South America: Time of Contact [95]
caro1242,Carolinian,,15.205,145.765,caro1242,,5166,language,Austronesian,languages,Map 28 Micronesia [6]
caro1243,Carolina Algonquian,,35.979,-77.291,caro1243,,988,language,Algic,languages,Map 1 East Coast and Great Lakes: Time of Contact [34]
carr1249,Central Carrier,,54.3768,-124.328,carr1249,,989,language,Athabaskan-Eyak-Tlingit,languages,Map 6 North-Western Pacific America: Time of Contact [8]
cash1251,Cashibo-Cacataibo,,-8.70232,-75.4206,cash1251,,2543,language,Pano-Tacanan,languages,Map 14 Northern Pacific Coast: Time of Contact [216]
cash1254,Cashinahua,,-9.72027,-71.1733,cash1254,,2545 4789,language,Pano-Tacanan,languages,Map 14 Northern Pacific Coast: Time of Contact [225]; Map 14 Northern Pacific Coast: Time of Contact [229]
casi1235,Casiguran-Nagtipunan Agta,,16.2176,121.878,casi1235,,991,language,Austronesian,languages,Map 40 The Philippines [7]
casu1237,Casuarina Coast Asmat,,-6.43005,138.566,casu1237,,992,language,Nuclear Trans New Guinea,languages,Map 34 Irian Jaya [26]
cata1286,Catawba,,34.9685,-80.8857,cata1286,,994,language,Siouan,languages,Map 2 South-Eastern North America: Time of Contact [12]
catu1242,Catuquinaru-Bach,,-8.20712,-70.13971,catu1242,,2573,language,Unclassifiable,languages,Map 16 Western Brazil: Time of Contact [341e]
cauc1241,Cauca,,2.09246,-75.87725,cauc1241,,2802,language,Bookkeeping,languages,Map 12 Northern South America: Time of Contact [17]
cavi1250,Cavineña,,-13.3544,-66.6277,cavi1250,,2582,language,Pano-Tacanan,languages,Map 16 Western Brazil: Time of Contact [241]
cayu1241,Cayuse,,46.1136,-117.94,cayu1241,,997,language,,languages,Map 4 California: Time of Contact [12]
cayu1261,Cayuga,,42.41,-76.5969,cayu1261,,996,language,Iroquoian,languages,Map 1 East Coast and Great Lakes: Time of Contact [40]
cayu1262,Cayubaba,,-13.2482,-65.4822,cayu1262,,2605,language,,languages,Map 16 Western Brazil: Time of Contact [334]
ceba1235,Senari,,9.50768,-6.15264,ceba1235,,4104 4510 5301,language,Atlantic-Congo,languages,Map 104 Burkina Faso [8]; Map 104 Burkina Faso [8b]; Map 105 Ivory Coast [60]; Map 105 Ivory Coast [60b]; Map 105 Ivory Coast [61b]; Map 107 Guinea and Mali [25]
cebu1242,Cebuano,,8.38799,124.367,cebu1242,,998,language,Austronesian,languages,Map 40 The Philippines [80]
cemu1238,Cemuhî,,-20.8489,165.13,cemu1238,,999,language,Austronesian,languages,Map 27 Vanuatu and New Caledonia [120]
cent1989,Central Khmer,,12.0515,105.015,cent1989,,2683,language,Austroasiatic,languages,"Map 48 Southern Thailand, Laos and Vietnam, and Cambodia [27]"
cent1992,Central Mnong,,12.6313,107.301,cent1992,,1013,language,Austroasiatic,languages,"Map 48 Southern Thailand, Laos and Vietnam, and Cambodia [73]"
cent2004,Central Bai,,26.1666,99.7052,cent2004,,459,language,Sino-Tibetan,languages,"Map 46 Yunnan Province, China [32]"
cent2050,Central Kanuri,,11.8,13.13,cent2050,,2463,language,Saharan,languages,"Map 100 Northern Nigeria and Niger [16]; Map 71 North-East Africa [69]; Map 72 Sudan and the Horn of Africa [110]; Map 73 North-West Africa [78]; Map 90 Central African Republic, South-Western Chad and Cameroon [45]; Map 94 Northern Cameroon [7]; Map 98 North-Eastern Nigeria [109]; Map 99 Lake Chad Region [22]"
cent2058,Central Maewo,,-15.0784,168.135,cent2058,,1011,language,Austronesian,languages,Map 27 Vanuatu and New Caledonia [17]
cent2084,Central Cagayan Agta,,17.9571,121.857,cent2084,,1003,language,Austronesian,languages,Map 40 The Philippines [16]
cent2089,Central Subanen,,8.12701,123.018,cent2089,,1027,language,Austronesian,languages,Map 40 The Philippines [91]
cent2092,Central Sama,,7.004574,118.455978,cent2092,,1020,language,Austronesian,languages,Map 40 The Philippines [118]
cent2100,Kadazan Dusun,,6.02998,116.681,cent2100,,2334,language,Austronesian,languages,Map 41 Borneo and Madagascar [95]
cent2101,Central Melanau,,2.524086,111.346451,cent2101,,3792,language,Austronesian,languages,Map 41 Borneo and Madagascar [30]
cent2117,Central Asmat,,-5.80391,138.471,cent2117,,1002,language,Nuclear Trans New Guinea,languages,Map 34 Irian Jaya [25]
cent2127,Central Alaskan Yupik,,60.3062,-161.486,cent2127,,5331,language,Eskimo-Aleut,languages,Map 7 Northern North America: Time of Contact [4]
cent2136,Central Ojibwa,,46.5741,-84.1543,cent2136,,1025,language,Algic,languages,Map 7 Northern North America: Time of Contact [75]
cent2138,Central Pomo,,38.90547,-123.66393,cent2138,,1019,language,Pomoan,languages,Map 4 California: Time of Contact [55]
cent2140,Central Sierra Miwok,,38.0812,-120.257,cent2140,,1024,language,Miwok-Costanoan,languages,Map 4 California: Time of Contact [64]
cent2194,Central Moroccan Berber,,32.7415,-2.40872,cent2194,,5705,language,Afro-Asiatic,languages,Map 73 North-West Africa [68]
cerm1238,Cerma,,10.1245,-4.94917,cerm1238,,2745,language,Atlantic-Congo,languages,Map 104 Burkina Faso [61a]; Map 105 Ivory Coast [42]
chac1249,Cha'palaa,,0.71489,-79.0508,chac1249,,2597,language,Barbacoan,languages,Map 12 Northern South America: Time of Contact [23]
chac1251,Chácobo,,-12.133,-66.7164,chac1251,,1168,language,Pano-Tacanan,languages,Map 14 Northern Pacific Coast: Time of Contact [234]
chad1249,Chadian Arabic,,14.67,13.5,chad1249,,325 441 1060,language,Afro-Asiatic,languages,"Map 71 North-East Africa [34]; Map 71 North-East Africa [37]; Map 72 Sudan and the Horn of Africa [22]; Map 73 North-West Africa [26]; Map 73 North-West Africa [27]; Map 90 Central African Republic, South-Western Chad and Cameroon [73c]; Map 99 Lake Chad Region [17]; Map 99 Lake Chad Region [19]"
chak1270,Chak,,21.4134,92.5953,chak1270,,5169,language,Sino-Tibetan,languages,"Map 49 Burma (Myanmar) [43]; Map 51 North-East India, Bangladesh, Bhutan and Nepal [124]"
chak1271,Chakali,,9.83446,-1.90181,chak1271,,1035,language,Atlantic-Congo,languages,Map 103 Ghana [71]; Map 104 Burkina Faso [53]
chal1267,Chalikha,,27.3231,91.262,chal1267,,1041,language,Sino-Tibetan,languages,"Map 51 North-East India, Bangladesh, Bhutan and Nepal [38]"
chal1269,Chala,,8.00089,0.50896,chal1269,,1040,language,Atlantic-Congo,languages,Map 102 Benin and Togo [51]; Map 103 Ghana [64]
chal1270,Chalon,,36.374637,-121.151328,chal1270,,1042,language,Miwok-Costanoan,languages,Map 4 California: Time of Contact [71]
cham1307,Chambeali,,32.5476,76.1796,cham1307,,1050,language,Indo-European,languages,Map 54 North-West India [38]
cham1309,Chamalal,,42.5024,45.995,cham1309,,1047,language,Nakh-Daghestanian,languages,Map 59 The Caucasus [31]
cham1312,Chamorro,,13.438011,144.74474,cham1312,,1053,language,Austronesian,languages,Map 28 Micronesia [23]
cham1313,Chambri,,-4.27831,143.097,cham1313,,1049,language,Lower Sepik,languages,Map 33 Northern Papua New Guinea [351]
cham1315,Chamacoco,,-20.5899,-58.2005,cham1315,,1045,language,Zamucoan,languages,Map 18 Brazilian Atlantic Coast: Time of Contact [276]
chan1296,Chaná,,-33.69,-57.78,chan1296,,1055,language,Charruan,languages,Map 22 Southern South America: Time of Contact [268]
chan1310,Chantyal,,28.684,83.4488,chan1310,,1058,language,Sino-Tibetan,languages,"Map 51 North-East India, Bangladesh, Bhutan and Nepal [2]"
chan1313,Chang Naga,,26.4336,94.9536,chan1313,,1056,language,Sino-Tibetan,languages,"Map 51 North-East India, Bangladesh, Bhutan and Nepal [117]"
chan1319,Changriwa,,-4.28364,143.696,chan1319,,1057,language,Yuat,languages,Map 33 Northern Papua New Guinea [358]
chap1269,Chapakura,,-14.8,-62.2,chap1269,,1059,language,Chapacuran,languages,Map 20 Central Pacific Coast: Time of Contact [64]
char1240,Charrúa,,-34.9,-56.16,char1240,,1062,language,Charruan,languages,Map 22 Southern South America: Time of Contact [267]
char1269,Chara,,6.63946,36.4192,char1269,,1061,language,Ta-Ne-Omotic,languages,Map 72 Sudan and the Horn of Africa [88]
chau1259,Chaudangsi,,29.7033,80.4832,chau1259,,1068,language,Sino-Tibetan,languages,"Map 51 North-East India, Bangladesh, Bhutan and Nepal [46a]; Map 54 North-West India [15a]"
chav1241,Chavacano,,7.435034,122.18849,chav1241,,1070,language,Indo-European,languages,Map 40 The Philippines [126]
chay1248,Shawi,,-5.63764,-76.8252,chay1248,,1075,language,Cahuapanan,languages,Map 14 Northern Pacific Coast: Time of Contact [169]
chec1245,Chechen,,43.5,45.5,chec1245,,1078,language,Nakh-Daghestanian,languages,Map 59 The Caucasus [20]
chee1238,Che,,10.0031,8.67024,chee1238,,5122,language,Atlantic-Congo,languages,"Map 96 South Plateau, Nigeria [18]; Map 97 North Plateau, Nigeria [11d]"
chek1238,Cheke Holo,,-8.27055,159.625,chek1238,,3616,language,Austronesian,languages,Map 29 Solomon Islands and Bougainville [34]
chen1259,Chenapian,,-4.25154,142.317,chen1259,,1083,language,Sepik,languages,Map 33 Northern Papua New Guinea [274]
chen1266,Western Algerian Berber,,36.5917,2.19899,chen1266,,555 556 3819 5896,language,Afro-Asiatic,languages,Map 73 North-West Africa [49]; Map 73 North-West Africa [50]; Map 73 North-West Africa [52]; Map 73 North-West Africa [54]
chep1245,Chepang,,27.7206,84.9017,chep1245,,1084,language,Sino-Tibetan,languages,"Map 51 North-East India, Bangladesh, Bhutan and Nepal [53]"
cher1271,Cherepon,,6.05387,-0.10955,cher1271,,1085,language,Atlantic-Congo,languages,Map 102 Benin and Togo [26]; Map 103 Ghana [19]
cher1273,Cherokee,,35.4664,-83.163,cher1273,,1086,language,Iroquoian,languages,Map 2 South-Eastern North America: Time of Contact [54]
ches1238,Chesu,,24.05,101.98,ches1238,,1088,language,Sino-Tibetan,languages,"Map 46 Yunnan Province, China [58]"
chew1245,Chewong,,3.83331,102.081,chew1245,,1077,language,Austroasiatic,languages,Map 44 West Malaysia and Singapore [6]
chey1247,Cheyenne,,45.5321,-106.659,chey1247,,1091,language,Algic,languages,Map 5 The Great Plains: Time of Contact [12]
chha1249,Chhattisgarhi,,20.3601,82.0483,chha1249,,1067 5616,language,Indo-European,languages,"Map 51 North-East India, Bangladesh, Bhutan and Nepal [169]; Map 51 North-East India, Bangladesh, Bhutan and Nepal [169a]; Map 54 North-West India [72]"
chhi1245,Chintang,,26.961,87.1899,chhi1245,,1111,language,Sino-Tibetan,languages,"Map 51 North-East India, Bangladesh, Bhutan and Nepal [74]"
chhu1238,Chhulung,,26.9107,87.2133,chhu1238,,1156,language,Sino-Tibetan,languages,"Map 51 North-East India, Bangladesh, Bhutan and Nepal [76]"
chia1262,Chiapanec,,16.6562,-91.9417,chia1262,,1093 1487,language,Otomanguean,languages,Map 10 Meso-America: Time of Contact [22b]; Map 10 Meso-America: Time of Contact [41]
chib1270,Chibcha,,6.24999,-74.1666,chib1270,,1094,language,Chibchan,languages,Map 12 Northern South America: Time of Contact [39]
chic1270,Chickasaw,,34.0,-88.0,chic1270,,1096,language,Muskogean,languages,Map 2 South-Eastern North America: Time of Contact [43]
chic1271,Chicomuceltec,,15.6078,-91.2869,chic1271,,2319,language,Mayan,languages,Map 10 Meso-America: Time of Contact [2]
chig1238,Chiga,,-1.04387,29.9122,chig1238,,2710,language,Atlantic-Congo,languages,Map 80 Democratic Republic of Congo: Kivu [31]
chil1275,Chilisso,,35.2494,73.3344,chil1275,,1102,language,Indo-European,languages,"Map 53 Iran, Afghanistan and Pakistan [42]"
chil1280,Chilcotin-Nicola,,51.98952,-123.24458,chil1280,,1100 4358,language,Athabaskan-Eyak-Tlingit,languages,Map 6 North-Western Pacific America: Time of Contact [10]; Map 6 North-Western Pacific America: Time of Contact [9]
chim1300,Chimalapa Zoque,,16.6543,-94.6913,chim1300,,6434,language,Mixe-Zoque,languages,Map 10 Meso-America: Time of Contact [22a]
chim1301,Chimariko,,41.0,-123.0,chim1301,,1104,language,,languages,Map 4 California: Time of Contact [42]
chim1309,Chimila,,10.1902,-74.2559,chim1309,,1107,language,Chibchan,languages,Map 12 Northern South America: Time of Contact [36]
chim1310,Chimakum,,47.91457,-123.139145,chim1310,,1080,language,Chimakuan,languages,Map 6 North-Western Pacific America: Time of Contact [46]
chin1286,Clatsop-Shoalwater Chinook,,46.39132,-123.9249,chin1286,,3326,language,Chinookan,languages,Map 4 California: Time of Contact [5]
chin1476,China Buriat,,48.7593,117.786,chin1476,,4244 4633,language,Mongolic-Khitan,languages,Map 45 China and Mongolia [26]; Map 45 China and Mongolia [27]
chip1261,Chipewyan,,58.98,-104.44,chip1261,,1116,language,Athabaskan-Eyak-Tlingit,languages,Map 7 Northern North America: Time of Contact [35]
chip1262,Chipaya,,-18.73951,-67.89633,chip1262,,1114,language,Uru-Chipaya,languages,Map 20 Central Pacific Coast: Time of Contact [210b]
chit1248,Chitimacha,,30.3386,-90.9123,chit1248,,1121 6352,language,,languages,Map 2 South-Eastern North America: Time of Contact [31]; Map 2 South-Eastern North America: Time of Contact [33]
chit1274,Chitwania Tharu,,27.5825,84.4082,chit1274,,1123,language,Indo-European,languages,"Map 51 North-East India, Bangladesh, Bhutan and Nepal [165d]"
chit1275,Chittagonian,,20.831,93.1695,chit1275,,1122,language,Indo-European,languages,"Map 51 North-East India, Bangladesh, Bhutan and Nepal [178]"
choc1276,Choctaw,,32.25,-88.5,choc1276,,1128,language,Muskogean,languages,Map 2 South-Eastern North America: Time of Contact [42]
choc1279,Chochotec,,17.666,-97.2388,choc1279,,1127,language,Otomanguean,languages,Map 10 Meso-America: Time of Contact [45a]
chok1243,Chokri Naga,,25.5636,94.2887,chok1243,,1038,language,Sino-Tibetan,languages,"Map 51 North-East India, Bangladesh, Bhutan and Nepal [132]"
chok1245,Chokwe,,-9.66082,21.3992,chok1245,,1130 3855,language,Atlantic-Congo,languages,Map 77 Zambia [68]; Map 81 Democratic Republic of Congo: Kasai [77]; Map 84 Angola [41]; Map 84 Angola [41a]
chol1282,Chol,,17.4897,-92.4698,chol1282,,1131,language,Mayan,languages,Map 10 Meso-America: Time of Contact [6]
chol1283,Cholti,,15.5,-89.0,chol1283,,1133,language,Mayan,languages,Map 10 Meso-America: Time of Contact [5a]
chol1284,Cholón,,-9.23129,-75.9621,chol1284,,1134,language,Hibito-Cholon,languages,Map 14 Northern Pacific Coast: Time of Contact [195]
chon1284,Chong of Chanthaburi,,12.5218,102.514,chon1284,,1136,language,Austroasiatic,languages,"Map 48 Southern Thailand, Laos and Vietnam, and Cambodia [28]"
chon1285,Choni,,33.91167,103.46196,chon1285,,1194,language,Sino-Tibetan,languages,Map 45 China and Mongolia [93]
chon1287,Chonyi-Dzihana-Kauma,,-6.518,38.672,chon1287,,1139,language,Atlantic-Congo,languages,Map 85 Kenyan Coast [6]
chop1243,Chopi,,-24.8327,34.1097,chop1243,,1140 5945,language,Atlantic-Congo,languages,Map 74 Southern Africa [25]; Map 75 Mozambique [43]; Map 75 Mozambique [44]
chor1273,Ch'orti',,14.818,-89.2363,chor1273,,1144,language,Mayan,languages,Map 10 Meso-America: Time of Contact [5b]
chor1275,Chorotega,,10.8154,-85.1228,chor1275,,1143,language,Bookkeeping,languages,Map 10 Meso-America: Time of Contact [42]
chot1239,Chothe,,24.3722,94.2408,chot1239,,1074,language,Sino-Tibetan,languages,"Map 51 North-East India, Bangladesh, Bhutan and Nepal [142]"
chra1242,Chrau,,10.8021,107.293,chra1242,,1147,language,Austroasiatic,languages,"Map 48 Southern Thailand, Laos and Vietnam, and Cambodia [68]"
chru1239,Chru,,11.6625,108.529,chru1239,,1148,language,Austronesian,languages,"Map 48 Southern Thailand, Laos and Vietnam, and Cambodia [5]"
chua1250,Chuave,,-6.17824,145.139,chua1250,,1150,language,Nuclear Trans New Guinea,languages,Map 32 Southern Papua New Guinea [16]
chuj1250,Chuj,,15.8399,-91.76,chuj1250,,1152,language,Mayan,languages,Map 10 Meso-America: Time of Contact [11]
chuk1273,Chukchi,,68.6436,170.045,chuk1273,,1151,language,Chukotko-Kamchatkan,languages,Map 55 Eastern Siberia [22]
chuk1274,Chuka,,-0.27405,37.6116,chuk1274,,1154,language,Atlantic-Congo,languages,Map 72 Sudan and the Horn of Africa [207]; Map 85 Kenyan Coast [33]; Map 86 Central East Africa [14]
chum1261,Chumburung,,8.15211,-0.2755,chum1261,,1160,language,Atlantic-Congo,languages,Map 103 Ghana [13]
chur1258,Churahi,,32.8969,76.1124,chur1258,,1162,language,Indo-European,languages,Map 54 North-West India [36]
chut1247,Chut,,17.6819,105.773,chut1247,,3689 5117 5152,language,Austroasiatic,languages,"Map 47 Northern Thailand, Laos and Vietnam [73]; Map 47 Northern Thailand, Laos and Vietnam [74]; Map 47 Northern Thailand, Laos and Vietnam [75]"
chuu1238,Chuukese,,7.346993,151.598607,chuu1238,,5979,language,Austronesian,languages,Map 28 Micronesia [9]
chuv1255,Chuvash,,55.48701,47.16298,chuv1255,,1165,language,Turkic,languages,"Map 58 Western Russia, the Baltic States, Belarus, Ukraine and Moldova [10]"
chuw1238,Chuwabu,,-17.3428,37.1231,chuw1238,,1166,language,Atlantic-Congo,languages,Map 75 Mozambique [29]
ciac1237,Cia-Cia,,-5.68289,122.791,ciac1237,,950 5514,language,Austronesian,languages,Map 39 Sulawesi [54]; Map 39 Sulawesi [55]
ciba1236,Cibak,,10.8977,12.902,ciba1236,,3092,language,Afro-Asiatic,languages,Map 94 Northern Cameroon [10]
cina1236,Cinamiguin Manobo,,9.1793,124.721,cina1236,,2726,language,Austronesian,languages,Map 40 The Philippines [98]
cind1241,Yara,,10.3419,5.84212,cind1241,,1175,language,Atlantic-Congo,languages,Map 100 Northern Nigeria and Niger [20]; Map 101 South-Western Nigeria [47a]
cish1238,Western-Kambari-Cishingini,,9.88458,4.48564,cish1238,,6800,language,Atlantic-Congo,languages,Map 100 Northern Nigeria and Niger [23]
cita1245,Citak,,-5.58276,139.461,cita1245,,1176,language,Nuclear Trans New Guinea,languages,Map 34 Irian Jaya [27]
clal1241,Clallam,,48.0707,-123.511,clal1241,,1177,language,Salishan,languages,Map 6 North-Western Pacific America: Time of Contact [27]
clas1252,Classical Syriac,,37.1129,42.1432,clas1252,,278,language,Afro-Asiatic,languages,"Map 53 Iran, Afghanistan and Pakistan [66]; Map 59 The Caucasus [54]; Map 60 Turkey [7]"
clel1238,C'lela,,11.4653,5.26544,clel1238,,3198,language,Atlantic-Congo,languages,Map 100 Northern Nigeria and Niger [26]; Map 102 Benin and Togo [40]
coah1252,Coahuilteco,,28.2589,-97.89,coah1252,,1179,language,,languages,Map 3 South-Western North America: Time of Contact [74]
coas1301,Coast Miwok,,38.3285,-122.994,coas1301,,1180,language,Miwok-Costanoan,languages,Map 4 California: Time of Contact [60]
coca1262,Coca,,20.48058,-103.44671,coca1262,,2797,language,Uto-Aztecan,languages,Map 10 Meso-America: Time of Contact [57]
coch1272,Cochimi,,29.04,-114.077,coch1272,,846 978 2104 3114,language,Cochimi-Yuman,languages,Map 3 South-Western North America: Time of Contact [57]; Map 3 South-Western North America: Time of Contact [58]; Map 3 South-Western North America: Time of Contact [59]; Map 3 South-Western North America: Time of Contact [60]
coco1261,Cocopa,,32.376,-114.848,coco1261,,1183,language,Cochimi-Yuman,languages,Map 3 South-Western North America: Time of Contact [55]
coer1236,Coeruna,,-1.054216,-70.58464,coer1236,,2778,language,Huitotoan,languages,Map 12 Northern South America: Time of Contact [185]
coeu1236,Coeur d'Alene,,47.2958,-116.715,coeu1236,,1185,language,Salishan,languages,Map 6 North-Western Pacific America: Time of Contact [33]
cofa1242,Cofán,,0.276675,-77.0643,cofa1242,,2782,language,,languages,Map 12 Northern South America: Time of Contact [167]
cogu1240,Cogui,,10.9485,-73.8043,cogu1240,,2784,language,Chibchan,languages,Map 12 Northern South America: Time of Contact [32]
cola1237,Colac,,-38.471266,143.422444,cola1237,,2808,language,Pama-Nyungan,languages,Map 35 Australia: Time of Contact [446]
colo1256,Tsafiki,,-0.21181,-79.2347,colo1256,,6001,language,Barbacoan,languages,Map 12 Northern South America: Time of Contact [24]
colu1241,Columbia-Wenatchi,,48.217,-118.454,colu1241,,1188,language,Salishan,languages,Map 6 North-Western Pacific America: Time of Contact [34]
coma1245,Comanche,,34.0,-101.0,coma1245,,1190,language,Uto-Aztecan,languages,Map 3 South-Western North America: Time of Contact [12]
come1251,Comecrudan,,26.1333,-98.4667,come1251,,1191 1709 3505,language,,languages,Map 3 South-Western North America: Time of Contact [78]; Map 3 South-Western North America: Time of Contact [79]; Map 3 South-Western North America: Time of Contact [80]
como1258,Como Karim,,8.86601,10.816,como1258,,1135,language,Atlantic-Congo,languages,Map 95 South-Eastern Nigeria and Mid-Western Cameroon [85]; Map 98 North-Eastern Nigeria [61]
como1259,Comox,,49.7233,-124.967,como1259,,1193,language,Salishan,languages,Map 6 North-Western Pacific America: Time of Contact [18]
coon1239,Côông,,22.3311,102.759,coon1239,,1196 5438,language,Sino-Tibetan,languages,"Map 47 Northern Thailand, Laos and Vietnam [88]; Map 47 Northern Thailand, Laos and Vietnam [96]"
coos1249,Hanis,,43.4413,-124.16,coos1249,,1954,language,Coosan,languages,Map 4 California: Time of Contact [19]
coro1248,Koropó,,-21.3907,-42.716,coro1248,,2880,language,Nuclear-Macro-Je,languages,Map 18 Brazilian Atlantic Coast: Time of Contact [304]
cota1241,Cotabato Manobo,,6.39417,124.234,cota1241,,1197,language,Austronesian,languages,Map 40 The Philippines [112]
coto1248,Cotoname,,25.9116,-97.3956,coto1248,,1198,language,,languages,Map 3 South-Western North America: Time of Contact [77]
cowl1242,Cowlitz,,46.4167,-122.917,cowl1242,,1199,language,Salishan,languages,Map 6 North-Western Pacific America: Time of Contact [38]
cree1270,Creek,,31.0,-87.5,cree1270,,1200,language,Muskogean,languages,Map 2 South-Eastern North America: Time of Contact [48]
cros1244,Cross River Mbembe,,6.16926,8.23592,cros1244,,3732,language,Atlantic-Congo,languages,Map 93 Central South-Western Cameroon [15a]; Map 95 South-Eastern Nigeria and Mid-Western Cameroon [75d]
crow1244,Crow,,45.368,-107.874,crow1244,,1203,language,Siouan,languages,Map 5 The Great Plains: Time of Contact [21]
cruz1243,Cruzeño,,34.0465,-119.864,cruz1243,,2178,language,Chumashan,languages,Map 3 South-Western North America: Time of Contact [65]
cube1242,Cubeo,,1.32382,-70.1939,cube1242,,2930,language,Tucanoan,languages,Map 12 Northern South America: Time of Contact [153]
cuib1242,Cuiba,,6.19829,-69.8197,cuib1242,,2948,language,Guahiboan,languages,Map 12 Northern South America: Time of Contact [69]
cuit1236,Cuitlatec,,18.1,-100.5,cuit1236,,3087,language,,languages,Map 10 Meso-America: Time of Contact [60]
culi1244,Culina,,-8.55268,-70.6648,culi1244,,2963,language,Arawan,languages,Map 16 Western Brazil: Time of Contact [128]
cull1235,Culli,,-7.878618,-78.116456,cull1235,,2971,language,,languages,Map 14 Northern Pacific Coast: Time of Contact [197]
cupe1243,Cupeño,,33.3148,-116.515,cupe1243,,1206,language,Uto-Aztecan,languages,Map 3 South-Western North America: Time of Contact [21]
cure1236,Kueretu,,-1.045978,-70.305862,cure1236,,2936,language,Tucanoan,languages,Map 12 Northern South America: Time of Contact [156]
cuvo1236,Cuvok,,10.6448,14.0006,cuvo1236,,1207,language,Afro-Asiatic,languages,Map 94 Northern Cameroon [40]
cuyo1237,Cuyonon,,10.3201,119.3,cuyo1237,,3046,language,Austronesian,languages,Map 40 The Philippines [66]
czec1258,Czech,,49.873398,15.10437,czec1258,,1209,language,Indo-European,languages,"Map 62 Poland, the Czech Republic and Slovakia [5]; Map 65 Germany, Austria, Liechtenstein and Switzerland [16]"
daas1238,Daasanach,,4.58879,35.9888,daas1238,,1266,language,Afro-Asiatic,languages,Map 72 Sudan and the Horn of Africa [59]; Map 86 Central East Africa [97]
dadi1249,Dadiya,,9.62705,11.3587,dadi1249,,3312,language,Atlantic-Congo,languages,Map 98 North-Eastern Nigeria [8]
dadi1250,Dadibi,,-6.65765,144.511,dadi1250,,1212,language,Teberan,languages,Map 32 Southern Papua New Guinea [153]
daga1275,Daga,,-9.9747,149.263,daga1275,,1214,language,Dagan,languages,Map 31 South-Eastern Papua New Guinea [67]
dagb1246,Dagbani,,9.64745,-0.43227,dagb1246,,1219 4147,language,Atlantic-Congo,languages,Map 102 Benin and Togo [68]; Map 102 Benin and Togo [7O]; Map 103 Ghana [48]; Map 103 Ghana [50]; Map 104 Burkina Faso [23]; Map 104 Burkina Faso [25]
daha1245,Dahalo,,-2.1843,40.37,daha1245,,1223,language,Afro-Asiatic,languages,Map 72 Sudan and the Horn of Africa [72]; Map 85 Kenyan Coast [38]
daii1240,Dai,,-7.55894,129.687,daii1240,,1227,language,Austronesian,languages,Map 38 Lesser Sunda Islands and Timor [50]
daka1243,Dakaka,,-16.2696,168.013,daka1243,,1233,language,Austronesian,languages,Map 27 Vanuatu and New Caledonia [57]
dako1258,Dakota,,45.86,-96.58,dako1258,,6582 6788,language,Siouan,languages,Map 5 The Great Plains: Time of Contact [18]; Map 5 The Great Plains: Time of Contact [20]
dakp1242,Dakpakha,,27.3762,91.8245,dakp1242,,1237,language,Sino-Tibetan,languages,"Map 51 North-East India, Bangladesh, Bhutan and Nepal [37]"
dalo1238,Daloa Bété,,6.69281,-6.63944,dalo1238,,1239,language,Kru,languages,Map 105 Ivory Coast [24b]
dama1267,Dama (Cameroon),,8.72207,14.0597,dama1267,,1240,language,Atlantic-Congo,languages,Map 91 Adamawa Region [24]
dama1272,Damal,,-4.17345,137.496,dama1272,,6090,language,,languages,Map 34 Irian Jaya [50]
dame1241,Dameli,,35.299,71.6806,dame1241,,1242,language,Indo-European,languages,"Map 53 Iran, Afghanistan and Pakistan [47]"
damp1237,Dampelas,,0.70234,120.219,damp1237,,1243,language,Austronesian,languages,Map 39 Sulawesi [23]
dana1252,Danau,,20.4957,96.998,dana1252,,1248,language,Austroasiatic,languages,Map 49 Burma (Myanmar) [10]
dana1254,Danaru,,-5.53634,145.457,dana1254,,1247,language,Nuclear Trans New Guinea,languages,Map 33 Northern Papua New Guinea [41]
dang1260,Dangaura Tharu,,27.8834,81.7761,dang1260,,1250,language,Indo-European,languages,"Map 51 North-East India, Bangladesh, Bhutan and Nepal [165c]; Map 54 North-West India [52c]"
dani1285,Danish,,54.8655,9.36284,dani1285,,1251,language,Indo-European,languages,"Map 62 Poland, the Czech Republic and Slovakia [11]; Map 64 The Nordic Countries [1]; Map 65 Germany, Austria, Liechtenstein and Switzerland [6]"
dann1241,Dan,,7.22812,-8.24535,dann1241,,1244 1245,language,Mande,languages,Map 105 Ivory Coast [74]; Map 106 Liberia and Sierra Leone [31]; Map 106 Liberia and Sierra Leone [D]
daon1243,Daonda,,-3.31443,141.22,daon1243,,1256,language,Border,languages,Map 33 Northern Papua New Guinea [201]
dara1250,Darai,,27.8623,84.1357,dara1250,,1257,language,Indo-European,languages,"Map 51 North-East India, Bangladesh, Bhutan and Nepal [157]"
darf1239,Dar Fur Daju,,12.2598,25.3127,darf1239,,4560,language,Dajuic,languages,Map 71 North-East Africa [84]; Map 72 Sudan and the Horn of Africa [142]
darg1241,North-Central Dargwa,,42.4257,47.4388,darg1241,,1258,language,Nakh-Daghestanian,languages,Map 59 The Caucasus [38]
dari1249,Dari,,34.39757,66.14961,dari1249,,1259,language,Indo-European,languages,"Map 53 Iran, Afghanistan and Pakistan [7]"
darl1243,Paakantyi,,-32.7021,142.695,darl1243,,416,language,Pama-Nyungan,languages,Map 35 Australia: Time of Contact [427]; Map 35 Australia: Time of Contact [428]; Map 35 Australia: Time of Contact [429]; Map 35 Australia: Time of Contact [430]; Map 35 Australia: Time of Contact [431]; Map 35 Australia: Time of Contact [432]; Map 35 Australia: Time of Contact [433]; Map 35 Australia: Time of Contact [434]; Map 35 Australia: Time of Contact [435]; Map 35 Australia: Time of Contact [436]
darm1243,Darma,,29.8629,80.5439,darm1243,,1263,language,Sino-Tibetan,languages,"Map 51 North-East India, Bangladesh, Bhutan and Nepal [45]; Map 54 North-West India [14]"
dass1243,Dass,,9.9325,9.51838,dass1243,,1265,language,Afro-Asiatic,languages,"Map 96 South Plateau, Nigeria [82]; Map 97 North Plateau, Nigeria [87]"
dato1239,Barabayiiga-Gisamjanga,,-4.4131,35.2321,dato1239,,1268,language,Nilotic,languages,Map 86 Central East Africa [89]
daur1238,Dagur,,48.0,124.0,daur1238,,1222,language,Mongolic-Khitan,languages,Map 45 China and Mongolia [35]
dava1245,Davawenyo,,7.22613,126.458,dava1245,,1269,language,Austronesian,languages,Map 40 The Philippines [86]
dawa1242,Dawawa,,-10.1692,149.999,dawa1242,,1270,language,Austronesian,languages,Map 31 South-Eastern Papua New Guinea [6]
dawe1237,Dawera-Daweloor,,-7.76324,130.06,dawe1237,,1271,language,Austronesian,languages,Map 38 Lesser Sunda Islands and Timor [51]
daww1239,Dâw,,-0.1177,-67.2934,daww1239,,3005,language,Naduhup,languages,Map 12 Northern South America: Time of Contact [133]
dayi1244,Dayi,,-13.1806,136.22,dayi1244,,1308,language,Pama-Nyungan,languages,Map 35 Australia: Time of Contact [111]
dayy1236,Day,,8.52612,17.5146,dayy1236,,1228,language,Atlantic-Congo,languages,"Map 89 Central African Republic and South-Eastern Chad [55]; Map 90 Central African Republic, South-Western Chad and Cameroon [8]"
daza1242,Dazaga,,15.7358,15.8517,daza1242,,412 5789,language,Saharan,languages,Map 100 Northern Nigeria and Niger [17]; Map 99 Lake Chad Region [29]
dedu1240,Dedua,,-6.38206,147.627,dedu1240,,1276,language,Nuclear Trans New Guinea,languages,Map 32 Southern Papua New Guinea [33]
defa1248,Defaka,,4.58451,7.50186,defa1248,,1277,language,Ijoid,languages,Map 101 South-Western Nigeria [1]
dege1246,Degema,,4.73373,6.80991,dege1246,,1279,language,Atlantic-Congo,languages,Map 101 South-Western Nigeria [62b]
dege1247,Degenan,,-5.70892,146.572,dege1247,,1280,language,Nuclear Trans New Guinea,languages,Map 33 Northern Papua New Guinea [130]
dege1248,Degexit'an,,62.0697,-160.044,dege1248,,2146,language,Athabaskan-Eyak-Tlingit,languages,Map 7 Northern North America: Time of Contact [14]
degg1238,Deg,,8.43846,-2.28724,degg1238,,1281,language,Atlantic-Congo,languages,Map 103 Ghana [74]
dehu1237,Dehu,,-20.8892,167.229,dehu1237,,1389,language,Austronesian,languages,Map 27 Vanuatu and New Caledonia [134]
delo1240,Delo,,7.90997,0.59728,delo1240,,1282,language,Atlantic-Congo,languages,Map 102 Benin and Togo [49]; Map 103 Ghana [63]
demm1245,Dem,,-3.72183,137.632,demm1245,,1283,language,,languages,Map 34 Irian Jaya [58]
demt1241,Demta,,-2.38475,140.166,demt1241,,1284,language,Sentanic,languages,Map 34 Irian Jaya [124]
dend1242,Dendi (Central African Republic),,4.48146,22.566,dend1242,,1286,language,Atlantic-Congo,languages,Map 82 Democratic Republic of Congo: Equate [46]; Map 89 Central African Republic and South-Eastern Chad [41]
dend1243,Dendi (Benin),,11.6682,3.49109,dend1243,,1285,language,Songhay,languages,Map 102 Benin and Togo [80]
deng1250,Dengese,,-3.26337,21.4194,deng1250,,25,language,Atlantic-Congo,languages,Map 81 Democratic Republic of Congo: Kasai [1a]
deny1238,Denya,,5.97237,9.39989,deny1238,,472 607 763 1290,language,Atlantic-Congo,languages,Map 93 Central South-Western Cameroon [28]; Map 93 Central South-Western Cameroon [28a]; Map 95 South-Eastern Nigeria and Mid-Western Cameroon [35]; Map 95 South-Eastern Nigeria and Mid-Western Cameroon [35a]; Map 95 South-Eastern Nigeria and Mid-Western Cameroon [35b]
deor1238,Deori,,26.86152,93.70572,deor1238,,1292,language,Sino-Tibetan,languages,"Map 51 North-East India, Bangladesh, Bhutan and Nepal [115]"
dera1245,Dera (Indonesia),,-3.52309,140.947,dera1245,,1293 1294,language,Senagi,languages,Map 33 Northern Papua New Guinea [221]; Map 34 Irian Jaya [104]
dera1248,Dera (Nigeria),,10.072,12.0256,dera1248,,1295,language,Afro-Asiatic,languages,Map 91 Adamawa Region [71]; Map 98 North-Eastern Nigeria [83]
dewo1238,Dewoin,,6.56113,-10.9076,dewo1238,,1274,language,Kru,languages,Map 106 Liberia and Sierra Leone [16]
dghw1239,Dghwede,,11.05751,13.77847,dghw1239,,1299,language,Afro-Asiatic,languages,Map 94 Northern Cameroon [23]
dhan1265,Dewas-Done Danuwar,,27.362013,85.411517,dhan1265,,1255,language,Indo-European,languages,"Map 51 North-East India, Bangladesh, Bhutan and Nepal [156]"
dhan1270,Dhangu,,-11.9493,135.752,dhan1270,,1300,language,Pama-Nyungan,languages,Map 35 Australia: Time of Contact [105]
dhao1237,Dhao,,-10.8098,122.658,dhao1237,,4189,language,Austronesian,languages,Map 38 Lesser Sunda Islands and Timor [13]
dhar1248,Dharumbal,,-23.307,150.593,dhar1248,,2793 1305,language,Pama-Nyungan,languages,Map 35 Australia: Time of Contact [393]; Map 35 Australia: Time of Contact [395]
dhim1246,Dhimal,,26.6283,88.3798,dhim1246,,1309,language,Sino-Tibetan,languages,"Map 51 North-East India, Bangladesh, Bhutan and Nepal [103]"
dhud1236,Dhudhuroa,,-36.95881441,147.0450379,dhud1236,,1312,language,Pama-Nyungan,languages,Map 35 Australia: Time of Contact [453]
dhun1238,Dhundari,,26.473,76.198,dhun1238,,1313,language,Indo-European,languages,Map 54 North-West India [64]
dhur1239,Dhurga,,-35.412,150.134,dhur1239,,1314,language,Pama-Nyungan,languages,Map 35 Australia: Time of Contact [424]
dhuw1249,Dhuwal,,-12.7825,136.008,dhuw1249,,1317 1315,language,Pama-Nyungan,languages,Map 35 Australia: Time of Contact [106]; Map 35 Australia: Time of Contact [108]
diaa1238,Alu-Sinagen,,-3.38837,142.248,diaa1238,,176,language,Nuclear Torricelli,languages,Map 33 Northern Papua New Guinea [231]
diba1242,Dibabawon Manobo,,7.85664,126.018,diba1242,,1319,language,Austronesian,languages,Map 40 The Philippines [109]
dibi1240,Dibiyaso,,-7.82096,142.779,dibi1240,,465,language,,languages,Map 32 Southern Papua New Guinea [90]
dibo1245,Dibole,,1.07773,17.2305,dibo1245,,424,language,Atlantic-Congo,languages,Map 87 Northern Congo and Southern Central African Republic [34]
dibo1247,Dibo,,9.0611,6.3731,dibo1247,,1320 1506,language,Atlantic-Congo,languages,Map 101 South-Western Nigeria [50]; Map 101 South-Western Nigeria [52]
didi1258,Didinga,,4.21489,33.6869,didi1258,,1323,language,Surmic,languages,Map 72 Sudan and the Horn of Africa [124]; Map 86 Central East Africa [59]
dido1241,Tsez,,42.2646,45.8096,dido1241,,5990,language,Nakh-Daghestanian,languages,Map 59 The Caucasus [33]
dier1241,Dieri,,-28.1667,138.0,dier1241,,1310 1342,language,Pama-Nyungan,languages,Map 35 Australia: Time of Contact [373]; Map 35 Australia: Time of Contact [374]
diga1241,Tawra,,28.4993,96.8803,diga1241,,5748,language,Sino-Tibetan,languages,"Map 45 China and Mongolia [106]; Map 49 Burma (Myanmar) [12]; Map 51 North-East India, Bangladesh, Bhutan and Nepal [100]"
digo1243,Digo,,-4.62101,39.1752,digo1243,,1324,language,Atlantic-Congo,languages,Map 76 Southern Tanzania [2]; Map 85 Kenyan Coast [12]
diii1241,Dii,,7.77412,13.9884,diii1241,,1325,language,Atlantic-Congo,languages,"Map 90 Central African Republic, South-Western Chad and Cameroon [20]; Map 91 Adamawa Region [1]"
diji1241,Dijim-Bwilim,,9.67567,11.5201,diji1241,,1044,language,Atlantic-Congo,languages,Map 98 North-Eastern Nigeria [6]
dill1242,Dilling,,12.0347,29.6056,dill1242,,1327 2333,language,Nubian,languages,Map 71 North-East Africa [75]; Map 71 North-East Africa [76]; Map 72 Sudan and the Horn of Africa [117]; Map 72 Sudan and the Horn of Africa [118]
dima1251,Dimasa,,25.4198,93.1806,dima1251,,1328 2015,language,Sino-Tibetan,languages,"Map 51 North-East India, Bangladesh, Bhutan and Nepal [112]; Map 51 North-East India, Bangladesh, Bhutan and Nepal [113]"
dima1252,Dima,,-9.70322,149.605,dima1252,,2267,language,Dagan,languages,Map 31 South-Eastern Papua New Guinea [75]
dimb1238,Dimbong,,4.80551,10.9888,dimb1238,,1330 1331,language,Atlantic-Congo,languages,Map 92 South-Western Cameroon [39]; Map 93 Central South-Western Cameroon [79]; Map 93 Central South-Western Cameroon [93]
dime1235,Dime,,6.20951,36.3329,dime1235,,1332,language,South Omotic,languages,Map 72 Sudan and the Horn of Africa [107]
dimi1244,Gavak,,-4.8296,145.676,dimi1244,,1333,language,Nuclear Trans New Guinea,languages,Map 33 Northern Papua New Guinea [51]
ding1239,Ding,,-4.44304,19.3881,ding1239,,1334,language,Atlantic-Congo,languages,Map 81 Democratic Republic of Congo: Kasai [39]
diod1237,Diodio,,-9.38654,150.168,diod1237,,1336,language,Austronesian,languages,Map 31 South-Eastern Papua New Guinea [29]
diri1252,Diriku-Shambyu,,-18.1681,20.6678,diri1252,,1741 5341,language,Atlantic-Congo,languages,Map 84 Angola [25a]; Map 84 Angola [25b]
diri1253,Jirim,,8.36,11.05,diri1253,,1339,language,Atlantic-Congo,languages,Map 91 Adamawa Region [44]; Map 95 South-Eastern Nigeria and Mid-Western Cameroon [72b]
diri1259,Diri,,11.1701,9.32363,diri1259,,1340,language,Afro-Asiatic,languages,"Map 97 North Plateau, Nigeria [77]; Map 98 North-Eastern Nigeria [88]"
disa1239,Dissa-Canton Mufa,,10.3218,19.2156,disa1239,,1341,language,Central Sudanic,languages,Map 89 Central African Republic and South-Eastern Chad [65]
dita1238,Ditammari,,10.1614,1.18045,dita1238,,3236,language,Atlantic-Congo,languages,Map 102 Benin and Togo [71]
diti1235,Ditidaht,,48.67,-124.75,diti1235,,4392,language,Wakashan,languages,Map 6 North-Western Pacific America: Time of Contact [44]
dixo1238,Dixon Reef,,-16.3267,167.516,dixo1238,,374,language,Austronesian,languages,Map 27 Vanuatu and New Caledonia [63]
dizi1235,Dizin,,6.1405,35.5763,dizi1235,,1343,language,Dizoid,languages,Map 72 Sudan and the Horn of Africa [96]
djau1244,Jawoyn,,-14.1361,133.002,djau1244,,2240,language,Gunwinyguan,languages,Map 35 Australia: Time of Contact [56]
djaw1238,Djawi,,-16.4163,123.186,djaw1238,,1345,language,Nyulnyulan,languages,Map 35 Australia: Time of Contact [89]
djee1236,Djeebbana,,-12.0133,134.097,djee1236,,1326,language,Maningrida,languages,Map 35 Australia: Time of Contact [62]
djim1235,Djimini Senoufo,,8.36279,-4.45627,djim1235,,1435,language,Atlantic-Congo,languages,Map 105 Ivory Coast [57]
djin1251,Jingulu,,-17.165,133.659,djin1251,,1349,language,Mirndi,languages,Map 35 Australia: Time of Contact [43]
djin1252,Djinba,,-12.93,134.967,djin1252,,1348,language,Pama-Nyungan,languages,Map 35 Australia: Time of Contact [109]
djin1253,Djinang,,-12.462,134.82,djin1253,,1347,language,Pama-Nyungan,languages,Map 35 Australia: Time of Contact [104]
dobe1238,Dobel,,-6.32531,134.638,dobe1238,,1350,language,Austronesian,languages,Map 34 Irian Jaya [229]
dobu1241,Dobu,,-9.63239,150.825,dobu1241,,1351,language,Austronesian,languages,Map 31 South-Eastern Papua New Guinea [20]
doee1238,Doe,,-6.25844,38.4902,doee1238,,1354,language,Atlantic-Congo,languages,Map 76 Southern Tanzania [6]; Map 85 Kenyan Coast [17]
doga1238,Doga,,-9.63698,149.841,doga1238,,1356,language,Austronesian,languages,Map 31 South-Eastern Papua New Guinea [15]
dogh1241,Doghoro,,-9.13688,148.766,dogh1241,,1359,language,Nuclear Trans New Guinea,languages,Map 31 South-Eastern Papua New Guinea [86]
dogo1295,Dogosé,,10.1899,-4.1493,dogo1295,,1360,language,Atlantic-Congo,languages,Map 104 Burkina Faso [59]
dogr1250,Dogri,,32.5534,75.7111,dogr1250,,1361,language,Indo-European,languages,Map 54 North-West India [33]
dogr1252,Dogrib,,63.17,-117.25,dogr1252,,1362,language,Athabaskan-Eyak-Tlingit,languages,Map 7 Northern North America: Time of Contact [34]
dogu1235,Dogul Dom Dogon,,14.5872,-3.56855,dogu1235,,1357,language,Dogon,languages,Map 104 Burkina Faso [4j]
doka1242,Ejuele,,10.2287,7.96099,doka1242,,1364,language,Atlantic-Congo,languages,"Map 97 North Plateau, Nigeria [4]"
doko1243,Deko-Dusanga,,5.39961,8.26925,doko1243,,1366,language,Atlantic-Congo,languages,Map 93 Central South-Western Cameroon [11]
dolp1239,Dolpo,,29.1957,83.2927,dolp1239,,1368,language,Sino-Tibetan,languages,"Map 51 North-East India, Bangladesh, Bhutan and Nepal [14]"
doma1260,Domaaki,,36.3258,74.7984,doma1260,,1369,language,Indo-European,languages,"Map 53 Iran, Afghanistan and Pakistan [37]"
domb1246,Toka-Leya-Dombe,,-18.37,26.502,domb1246,,3229 5931,language,Atlantic-Congo,languages,Map 74 Southern Africa [27]; Map 74 Southern Africa [33]; Map 77 Zambia [24a]; Map 77 Zambia [24b]
domu1245,Domu,,-10.151,148.45,domu1245,,1372,language,Mailuan,languages,Map 31 South-Eastern Papua New Guinea [61]
domu1246,Domung,,-5.81856,146.682,domu1246,,1373,language,Nuclear Trans New Guinea,languages,Map 33 Northern Papua New Guinea [120]
dond1249,Dondo,,0.80348,120.707,dond1249,,1374,language,Austronesian,languages,Map 39 Sulawesi [22]
dong1285,Dongxiang,,35.66354,103.38952,dong1285,,1378,language,Mongolic-Khitan,languages,Map 45 China and Mongolia [33]
dong1290,Dongo,,2.96683,29.9619,dong1290,,11,language,Atlantic-Congo,languages,Map 79 Democratic Republic of Congo: Orienta [51]
dong1293,Dong,,8.64119,11.9924,dong1293,,1376,language,Atlantic-Congo,languages,Map 98 North-Eastern Nigeria [57]
donn1239,Donno So Dogon,,14.34019,-3.51468,donn1239,,1379,language,Dogon,languages,Map 104 Burkina Faso [4n]
doon1238,Doondo,,-4.30483,13.5641,doon1238,,1375,language,Atlantic-Congo,languages,Map 83 Democratic Republic of Congo: Bas Congo and Southern Congo [11]
dora1242,Dorasque,,8.567442,-82.375717,dora1242,,1381,language,Chibchan,languages,Map 12 Northern South America: Time of Contact [44]
dori1246,Dori'o,,-9.11536,160.897,dori1246,,1382,language,Austronesian,languages,Map 29 Solomon Islands and Bougainville [49]
doro1266,Doromu-Koki,,-9.56687,147.986,doro1266,,1384,language,Manubaran,languages,Map 31 South-Eastern Papua New Guinea [55]; Map 32 Southern Papua New Guinea [139]
dorz1235,Dorze,,6.25237,37.5554,dorz1235,,1386,language,Ta-Ne-Omotic,languages,Map 72 Sudan and the Horn of Africa [79]
dout1240,Doutai,,-3.24832,138.22,dout1240,,5738,language,Lakes Plain,languages,Map 34 Irian Jaya [142]
doya1240,Doyayo,,8.68604,13.0768,doya1240,,1380 3619 5791,language,Atlantic-Congo,languages,Map 91 Adamawa Region [8]; Map 91 Adamawa Region [8a]; Map 91 Adamawa Region [8b]
drun1238,Drung,,28.00792,98.49449,drun1238,,1405 1426,language,Sino-Tibetan,languages,"Map 46 Yunnan Province, China [34]; Map 49 Burma (Myanmar) [16]"
dual1243,Duala,,4.10208,9.61877,dual1243,,598 782 1390 4061 4942,language,Atlantic-Congo,languages,Map 92 South-Western Cameroon [14]; Map 92 South-Western Cameroon [14a]; Map 92 South-Western Cameroon [14b]; Map 92 South-Western Cameroon [14c]; Map 92 South-Western Cameroon [35b]; Map 93 Central South-Western Cameroon [90]
duan1242,Duano,,0.72162,103.46759,duan1242,,1391,language,Austronesian,languages,Map 44 West Malaysia and Singapore [18]
duau1237,Duau,,-10.187,151.218,duau1237,,1392,language,Austronesian,languages,Map 31 South-Eastern Papua New Guinea [25]
dubu1240,Dubu,,-3.62591,140.768,dubu1240,,1394,language,Pauwasi,languages,Map 34 Irian Jaya [80]
dudu1240,Duduela,,-5.43119,145.642,dudu1240,,1395,language,Nuclear Trans New Guinea,languages,Map 33 Northern Papua New Guinea [47]
dugu1248,Dugun,,8.38689,13.3966,dugu1248,,4710,language,Atlantic-Congo,languages,Map 91 Adamawa Region [3]
dugu1249,Duguri,,10.05,10.21,dugu1249,,1397 5531,language,Atlantic-Congo,languages,"Map 96 South Plateau, Nigeria [47]; Map 96 South Plateau, Nigeria [47b]; Map 98 North-Eastern Nigeria [47]"
dugw1239,Dugwor,,10.752,14.2134,dugw1239,,12,language,Afro-Asiatic,languages,Map 94 Northern Cameroon [37]
duhw1236,Duhwa,,9.32586,8.77995,duhw1236,,2506,language,Afro-Asiatic,languages,"Map 96 South Plateau, Nigeria [77]"
duke1237,Duke,,-7.97768,157.064,duke1237,,4220,language,Austronesian,languages,Map 29 Solomon Islands and Bougainville [22]
dulb1238,Dulbu,,10.1911,9.94759,dulb1238,,1401,language,Atlantic-Congo,languages,"Map 97 North Plateau, Nigeria [57]; Map 98 North-Eastern Nigeria [46]"
duli1241,Duli-Gewe,,9.11241,13.4232,duli1241,,1403,language,Atlantic-Congo,languages,Map 91 Adamawa Region [15]
duma1253,Duma,,-0.91927,13.0046,duma1253,,1406,language,Atlantic-Congo,languages,Map 83 Democratic Republic of Congo: Bas Congo and Southern Congo [42]; Map 88 Gabon and Equatorial Guinea [44]
dumb1241,Dumbea,,-22.0947,166.531,dumb1241,,1393,language,Austronesian,languages,Map 27 Vanuatu and New Caledonia [131]
dumi1241,Dumi,,27.45849,86.75699,dumi1241,,1408,language,Sino-Tibetan,languages,"Map 51 North-East India, Bangladesh, Bhutan and Nepal [65]"
dump1242,Dumpas,,5.93483,117.419,dump1242,,1409,language,Austronesian,languages,Map 41 Borneo and Madagascar [108]
dump1243,Dumpu,,-5.82002,145.655,dump1243,,1410,language,Nuclear Trans New Guinea,languages,Map 33 Northern Papua New Guinea [35]
dumu1246,Dumun,,-5.55315,146.082,dumu1246,,1411,language,Nuclear Trans New Guinea,languages,Map 33 Northern Papua New Guinea [19]
duna1248,Duna,,-5.41439,142.475,duna1248,,1412,language,,languages,Map 33 Northern Papua New Guinea [181]
dung1252,Dungmali,,26.9813,87.3328,dung1252,,1415,language,Sino-Tibetan,languages,"Map 51 North-East India, Bangladesh, Bhutan and Nepal [77]"
dung1253,Dungan,,42.7292,76.8382,dung1253,,1414,language,Sino-Tibetan,languages,Map 57 Central Asia [18]
dupa1235,Dupaninan Agta,,17.3748,122.188,dupa1235,,1445,language,Austronesian,languages,Map 40 The Philippines [4]
dura1244,Dura,,28.173,84.435,dura1244,,1416,language,Sino-Tibetan,languages,"Map 51 North-East India, Bangladesh, Bhutan and Nepal [5]"
duri1242,Duri,,-3.37081,119.871,duri1242,,3658,language,Austronesian,languages,Map 39 Sulawesi [48]
duru1249,Duruma,,-4.09629,39.322,duru1249,,1419,language,Atlantic-Congo,languages,Map 85 Kenyan Coast [11]
dusu1271,Dusun Deyah,,-1.95514,115.578,dusu1271,,1420,language,Austronesian,languages,Map 41 Borneo and Madagascar [2]
dutc1256,Dutch,,52.0,5.0,dutc1256,,4240,language,Indo-European,languages,"Map 64 The Nordic Countries [7]; Map 65 Germany, Austria, Liechtenstein and Switzerland [3]; Map 69 France, Belgium, the Netherlands and Luxembourg [10]"
duup1238,Duupa,,8.55031,13.4544,duup1238,,1422,language,Atlantic-Congo,languages,Map 91 Adamawa Region [2]
duwa1244,Duwai,,12.803,11.3367,duwa1244,,1423,language,Afro-Asiatic,languages,Map 100 Northern Nigeria and Niger [9]
duwe1237,Duwet,,-6.45752,146.841,duwe1237,,1424,language,Austronesian,languages,Map 32 Southern Papua New Guinea [201]
dwan1238,Dwang,,7.70712,-0.43011,dwan1238,,2295,language,Atlantic-Congo,languages,Map 102 Benin and Togo [19]; Map 103 Ghana [10]
dyaa1242,Dyaabugay,,-16.596,145.388,dyaa1242,,1429,language,Pama-Nyungan,languages,Map 35 Australia: Time of Contact [298]
dyan1250,Dyangadi,,-30.8469,152.602,dyan1250,,1431,language,Pama-Nyungan,languages,Map 35 Australia: Time of Contact [415]
dyan1251,Dyan,,10.8342,-3.59179,dyan1251,,1430,language,Atlantic-Congo,languages,Map 103 Ghana [77]; Map 104 Burkina Faso [62b]; Map 105 Ivory Coast [45]
dyir1250,Dyirbal,,-17.4516,145.544,dyir1250,,1436,language,Pama-Nyungan,languages,Map 35 Australia: Time of Contact [301]
dyul1238,Dyula,,10.4536,-4.72007,dyul1238,,1439,language,Mande,languages,Map 104 Burkina Faso [77]; Map 105 Ivory Coast [69d]
dzal1238,Dzalakha,,27.7855,91.374,dzal1238,,1440,language,Sino-Tibetan,languages,"Map 51 North-East India, Bangladesh, Bhutan and Nepal [39]"
dzan1238,Dzando,,2.24195,19.0022,dzan1238,,1910 3917,language,Atlantic-Congo,languages,Map 82 Democratic Republic of Congo: Equate [13]; Map 82 Democratic Republic of Congo: Equate [17]; Map 87 Northern Congo and Southern Central African Republic [16]
dzod1238,Dzodinka,,6.89005,10.7633,dzod1238,,1441,language,Atlantic-Congo,languages,Map 95 South-Eastern Nigeria and Mid-Western Cameroon [46]
dzon1239,Dzongkha,,27.410786,89.581604,dzon1239,,1442,language,Sino-Tibetan,languages,"Map 51 North-East India, Bangladesh, Bhutan and Nepal [30]"
east1472,Eastern Keres,,35.5216,-106.453,east1472,,5085,language,Keresan,languages,Map 5 The Great Plains: Time of Contact [52]
east2304,Eastern Balochi,,29.38213,69.05834,east2304,,503,language,Indo-European,languages,"Map 53 Iran, Afghanistan and Pakistan [21]"
east2330,Eastern Lawa,,19.0136,98.7613,east2330,,4852,language,Austroasiatic,languages,"Map 47 Northern Thailand, Laos and Vietnam [32]"
east2332,Eastern Bru,,17.1311,105.671,east2332,,3544 5974,language,Austroasiatic,languages,"Map 47 Northern Thailand, Laos and Vietnam [47a]; Map 47 Northern Thailand, Laos and Vietnam [47c]"
east2333,Eastern Mnong,,12.3939,108.354,east2333,,1473,language,Austroasiatic,languages,"Map 48 Southern Thailand, Laos and Vietnam, and Cambodia [71]"
east2337,East Yugur,,38.83687,99.61725,east2337,,1492,language,Mongolic-Khitan,languages,Map 45 China and Mongolia [34]
east2342,Eastern Kayah,,19.8939,98.3359,east2342,,2592,language,Sino-Tibetan,languages,Map 49 Burma (Myanmar) [22]
east2357,Eastern Mewahang,,27.5103,87.1134,east2357,,3820,language,Sino-Tibetan,languages,"Map 51 North-East India, Bangladesh, Bhutan and Nepal [80]"
east2379,Eastern Arrernte,,-23.3583,135.046,east2379,,1462,language,Pama-Nyungan,languages,Map 35 Australia: Time of Contact [216]
east2403,Eastern Acipa,,10.7104,6.0105,east2403,,66,language,Atlantic-Congo,languages,Map 100 Northern Nigeria and Niger [20a]; Map 101 South-Western Nigeria [47b]
east2409,East Nyala,,0.38163,34.6626,east2409,,1455 4561,language,Atlantic-Congo,languages,Map 86 Central East Africa [29]; Map 86 Central East Africa [35d]
east2426,Eastern Maninkakan,,9.33048,-10.5394,east2426,,6357,language,Mande,languages,Map 105 Ivory Coast [69e]; Map 106 Liberia and Sierra Leone [18c]; Map 107 Guinea and Mali [21b]
east2440,East Makian,,0.07337,127.423,east2440,,1452,language,Austronesian,languages,Map 37 The Moluccas [37]
east2443,East Ambae,,-15.3523,167.89,east2443,,4456,language,Austronesian,languages,Map 27 Vanuatu and New Caledonia [19]
east2534,Eastern Canadian Inuktitut,,62.1735,-75.6139,east2534,,1464,language,Eskimo-Aleut,languages,Map 7 Northern North America: Time of Contact [8]
east2542,Eastern Ojibwa,,45.0112,-79.7503,east2542,,1477,language,Algic,languages,Map 7 Northern North America: Time of Contact [76]
east2544,Eastern Abenaki,,45.0112,-68.6617,east2544,,1461,language,Algic,languages,Map 1 East Coast and Great Lakes: Time of Contact [22]
east2545,Eastern Pomo,,38.5647,-122.586,east2545,,1480,language,Pomoan,languages,Map 4 California: Time of Contact [53]
east2563,Eastern Cham,,11.2853,108.49,east2563,,1043,language,Austronesian,languages,"Map 48 Southern Thailand, Laos and Vietnam, and Cambodia [2]"
east2652,Eastern Oromo,,8.67428,41.4395,east2652,,1479 5057,language,Afro-Asiatic,languages,Map 72 Sudan and the Horn of Africa [53a]; Map 72 Sudan and the Horn of Africa [53g]
east2690,Eastern Egyptian Bedawi Arabic,,29.6742,33.6113,east2690,,2290,language,Afro-Asiatic,languages,Map 70 The Middle East and Arabian Peninsula [80]
east2782,Eastern Kikongo,,-5.25,15.5,east2782,,4521,language,Atlantic-Congo,languages,Map 81 Democratic Republic of Congo: Kasai [56]; Map 83 Democratic Republic of Congo: Bas Congo and Southern Congo [2]; Map 84 Angola [4]
ebir1243,Ebira,,8.15516,7.06183,ebir1243,,1493,language,Atlantic-Congo,languages,Map 101 South-Western Nigeria [51]
ebri1238,Ebrié,,5.36868,-4.03188,ebri1238,,1495,language,Atlantic-Congo,languages,Map 105 Ivory Coast [9]
edec1238,Ede Cabe,,7.78176,2.48128,edec1238,,5984,language,Atlantic-Congo,languages,Map 102 Benin and Togo [30c]
edei1244,Ede Idaca,,7.78428,2.27039,edei1244,,2086,language,Atlantic-Congo,languages,Map 102 Benin and Togo [31a]
edei1245,Ede Ije,,7.09729,2.64262,edei1245,,2110,language,Atlantic-Congo,languages,Map 102 Benin and Togo [31b]
eder1237,Edera Awyu,,-7.0038,139.914,eder1237,,1497,language,Nuclear Trans New Guinea,languages,Map 34 Irian Jaya [19]
efee1239,Efe,,1.8798,29.2918,efee1239,,1501,language,Central Sudanic,languages,Map 79 Democratic Republic of Congo: Orienta [63b]
efik1245,Efik,,4.89379,8.38121,efik1245,,1502,language,Atlantic-Congo,languages,Map 101 South-Western Nigeria [17]; Map 92 South-Western Cameroon [1]; Map 93 Central South-Western Cameroon [1]
efut1242,Efutop,,5.92431,8.35425,efut1242,,1503,language,Atlantic-Congo,languages,Map 93 Central South-Western Cameroon [26]; Map 95 South-Eastern Nigeria and Mid-Western Cameroon [27]
egaa1242,Ega,,5.56081,-5.41732,egaa1242,,1505,language,Atlantic-Congo,languages,Map 105 Ivory Coast [7]
eggo1239,Eggon,,8.71442,8.45686,eggo1239,,1508,language,Atlantic-Congo,languages,"Map 95 South-Eastern Nigeria and Mid-Western Cameroon [86]; Map 96 South Plateau, Nigeria [27]"
egyp1253,Egyptian Arabic,,31.0,31.0,egyp1253,,150 557 639 1005 1466 6419,language,Afro-Asiatic,languages,Map 71 North-East Africa [1]; Map 71 North-East Africa [2]; Map 71 North-East Africa [3]; Map 71 North-East Africa [4]; Map 71 North-East Africa [7]; Map 71 North-East Africa [8]
eipo1242,Eipomek,,-4.33691,140.045,eipo1242,,1512,language,Nuclear Trans New Guinea,languages,Map 34 Irian Jaya [64]
eiti1240,Eitiep,,-3.51561,142.555,eiti1240,,1513,language,Nuclear Torricelli,languages,Map 33 Northern Papua New Guinea [254]
ejag1239,Ejagham,,5.54442,8.90959,ejag1239,,681 1448 1515 2611 4441 4603 5519 5521 6401,language,Atlantic-Congo,languages,Map 93 Central South-Western Cameroon [22]; Map 93 Central South-Western Cameroon [22a]; Map 93 Central South-Western Cameroon [22b]; Map 93 Central South-Western Cameroon [22c]; Map 93 Central South-Western Cameroon [22d]; Map 93 Central South-Western Cameroon [22e]; Map 93 Central South-Western Cameroon [23a]; Map 93 Central South-Western Cameroon [23b]; Map 93 Central South-Western Cameroon [24]; Map 95 South-Eastern Nigeria and Mid-Western Cameroon [33]; Map 95 South-Eastern Nigeria and Mid-Western Cameroon [34]
ejam1238,Ejamat,,12.3355,-16.515,ejam1238,,1498,language,Atlantic-Congo,languages,"Map 108 Senegal, Gambia and Guinea Bissau [15]"
ekaj1238,Ekajuk,,6.45731,8.55058,ekaj1238,,1518,language,Atlantic-Congo,languages,Map 95 South-Eastern Nigeria and Mid-Western Cameroon [31]
ekar1243,Ekari,,-3.88974,136.018,ekar1243,,1517,language,Nuclear Trans New Guinea,languages,Map 34 Irian Jaya [53]
ekit1246,Ekit,,4.7645,7.89222,ekit1246,,1520,language,Atlantic-Congo,languages,Map 101 South-Western Nigeria [20]; Map 93 Central South-Western Cameroon [2]
ekpe1253,Ekpeye,,5.06715,6.53362,ekpe1253,,1525,language,Atlantic-Congo,languages,Map 101 South-Western Nigeria [85a]
elem1253,Eleme,,4.72964,7.267,elem1253,,1526,language,Atlantic-Congo,languages,Map 101 South-Western Nigeria [15]
elep1240,Elepi,,-3.7505,143.93,elep1240,,1527,language,Nuclear Torricelli,languages,Map 33 Northern Papua New Guinea [266]
elip1238,Elip,,4.45694,11.193,elip1238,,4553 4554,language,Atlantic-Congo,languages,Map 92 South-Western Cameroon [5b]; Map 92 South-Western Cameroon [5c]
elke1240,Elkei,,-3.45544,142.093,elke1240,,1528,language,Nuclear Torricelli,languages,Map 33 Northern Papua New Guinea [228]
eloy1241,Ajiri,,8.24696,7.97061,eloy1241,,1529,language,Atlantic-Congo,languages,"Map 95 South-Eastern Nigeria and Mid-Western Cameroon [88]; Map 96 South Plateau, Nigeria [55b]"
else1239,Elseng,,-3.00176,140.418,else1239,,3959,language,,languages,Map 34 Irian Jaya [103]
emae1237,Emae,,-17.052,168.399,emae1237,,1531,language,Austronesian,languages,Map 26 Polynesia [18]; Map 27 Vanuatu and New Caledonia [136]
emai1241,Emai-Iuleha-Ora,,7.09089,5.84494,emai1241,,4664,language,Atlantic-Congo,languages,Map 101 South-Western Nigeria [70]
eman1238,Eman,,6.22923,9.70562,eman1238,,1532,language,Atlantic-Congo,languages,Map 95 South-Eastern Nigeria and Mid-Western Cameroon [11]
emba1238,Embaloh,,1.3156,112.63,emba1238,,3714,language,Austronesian,languages,Map 41 Borneo and Madagascar [29]
embu1241,Embu,,-0.62822,37.5933,embu1241,,1533 3729,language,Atlantic-Congo,languages,Map 72 Sudan and the Horn of Africa [206]; Map 72 Sudan and the Horn of Africa [208]; Map 85 Kenyan Coast [31]; Map 85 Kenyan Coast [32]; Map 86 Central East Africa [8]
emum1240,Emumu,,-3.74242,140.903,emum1240,,1537,language,Pauwasi,languages,Map 33 Northern Papua New Guinea [190]; Map 34 Irian Jaya [79]
enap1235,Panare,,6.95035,-65.8483,enap1235,,4765,language,Cariban,languages,Map 12 Northern South America: Time of Contact [421]
enga1252,Enga,,-5.45619,143.685,enga1252,,1541 5246,language,Nuclear Trans New Guinea,languages,Map 32 Southern Papua New Guinea [21]; Map 32 Southern Papua New Guinea [26]; Map 33 Northern Papua New Guinea [161]
enge1239,Egene,,5.11931,6.37339,enge1239,,1543,language,Atlantic-Congo,languages,Map 101 South-Western Nigeria [62a]
engg1245,Enggano,,-5.38846,102.245,engg1245,,1544,language,Austronesian,languages,Map 43 Sumatra [4]
ennn1243,En,,22.8386,106.167,ennn1243,,4541,language,Tai-Kadai,languages,"Map 47 Northern Thailand, Laos and Vietnam [8]"
epen1239,Epena,,4.25877,-77.3566,epen1239,,5517,language,Chocoan,languages,Map 12 Northern South America: Time of Contact [8a]
epie1238,Epie,,5.00894,6.3146,epie1238,,1552,language,Atlantic-Congo,languages,Map 101 South-Western Nigeria [62c]
eree1241,Ere,,-2.15569,147.083,eree1241,,4141,language,Austronesian,languages,Map 30 New Britain and New Ireland [22]
erie1238,Erie,,42.158,-79.64,erie1238,,1557,language,Unclassifiable,languages,Map 1 East Coast and Great Lakes: Time of Contact [44]
erit1239,Eritai,,-2.71182,138.053,erit1239,,425,language,Lakes Plain,languages,Map 34 Irian Jaya [143]
erok1237,Erokwanas,,-2.83746,132.705,erok1237,,1559,language,Austronesian,languages,Map 34 Irian Jaya [220]
ersu1241,Ersu,,29.2867,102.213,ersu1241,,1561,language,Sino-Tibetan,languages,Map 45 China and Mongolia [118]
eruw1238,Eruwa,,5.18026,6.04818,eruw1238,,1562,language,Atlantic-Congo,languages,Map 101 South-Western Nigeria [63a]
esan1238,Esan,,6.25685,6.33917,esan1238,,1563,language,Atlantic-Congo,languages,Map 101 South-Western Nigeria [65]
esee1247,Ese,,-9.09451,148.376,esee1247,,3508,language,Koiarian,languages,Map 31 South-Eastern Papua New Guinea [52]; Map 32 Southern Papua New Guinea [130]
esee1248,Ese Ejja,,-11.7268,-67.515,esee1248,,1564,language,Pano-Tacanan,languages,Map 14 Northern Pacific Coast: Time of Contact [242]
esim1238,Esimbi,,6.50094,9.86936,esim1238,,1567,language,Atlantic-Congo,languages,Map 95 South-Eastern Nigeria and Mid-Western Cameroon [9]
esse1238,Esselen,,36.5473,-121.867,esse1238,,1569,language,,languages,Map 4 California: Time of Contact [80]
esto1258,Estonian,,58.55,25.82,esto1258,,1570,language,Uralic,languages,"Map 58 Western Russia, the Baltic States, Belarus, Ukraine and Moldova [19]; Map 62 Poland, the Czech Republic and Slovakia [15]; Map 64 The Nordic Countries [14]"
eten1239,Eten,,9.73073,8.61443,eten1239,,352,language,Atlantic-Congo,languages,"Map 96 South Plateau, Nigeria [36b]; Map 97 North Plateau, Nigeria [14]"
etky1238,Etkywan,,7.13773,10.3501,etky1238,,2083,language,Atlantic-Congo,languages,Map 95 South-Eastern Nigeria and Mid-Western Cameroon [82c]
eton1253,Eton-Mengisa,,4.21045,11.3935,eton1253,,1572,language,Atlantic-Congo,languages,Map 92 South-Western Cameroon [40h]
etul1245,Etulo,,7.75865,9.44447,etul1245,,1575,language,Atlantic-Congo,languages,Map 95 South-Eastern Nigeria and Mid-Western Cameroon [92]
eude1234,Eudeve,,28.5,-110.0,eude1234,,1576,language,Uto-Aztecan,languages,Map 3 South-Western North America: Time of Contact [28]
evan1238,Evant,,6.34906,9.46432,evan1238,,1579,language,Atlantic-Congo,languages,Map 95 South-Eastern Nigeria and Mid-Western Cameroon [5]
even1259,Evenki,,61.972,94.689,even1259,,1581 1583,language,Tungusic,languages,Map 45 China and Mongolia [49]; Map 55 Eastern Siberia [10]; Map 56 Western Siberia [11]
even1260,Even,,70.6687,130.914,even1260,,1580,language,Tungusic,languages,Map 55 Eastern Siberia [11]
eviy1235,Viya,,-1.22,10.58,eviy1235,,6210,language,Atlantic-Congo,languages,Map 88 Gabon and Equatorial Guinea [19]
ewag1241,Ewage-Notu,,-8.68756,148.405,ewag1241,,4509 6637,language,Nuclear Trans New Guinea,languages,Map 31 South-Eastern Papua New Guinea [82]; Map 31 South-Eastern Papua New Guinea [83]; Map 32 Southern Papua New Guinea [149]; Map 32 Southern Papua New Guinea [150]
ewee1241,Ewe,,6.46061,0.814975,ewee1241,,104 1582,language,Atlantic-Congo,languages,Map 102 Benin and Togo [2]; Map 102 Benin and Togo [3]; Map 103 Ghana [29a]; Map 103 Ghana [37]
ewon1239,Ewondo,,4.21141,11.93646,ewon1239,,433 1584 4650 6114 6636,language,Atlantic-Congo,languages,Map 87 Northern Congo and Southern Central African Republic [70b]; Map 87 Northern Congo and Southern Central African Republic [70d]; Map 87 Northern Congo and Southern Central African Republic [70g]; Map 88 Gabon and Equatorial Guinea [43b]; Map 92 South-Western Cameroon [40e]; Map 92 South-Western Cameroon [40g]; Map 93 Central South-Western Cameroon [98c]
eyak1241,Eyak,,60.4232,-144.762,eyak1241,,1585,language,Athabaskan-Eyak-Tlingit,languages,Map 7 Northern North America: Time of Contact [13]
faga1239,Fagani,,-10.4479,161.662,faga1239,,1592,language,Austronesian,languages,Map 29 Solomon Islands and Bougainville [55]
fair1238,Faire Atta,,17.9808,121.436,fair1238,,1594,language,Austronesian,languages,Map 40 The Philippines [15]
fait1240,Kulsab,,-5.59947,145.298,fait1240,,1595,language,Nuclear Trans New Guinea,languages,Map 33 Northern Papua New Guinea [13]
faiw1243,Faiwol,,-5.4967,141.656,faiw1243,,1596 2579,language,Nuclear Trans New Guinea,languages,Map 33 Northern Papua New Guinea [175]; Map 33 Northern Papua New Guinea [180]; Map 34 Irian Jaya [8]
fala1243,Falam Chin,,23.7892833333,92.3254633333,fala1243,,1004,language,Sino-Tibetan,languages,Map 49 Burma (Myanmar) [48]
fali1285,Fali,,10.5419,13.4087,fali1285,,612,language,Afro-Asiatic,languages,Map 91 Adamawa Region [36a]
famm1241,Fam,,7.54277,10.505,famm1241,,1597,language,Atlantic-Congo,languages,Map 95 South-Eastern Nigeria and Mid-Western Cameroon [71]
fang1246,Fang (Equatorial Guinea),,1.723965,11.61454,fang1246,,196 358 1598 1599 3786 4525 4622 6577 6607,language,Atlantic-Congo,languages,Map 87 Northern Congo and Southern Central African Republic [70]; Map 87 Northern Congo and Southern Central African Republic [70a]; Map 87 Northern Congo and Southern Central African Republic [70e]; Map 88 Gabon and Equatorial Guinea [43]; Map 88 Gabon and Equatorial Guinea [43c]; Map 88 Gabon and Equatorial Guinea [43d]; Map 88 Gabon and Equatorial Guinea [43e]; Map 88 Gabon and Equatorial Guinea [43f]; Map 92 South-Western Cameroon [40a]; Map 92 South-Western Cameroon [40c]; Map 92 South-Western Cameroon [40d]; Map 93 Central South-Western Cameroon [98a]; Map 93 Central South-Western Cameroon [98b]
fani1244,Fania,,10.291,18.75,fani1244,,1600,language,Atlantic-Congo,languages,Map 89 Central African Republic and South-Eastern Chad [47]
fare1241,Farefare,,11.0918,-0.81109,fare1241,,4143 5695,language,Atlantic-Congo,languages,Map 102 Benin and Togo [66]; Map 103 Ghana [45]; Map 104 Burkina Faso [15]; Map 104 Burkina Faso [21]
faro1244,Faroese,,62.0732,-6.88497,faro1244,,1590,language,Indo-European,languages,NA [4]
fass1245,Momu-Fas,,-3.10868,141.64,fass1245,,2095,language,Baibai-Fas,languages,Map 33 Northern Papua New Guinea [209]
fasu1242,Fasu,,-6.62687,143.284,fasu1242,,1604 4135 5490,language,,languages,Map 32 Southern Papua New Guinea [100]; Map 32 Southern Papua New Guinea [98]; Map 32 Southern Papua New Guinea [99]
fata1247,Fataluku,,-8.49464,127.08,fata1247,,1605,language,Timor-Alor-Pantar,languages,Map 38 Lesser Sunda Islands and Timor [65]
fefe1239,Fe'fe',,5.18158,10.1442,fefe1239,,974 1607 4225 4341 5144 5787,language,Atlantic-Congo,languages,Map 93 Central South-Western Cameroon [62c]; Map 93 Central South-Western Cameroon [62d]; Map 93 Central South-Western Cameroon [63]; Map 93 Central South-Western Cameroon [63c]; Map 93 Central South-Western Cameroon [64d]; Map 93 Central South-Western Cameroon [64f]
femb1238,Fembe,,-5.71596,142.254,femb1238,,91,language,East Strickland,languages,Map 32 Southern Papua New Guinea [82]; Map 33 Northern Papua New Guinea [184]
fiji1243,Fijian,,-18.0,178.33,fiji1243,,1468,language,Austronesian,languages,Map 26 Polynesia [3]
finn1318,Finnish,,64.7628,25.5577,finn1318,,1610,language,Uralic,languages,Map 64 The Nordic Countries [12]
fino1238,Finongan,,-6.33005,146.629,fino1238,,1611,language,Nuclear Trans New Guinea,languages,Map 32 Southern Papua New Guinea [57]
fipa1238,Fipa,,-7.88963,31.3442,fipa1238,,1612,language,Atlantic-Congo,languages,Map 76 Southern Tanzania [25]; Map 77 Zambia [73c]; Map 78 Democratic Republic of Congo: Katang [39]
fiwa1240,Fiwaga,,-6.66342,143.646,fiwa1240,,1613,language,East Kutubu,languages,Map 32 Southern Papua New Guinea [97]
flin1247,Flinders Island,,-14.1812,144.259,flin1247,,1614,language,Pama-Nyungan,languages,Map 35 Australia: Time of Contact [292]
foau1240,Abawiri,,-3.04582,139.213,foau1240,,5914,language,Lakes Plain,languages,Map 34 Irian Jaya [134]
foii1241,Foi,,-6.47258,143.495,foii1241,,1615,language,East Kutubu,languages,Map 32 Southern Papua New Guinea [96]
folo1238,Folopa,,-6.86321,144.458,folo1238,,4922,language,Teberan,languages,Map 32 Southern Papua New Guinea [154]
fonn1241,Fon,,7.15484,1.66495,fonn1241,,1616,language,Atlantic-Congo,languages,Map 102 Benin and Togo [1]
fora1245,Forak,,-5.69079,146.541,fora1245,,1618,language,Nuclear Trans New Guinea,languages,Map 33 Northern Papua New Guinea [132]
fore1270,Fore,,-6.64473,145.5065,fore1270,,1619,language,Nuclear Trans New Guinea,languages,Map 32 Southern Papua New Guinea [13]
fort1240,Kiai,,-15.4484,166.931,fort1240,,2701,language,Austronesian,languages,Map 27 Vanuatu and New Caledonia [38]
friu1240,Friulian,,46.1473,13.0493,friu1240,,1622,language,Indo-European,languages,"Map 65 Germany, Austria, Liechtenstein and Switzerland [12]; Map 67 Italy, Corsica, Sardinia, Sicily and Malta [8]"
fuli1240,Fuliiru,,-3.04022,28.9865,fuli1240,,1630 6208,language,Atlantic-Congo,languages,Map 80 Democratic Republic of Congo: Kivu [25a]; Map 80 Democratic Republic of Congo: Kivu [25b]
fuln1247,Fulniô,,-9.02591,-37.1402,fuln1247,,1631,language,,languages,Map 18 Brazilian Atlantic Coast: Time of Contact [306]
furr1244,Fur,,12.0455,23.6401,furr1244,,1636,language,Furan,languages,Map 71 North-East Africa [72]; Map 72 Sudan and the Horn of Africa [114]; Map 89 Central African Republic and South-Eastern Chad [80]
furu1242,Furu,,4.485,20.6448,furu1242,,1638,language,Central Sudanic,languages,Map 82 Democratic Republic of Congo: Equate [72]; Map 89 Central African Republic and South-Eastern Chad [78]
fuyu1242,Fuyug,,-8.6371,147.312,fuyu1242,,1640,language,,languages,Map 32 Southern Papua New Guinea [124]
fwai1237,Fwâi,,-20.6873,164.901,fwai1237,,1641,language,Austronesian,languages,Map 27 Vanuatu and New Caledonia [118]
fwee1238,Fwe,,-17.72372,24.43151,fwee1238,,1642,language,Atlantic-Congo,languages,Map 74 Southern Africa [24]; Map 77 Zambia [26]
fyam1238,Fyam,,9.59006,9.22293,fyam1238,,1643,language,Atlantic-Congo,languages,"Map 96 South Plateau, Nigeria [38a]; Map 97 North Plateau, Nigeria [51]"
fyer1241,Fyer,,9.49936,9.29503,fyer1241,,1644,language,Afro-Asiatic,languages,"Map 96 South Plateau, Nigeria [73a]; Map 97 North Plateau, Nigeria [74]"
gaaa1244,Ga,,5.65488,-0.18598,gaaa1244,,1645,language,Atlantic-Congo,languages,Map 102 Benin and Togo [14]; Map 103 Ghana [35]
gaaa1245,Gaa,,8.4809,11.9603,gaaa1245,,5854,language,Atlantic-Congo,languages,Map 98 North-Eastern Nigeria [56]
gaan1243,Ga'anda,,10.2955,12.6479,gaan1243,,1647,language,Afro-Asiatic,languages,Map 91 Adamawa Region [63]; Map 98 North-Eastern Nigeria [102]
gabr1253,Gabri,,9.33955,16.623,gabr1253,,1651,language,Afro-Asiatic,languages,"Map 90 Central African Republic, South-Western Chad and Cameroon [52]"
gabu1248,Gabutamon,,-5.8075,146.621,gabu1248,,1652,language,Bookkeeping,languages,Map 33 Northern Papua New Guinea [126]
gada1258,Ga'dang,,17.2238,121.455,gada1258,,1648,language,Austronesian,languages,Map 40 The Philippines [18]
gada1262,Gadang,,10.425,16.997,gada1262,,1653,language,Afro-Asiatic,languages,"Map 90 Central African Republic, South-Western Chad and Cameroon [50]"
gadd1242,Gaddi,,32.36,76.5713,gadd1242,,700,language,Indo-European,languages,Map 54 North-West India [48]
gadd1244,Gaddang,,16.5468,121.177,gadd1244,,1654,language,Austronesian,languages,Map 40 The Philippines [19]
gade1242,Gade,,8.71139,7.49869,gade1242,,1655,language,Atlantic-Congo,languages,Map 101 South-Western Nigeria [53]
gads1258,Gadsup,,-6.31631,145.997,gads1258,,1657,language,Nuclear Trans New Guinea,languages,Map 32 Southern Papua New Guinea [1]; Map 33 Northern Papua New Guinea [146]
gafa1240,Gafat,,10.11067,38.18108,gafa1240,,1659,language,Afro-Asiatic,languages,Map 72 Sudan and the Horn of Africa [34]
gaga1249,Gagauz,,44.59876,28.02769,gaga1249,,1660,language,Turkic,languages,"Map 58 Western Russia, the Baltic States, Belarus, Ukraine and Moldova [11]; Map 61 Hungary, Romania and the Balkans [16]"
gaga1251,Gaagudju,,-12.5176,132.643,gaga1251,,1661,language,,languages,Map 35 Australia: Time of Contact [11]
gagn1235,Gagnoa Bété,,6.10051,-5.9701,gagn1235,,1693,language,Kru,languages,Map 105 Ivory Coast [24d]
gagu1242,Gban,,6.40859,-5.51851,gagu1242,,1723,language,Mande,languages,Map 105 Ivory Coast [78]
gahr1239,Bunan,,32.2168,77.9596,gahr1239,,920,language,Sino-Tibetan,languages,Map 54 North-West India [18]
gain1243,Gaina,,-9.14409,148.59,gain1243,,1664,language,Nuclear Trans New Guinea,languages,Map 31 South-Eastern Papua New Guinea [84]
gala1264,Galambu,,10.1258,10.2542,gala1264,,1666,language,Afro-Asiatic,languages,"Map 97 North Plateau, Nigeria [72]"
gale1257,Galeya,,-9.54137,150.836,gale1257,,1669,language,Austronesian,languages,Map 31 South-Eastern Papua New Guinea [23]
gale1259,Galela,,2.31461,128.44,gale1259,,1667,language,North Halmahera,languages,Map 37 The Moluccas [62]
gali1261,Galice,,42.56343,-123.5854,gali1261,,1670,language,Athabaskan-Eyak-Tlingit,languages,Map 4 California: Time of Contact [24]
gali1262,Galibi Carib,,5.83772,-56.8323,gali1262,,2508,language,Cariban,languages,Map 12 Northern South America: Time of Contact [384]
gall1278,Gal,,-5.16351,145.623,gall1278,,1665,language,Nuclear Trans New Guinea,languages,Map 33 Northern Papua New Guinea [95]
galo1242,Galo,,27.9805586,94.6884956,galo1242,,77,language,Sino-Tibetan,languages,"Map 45 China and Mongolia [103]; Map 51 North-East India, Bangladesh, Bhutan and Nepal [97]"
galo1243,Galoli-Talur,,-8.61074,125.959,galo1243,,1672,language,Austronesian,languages,Map 38 Lesser Sunda Islands and Timor [42]
game1240,Gamela of Viana,,-3.2913381,-45.1835185,game1240,,1679,language,Unclassifiable,languages,Map 18 Brazilian Atlantic Coast: Time of Contact [320]
gami1243,Yuwaalaraay-Gamilaraay,,-29.9037,149.543,gami1243,,1680,language,Pama-Nyungan,languages,Map 35 Australia: Time of Contact [390]
gamo1241,Gamo-Ningi,,10.9346,9.24843,gamo1241,,951,language,Atlantic-Congo,languages,"Map 97 North Plateau, Nigeria [30]"
gamo1243,Gamo,,6.27645,37.23808,gamo1243,,1681,language,Ta-Ne-Omotic,languages,Map 72 Sudan and the Horn of Africa [74]
gana1274,//Gana,,-21.8555,22.2003,gana1274,,28,language,Khoe-Kwadi,languages,Map 74 Southern Africa [51]
gana1277,Gana,,5.57583,116.145,gana1277,,1684,language,Austronesian,languages,Map 41 Borneo and Madagascar [93]
ganc1239,Gan Chinese,,27.9896,115.166,ganc1239,,1683,language,Sino-Tibetan,languages,Map 45 China and Mongolia [6]
gand1255,Ganda,,0.66884,32.15153,gand1255,,3345 5322 6214,language,Atlantic-Congo,languages,Map 79 Democratic Republic of Congo: Orienta [2]; Map 86 Central East Africa [30]; Map 86 Central East Africa [30b]; Map 86 Central East Africa [32]
gane1237,Gane,,-0.42618,127.976,gane1237,,1778,language,Austronesian,languages,Map 37 The Moluccas [38]
gang1267,Ganggalida,,-17.5446,139.426,gang1267,,4327 4573 6695,language,Tangkic,languages,Map 35 Australia: Time of Contact [103]; Map 35 Australia: Time of Contact [98]; Map 35 Australia: Time of Contact [99]
gang1270,Ganglau,,-5.57945,146.1305,gang1270,,1688,language,Nuclear Trans New Guinea,languages,Map 33 Northern Papua New Guinea [18]
gant1244,Gants,,-5.28113,144.771,gant1244,,1692,language,Nuclear Trans New Guinea,languages,Map 33 Northern Papua New Guinea [14]
ganz1246,Ganza,,10.2991,35.1373,ganz1246,,1694,language,Blue Nile Mao,languages,Map 72 Sudan and the Horn of Africa [102]
gaoo1237,Gao,,-8.35163,159.789,gaoo1237,,1695,language,Austronesian,languages,Map 29 Solomon Islands and Bougainville [35]
gara1269,Garrwa,,-17.4504,137.72014,gara1269,,1697,language,Garrwan,languages,Map 35 Australia: Time of Contact [72]
garh1243,Garhwali,,30.5061,78.7201,garh1243,,1698,language,Indo-European,languages,Map 54 North-West India [50]
gari1253,Garig-Ilgar,,-11.412,132.182,gari1253,,1699,language,Iwaidjan Proper,languages,Map 35 Australia: Time of Contact [15]
garo1247,Garo,,25.2954,90.462,garo1247,,1703,language,Sino-Tibetan,languages,"Map 51 North-East India, Bangladesh, Bhutan and Nepal [106]"
garr1259,Garre,,2.29633,44.6862,garr1259,,1704 1705,language,Afro-Asiatic,languages,Map 72 Sudan and the Horn of Africa [53k]; Map 85 Kenyan Coast [43d]
garu1246,Garus,,-4.9222,145.683,garu1246,,1707,language,Nuclear Trans New Guinea,languages,Map 33 Northern Papua New Guinea [88]
gata1239,Gata',,18.6076,82.984,gata1239,,1764,language,Austroasiatic,languages,"Map 51 North-East India, Bangladesh, Bhutan and Nepal [210]"
gava1241,Gavar,,10.5603,13.8188,gava1241,,1713,language,Afro-Asiatic,languages,Map 94 Northern Cameroon [44]
gawa1247,Gawar-Bati,,35.1982,71.5428,gawa1247,,1714,language,Indo-European,languages,"Map 53 Iran, Afghanistan and Pakistan [49]"
gaww1239,Ale-Gawwada,,5.37869,37.2737,gaww1239,,1404,language,Afro-Asiatic,languages,Map 72 Sudan and the Horn of Africa [70]
gayo1244,Gayo,,4.3733,97.3456,gayo1244,,1719,language,Austronesian,languages,Map 43 Sumatra [6]
gbag1258,Gbagyi,,9.29842,6.90495,gbag1258,,596 1721 1722,language,Atlantic-Congo,languages,"Map 101 South-Western Nigeria [41]; Map 101 South-Western Nigeria [54]; Map 96 South Plateau, Nigeria [56]"
gban1258,Gbanziri-Boraka,,4.68467,20.2609,gban1258,,1725,language,Atlantic-Congo,languages,Map 82 Democratic Republic of Congo: Equate [67]; Map 87 Northern Congo and Southern Central African Republic [73]; Map 89 Central African Republic and South-Eastern Chad [3]
gban1260,Gbanu,,5.28183,17.3887,gban1260,,781 1724,language,Atlantic-Congo,languages,"Map 87 Northern Congo and Southern Central African Republic [80a]; Map 89 Central African Republic and South-Eastern Chad [38]; Map 90 Central African Republic, South-Western Chad and Cameroon [30]; Map 90 Central African Republic, South-Western Chad and Cameroon [34]"
gbay1281,Gbaya-Mbodomo,,4.800365,14.606865,gbay1281,,3740,language,Atlantic-Congo,languages,Map 87 Northern Congo and Southern Central African Republic [89]
gbay1286,Gbaya-Bozoum,,5.9879,16.4643,gbay1286,,3710,language,Atlantic-Congo,languages,"Map 90 Central African Republic, South-Western Chad and Cameroon [32]"
gbay1287,Gbaya-Bossangoa,,6.61896,17.645,gbay1287,,1737,language,Atlantic-Congo,languages,"Map 89 Central African Republic and South-Eastern Chad [39]; Map 90 Central African Republic, South-Western Chad and Cameroon [29]"
gbay1288,Kresh-Woro,,8.43391,25.0,gbay1288,,2920,language,Kresh-Aja,languages,Map 72 Sudan and the Horn of Africa [176]
gbii1242,Gbii,,5.87021,-8.9346,gbii1242,,1734,language,Kru,languages,Map 106 Liberia and Sierra Leone [15]
gbir1241,Gbiri-Niragu,,10.3923,8.43157,gbir1241,,1875,language,Atlantic-Congo,languages,"Map 97 North Plateau, Nigeria [43]"
geba1237,Geba Karen,,19.4991,96.9492,geba1237,,1743,language,Sino-Tibetan,languages,Map 49 Burma (Myanmar) [27]
gebe1237,Gebe,,-0.07877,129.424,gebe1237,,1744,language,Austronesian,languages,Map 37 The Moluccas [51]
geda1237,Gedaged,,-5.18175,145.781,geda1237,,1745,language,Austronesian,languages,Map 33 Northern Papua New Guinea [385]
gede1246,Gedeo,,6.18469,38.2395,gede1246,,1746,language,Afro-Asiatic,languages,Map 72 Sudan and the Horn of Africa [67]
geic1236,Jeicó,,-6.56,-43.0,geic1236,,2247,language,Nuclear-Macro-Je,languages,Map 18 Brazilian Atlantic Coast: Time of Contact [297]
geko1235,Geko Karen,,19.6741,96.5308,geko1235,,1748,language,Sino-Tibetan,languages,Map 49 Burma (Myanmar) [30]
gela1261,Gelao,,26.1545,106.235,gela1261,,1750 1752,language,Bookkeeping,languages,"Map 45 China and Mongolia [74]; Map 46 Yunnan Province, China [21]"
gela1263,Gela,,-9.04587,160.186,gela1263,,1749,language,Austronesian,languages,Map 29 Solomon Islands and Bougainville [37]
gela1264,Gelao Mulao,,26.574605,107.239537,gela1264,,4009,language,Tai-Kadai,languages,Map 45 China and Mongolia [77]
geme1244,Geme,,8.48359,20.6611,geme1244,,1754,language,Atlantic-Congo,languages,Map 89 Central African Republic and South-Eastern Chad [5]
gend1249,Gende,,-5.67528,145.177,gend1249,,1755,language,Nuclear Trans New Guinea,languages,Map 33 Northern Papua New Guinea [148]
geng1243,Gengle,,8.8956,11.9527,geng1243,,1756,language,Bookkeeping,languages,Map 98 North-Eastern Nigeria [31]
genn1243,Gen,,6.25971,1.67727,genn1243,,1742,language,Atlantic-Congo,languages,Map 102 Benin and Togo [2a]
gepo1234,Gepo,,25.7,102.5,gepo1234,,1758,language,Sino-Tibetan,languages,"Map 46 Yunnan Province, China [54]"
gera1246,Gera,,10.4331,10.12,gera1246,,1759,language,Afro-Asiatic,languages,"Map 97 North Plateau, Nigeria [69]; Map 98 North-Eastern Nigeria [73]"
geru1240,Geruma,,10.4775,9.78484,geru1240,,1762,language,Afro-Asiatic,languages,"Map 97 North Plateau, Nigeria [71]; Map 98 North-Eastern Nigeria [75]"
gese1240,Geser-Gorom,,-3.8016,130.701,gese1240,,1763,language,Austronesian,languages,Map 34 Irian Jaya [223]; Map 37 The Moluccas [30]
geya1234,Gey,,9.37513,13.5809,geya1234,,1765,language,Bookkeeping,languages,Map 91 Adamawa Region [34]; Map 94 Northern Cameroon [3]
ghan1242,Ghanongga,,-8.02035,156.552,ghan1242,,1767,language,Austronesian,languages,Map 29 Solomon Islands and Bougainville [19]
ghar1239,Ghari,,-9.4791,159.917,ghar1239,,6398,language,Austronesian,languages,Map 29 Solomon Islands and Bougainville [39]
ghay1237,Ghayavi,,-10.011,149.84,ghay1237,,792,language,Austronesian,languages,Map 31 South-Eastern Papua New Guinea [18]
ghod1238,Godoberi,,42.7428,46.2252,ghod1238,,1800,language,Nakh-Daghestanian,languages,Map 59 The Caucasus [26]
ghom1247,Ghomálá',,5.39619,10.352,ghom1247,,2020 3154 6064 6696,language,Atlantic-Congo,languages,Map 93 Central South-Western Cameroon [62a]; Map 93 Central South-Western Cameroon [62f]; Map 93 Central South-Western Cameroon [62g]; Map 93 Central South-Western Cameroon [64b]
ghom1257,Ghomara,,34.7979,-4.6696,ghom1257,,1771 1772,language,Afro-Asiatic,languages,Map 73 North-West Africa [24]; Map 73 North-West Africa [67]
ghot1243,Ghotuo,,7.11551,5.95663,ghot1243,,1770,language,Atlantic-Congo,languages,Map 101 South-Western Nigeria [68]
gian1241,Giangan,,6.99967,125.359,gian1241,,445,language,Austronesian,languages,Map 40 The Philippines [125]
gida1247,Gidar,,9.874715,14.07845,gida1247,,2309,language,Afro-Asiatic,languages,Map 94 Northern Cameroon [59]
giky1238,Gikyode,,8.39478,0.56975,giky1238,,1773,language,Atlantic-Congo,languages,Map 102 Benin and Togo [23]; Map 103 Ghana [16]
gila1241,Gilaki,,37.1344,49.8359,gila1241,,1776,language,Indo-European,languages,"Map 53 Iran, Afghanistan and Pakistan [13]"
gilb1244,Gilbertese,,0.179,173.64,gilb1244,,1777 4471,language,Austronesian,languages,Map 28 Micronesia [18]; Map 28 Micronesia [19]
gily1242,Amur Nivkh,,52.59,140.681,gily1242,,4393,language,Nivkh,languages,Map 55 Eastern Siberia [29]
gimi1242,Gimi (West New Britain),,-6.02464,149.478,gimi1242,,3893,language,Austronesian,languages,Map 30 New Britain and New Ireland [43]
gimi1243,Gimi (Eastern Highlands),,-6.42097,145.214,gimi1243,,1779,language,Nuclear Trans New Guinea,languages,Map 32 Southern Papua New Guinea [14]
gimm1241,Gimme,,8.58084,12.6658,gimm1241,,1780,language,Atlantic-Congo,languages,Map 91 Adamawa Region [9]; Map 98 North-Eastern Nigeria [25e]
gimn1238,Gimnime,,8.58129,12.7869,gimn1238,,1781,language,Atlantic-Congo,languages,Map 91 Adamawa Region [10]
ginu1240,Ginuman,,-10.0298,149.7,ginu1240,,1785,language,Dagan,languages,Map 31 South-Eastern Papua New Guinea [73]
gira1247,Girawa,,-5.35342,145.423,gira1247,,1788,language,Nuclear Trans New Guinea,languages,Map 33 Northern Papua New Guinea [78]
giry1241,Giryama,,-3.30638,39.6648,giry1241,,1167 1789 2257 2421 2575 5031 5079,language,Atlantic-Congo,languages,Map 85 Kenyan Coast [10]; Map 85 Kenyan Coast [12a]; Map 85 Kenyan Coast [4]; Map 85 Kenyan Coast [5]; Map 85 Kenyan Coast [7]; Map 85 Kenyan Coast [8]; Map 85 Kenyan Coast [9]
gitu1237,Gitua,,-6.0151,147.485,gitu1237,,1792,language,Austronesian,languages,Map 32 Southern Papua New Guinea [227]; Map 33 Northern Papua New Guinea [375]
gitx1241,Gitxsan,,55.09,-128.08,gitx1241,,1791,language,Tsimshian,languages,Map 6 North-Western Pacific America: Time of Contact [14]
gizr1240,Gizrra,,-9.183,142.804,gizr1240,,1796,language,Eastern Trans-Fly,languages,Map 32 Southern Papua New Guinea [194]
glav1244,Glavda,,11.1334,13.8652,glav1244,,1753,language,Afro-Asiatic,languages,Map 94 Northern Cameroon [20]
glio1241,Glio-Oubi,,5.39966,-7.50585,glio1241,,3289,language,Kru,languages,Map 105 Ivory Coast [29]
gnau1240,Gnau,,-3.59093,142.196,gnau1240,,1797,language,Nuclear Torricelli,languages,Map 33 Northern Papua New Guinea [233]
goan1235,Goan Konkani,,15.2732,74.2098,goan1235,,2845,language,Indo-European,languages,Map 52 Southern India and Sri Lanka [18]
godi1239,Godié,,5.3944,-5.82696,godi1239,,1799 2285 2345 2904,language,Kru,languages,Map 105 Ivory Coast [25]; Map 105 Ivory Coast [26c]; Map 105 Ivory Coast [26d]; Map 105 Ivory Coast [26e]
godw1241,Godwari,,24.885,72.846,godw1241,,1801 5454,language,Indo-European,languages,Map 54 North-West India [57b]; Map 54 North-West India [57c]
goem1240,Goemai,,8.74455,9.72453,goem1240,,1802,language,Afro-Asiatic,languages,"Map 96 South Plateau, Nigeria [70]; Map 98 North-Eastern Nigeria [86]"
gofa1235,Gofa,,6.57645,37.05,gofa1235,,1803,language,Ta-Ne-Omotic,languages,Map 72 Sudan and the Horn of Africa [75]
gogo1263,Gogo,,-6.35951,35.4807,gogo1263,,1804,language,Atlantic-Congo,languages,Map 76 Southern Tanzania [16]
gogo1265,Gogodala,,-8.08527,142.874,gogo1265,,1805,language,Suki-Gogodala,languages,Map 32 Southern Papua New Guinea [106]
goka1239,Gokana,,4.61889,7.34457,goka1239,,1807,language,Atlantic-Congo,languages,Map 101 South-Western Nigeria [16b]
gola1255,Gola,,7.06193,-10.8138,gola1255,,1808,language,Atlantic-Congo,languages,"Map 106 Liberia and Sierra Leone [G, 2]"
gong1251,Gongduk,,27.066,91.1686,gong1251,,1813,language,Sino-Tibetan,languages,"Map 51 North-East India, Bangladesh, Bhutan and Nepal [42]"
gonj1241,Gonja,,8.48801,-0.72757,gonj1241,,1815,language,Atlantic-Congo,languages,Map 102 Benin and Togo [20]; Map 103 Ghana [11]; Map 104 Burkina Faso [72]; Map 105 Ivory Coast [20]
goro1259,Gorontalo,,0.62689,122.288,goro1259,,1817,language,Austronesian,languages,Map 39 Sulawesi [17]
goro1261,Gorovu,,-4.52947,144.59,goro1261,,1818,language,Ramu,languages,Map 33 Northern Papua New Guinea [324]
gour1243,Gourmanchéma,,11.6711,1.28489,gour1243,,1877,language,Atlantic-Congo,languages,Map 102 Benin and Togo [53]; Map 103 Ghana [58]; Map 104 Burkina Faso [29]
gowr1239,Gowro,,35.1243,73.1233,gowr1239,,1712,language,Indo-European,languages,"Map 53 Iran, Afghanistan and Pakistan [43]"
gras1249,Grass Koiari,,-9.51218,147.437,gras1249,,2791,language,Koiarian,languages,Map 32 Southern Papua New Guinea [126]
grom1238,Groma,,27.6089,88.8541,grom1238,,1826,language,Sino-Tibetan,languages,Map 45 China and Mongolia [97b]
gros1243,Gros Ventre,,48.4834,-108.738,gros1243,,1827,language,Algic,languages,Map 7 Northern North America: Time of Contact [71]
guaa1238,Gua,,6.52106,0.16932,guaa1238,,1896,language,Atlantic-Congo,languages,Map 102 Benin and Togo [24]; Map 103 Ghana [18]
guac1239,Guachi,,-19.5572257,-57.5663223,guac1239,,6230,language,,languages,Map 18 Brazilian Atlantic Coast: Time of Contact [265]
guah1255,Sikuani,,5.81736,-68.9839,guah1255,,6248,language,Guahiboan,languages,Map 12 Northern South America: Time of Contact [68]
guai1237,Guaicurian,,24.1666666667,-110.3,guai1237,,1831 2034,language,,languages,Map 3 South-Western North America: Time of Contact [68]; Map 3 South-Western North America: Time of Contact [69]
guam1236,Guamo,,8.2351027,-67.4018753,guam1236,,6282,language,,languages,Map 12 Northern South America: Time of Contact [58]
guam1248,Guambiano,,2.55849,-76.582,guam1248,,6279,language,Barbacoan,languages,Map 12 Northern South America: Time of Contact [19]
guan1269,Kotiria,,1.07554,-69.5705,guan1269,,6288,language,Tucanoan,languages,Map 12 Northern South America: Time of Contact [161]
guar1292,Guarayu,,-15.8247,-61.6934,guar1292,,1834,language,Tupian,languages,Map 20 Central Pacific Coast: Time of Contact [338]
guar1293,Baniva de Maroa,,1.80835,-66.922505,guar1293,,538 6330,language,Arawakan,languages,Map 12 Northern South America: Time of Contact [79]; Map 12 Northern South America: Time of Contact [92]
guat1253,Guató,,-17.8696,-57.2897,guat1253,,1839,language,,languages,Map 18 Brazilian Atlantic Coast: Time of Contact [309]
guay1257,Guayabero,,2.8969,-71.844,guay1257,,6376,language,Guahiboan,languages,Map 12 Northern South America: Time of Contact [70]
gude1246,Gude,,10.2138,13.403,gude1246,,1830 6206,language,Afro-Asiatic,languages,Map 94 Northern Cameroon [48]; Map 94 Northern Cameroon [51]
gudu1250,Gudu,,10.1206,12.5359,gudu1250,,1845,language,Afro-Asiatic,languages,Map 91 Adamawa Region [69]; Map 98 North-Eastern Nigeria [107]
gudu1252,Guduf-Gava,,11.1057,13.7893,gudu1252,,1846,language,Afro-Asiatic,languages,Map 94 Northern Cameroon [22]
guga1239,Gugadj,,-17.8372,141.168,guga1239,,1671,language,Pama-Nyungan,languages,Map 35 Australia: Time of Contact [225]
gugu1254,Gugubera,,-15.4296,141.635,gugu1254,,2801,language,Pama-Nyungan,languages,Map 35 Australia: Time of Contact [269]; Map 35 Australia: Time of Contact [270]
gugu1255,Guugu Yimidhirr,,-14.9424,144.831,gugu1255,,1888,language,Pama-Nyungan,languages,Map 35 Australia: Time of Contact [294]
guhu1244,Guhu-Samane,,-7.99922,147.228,guhu1244,,1851,language,Nuclear Trans New Guinea,languages,Map 32 Southern Papua New Guinea [151]
guib1246,Guiberoua Béte,,6.13837,-6.51291,guib1246,,5586,language,Kru,languages,Map 105 Ivory Coast [24c]
guin1258,Guinau,,4.797607,-64.73877,guin1258,,1783,language,Arawakan,languages,Map 12 Northern South America: Time of Contact [90]
guiq1238,Guiqiong,,30.4803,102.128,guiq1238,,1853,language,Sino-Tibetan,languages,Map 45 China and Mongolia [116]
guja1252,Gujarati,,22.687,71.0962,guja1252,,1854,language,Indo-European,languages,Map 52 Southern India and Sri Lanka [17]; Map 54 North-West India [75]
guja1253,Gujari,,33.7,75.11,guja1253,,1855 1856,language,Indo-European,languages,"Map 53 Iran, Afghanistan and Pakistan [35]; Map 54 North-West India [53]"
gula1265,Gula Iro,,10.267,19.5359,gula1265,,2168,language,Atlantic-Congo,languages,Map 89 Central African Republic and South-Eastern Chad [52]
gula1266,Gula (Central African Republic),,9.49092,23.3805,gula1266,,1617 1859,language,Central Sudanic,languages,Map 71 North-East Africa [91]; Map 72 Sudan and the Horn of Africa [180]; Map 89 Central African Republic and South-Eastern Chad [76]
gula1268,Gulay,,9.06629,17.3151,gula1268,,1858,language,Central Sudanic,languages,"Map 90 Central African Republic, South-Western Chad and Cameroon [44a]"
gulf1241,Gulf Arabic,,30.17,47.5,gulf1241,,3042 5018,language,Afro-Asiatic,languages,Map 70 The Middle East and Arabian Peninsula [56]; Map 70 The Middle East and Arabian Peninsula [58]
guma1254,Gumawana,,-9.28497,150.762,guma1254,,1862,language,Austronesian,languages,"Map 31 South-Eastern Papua New Guinea [35, D]"
guma1255,Gumalu,,-5.22189,145.618,guma1255,,1861,language,Nuclear Trans New Guinea,languages,Map 33 Northern Papua New Guinea [83]
gumu1244,Northern Gumuz,,11.05,35.93,gumu1244,,1864,language,Gumuz,languages,Map 72 Sudan and the Horn of Africa [187]
gung1250,Gungu,,2.06754,31.4819,gung1250,,1869,language,Atlantic-Congo,languages,Map 79 Democratic Republic of Congo: Orienta [3a]
gunw1252,Bininj Kun-Wok,,-12.3398,133.358,gunw1252,,1870,language,Gunwinyguan,languages,Map 35 Australia: Time of Contact [54]
gura1251,Gurani,,36.8377,44.4956,gura1251,,1873,language,Indo-European,languages,"Map 53 Iran, Afghanistan and Pakistan [18]"
gura1252,Guragone,,-12.66855,134.09501,gura1252,,1872,language,Maningrida,languages,Map 35 Australia: Time of Contact [66]
gure1255,Gureng Gureng,,-25.3893,151.175,gure1255,,1260,language,Pama-Nyungan,languages,Map 35 Australia: Time of Contact [396]; Map 35 Australia: Time of Contact [397]
guri1247,Gurindji,,-17.0329,130.379,guri1247,,1876,language,Pama-Nyungan,languages,Map 35 Australia: Time of Contact [118]
gurm1246,Gurmana,,10.1487,6.79456,gurm1246,,1878,language,Atlantic-Congo,languages,Map 101 South-Western Nigeria [46]
guro1248,Guro,,7.34954,-6.31154,guro1248,,1880,language,Mande,languages,Map 105 Ivory Coast [76]
guru1261,Gurung,,27.41687,86.28988,guru1261,,1881,language,Sino-Tibetan,languages,"Map 51 North-East India, Bangladesh, Bhutan and Nepal [4]"
guru1271,Guruntum-Mbaaru,,9.87332,10.162,guru1271,,1882,language,Afro-Asiatic,languages,"Map 97 North Plateau, Nigeria [85]; Map 98 North-Eastern Nigeria [90]"
gusa1246,Gusan,,-6.28998,146.679,gusa1246,,1883,language,Nuclear Trans New Guinea,languages,Map 32 Southern Papua New Guinea [54]
gusi1246,Gusilay,,12.7761,-16.5026,gusi1246,,1885,language,Atlantic-Congo,languages,"Map 108 Senegal, Gambia and Guinea Bissau [13]"
gusi1247,Gusii,,-0.78872,34.76751,gusi1247,,1884,language,Atlantic-Congo,languages,Map 86 Central East Africa [53]
guwa1242,Guwa,,-21.35147706,142.5243782,guwa1242,,1889,language,Pama-Nyungan,languages,Map 35 Australia: Time of Contact [339]
guwa1244,Guwar,,-27.16698973,153.3998245,guwa1244,,1891,language,Pama-Nyungan,languages,Map 35 Australia: Time of Contact [405]; Map 35 Australia: Time of Contact [406]
guya1249,Guyani,,-29.7663,137.3943,guya1249,,3045,language,Pama-Nyungan,languages,Map 35 Australia: Time of Contact [200]
guya1251,Guya,,-5.70374,146.453,guya1251,,1852,language,Nuclear Trans New Guinea,languages,Map 33 Northern Papua New Guinea [134]
gvok1239,Gvoko,,10.9918,13.7537,gvok1239,,4349,language,Afro-Asiatic,languages,Map 94 Northern Cameroon [21]
gwah1244,Gwahatike,,-5.64555,146.455,gwah1244,,1224,language,Nuclear Trans New Guinea,languages,Map 33 Northern Papua New Guinea [135]
gwam1244,Gwamhi-Wuri,,11.8081,5.07897,gwam1244,,525,language,Atlantic-Congo,languages,Map 100 Northern Nigeria and Niger [29]; Map 102 Benin and Togo [43]
gwan1268,Gwandara,,9.20464,7.49931,gwan1268,,1899,language,Afro-Asiatic,languages,"Map 101 South-Western Nigeria [96]; Map 96 South Plateau, Nigeria [59]"
gwar1240,Gwara,,9.49,7.88,gwar1240,,1901,language,Atlantic-Congo,languages,"Map 101 South-Western Nigeria [55]; Map 97 North Plateau, Nigeria [66]"
gwed1239,Gweda,,-10.2173,150.421,gwed1239,,1708 1903,language,Austronesian,languages,Map 31 South-Eastern Papua New Guinea [11]; Map 31 South-Eastern Papua New Guinea [74]
gwen1239,Gweno,,-3.68407,37.6827,gwen1239,,1905,language,Atlantic-Congo,languages,Map 85 Kenyan Coast [23]; Map 86 Central East Africa [3a]
gwer1238,Gwere,,1.11392,33.8227,gwer1238,,1906,language,Atlantic-Congo,languages,Map 86 Central East Africa [38]
gwic1235,Gwich'in,,67.4307,-142.963,gwic1235,,3023,language,Athabaskan-Eyak-Tlingit,languages,Map 7 Northern North America: Time of Contact [23]
gwii1239,/Gwi,,-22.2708,21.9431,gwii1239,,29,language,Khoe-Kwadi,languages,Map 74 Southern Africa [50]
gyel1242,Gyele,,2.47457,10.2493,gyel1242,,449,language,Atlantic-Congo,languages,Map 88 Gabon and Equatorial Guinea [34]; Map 92 South-Western Cameroon [32]
gyem1238,Gyem,,10.4109,9.23923,gyem1238,,1898 1912,language,Atlantic-Congo,languages,"Map 97 North Plateau, Nigeria [28]; Map 97 North Plateau, Nigeria [55]"
haaa1252,Ha,,-3.77873,30.4894,haaa1252,,772 1914 2265 3965 5034,language,Atlantic-Congo,languages,Map 78 Democratic Republic of Congo: Katang [44]; Map 78 Democratic Republic of Congo: Katang [45]; Map 80 Democratic Republic of Congo: Kivu [33]; Map 80 Democratic Republic of Congo: Kivu [34]; Map 80 Democratic Republic of Congo: Kivu [34a]; Map 80 Democratic Republic of Congo: Kivu [34b]; Map 80 Democratic Republic of Congo: Kivu [34c]; Map 86 Central East Africa [54]
habu1241,Habu,,-8.76565,125.965,habu1241,,1916,language,Austronesian,languages,Map 38 Lesser Sunda Islands and Timor [56]
hadi1240,Hadiyya,,7.57377,37.7577,hadi1240,,1920,language,Afro-Asiatic,languages,Map 72 Sudan and the Horn of Africa [62]
hado1235,Hadothi,,24.8546,75.8366,hado1235,,1958,language,Indo-European,languages,Map 54 North-West India [61]
hadr1236,Hadrami Arabic,,15.4468,48.6524,hadr1236,,6778,language,Afro-Asiatic,languages,Map 70 The Middle East and Arabian Peninsula [99]
hadz1240,Hadza,,-3.83115,35.0458,hadz1240,,1921,language,,languages,Map 86 Central East Africa [101]
haho1237,Hahon,,-5.59031,154.801,haho1237,,1924,language,Austronesian,languages,Map 29 Solomon Islands and Bougainville [6]
hain1238,Hainanese,,19.78383,110.68759,hain1238,,5023,language,Sino-Tibetan,languages,Map 45 China and Mongolia [14]
haio1238,Hai//om-Akhoe,,-19.7637,17.0299,haio1238,,1925,language,Khoe-Kwadi,languages,Map 74 Southern Africa [46a]; Map 84 Angola [53]
hais1244,Haisla,,53.964,-128.602,hais1244,,1928,language,Wakashan,languages,Map 6 North-Western Pacific America: Time of Contact [40]
hajo1238,Hajong,,25.5143,89.8594,hajo1238,,1930,language,Indo-European,languages,"Map 51 North-East India, Bangladesh, Bhutan and Nepal [114]"
hakk1236,Hakka Chinese,,25.0,116.0,hakk1236,,2617,language,Sino-Tibetan,languages,"Map 45 China and Mongolia [9]; Map 50 Japan, Korea and Taiwan [4]"
halb1244,Halbi,,20.3081,81.3742,halb1244,,1932,language,Indo-European,languages,"Map 51 North-East India, Bangladesh, Bhutan and Nepal [180]"
halh1238,Halh Mongolian,,48.32397,106.28874,halh1238,,1261 2664,language,Mongolic-Khitan,languages,Map 45 China and Mongolia [NA]
hali1244,Halia,,-5.26603,154.662,hali1244,,1933,language,Austronesian,languages,Map 29 Solomon Islands and Bougainville [2]
halk1245,Halkomelem,,49.250402,-122.443668,halk1245,,1934,language,Salishan,languages,Map 6 North-Western Pacific America: Time of Contact [22]
hamb1245,Hamba de Lomela,,-2.49047,24.2299,hamb1245,,1939,language,Atlantic-Congo,languages,Map 80 Democratic Republic of Congo: Kivu [71b]
hame1242,Hamer-Banna,,5.06515,36.5176,hame1242,,542 1940,language,South Omotic,languages,Map 72 Sudan and the Horn of Africa [103]; Map 72 Sudan and the Horn of Africa [104]; Map 86 Central East Africa [99]
hamt1247,Hamtai,,-7.54975,146.227,hamt1247,,1942,language,Angan,languages,Map 32 Southern Papua New Guinea [109]
hang1260,Hangaza,,-2.52347,30.7074,hang1260,,1951,language,Atlantic-Congo,languages,Map 80 Democratic Republic of Congo: Kivu [36]
hang1263,Hanga Hundi,,-3.90364,142.849,hang1263,,3074,language,Ndu,languages,Map 33 Northern Papua New Guinea [293]
hani1248,Hani,,22.67753,102.851673333,hani1248,,1952 1953,language,Sino-Tibetan,languages,"Map 46 Yunnan Province, China [89]; Map 47 Northern Thailand, Laos and Vietnam [89]"
hann1241,Han,,64.5002,-140.352,hann1241,,1943,language,Athabaskan-Eyak-Tlingit,languages,Map 7 Northern North America: Time of Contact [24]
hano1246,Hano,,-15.5432,168.167,hano1246,,5033,language,Austronesian,languages,Map 27 Vanuatu and New Caledonia [21]
hanu1241,Hanunoo,,12.4159,121.221,hanu1241,,1955,language,Austronesian,languages,Map 40 The Philippines [54]
haro1237,Haroi,,13.2201,108.995,haro1237,,1960,language,Austronesian,languages,"Map 48 Southern Thailand, Laos and Vietnam, and Cambodia [6]"
hars1241,Harsusi,,19.6511,56.1562,hars1241,,1961,language,Afro-Asiatic,languages,Map 70 The Middle East and Arabian Peninsula [105]
haru1244,Haruku,,-3.57029,128.476,haru1244,,1962,language,Austronesian,languages,Map 37 The Moluccas [10]
haru1245,Haruai,,-5.09522,144.3375,haru1245,,6252,language,Piawi,languages,Map 33 Northern Papua New Guinea [364]
hary1238,Haryanvi,,29.0166,76.0432,hary1238,,1963,language,Indo-European,languages,Map 54 North-West India [56]
hash1238,Hasha,,9.14063,8.66137,hash1238,,6608,language,Atlantic-Congo,languages,"Map 96 South Plateau, Nigeria [24]"
hata1243,Hatam,,-1.13531,134.037,hata1243,,1965,language,Hatam-Mansim,languages,Map 34 Irian Jaya [116]
haus1240,Haush,,-54.7,-65.5,haus1240,,1967,language,Chonan,languages,Map 22 Southern South America: Time of Contact [246b]
haus1257,Hausa,,11.1513,8.7804,haus1257,,1966,language,Afro-Asiatic,languages,"Map 100 Northern Nigeria and Niger [1]; Map 101 South-Western Nigeria [95]; Map 102 Benin and Togo [79]; Map 71 North-East Africa [50]; Map 73 North-West Africa [32]; Map 97 North Plateau, Nigeria [68]; Map 98 North-Eastern Nigeria [66]"
hava1248,Havasupai-Walapai-Yavapai,,35.6302,-113.385,hava1248,,1968 6270 6621,language,Cochimi-Yuman,languages,Map 3 South-Western North America: Time of Contact [46]; Map 3 South-Western North America: Time of Contact [47]; Map 3 South-Western North America: Time of Contact [48]
havu1238,Havu,,-1.99975,28.8624,havu1238,,1969 5067,language,Atlantic-Congo,languages,Map 80 Democratic Republic of Congo: Kivu [45]; Map 80 Democratic Republic of Congo: Kivu [45b]
hawk1239,Hawkesbury,,-33.11470744,150.4952383,hawk1239,,1262,language,Pama-Nyungan,languages,Map 35 Australia: Time of Contact [418]
haya1250,Haya,,-1.70878,31.4846,haya1250,,1973,language,Atlantic-Congo,languages,Map 80 Democratic Republic of Congo: Kivu [43]; Map 86 Central East Africa [26]
hbru1241,Drugchu,,33.71994,104.40109,hbru1241,,1975,language,Sino-Tibetan,languages,Map 45 China and Mongolia [94]
hebr1245,Modern Hebrew,,31.1056,35.0179,hebr1245,,2183,language,Afro-Asiatic,languages,Map 70 The Middle East and Arabian Peninsula [13]
hehe1240,Hehe,,-7.71572,35.7255,hehe1240,,1976,language,Atlantic-Congo,languages,Map 76 Southern Tanzania [43]
heil1246,Heiltsuk-Oowekyala,,51.7045,-127.221,heil1246,,1977,language,Wakashan,languages,Map 6 North-Western Pacific America: Time of Contact [41]
hela1238,Lamjung-Melamchi Yolmo,,27.9212,85.6289,hela1238,,2328 3162,language,Sino-Tibetan,languages,"Map 51 North-East India, Bangladesh, Bhutan and Nepal [27]; Map 51 North-East India, Bangladesh, Bhutan and Nepal [28]"
helo1243,Helong,,-10.2647,123.377,helo1243,,1979,language,Austronesian,languages,Map 38 Lesser Sunda Islands and Timor [35]
hemb1242,Hemba-Yazi,,-7.77459,27.5913,hemb1242,,4443 5520 6635,language,Atlantic-Congo,languages,Map 78 Democratic Republic of Congo: Katang [14a]; Map 78 Democratic Republic of Congo: Katang [14b]; Map 78 Democratic Republic of Congo: Katang [9]; Map 80 Democratic Republic of Congo: Kivu [58]
herd1236,Herde,,9.14343,14.9267,herd1236,,6756,language,Afro-Asiatic,languages,"Map 90 Central African Republic, South-Western Chad and Cameroon [61]; Map 91 Adamawa Region [62]; Map 94 Northern Cameroon [67]"
here1253,Herero,,-21.0231,20.5655,here1253,,1981,language,Atlantic-Congo,languages,Map 74 Southern Africa [44]
hewa1241,Hewa,,-5.03635,142.551,hewa1241,,1984,language,Sepik,languages,Map 33 Northern Papua New Guinea [303]
heyo1240,Heyo,,-3.83003,142.471,heyo1240,,1985,language,Nuclear Torricelli,languages,Map 33 Northern Papua New Guinea [251]
hibi1243,Hibito,,-6.58333,-77.7,hibi1243,,2066,language,Hibito-Cholon,languages,Map 14 Northern Pacific Coast: Time of Contact [196]
hida1246,Hidatsa,,47.33,-102.0,hida1246,,1988,language,Siouan,languages,Map 5 The Great Plains: Time of Contact [22]
higa1237,Higaonon,,8.61202,125.071,higa1237,,1990,language,Austronesian,languages,Map 40 The Philippines [101]
high1276,Highland Popoluca,,18.198,-94.9109,high1276,,1992,language,Mixe-Zoque,languages,Map 10 Meso-America: Time of Contact [23]
hija1235,Hijazi Arabic,,22.8346,38.9237,hija1235,,9 505 550 2059 2227 2297 3687 5735,language,Afro-Asiatic,languages,Map 70 The Middle East and Arabian Peninsula [64]; Map 70 The Middle East and Arabian Peninsula [65]; Map 70 The Middle East and Arabian Peninsula [66]; Map 70 The Middle East and Arabian Peninsula [67]; Map 70 The Middle East and Arabian Peninsula [68]; Map 70 The Middle East and Arabian Peninsula [69]; Map 70 The Middle East and Arabian Peninsula [70]; Map 70 The Middle East and Arabian Peninsula [71]
hiju1238,Hijuk,,4.39641,10.9081,hiju1238,,1994,language,Atlantic-Congo,languages,Map 92 South-Western Cameroon [13]; Map 93 Central South-Western Cameroon [76]
hili1240,Hiligaynon,,10.4018,122.974,hili1240,,1995,language,Austronesian,languages,Map 40 The Philippines [70]
hind1267,Hinduri,,31.016,77.144,hind1267,,1948,language,Indo-European,languages,Map 54 North-West India [42]
hind1269,Hindi,,25.0,77.0,hind1269,,1999,language,Indo-European,languages,"Map 51 North-East India, Bangladesh, Bhutan and Nepal [162]; Map 52 Southern India and Sri Lanka [10]; Map 54 North-West India [54]"
hinu1240,Hinuq,,42.4502,45.8064,hinu1240,,2003,language,Nakh-Daghestanian,languages,Map 59 The Caucasus [34]
hitu1239,Hitu,,-3.57478,128.186,hitu1239,,2008,language,Austronesian,languages,Map 37 The Moluccas [7]
hiww1237,Hiw,,-13.126367,166.584857,hiww1237,,2009,language,Austronesian,languages,Map 27 Vanuatu and New Caledonia [1]
hlai1239,Hlai,,18.8062,109.459,hlai1239,,3235,language,Tai-Kadai,languages,Map 45 China and Mongolia [61]
hler1235,Hlersu,,24.4,101.4,hler1235,,2011,language,Sino-Tibetan,languages,"Map 46 Yunnan Province, China [79]"
hmar1241,Hmar,,24.7534,93.5497,hmar1241,,2012,language,Sino-Tibetan,languages,"Map 51 North-East India, Bangladesh, Bhutan and Nepal [139]"
hoaa1235,Amkoe,,-23.93447,24.69828,hoaa1235,,1469,language,Kxa,languages,Map 74 Southern Africa [61]
hoav1238,Hoava,,-8.19679,157.595,hoav1238,,2014,language,Austronesian,languages,Map 29 Solomon Islands and Bougainville [26]
hoby1242,Hobyót,,17.216,52.8334,hoby1242,,1917,language,Afro-Asiatic,languages,Map 70 The Middle East and Arabian Peninsula [101]
hoch1243,Ho-Chunk,,43.5,-88.5,hoch1243,,6463,language,Siouan,languages,Map 5 The Great Plains: Time of Contact [30]
holi1241,Holikachuk,,62.7266,-159.831,holi1241,,2016,language,Athabaskan-Eyak-Tlingit,languages,Map 7 Northern North America: Time of Contact [15]
holo1240,Holoholo,,-5.37545,28.3274,holo1240,,2018 2388,language,Atlantic-Congo,languages,Map 78 Democratic Republic of Congo: Katang [35]; Map 78 Democratic Republic of Congo: Katang [35a]; Map 80 Democratic Republic of Congo: Kivu [17]; Map 80 Democratic Republic of Congo: Kivu [18]
holu1245,Holu,,-8.14754,17.572,holu1245,,2019,language,Atlantic-Congo,languages,Map 84 Angola [10]
homa1239,Homa,,4.97912,28.0039,homa1239,,2021,language,Atlantic-Congo,languages,Map 79 Democratic Republic of Congo: Orienta [18]; Map 89 Central African Republic and South-Eastern Chad [58]
homs1234,Western Armenian,,40.1897,44.4839,homs1234,,314,language,Indo-European,languages,Map 59 The Caucasus [7]
honi1244,Honi,,23.2074,101.886,honi1244,,461 1957,language,Sino-Tibetan,languages,"Map 46 Yunnan Province, China [92]; Map 46 Yunnan Province, China [93]"
hooo1248,Ho,,23.9596,87.1188,hooo1248,,2013,language,Austroasiatic,languages,"Map 51 North-East India, Bangladesh, Bhutan and Nepal [205]; Map 52 Southern India and Sri Lanka [35]"
hopi1249,Hopi,,35.7653,-110.535,hopi1249,,2022,language,Uto-Aztecan,languages,Map 5 The Great Plains: Time of Contact [40]
horo1245,Horom,,9.05742,8.98482,horo1245,,2024,language,Atlantic-Congo,languages,"Map 96 South Plateau, Nigeria [38]"
hote1245,Hote,,-7.07708,146.869,hote1245,,2025,language,Austronesian,languages,Map 32 Southern Papua New Guinea [215]
hovo1239,Hobongan,,0.9841,113.897,hovo1239,,2028,language,Austronesian,languages,Map 41 Borneo and Madagascar [59]
hpon1238,Hpon,,24.4606,97.1142,hpon1238,,2030,language,Sino-Tibetan,languages,Map 49 Burma (Myanmar) [60]
hran1239,Hrangkhol,,24.4559,93.351,hran1239,,3161,language,Sino-Tibetan,languages,"Map 51 North-East India, Bangladesh, Bhutan and Nepal [138]"
hrus1242,Hruso,,27.27,92.63,hrus1242,,2031,language,,languages,"Map 51 North-East India, Bangladesh, Bhutan and Nepal [91]"
huac1244,Huachipaeri,,-13.31951,-71.22749,huac1244,,6229,language,Harakmbut,languages,Map 20 Central Pacific Coast: Time of Contact [54a]
huar1255,Huarijio,,27.8685,-108.437,huar1255,,1837,language,Uto-Aztecan,languages,Map 3 South-Western North America: Time of Contact [30]
huas1242,Huastec,,21.6153,-98.5028,huas1242,,6356,language,Mayan,languages,Map 10 Meso-America: Time of Contact [1]
huic1243,Huichol,,21.954,-104.062,huic1243,,6446,language,Uto-Aztecan,languages,Map 10 Meso-America: Time of Contact [53]
huli1244,Huli,,-5.97212,142.963,huli1244,,2038,language,Nuclear Trans New Guinea,languages,"Map 32 Southern Papua New Guinea [23, E]; Map 33 Northern Papua New Guinea [166]"
hulu1246,Hulung,,-2.87389,128.587,hulu1246,,2039,language,Austronesian,languages,Map 37 The Moluccas [21]
humb1243,Humburi Senni Songhay,,15.2948,-1.69301,humb1243,,2042,language,Songhay,languages,Map 104 Burkina Faso [1d]
hume1246,Humene,,-9.70693,147.562,hume1246,,2043,language,Kwalean,languages,Map 32 Southern Papua New Guinea [136]
huml1238,Humla,,30.1451,81.5659,huml1238,,2044,language,Sino-Tibetan,languages,"Map 51 North-East India, Bangladesh, Bhutan and Nepal [11]; Map 54 North-West India [10]"
hund1239,Hunde,,-1.46762,28.9308,hund1239,,2046 2769,language,Atlantic-Congo,languages,Map 80 Democratic Republic of Congo: Kivu [30]; Map 80 Democratic Republic of Congo: Kivu [47]
hung1274,Hungarian,,46.9068585714,19.6555271429,hung1274,,2049,language,Uralic,languages,"Map 61 Hungary, Romania and the Balkans [14]; Map 65 Germany, Austria, Liechtenstein and Switzerland [19]; Map 67 Italy, Corsica, Sardinia, Sicily and Malta [17]"
hung1275,Hung,,18.7849,104.772,hung1275,,2047 4860 4861 4862 6020,language,Austroasiatic,languages,"Map 47 Northern Thailand, Laos and Vietnam [42]; Map 47 Northern Thailand, Laos and Vietnam [70]; Map 47 Northern Thailand, Laos and Vietnam [71]; Map 47 Northern Thailand, Laos and Vietnam [72]; Map 47 Northern Thailand, Laos and Vietnam [80]"
hung1276,Hungworo,,10.3243,6.3024,hung1276,,4351,language,Atlantic-Congo,languages,Map 100 Northern Nigeria and Niger [20b]; Map 101 South-Western Nigeria [47c]
hung1278,Hungan,,-3.69695,18.4312,hung1278,,2048,language,Atlantic-Congo,languages,Map 81 Democratic Republic of Congo: Kasai [63]
hung1280,Hungu-Pombo,,-9.164628,18.192062,hung1280,,2050,language,Atlantic-Congo,languages,Map 84 Angola [8]
hunj1241,Hunjara-Kaina Ke,,-8.92,147.9,hunj1241,,2051,language,Nuclear Trans New Guinea,languages,Map 31 South-Eastern Papua New Guinea [81]; Map 32 Southern Papua New Guinea [148]
huns1239,Hun-Saare,,10.7898,5.07312,huns1239,,1399,language,Atlantic-Congo,languages,Map 100 Northern Nigeria and Niger [27]; Map 102 Benin and Togo [41]
hunz1247,Hunzib,,42.0808,46.1369,hunz1247,,2052,language,Nakh-Daghestanian,languages,Map 59 The Caucasus [36]
hupa1239,Hupa-Chilula,,41.0982,-123.68,hupa1239,,2053,language,Athabaskan-Eyak-Tlingit,languages,Map 4 California: Time of Contact [27]
hupd1244,Hup,,0.58622,-69.8359,hupd1244,,2054,language,Naduhup,languages,Map 12 Northern South America: Time of Contact [134]
huzh1238,Mongghul,,36.84174,101.95904,huzh1238,,2060,language,Mongolic-Khitan,languages,Map 45 China and Mongolia [29]
hwan1240,Hwana,,10.3633,12.7683,hwan1240,,2062,language,Afro-Asiatic,languages,Map 91 Adamawa Region [64]; Map 98 North-Eastern Nigeria [103]
hyaa1239,Hya,,10.4814,13.526,hyaa1239,,2063,language,Afro-Asiatic,languages,Map 94 Northern Cameroon [14]
hyam1245,Hyam,,9.57832,7.95163,hyam1245,,1913,language,Atlantic-Congo,languages,"Map 96 South Plateau, Nigeria [13]"
iaai1238,Iaai,,-20.6301,166.59,iaai1238,,2068,language,Austronesian,languages,Map 27 Vanuatu and New Caledonia [133]
iama1237,Iamalele,,-9.45005,150.573,iama1237,,6560,language,Austronesian,languages,Map 31 South-Eastern Papua New Guinea [32]
iatm1242,Iatmul,,-4.30064,143.316,iatm1242,,2070,language,Ndu,languages,Map 33 Northern Papua New Guinea [296]
iauu1242,Iau,,-3.14537,137.69,iauu1242,,6046,language,Lakes Plain,languages,Map 34 Irian Jaya [144]
ibal1241,Kwa South,,-4.20697,15.3893,ibal1241,,495,language,Atlantic-Congo,languages,Map 83 Democratic Republic of Congo: Bas Congo and Southern Congo [67]
ibal1244,Ibaloi,,16.4263,120.695,ibal1244,,2148,language,Austronesian,languages,Map 40 The Philippines [33]
iban1261,Ibani,,4.49119,7.23558,iban1261,,2075,language,Ijoid,languages,Map 101 South-Western Nigeria [2b]
iban1264,Iban,,2.09041,112.934,iban1264,,2073,language,Austronesian,languages,Map 41 Borneo and Madagascar [14]
iban1267,Ibanag,,17.4201,121.891,iban1267,,2074,language,Austronesian,languages,Map 40 The Philippines [12]
ibat1238,Ibatan,,18.9398,121.909,ibat1238,,426,language,Austronesian,languages,Map 40 The Philippines [3]
ibib1240,Ibibio,,5.15279,7.86688,ibib1240,,2077,language,Atlantic-Congo,languages,Map 101 South-Western Nigeria [18]
ibin1241,Ibino,,4.59603,8.15254,ibin1241,,2080,language,Atlantic-Congo,languages,Map 101 South-Western Nigeria [22]; Map 93 Central South-Western Cameroon [3]
icel1247,Icelandic,,63.4837,-19.0212,icel1247,,2082,language,Indo-European,languages,Map 64 The Nordic Countries [5]
icev1238,Iceve-Maci,,6.42426,9.50264,icev1238,,2084,language,Atlantic-Congo,languages,Map 95 South-Eastern Nigeria and Mid-Western Cameroon [3]
idaa1241,Ida'an,,5.29059,118.515,idaa1241,,2085,language,Austronesian,languages,Map 41 Borneo and Madagascar [114]
idak1243,Idakho-Isukha-Tiriki,,0.21557,34.817,idak1243,,2087 2186 5897,language,Atlantic-Congo,languages,Map 86 Central East Africa [35j]; Map 86 Central East Africa [35k]; Map 86 Central East Africa [35l]
idat1237,Idaté,,-8.76258,125.832,idat1237,,2088,language,Austronesian,languages,Map 38 Lesser Sunda Islands and Timor [43]
idii1243,Idi-Taeme,,-8.75976,142.301,idii1243,,2089,language,Pahoturi,languages,Map 32 Southern Papua New Guinea [191]
idom1241,Idoma,,7.19139,7.71261,idom1241,,1006,language,Atlantic-Congo,languages,"Map 101 South-Western Nigeria [60b, 60c, 60d]"
idon1238,Idon,,10.2175,7.78151,idon1238,,2091,language,Atlantic-Congo,languages,"Map 97 North Plateau, Nigeria [3]"
idum1241,Idu,,29.4473,95.6472,idum1241,,2092,language,Sino-Tibetan,languages,"Map 45 China and Mongolia [105]; Map 51 North-East India, Bangladesh, Bhutan and Nepal [99]"
idun1242,Iduna,,-9.34361,150.24,idun1242,,2094,language,Austronesian,languages,Map 31 South-Eastern Papua New Guinea [28]
igal1242,Igala,,7.34325,7.17974,igal1242,,2096 2099,language,Atlantic-Congo,languages,"Map 101 South-Western Nigeria [88a]; Map 101 South-Western Nigeria [93]; Map 96 South Plateau, Nigeria [57]"
igan1243,Igana,,-4.70942,144.841,igan1243,,2100,language,Ramu,languages,Map 33 Northern Papua New Guinea [347]
iged1239,Igede,,6.95522,8.27362,iged1239,,2101,language,Atlantic-Congo,languages,Map 95 South-Eastern Nigeria and Mid-Western Cameroon [89]
igut1238,Iguta,,9.98505,8.81708,igut1238,,4153,language,Atlantic-Congo,languages,"Map 96 South Plateau, Nigeria [5]; Map 97 North Plateau, Nigeria [48]"
ihaa1241,Iha,,-2.81013,132.271,ihaa1241,,2107,language,West Bomberai,languages,Map 34 Irian Jaya [55]
ikaa1238,Ika,,6.36423,6.31058,ikaa1238,,2114,language,Atlantic-Congo,languages,Map 101 South-Western Nigeria [82b]
ikiz1238,Ikizu,,-1.9915,34.3589,ikiz1238,,2120 5465,language,Atlantic-Congo,languages,Map 86 Central East Africa [47]; Map 86 Central East Africa [48]
ikkk1242,Ik,,3.61407,34.2507,ikkk1242,,2113,language,Kuliak,languages,Map 86 Central East Africa [55]
ikob1240,Ikobi,,-7.30342,143.618,ikob1240,,2121 3793,language,Turama-Kikori,languages,Map 32 Southern Papua New Guinea [173]; Map 32 Southern Papua New Guinea [174]
ikom1245,Ikoma-Nata,,-1.94989,34.5361,ikom1245,,2124 4165,language,Atlantic-Congo,languages,Map 86 Central East Africa [41]; Map 86 Central East Africa [49]
ikpe1243,Ikpeshi,,7.04475,6.17647,ikpe1243,,2125,language,Atlantic-Congo,languages,Map 101 South-Western Nigeria [73]
ikpo1238,Ikposo,,7.44776,0.83312,ikpo1238,,140 1524,language,Atlantic-Congo,languages,Map 102 Benin and Togo [12]; Map 102 Benin and Togo [4]; Map 103 Ghana [27]; Map 103 Ghana [29]
ikug1238,Iku-Gora-Ankwa,,10.27852,7.84105,ikug1238,,2126,language,Atlantic-Congo,languages,"Map 96 South Plateau, Nigeria [11]; Map 97 North Plateau, Nigeria [5]"
ikul1238,Ikulu,,10.1339,7.86684,ikul1238,,2127,language,Atlantic-Congo,languages,"Map 96 South Plateau, Nigeria [12]; Map 97 North Plateau, Nigeria [6]"
ikwe1242,Ikwere,,5.04333,6.86651,ikwe1242,,2129,language,Atlantic-Congo,languages,Map 101 South-Western Nigeria [85b]
ilaa1246,Ila,,-15.60807,26.45548,ilaa1246,,2130 3360,language,Atlantic-Congo,languages,Map 74 Southern Africa [29]; Map 77 Zambia [29]; Map 77 Zambia [30]
ilia1236,Ilianen Manobo,,7.34448,124.766,ilia1236,,2133,language,Austronesian,languages,Map 40 The Philippines [107]
ilok1237,Iloko,,15.9361,120.993,ilok1237,,2135,language,Austronesian,languages,Map 40 The Philippines [22]
ilon1239,Ilongot,,16.3785,121.547,ilon1239,,2136,language,Austronesian,languages,Map 40 The Philippines [38]
ilwa1237,Ilwana,,-0.66322,39.793,ilwa1237,,1090 2137 3960 6172,language,Atlantic-Congo,languages,Map 72 Sudan and the Horn of Africa [199]; Map 85 Kenyan Coast [2a]; Map 85 Kenyan Coast [2b]; Map 85 Kenyan Coast [2c]
inab1237,Inabaknon,,12.4264,124.166,inab1237,,37,language,Austronesian,languages,Map 40 The Philippines [120]
inap1241,Itutang-Inapang,,-4.67614,144.9,inap1241,,2198 3834,language,Ramu,languages,Map 33 Northern Papua New Guinea [349]; Map 33 Northern Papua New Guinea [350]
indo1317,Indonesian Bajau,,-3.68664,122.253,indo1317,,468 469 5110,language,Austronesian,languages,Map 38 Lesser Sunda Islands and Timor [36]; Map 39 Sulawesi [60]; Map 41 Borneo and Madagascar [NA]
indu1241,Indus Kohistani,,35.3389,73.0154,indu1241,,2445 3430,language,Indo-European,languages,"Map 53 Iran, Afghanistan and Pakistan [41]; Map 53 Iran, Afghanistan and Pakistan [44]"
ines1240,Ineseño,,34.6169,-120.08,ines1240,,2145,language,Chumashan,languages,Map 3 South-Western North America: Time of Contact [62]
ingu1240,Ingush,,43.11,45.03,ingu1240,,2147,language,Nakh-Daghestanian,languages,Map 59 The Caucasus [21]
inor1238,Inoric,,7.94883,37.7968,inor1238,,2144 2149 2151,language,Afro-Asiatic,languages,Map 72 Sudan and the Horn of Africa [42]; Map 72 Sudan and the Horn of Africa [43]; Map 72 Sudan and the Horn of Africa [44]
inth1238,Intha-Danu,,20.392,96.9388,inth1238,,1254 2150,language,Sino-Tibetan,languages,Map 49 Burma (Myanmar) [56]; Map 49 Burma (Myanmar) [57]
iowa1245,Iowa-Oto,,40.0511,-95.5213,iowa1245,,1124,language,Siouan,languages,Map 5 The Great Plains: Time of Contact [29]
ipai1240,Ipai,,33.005,-116.993,ipai1240,,2152,language,Cochimi-Yuman,languages,Map 3 South-Western North America: Time of Contact [52]
ipik1244,Ipiko,,-7.37424,144.863,ipik1244,,2156,language,Anim,languages,Map 32 Southern Papua New Guinea [169]
ipil1240,Ipili,,-5.42586,143.089,ipil1240,,2157,language,Nuclear Trans New Guinea,languages,Map 33 Northern Papua New Guinea [165]
ipul1238,Ipulo-Olulu,,6.2918,9.64676,ipul1238,,2158,language,Atlantic-Congo,languages,Map 95 South-Eastern Nigeria and Mid-Western Cameroon [13]
iran1262,Iranun,,4.3362,118.224,iran1262,,2132,language,Austronesian,languages,Map 40 The Philippines [97]
iran1263,Irántxe-Münkü,,-12.7178,-57.9806,iran1263,,2160,language,,languages,Map 16 Western Brazil: Time of Contact [332]
iraq1241,Iraqw,,-4.19948,35.2939,iraq1241,,2162,language,Afro-Asiatic,languages,Map 86 Central East Africa [90]
irar1238,Irarutu,,-2.94438,133.586,irar1238,,2159,language,Austronesian,languages,Map 34 Irian Jaya [191]
iray1237,Iraya,,13.381,120.65,iray1237,,2163,language,Austronesian,languages,Map 40 The Philippines [49]
ires1239,Yerisiam,,-3.62803,135.025,ires1239,,2164,language,Austronesian,languages,Map 34 Irian Jaya [186]
irig1241,Irigwe,,9.85197,8.6525,irig1241,,2166,language,Atlantic-Congo,languages,"Map 96 South Plateau, Nigeria [32]; Map 97 North Plateau, Nigeria [16b]"
irig1242,Iriga Bicolano,,13.3896,123.331,irig1242,,5083 5580,language,Austronesian,languages,Map 40 The Philippines [62]; Map 40 The Philippines [64]
iris1253,Irish,,53.2186,-7.61509,iris1253,,2167,language,Indo-European,languages,Map 63 The British Isles [4]
isab1240,Isabi,,-5.83809,145.462,isab1240,,2170,language,Nuclear Trans New Guinea,languages,Map 33 Northern Papua New Guinea [147]
isan1243,Isanzu,,-3.99991,34.846,isan1243,,2172,language,Atlantic-Congo,languages,Map 86 Central East Africa [18]
iseb1246,Isebe,,-5.20719,145.691,iseb1246,,2173,language,Nuclear Trans New Guinea,languages,Map 33 Northern Papua New Guinea [81]
isek1239,Isekiri,,5.81898,5.5862,isek1239,,2197,language,Atlantic-Congo,languages,Map 101 South-Western Nigeria [91a]; Map 102 Benin and Togo [33b]
ishk1246,Ishkashimi,,36.67,71.55,ishk1246,,2174 2175,language,Indo-European,languages,"Map 53 Iran, Afghanistan and Pakistan [30]; Map 57 Central Asia [10]"
isin1239,Isinai,,16.3299,121.12,isin1239,,2176,language,Austronesian,languages,Map 40 The Philippines [31]
isir1237,Isirawa,,-1.88775,138.595,isir1237,,5151,language,Greater Kwerba,languages,Map 34 Irian Jaya [48]
isna1241,Isnag,,18.2139,121.16,isna1241,,2180,language,Austronesian,languages,Map 40 The Philippines [9]
isok1239,Isoko,,5.52889,6.24682,isok1239,,2181,language,Atlantic-Congo,languages,Map 101 South-Western Nigeria [63b]
isuf1235,Isu (Fako Division),,3.96758,9.36535,isuf1235,,2185,language,Atlantic-Congo,languages,Map 92 South-Western Cameroon [15]
isum1240,Isu (Menchum Division),,6.63731,9.96577,isum1240,,6442,language,Atlantic-Congo,languages,Map 95 South-Eastern Nigeria and Mid-Western Cameroon [41a]
ital1282,Italian,,43.0464,12.6489,ital1282,,2187,language,Indo-European,languages,"Map 61 Hungary, Romania and the Balkans [11]; Map 62 Poland, the Czech Republic and Slovakia [14]; Map 65 Germany, Austria, Liechtenstein and Switzerland [9]; Map 67 Italy, Corsica, Sardinia, Sicily and Malta [1]; Map 69 France, Belgium, the Netherlands and Luxembourg [3]"
itaw1240,Itawit,,17.7329,121.58,itaw1240,,2188,language,Austronesian,languages,Map 40 The Philippines [17]
itel1242,West Itelmen,,56.046173,156.30704,itel1242,,2423,language,Chukotko-Kamchatkan,languages,Map 55 Eastern Siberia [24]
iter1241,Iteri,,-4.11998,141.585,iter1241,,2190 5093,language,Left May,languages,Map 33 Northern Papua New Guinea [214]; Map 33 Northern Papua New Guinea [215]
itik1240,Itik,,-2.18342,139.341,itik1240,,2191,language,Tor-Orya,languages,Map 34 Irian Jaya [149]
iton1250,Itonama,,-12.80431,-64.35748,iton1250,,2194,language,,languages,Map 12 Northern South America: Time of Contact [26]
iwai1244,Iwaidja,,-11.3379,132.453,iwai1244,,2203,language,Iwaidjan Proper,languages,Map 35 Australia: Time of Contact [17]
iwak1237,I-Wak,,16.30448,120.78633,iwak1237,,2067,language,Austronesian,languages,Map 40 The Philippines [34]
iwal1237,Iwal,,-7.20938,146.983,iwal1237,,2362,language,Austronesian,languages,Map 32 Southern Papua New Guinea [214]
iwam1256,Iwam,,-4.27346,141.817,iwam1256,,2204,language,Sepik,languages,Map 33 Northern Papua New Guinea [272]
iwur1240,Morop-Dintere,,-5.11036,140.823,iwur1240,,2205,language,Nuclear Trans New Guinea,languages,Map 33 Northern Papua New Guinea [171]; Map 34 Irian Jaya [4]
ixte1237,Ixtenco Otomi,,19.2146,-98.0272,ixte1237,,2208,language,Otomanguean,languages,Map 10 Meso-America: Time of Contact [36e]
iyiv1238,Iyive,,6.50437,9.53302,iyiv1238,,2209,language,Atlantic-Congo,languages,Map 95 South-Eastern Nigeria and Mid-Western Cameroon [4]
iyoo1238,Iyo,,-5.84161,146.092,iyoo1238,,4111,language,Nuclear Trans New Guinea,languages,Map 32 Southern Papua New Guinea [75]; Map 33 Northern Papua New Guinea [141]
izer1241,Izere,,9.5,8.7,izer1241,,2211,language,Atlantic-Congo,languages,"Map 97 North Plateau, Nigeria [16c]"
izie1238,Izi-Ezaa-Ikwo-Mgbo,,6.31831,8.03044,izie1238,,1587 3826,language,Atlantic-Congo,languages,Map 101 South-Western Nigeria [78b]; Map 101 South-Western Nigeria [78c]
izon1238,Izon,,5.17986,5.51702,izon1238,,1008 2813 2816,language,Ijoid,languages,Map 101 South-Western Nigeria [10a]; Map 101 South-Western Nigeria [5]; Map 101 South-Western Nigeria [5a]
jadd1243,Jad,,30.241,79.153,jadd1243,,2215,language,Sino-Tibetan,languages,Map 54 North-West India [9]
jahh1242,Jah Hut,,3.67619,102.291,jahh1242,,2217,language,Austroasiatic,languages,Map 44 West Malaysia and Singapore [10]
jair1235,Kia River Awyu,,-6.79732,140.104,jair1235,,2700,language,Nuclear Trans New Guinea,languages,Map 34 Irian Jaya [20]
jaku1244,Jakun,,2.64582,103.342,jaku1244,,4665,language,Austronesian,languages,Map 44 West Malaysia and Singapore [20]
jalk1242,Jalkunan,,10.5426,-5.21959,jalk1242,,2221,language,Mande,languages,Map 104 Burkina Faso [76]; Map 105 Ivory Coast [68]
jama1261,Madi,,-7.62223,-66.5662,jama1261,,2223,language,Arawan,languages,Map 16 Western Brazil: Time of Contact [130a]
jams1239,Jamsay Dogon,,14.1794,-2.57999,jams1239,,541 2225,language,Dogon,languages,Map 104 Burkina Faso [4l]; Map 104 Burkina Faso [4r]
jara1263,Jarawa (Nigeria),,9.8,9.61,jara1263,,540 1784 2439 3243,language,Atlantic-Congo,languages,"Map 96 South Plateau, Nigeria [49]; Map 96 South Plateau, Nigeria [50]; Map 96 South Plateau, Nigeria [53]; Map 97 North Plateau, Nigeria [54]; Map 97 North Plateau, Nigeria [61]; Map 97 North Plateau, Nigeria [62]; Map 98 North-Eastern Nigeria [40]; Map 98 North-Eastern Nigeria [41]; Map 98 North-Eastern Nigeria [49]; Map 98 North-Eastern Nigeria [50]"
jara1274,Jara,,10.5232,11.7036,jara1274,,2229,language,Afro-Asiatic,languages,Map 98 North-Eastern Nigeria [101]
jaru1254,Jaru,,-18.3288,128.262,jaru1254,,22 2232,language,Pama-Nyungan,languages,Map 35 Australia: Time of Contact [117]; Map 35 Australia: Time of Contact [123]
jaun1243,Jaunsari,,30.5587,77.9084,jaun1243,,2235,language,Indo-European,languages,Map 54 North-West India [47]
java1254,Javanese,,-7.001,109.287,java1254,,2237,language,Austronesian,languages,Map 41 Borneo and Madagascar [00]; Map 42 Java and Bali [1]
jawe1237,Jawe,,-20.6648,164.676,jawe1237,,2239,language,Austronesian,languages,Map 27 Vanuatu and New Caledonia [113]
jebe1250,Jebero,,-5.40317,-76.4103,jebe1250,,1982,language,Cahuapanan,languages,Map 14 Northern Pacific Coast: Time of Contact [170]
jeha1242,Jehai,,5.63695,101.541,jeha1242,,2246,language,Austroasiatic,languages,"Map 44 West Malaysia and Singapore [4]; Map 48 Southern Thailand, Laos and Vietnam, and Cambodia [24]"
jehh1245,Jeh,,15.2351,107.753,jehh1245,,2245 6537,language,Austroasiatic,languages,"Map 47 Northern Thailand, Laos and Vietnam [64]; Map 47 Northern Thailand, Laos and Vietnam [65]; Map 48 Southern Thailand, Laos and Vietnam, and Cambodia [50]; Map 48 Southern Thailand, Laos and Vietnam, and Cambodia [65]"
jeme1245,Towa,,35.5994,-106.766,jeme1245,,2249 4833,language,Kiowa-Tanoan,languages,Map 3 South-Western North America: Time of Contact [40]; Map 5 The Great Plains: Time of Contact [54]
jere1244,Jere,,10.1962,8.95834,jere1244,,895 1886 2250 2252 5076,language,Atlantic-Congo,languages,"Map 96 South Plateau, Nigeria [2]; Map 97 North Plateau, Nigeria [44]; Map 97 North Plateau, Nigeria [46]; Map 97 North Plateau, Nigeria [46a]; Map 97 North Plateau, Nigeria [46b]; Map 97 North Plateau, Nigeria [46c]"
jeru1240,Jerung,,27.1741,86.2547,jeru1240,,2253,language,Sino-Tibetan,languages,"Map 51 North-East India, Bangladesh, Bhutan and Nepal [59]"
jibu1239,Jibu,,7.49214,11.3086,jibu1239,,2259,language,Atlantic-Congo,languages,Map 91 Adamawa Region [40]; Map 95 South-Eastern Nigeria and Mid-Western Cameroon [79b]
jica1244,Jicarilla Apache,,36.8079,-107.007,jica1244,,2260,language,Athabaskan-Eyak-Tlingit,languages,Map 3 South-Western North America: Time of Contact [6]
jili1241,Sgi Bara,,-5.56611,145.706,jili1241,,2266,language,Nuclear Trans New Guinea,languages,Map 33 Northern Papua New Guinea [48]
jimi1254,Jimi (Cameroon),,10.251,13.5258,jimi1254,,2271,language,Afro-Asiatic,languages,Map 94 Northern Cameroon [49]
jimi1255,Jimi (Nigeria),,10.7299,9.8118,jimi1255,,2270,language,Afro-Asiatic,languages,"Map 97 North Plateau, Nigeria [92]"
jina1244,Jina,,11.3555,14.9611,jina1244,,2273,language,Afro-Asiatic,languages,Map 99 Lake Chad Region [7]
jira1235,Jirajaran,,10.57,-69.7,jira1235,,408 1720 2004,language,,languages,Map 12 Northern South America: Time of Contact [4]; Map 12 Northern South America: Time of Contact [5]; Map 12 Northern South America: Time of Contact [6]
jire1238,Jirel,,27.6931,86.3201,jire1238,,2280,language,Sino-Tibetan,languages,"Map 51 North-East India, Bangladesh, Bhutan and Nepal [23]"
jiru1238,Jiru,,8.64125,10.5872,jiru1238,,2281,language,Atlantic-Congo,languages,Map 98 North-Eastern Nigeria [62]
jita1239,Jita,,-1.62681,33.9141,jita1239,,2282,language,Atlantic-Congo,languages,Map 86 Central East Africa [44]
jjuu1238,Jju,,9.83116,7.97167,jjuu1238,,2366,language,Atlantic-Congo,languages,"Map 96 South Plateau, Nigeria [33]"
jola1263,Jola-Fonyi,,12.75752,-15.7354766667,jola1263,,1337,language,Atlantic-Congo,languages,"Map 108 Senegal, Gambia and Guinea Bissau [12]"
jonk1238,Jonkor Bourmataguil,,11.5034,19.0954,jonk1238,,2289,language,Afro-Asiatic,languages,Map 89 Central African Republic and South-Eastern Chad [82b]
jort1240,Jakattoe,,9.065,9.361,jort1240,,2292,language,Afro-Asiatic,languages,"Map 96 South Plateau, Nigeria [71]"
jova1234,Jova,,28.5,-109.0,jova1234,,2293,language,Uto-Aztecan,languages,Map 3 South-Western North America: Time of Contact [93]
juan1238,Juang,,21.2606,85.5845,juan1238,,2296,language,Austroasiatic,languages,"Map 51 North-East India, Bangladesh, Bhutan and Nepal [214]"
juho1239,South-Eastern Ju,,-19.688,20.7673,juho1239,,30 6751,language,Kxa,languages,Map 74 Southern Africa [57]; Map 74 Southern Africa [58]
juku1254,Jukun Takum,,7.20236,10.2576,juku1254,,4395 5682,language,Atlantic-Congo,languages,Map 95 South-Eastern Nigeria and Mid-Western Cameroon [79c]; Map 95 South-Eastern Nigeria and Mid-Western Cameroon [82b]
juma1250,Jumana,,-1.930054,-68.295609,juma1250,,2299,language,Arawakan,languages,Map 16 Western Brazil: Time of Contact [81]
juml1238,Jumli,,29.1708,82.437,juml1238,,2301,language,Indo-European,languages,"Map 51 North-East India, Bangladesh, Bhutan and Nepal [161]"
jupu1235,Yupua,,-0.5,-70.0,jupu1235,,6713,language,Tucanoan,languages,Map 12 Northern South America: Time of Contact [155]
juri1235,Juri,,-1.358881,-69.984741,juri1235,,2307,language,Ticuna-Yuri,languages,Map 16 Western Brazil: Time of Contact [163]
juru1256,Yudja,,-10.9354,-53.3472,juru1256,,2305,language,Tupian,languages,Map 18 Brazilian Atlantic Coast: Time of Contact [363]
juuu1243,Ju,,10.1845,9.81175,juuu1243,,2294,language,Afro-Asiatic,languages,"Map 97 North Plateau, Nigeria [83]; Map 98 North-Eastern Nigeria [92]"
juwa1238,Juwal,,-3.78596,143.681,juwa1238,,4030,language,Nuclear Torricelli,languages,Map 33 Northern Papua New Guinea [262]
kaam1238,Kaamba,,-4.0409,13.284,kaam1238,,2418,language,Atlantic-Congo,languages,Map 83 Democratic Republic of Congo: Bas Congo and Southern Congo [14]
kaan1246,Kaansa,,10.1675,-3.70994,kaan1246,,1682 4718,language,Atlantic-Congo,languages,Map 104 Burkina Faso [57]; Map 104 Burkina Faso [58]; Map 105 Ivory Coast [46]; Map 105 Ivory Coast [47a]
kaan1247,Kaan,,9.70781,12.1508,kaan1247,,2311 3239,language,Atlantic-Congo,languages,Map 91 Adamawa Region [37c]; Map 98 North-Eastern Nigeria [10]
kaba1278,Kabardian,,43.5082,43.3918,kaba1278,,2315,language,Abkhaz-Adyge,languages,Map 59 The Caucasus [19]
kaba1281,Kaba,,7.64972,16.7344,kaba1281,,2313 3120 3121,language,Central Sudanic,languages,"Map 89 Central African Republic and South-Eastern Chad [72]; Map 90 Central African Republic, South-Western Chad and Cameroon [41b]; Map 90 Central African Republic, South-Western Chad and Cameroon [42]; Map 91 Adamawa Region [32]; Map 98 North-Eastern Nigeria [38]"
kaba1292,Kabalai,,9.38373,16.2821,kaba1292,,2314,language,Afro-Asiatic,languages,"Map 90 Central African Republic, South-Western Chad and Cameroon [53]"
kabi1260,Kabikabi,,-25.44486229,153.1539929,kabi1260,,2318,language,Pama-Nyungan,languages,Map 35 Australia: Time of Contact [398]
kabi1261,Kabiyé,,8.96816,0.495023,kabi1261,,2322,language,Atlantic-Congo,languages,Map 102 Benin and Togo [50]; Map 103 Ghana [67]
kabo1247,Kabola,,-8.17316,124.539,kabo1247,,2320,language,Timor-Alor-Pantar,languages,Map 38 Lesser Sunda Islands and Timor [75]
kabr1240,Kabras,,0.29,34.83,kabr1240,,2321,language,Atlantic-Congo,languages,Map 86 Central East Africa [35b]
kabu1256,Kabuverdianu,,15.0586,-23.6148,kabu1256,,1202,language,Indo-European,languages,Map 68 The Iberian Peninsula and Atlantic Islands [4]
kabw1242,Kabwari,,-4.36966,29.1684,kabw1242,,963 2316,language,Atlantic-Congo,languages,Map 80 Democratic Republic of Congo: Kivu [46a]; Map 80 Democratic Republic of Congo: Kivu [49]
kaby1243,Kabyle,,36.4103,4.76137,kaby1243,,2324,language,Afro-Asiatic,languages,Map 73 North-West Africa [44]
kach1277,Kachchi,,23.83,69.0,kach1277,,2327,language,Indo-European,languages,Map 54 North-West India [32a]
kach1280,Southern Jinghpaw,,25.4634,97.3278,kach1280,,2274 2276,language,Sino-Tibetan,languages,"Map 46 Yunnan Province, China [36]; Map 49 Burma (Myanmar) [39]"
kach1284,Kachama-Ganjule-Haro,,6.3971,37.9291,kach1284,,2329,language,Ta-Ne-Omotic,languages,Map 72 Sudan and the Horn of Africa [87]
kaci1244,Kacipo-Balesi,,6.16512,34.9436,kaci1244,,492,language,Surmic,languages,Map 72 Sudan and the Horn of Africa [125]
kaco1239,Kaco',,13.8274,107.257,kaco1239,,2331,language,Austroasiatic,languages,"Map 48 Southern Thailand, Laos and Vietnam, and Cambodia [49]"
kada1282,Kadaru,,12.1554,30.2709,kada1282,,5842,language,Nubian,languages,Map 71 North-East Africa [77]; Map 72 Sudan and the Horn of Africa [119]
kada1284,Kadara,,9.99696,7.45933,kada1284,,2332,language,Atlantic-Congo,languages,"Map 101 South-Western Nigeria [33]; Map 96 South Plateau, Nigeria [10]; Map 97 North Plateau, Nigeria [1]"
kadi1248,Kadiwéu,,-19.7222,-57.582,kadi1248,,2335,language,Guaicuruan,languages,Map 18 Brazilian Atlantic Coast: Time of Contact [260]
kado1242,Kado,,21.5259,100.092,kado1242,,1685 2337,language,Sino-Tibetan,languages,Map 49 Burma (Myanmar) [40]; Map 49 Burma (Myanmar) [41]
kadu1253,Kaduo,,22.2996,101.74,kadu1253,,2339,language,Sino-Tibetan,languages,"Map 46 Yunnan Province, China [95]"
kafa1242,Kafa,,7.34022,36.1718,kafa1242,,2615,language,Ta-Ne-Omotic,languages,Map 72 Sudan and the Horn of Africa [92]
kafo1240,Kafoa,,-8.36572,124.446,kafo1240,,2342,language,Timor-Alor-Pantar,languages,Map 38 Lesser Sunda Islands and Timor [77]
kaga1256,Kagayanen,,10.4656,119.872,kaga1256,,2344,language,Austronesian,languages,Map 40 The Philippines [100]
kagf1238,Ut-Main,,11.5319,4.8387,kagf1238,,4929,language,Atlantic-Congo,languages,Map 100 Northern Nigeria and Niger [28]; Map 102 Benin and Togo [42]
kago1247,Kagoma,,9.22607,8.18694,kago1247,,2346,language,Atlantic-Congo,languages,"Map 96 South Plateau, Nigeria [14]"
kago1248,Kagoro,,14.0546,-9.96404,kago1248,,2373,language,Mande,languages,Map 107 Guinea and Mali [21f]
kagu1239,Kagulu,,-6.38204,37.0534,kagu1239,,2348,language,Atlantic-Congo,languages,Map 76 Southern Tanzania [15]
kahe1238,Kahe,,-3.51412,37.5759,kahe1238,,2349,language,Atlantic-Congo,languages,Map 86 Central East Africa [6g]
kahu1241,Kahua,,-10.6963,162.191,kahu1241,,2350,language,Austronesian,languages,Map 29 Solomon Islands and Bougainville [57]
kaia1245,Kaian,,-4.06543,144.756,kaia1245,,2351,language,Ramu,languages,Map 33 Northern Papua New Guinea [334]
kaib1244,Kaibobo,,-3.1603,128.211,kaib1244,,2352,language,Austronesian,languages,Map 37 The Moluccas [8]
kaid1239,Kaidipang,,0.85641,123.217,kaid1239,,2353,language,Austronesian,languages,Map 39 Sulawesi [13]
kaie1237,Kaiep,,-3.70524,143.884,kaie1237,,2354,language,Austronesian,languages,Map 33 Northern Papua New Guinea [402]
kaik1246,Kaike,,28.853,83.1384,kaik1246,,2355,language,Sino-Tibetan,languages,"Map 51 North-East India, Bangladesh, Bhutan and Nepal [1]"
kain1272,Kaingang,,-27.7671,-52.5394,kain1272,,2358 6375,language,Nuclear-Macro-Je,languages,Map 22 Southern South America: Time of Contact [294]; Map 22 Southern South America: Time of Contact [296]
kair1263,Kairiru,,-3.34608,143.558,kair1263,,2360,language,Austronesian,languages,Map 33 Northern Papua New Guinea [401]
kair1265,Kairui-Midiki,,-8.74034,126.059,kair1265,,2361,language,Austronesian,languages,Map 38 Lesser Sunda Islands and Timor [58]
kais1235,Kais,,-1.78077,132.312,kais1235,,2430,language,South Bird's Head,languages,Map 34 Irian Jaya [73]
kais1242,Kaishana,,-2.171598,-67.319199,kais1242,,2364,language,Arawakan,languages,Map 16 Western Brazil: Time of Contact [83]
kaiy1239,Kaiy,,-2.94448,138.161,kaiy1239,,5737,language,Lakes Plain,languages,Map 34 Irian Jaya [140]
kaka1264,Kakanda,,8.33931,6.55923,kaka1264,,2369,language,Atlantic-Congo,languages,Map 101 South-Western Nigeria [56]
kaka1267,Kakabai,,-10.2976,150.027,kaka1267,,2368,language,Austronesian,languages,Map 31 South-Eastern Papua New Guinea [7]
kaki1249,Kaki Ae,,-7.9946,145.816,kaki1249,,5764,language,,languages,Map 32 Southern Papua New Guinea [182]
kako1242,Kako,,3.79989,15.6282,kako1242,,2372,language,Atlantic-Congo,languages,Map 87 Northern Congo and Southern Central African Republic [45]
kakw1240,Kakwa,,3.65233,30.7762,kakw1240,,2376,language,Nilotic,languages,Map 79 Democratic Republic of Congo: Orienta [70]; Map 86 Central East Africa [67b]
kala1256,Kalabra,,-1.43074,131.617,kala1256,,2382,language,West Bird's Head,languages,Map 34 Irian Jaya [108]
kala1372,Chitral Kalasha,,35.6415,71.6657,kala1372,,2390,language,Indo-European,languages,"Map 53 Iran, Afghanistan and Pakistan [50]"
kala1373,Gawri,,35.5303,72.5738,kala1373,,605,language,Indo-European,languages,"Map 53 Iran, Afghanistan and Pakistan [39]"
kala1377,Kala Lagaw Ya,,-10.6748,142.196,kala1377,,2378 2384,language,Pama-Nyungan,languages,Map 32 Southern Papua New Guinea [237]; Map 35 Australia: Time of Contact [300]
kala1381,Kalabari,,4.53194,6.69539,kala1381,,2381,language,Ijoid,languages,Map 101 South-Western Nigeria [3]
kala1384,Kalanga,,-21.2887,27.401,kala1384,,2387,language,Atlantic-Congo,languages,Map 74 Southern Africa [13]; Map 77 Zambia [58]
kala1388,Kalagan,,6.8126,125.328,kala1388,,2383,language,Austronesian,languages,Map 40 The Philippines [88]
kala1391,Kalabakan,,4.53605,117.317,kala1391,,2380,language,Austronesian,languages,Map 41 Borneo and Madagascar [91]
kala1394,Kalao,,-7.31213,120.995,kala1394,,2389,language,Austronesian,languages,Map 39 Sulawesi [58]
kala1397,Kalam,,-5.25216,144.585,kala1397,,2385,language,Nuclear Trans New Guinea,languages,Map 33 Northern Papua New Guinea [49]
kala1399,Kalaallisut,,69.3761,-52.864,kala1399,,6396,language,Eskimo-Aleut,languages,Map 7 Northern North America: Time of Contact [9]
kala1400,Central Kalapuya,,44.9861,-123.925,kala1400,,1009,language,Kalapuyan,languages,Map 4 California: Time of Contact [14]
kali1308,Kalispel-Pend d'Oreille,,47.5825,-114.19,kali1308,,2396,language,Salishan,languages,Map 6 North-Western Pacific America: Time of Contact [32]
kalk1246,Kalkatungu,,-21.0,139.5,kalk1246,,2397,language,Pama-Nyungan,languages,Map 35 Australia: Time of Contact [223]
kalm1243,Oirad-Kalmyk-Darkhat,,46.566667,45.316667,kalm1243,,635 1444 2399 2687 2688 3095 4086 5957 5958 6730 6771,language,Mongolic-Khitan,languages,"Map 45 China and Mongolia [24]; Map 45 China and Mongolia [25]; Map 45 China and Mongolia [NA]; Map 58 Western Russia, the Baltic States, Belarus, Ukraine and Moldova [16]; Map 59 The Caucasus [15]"
kalo1262,Kalou,,-3.93985,142.217,kalo1262,,2401,language,Sepik,languages,Map 33 Northern Papua New Guinea [279]
kalu1248,Kaluli,,-6.45932,142.788,kalu1248,,2402,language,Bosavi,languages,Map 32 Southern Papua New Guinea [86]
kama1360,Kamasa,,-6.97411,146.20797,kama1360,,2410,language,Angan,languages,Map 32 Southern Papua New Guinea [111]
kama1362,Kamarian,,-3.40779,128.526,kama1362,,2409,language,Austronesian,languages,Map 37 The Moluccas [9]
kama1363,Kamayo,,8.10796,126.314,kama1363,,2412,language,Austronesian,languages,Map 40 The Philippines [85]
kama1365,Kamang,,-8.26897,124.792,kama1365,,2406,language,Timor-Alor-Pantar,languages,Map 38 Lesser Sunda Islands and Timor [72]
kama1367,Kamasau,,-3.8503,143.842,kama1367,,2411,language,Nuclear Torricelli,languages,Map 33 Northern Papua New Guinea [265]
kama1370,Kamano,,-6.25829,145.728,kama1370,,2407,language,Nuclear Trans New Guinea,languages,"Map 32 Southern Papua New Guinea [12, C]; Map 33 Northern Papua New Guinea [152]"
kama1372,Kamakan,,-15.0,-41.0,kama1372,,2405,language,Kamakanan,languages,Map 18 Brazilian Atlantic Coast: Time of Contact [298]
kama1373,Kamayurá,,-12.2661,-53.4651,kama1373,,2413,language,Tupian,languages,Map 18 Brazilian Atlantic Coast: Time of Contact [358]
kamb1297,Kamba (Kenya),,-1.60827,37.9532,kamb1297,,2417 2756 3639 4013,language,Atlantic-Congo,languages,Map 72 Sudan and the Horn of Africa [200]; Map 85 Kenyan Coast [29]; Map 85 Kenyan Coast [29a]; Map 85 Kenyan Coast [29b]; Map 85 Kenyan Coast [29c]; Map 86 Central East Africa [7]
kamb1299,Kambera,,-9.88447,120.235,kamb1299,,1457,language,Austronesian,languages,Map 38 Lesser Sunda Islands and Timor [11]
kamb1302,North Kamrau,,-3.53189,133.518,kamb1302,,334 2165,language,Nuclear Trans New Guinea,languages,Map 34 Irian Jaya [31]; Map 34 Irian Jaya [32]
kamb1316,Kambaata,,7.37582,37.9088,kamb1316,,2419 5879,language,Afro-Asiatic,languages,Map 72 Sudan and the Horn of Africa [63]; Map 72 Sudan and the Horn of Africa [66]
kami1256,Kami (Tanzania),,-6.71075,37.98,kami1256,,2425,language,Atlantic-Congo,languages,Map 76 Southern Tanzania [9]
kamm1249,Kam,,8.305,11.05611111,kamm1249,,2404,language,Atlantic-Congo,languages,Map 98 North-Eastern Nigeria [36]
kamo1254,Kamo,,10.0602,11.2712,kamo1254,,2426,language,Atlantic-Congo,languages,Map 98 North-Eastern Nigeria [3]
kamo1255,Kamoro,,-4.30433,135.883,kamo1255,,2427,language,Nuclear Trans New Guinea,languages,Map 34 Irian Jaya [30]
kamu1260,Kamula,,-7.28798,142.639,kamu1260,,2435,language,Kamula-Elevala,languages,Map 32 Southern Papua New Guinea [95]
kamw1239,Kamwe,,10.646,13.5136,kamw1239,,1993,language,Afro-Asiatic,languages,Map 94 Northern Cameroon [13]
kana1281,Kanauji,,27.1074,79.2883,kana1281,,2457,language,Indo-European,languages,Map 54 North-West India [65]
kana1283,Kanashi,,32.2843,77.1553,kana1283,,2441,language,Sino-Tibetan,languages,Map 54 North-West India [19]
kana1286,Kanakanavu,,23.3235,120.887,kana1286,,2438,language,Austronesian,languages,"Map 50 Japan, Korea and Taiwan [13]"
kana1288,Kanasi,,-10.1658,149.751,kana1288,,5493,language,Dagan,languages,Map 31 South-Eastern Papua New Guinea [72]
kana1291,Katukína-Kanamarí,,-6.45399,-68.7678,kana1291,,1432 2571,language,Katukinan,languages,Map 14 Northern Pacific Coast: Time of Contact [141]; Map 16 Western Brazil: Time of Contact [140]
kand1300,Kande,,-0.00776,11.7076,kand1300,,2444,language,Atlantic-Congo,languages,Map 87 Northern Congo and Southern Central African Republic [69]; Map 88 Gabon and Equatorial Guinea [21]
kand1301,Kandas,,-4.3652,152.781,kand1301,,2443,language,Austronesian,languages,Map 30 New Britain and New Ireland [54]
kane1243,Kanembu,,13.8749,14.8437,kane1243,,2448,language,Saharan,languages,Map 99 Lake Chad Region [23]
kang1281,Kangjia,,35.043,101.254,kang1281,,2449,language,Mongolic-Khitan,languages,Map 45 China and Mongolia [36]
kani1277,Kaningdon-Nindem,,9.525,8.37644,kani1277,,2843 4376,language,Atlantic-Congo,languages,"Map 96 South Plateau, Nigeria [21a]; Map 96 South Plateau, Nigeria [21b]; Map 97 North Plateau, Nigeria [11b]; Map 97 North Plateau, Nigeria [11c]"
kani1279,Kaningi,,-1.71316,13.6111,kani1279,,2453,language,Atlantic-Congo,languages,Map 83 Democratic Republic of Congo: Bas Congo and Southern Congo [33]
kani1281,Kaninuwa,,-9.23148,150.253,kani1281,,6359,language,Austronesian,languages,Map 31 South-Eastern Papua New Guinea [27]
kani1285,Kaningra,,-4.49681,143.192,kani1285,,2452,language,Sepik,languages,Map 33 Northern Papua New Guinea [311]
kank1243,Kankanaey,,16.8548,120.689,kank1243,,2455,language,Austronesian,languages,Map 40 The Philippines [29]
kank1244,Kankuamo,,10.750207,-73.357544,kank1244,,349,language,Chibchan,languages,Map 12 Northern South America: Time of Contact [34]
kano1244,Kanowit-Tanjong Melanau,,2.03781,112.383,kano1244,,2458 5733,language,Austronesian,languages,Map 41 Borneo and Madagascar [31]; Map 41 Borneo and Madagascar [32]
kans1243,Kansa,,39.0,-94.4,kans1243,,2459,language,Siouan,languages,Map 5 The Great Plains: Time of Contact [26]
kanu1277,Kanufi,,9.55,8.6,kanu1277,,2461,language,Atlantic-Congo,languages,"Map 96 South Plateau, Nigeria [21c]; Map 97 North Plateau, Nigeria [11a]"
kany1247,Kanyok,,-7.31878,23.613,kany1247,,1173 1174 3856,language,Atlantic-Congo,languages,Map 78 Democratic Republic of Congo: Katang [24a]; Map 78 Democratic Republic of Congo: Katang [24b]; Map 78 Democratic Republic of Congo: Katang [24c]
kaon1241,Kaonde,,-12.4129,25.7646,kaon1241,,2466 2990 3302,language,Atlantic-Congo,languages,Map 77 Zambia [46a]; Map 77 Zambia [52]; Map 77 Zambia [53]; Map 78 Democratic Republic of Congo: Katang [17]; Map 78 Democratic Republic of Congo: Katang [8]
kapi1249,Kapingamarangi,,1.039166,154.797223,kapi1249,,2471,language,Austronesian,languages,Map 26 Polynesia [26]; Map 28 Micronesia [22]
kapi1250,Kapin,,-7.05732,146.529,kapi1250,,2470,language,Austronesian,languages,Map 32 Southern Papua New Guinea [220]
kapo1250,Kapori,,-3.52696,139.766,kapo1250,,2476,language,,languages,Map 34 Irian Jaya [89]
kapp1237,Kap,,-3.28761,142.659,kapp1237,,171,language,Austronesian,languages,Map 33 Northern Papua New Guinea [405]
kapr1245,Kapriman,,-4.51011,143.241,kapr1245,,2477,language,Sepik,languages,Map 33 Northern Papua New Guinea [309]
kaqc1270,Kaqchikel,,14.4662,-90.9881,kaqc1270,,2478,language,Mayan,languages,Map 10 Meso-America: Time of Contact [19e]
kara1289,Karankawa,,28.9082,-96.4856,kara1289,,2491,language,,languages,Map 2 South-Eastern North America: Time of Contact [23]
kara1462,Taiga Sayan Turkic,,53.7145,98.3792,kara1462,,5925,language,Turkic,languages,Map 55 Eastern Siberia [4]; Map 56 Western Siberia [6]
kara1465,Karachay-Balkar,,43.565,42.2606,kara1465,,2483,language,Turkic,languages,Map 59 The Caucasus [12]
kara1467,Kara-Kalpak,,39.98005,63.32233,kara1467,,2488,language,Turkic,languages,"Map 53 Iran, Afghanistan and Pakistan [70]; Map 57 Central Asia [13]"
kara1474,Karata-Tukita,,42.6501,46.3151,kara1474,,2496,language,Nakh-Daghestanian,languages,Map 59 The Caucasus [27]
kara1476,Karadjeri,,-18.6771,122.334,kara1476,,2484,language,Pama-Nyungan,languages,Map 35 Australia: Time of Contact [112]
kara1481,Kara (Tanzania),,-1.83511,33.0488,kara1481,,2481,language,Atlantic-Congo,languages,Map 86 Central East Africa [43]
kara1482,Kara (Central African Republic),,9.99526,22.9947,kara1482,,1608,language,Central Sudanic,languages,Map 89 Central African Republic and South-Eastern Chad [74]
kara1483,Karamojong,,2.45157,34.2761,kara1483,,1353 2263 2489 2490,language,Nilotic,languages,Map 72 Sudan and the Horn of Africa [162]; Map 72 Sudan and the Horn of Africa [162a]; Map 86 Central East Africa [70]; Map 86 Central East Africa [71]
kara1486,Kara (Papua New Guinea),,-2.81957,151.111,kara1486,,2480,language,Austronesian,languages,Map 30 New Britain and New Ireland [69]
kara1487,Karao,,16.5655,120.956,kara1487,,2497,language,Austronesian,languages,Map 40 The Philippines [37]
kara1489,Mandaya,,7.50481,126.409,kara1489,,3522,language,Austronesian,languages,Map 40 The Philippines [87]
kara1495,Karawa,,-3.69933,142.018,kara1495,,2498,language,Sepik,languages,Map 33 Northern Papua New Guinea [276]
kara1499,Kalamang,,-3.47037,132.678,kara1499,,2495,language,West Bomberai,languages,Map 34 Irian Jaya [56]
kara1500,Karajá,,-11.1881,-50.3492,kara1500,,2486,language,Nuclear-Macro-Je,languages,Map 18 Brazilian Atlantic Coast: Time of Contact [307a]
kara1506,Kara,,,,kara1506,,2479,language,Unclassifiable,languages,Map 12 Northern South America: Time of Contact [25]
karb1241,Hills Karbi,,25.7317,93.0462,karb1241,,312,language,Sino-Tibetan,languages,"Map 51 North-East India, Bangladesh, Bhutan and Nepal [151]"
kare1335,Karelian,,65.1691,30.8655,kare1335,,2504,language,Uralic,languages,"Map 58 Western Russia, the Baltic States, Belarus, Ukraine and Moldova [18]; Map 64 The Nordic Countries [13]"
kare1338,Kare (Central African Republic),,7.05641,15.2207,kare1338,,1451 5688 6400,language,Atlantic-Congo,languages,"Map 90 Central African Republic, South-Western Chad and Cameroon [11]; Map 90 Central African Republic, South-Western Chad and Cameroon [12a]; Map 90 Central African Republic, South-Western Chad and Cameroon [12b]"
kare1341,Kare (Papua New Guinea),,-5.07674,145.499,kare1341,,2501,language,Nuclear Trans New Guinea,languages,Map 33 Northern Papua New Guinea [79]
kare1348,Karekare,,12.5176,10.8732,kare1348,,2503,language,Afro-Asiatic,languages,Map 100 Northern Nigeria and Niger [2]; Map 98 North-Eastern Nigeria [72]
kari1254,Kariri,,-7.434628,-40.487275,kari1254,,2515,language,,languages,Map 12 Northern South America: Time of Contact [315]
kari1304,Kariyarra,,-20.445,118.613,kari1304,,2519,language,Pama-Nyungan,languages,Map 35 Australia: Time of Contact [131]
kari1306,Kari,,5.03525,25.7491,kari1306,,2507,language,Atlantic-Congo,languages,Map 79 Democratic Republic of Congo: Orienta [17]
kari1312,Karipuna,,-10.0,-65.5,kari1312,,2513,language,Pano-Tacanan,languages,Map 14 Northern Pacific Coast: Time of Contact [232]
kari1316,Kariya,,11.0119,9.63992,kari1316,,2518,language,Afro-Asiatic,languages,"Map 97 North Plateau, Nigeria [79]"
kark1258,Karkar-Yuri,,-3.74954,141.098,kark1258,,6716,language,Pauwasi,languages,Map 33 Northern Papua New Guinea [371]; Map 34 Irian Jaya [175]
kark1259,Karkin,,38.01944,-122.13417,kark1259,,2520,language,Miwok-Costanoan,languages,Map 4 California: Time of Contact [66]
karn1252,Karnai,,-5.74133,147.917,karn1252,,578,language,Austronesian,languages,Map 30 New Britain and New Ireland [32]; Map 33 Northern Papua New Guinea [377]
karo1294,Karon,,12.9918,-16.7382,karo1294,,2526,language,Atlantic-Congo,languages,"Map 108 Senegal, Gambia and Guinea Bissau [10]"
karo1297,Karo (Ethiopia),,5.2101,36.1709,karo1297,,2523,language,South Omotic,languages,Map 72 Sudan and the Horn of Africa [105]
karo1303,Karon Dori,,-0.7871,132.663,karo1303,,2527,language,Maybratic,languages,Map 34 Irian Jaya [113]
karo1304,Karuk,,41.8228,-123.315,karo1304,,2525,language,,languages,Map 4 California: Time of Contact [34]
karo1305,Karo (Brazil),,-10.3342,-61.5691,karo1305,,287,language,Tupian,languages,Map 16 Western Brazil: Time of Contact [375]
kasa1248,Kasanga,,12.4173,-15.9413,kasa1248,,2557,language,Atlantic-Congo,languages,"Map 108 Senegal, Gambia and Guinea Bissau [26]"
kase1253,Kasem,,11.0824,-1.39076,kase1253,,2536,language,Atlantic-Congo,languages,Map 103 Ghana [68]; Map 104 Burkina Faso [43]
kash1277,Kashmiri,,34.166825,74.330455,kash1277,,2547 2548 4926,language,Indo-European,languages,Map 54 North-West India [24]; Map 54 North-West India [25]; Map 54 North-West India [28]
kash1280,Kashaya,,38.5424,-123.08,kash1280,,2542,language,Pomoan,languages,Map 4 California: Time of Contact [57]
kasi1256,Kasiguranin,,16.1881,122.118,kasi1256,,2551,language,Austronesian,languages,Map 40 The Philippines [6]
kask1239,Kaska,,61.0,-130.0,kask1239,,2553,language,Athabaskan-Eyak-Tlingit,languages,Map 7 Northern North America: Time of Contact [28]
kasu1251,Kasua,,-6.64861,142.993,kasu1251,,2556,language,Bosavi,languages,Map 32 Southern Papua New Guinea [87]
kata1270,Katawixi,,-7.25015,-64.8319,kata1270,,2562,language,Katukinan,languages,Map 16 Western Brazil: Time of Contact [142]
katb1237,Avava,,-16.2701,167.484,katb1237,,4175,language,Austronesian,languages,Map 27 Vanuatu and New Caledonia [79]
katc1249,Katcha-Kadugli-Miri,,10.8423,29.4914,katc1249,,2338,language,Kadugli-Krongo,languages,Map 71 North-East Africa [92]; Map 72 Sudan and the Horn of Africa [188]
kate1253,Kâte,,-6.4795,147.757,kate1253,,3094,language,Nuclear Trans New Guinea,languages,Map 32 Southern Papua New Guinea [32]
kath1250,Kathoriya Tharu,,28.5867,80.8931,kath1250,,2565,language,Indo-European,languages,Map 54 North-West India [52b]
kath1251,Thou-Kathu,,24.2,105.1,kath1251,,2566,language,Sino-Tibetan,languages,Map 45 China and Mongolia [102]
kath1253,Kathlamet,,46.197,-123.56,kath1253,,995,language,Chinookan,languages,Map 4 California: Time of Contact [6]
kati1270,Katë,,35.4145,70.9826,kati1270,,603 2567,language,Indo-European,languages,"Map 53 Iran, Afghanistan and Pakistan [60]; Map 53 Iran, Afghanistan and Pakistan [61]"
kato1244,Kato,,39.7002,-123.432,kato1244,,979,language,Athabaskan-Eyak-Tlingit,languages,Map 4 California: Time of Contact [30]
kats1235,Katso,,24.6,102.4,kats1235,,2608,language,Sino-Tibetan,languages,"Map 46 Yunnan Province, China [47]"
kaur1267,Kaurna,,-34.34966141,138.4800794,kaur1267,,2578,language,Pama-Nyungan,languages,Map 35 Australia: Time of Contact [204]
kaur1271,Kaure-Narau,,-3.39188,140.14,kaur1271,,2577,language,Kaure-Kosare,languages,Map 34 Irian Jaya [85]
kava1241,Kavalan,,24.6947,121.645,kava1241,,2580,language,Austronesian,languages,"Map 50 Japan, Korea and Taiwan [7]"
kawa1276,Kawacha,,-6.95411,146.20997,kawa1276,,2586,language,Angan,languages,Map 32 Southern Papua New Guinea [110]
kawa1283,Kawaiisu,,36.0538,-118.679,kawa1283,,2585,language,Uto-Aztecan,languages,Map 4 California: Time of Contact [98]
kawe1240,Kawe,,-0.17313,130.327,kawe1240,,2587,language,Austronesian,languages,Map 34 Irian Jaya [213]; Map 37 The Moluccas [50]
kaxa1239,Kaxararí,,-9.47288,-66.3329,kaxa1239,,2540,language,Pano-Tacanan,languages,Map 14 Northern Pacific Coast: Time of Contact [213]
kaxu1237,Kaxuiâna,,2.17138,-55.9101,kaxu1237,,2549,language,Cariban,languages,Map 12 Northern South America: Time of Contact [390]
kaya1315,Kayan Lahwi,,19.5183,97.4138,kaya1315,,2593,language,Sino-Tibetan,languages,Map 49 Burma (Myanmar) [21]
kaya1319,Kayardild,,-17.0695,139.489,kaya1319,,1717,language,Tangkic,languages,Map 35 Australia: Time of Contact [101]
kaya1324,Kayan Mahakam,,0.91787,114.452,kaya1324,,2594,language,Austronesian,languages,Map 41 Borneo and Madagascar [50]
kaya1325,Kayan River Kayan,,1.78269,115.827,kaya1325,,2595 2596,language,Austronesian,languages,Map 41 Borneo and Madagascar [53]; Map 41 Borneo and Madagascar [68]
kaya1328,Kayagar,,-6.37677,138.932,kaya1328,,2602,language,Kayagaric,languages,Map 34 Irian Jaya [40]
kaya1329,Kayabí,,-11.2747,-55.5479,kaya1329,,2590,language,Tupian,languages,Map 18 Brazilian Atlantic Coast: Time of Contact [352]
kaya1330,Mebengokre,,-7.77352,-51.6737,kaya1330,,2599,language,Nuclear-Macro-Je,languages,Map 18 Brazilian Atlantic Coast: Time of Contact [288]
kaye1241,Kayeli,,-3.39247,127.118,kaye1241,,2601,language,Austronesian,languages,Map 37 The Moluccas [26]
kayt1238,Kaytetye,,-21.5844,133.602,kayt1238,,2604,language,Pama-Nyungan,languages,Map 35 Australia: Time of Contact [210]
kaza1248,Kazakh,,51.17,71.454,kaza1248,,2607,language,Turkic,languages,"Map 45 China and Mongolia [40]; Map 53 Iran, Afghanistan and Pakistan [68]; Map 56 Western Siberia [4]; Map 57 Central Asia [14]; Map 58 Western Russia, the Baltic States, Belarus, Ukraine and Moldova [15]; Map 59 The Caucasus [14]"
kazu1245,Kazukuru,,-8.23886,157.687,kazu1245,,2610,language,Austronesian,languages,Map 29 Solomon Islands and Bougainville [79]
keap1239,Keapara,,-10.1342,147.95,keap1239,,2612,language,Austronesian,languages,Map 31 South-Eastern Papua New Guinea [42]; Map 32 Southern Papua New Guinea [236]
keda1251,Kedah-Perak Malay,,5.933,100.492,keda1251,,4460,language,Austronesian,languages,"Map 48 Southern Thailand, Laos and Vietnam, and Cambodia [13]"
keda1252,Kedang,,-8.23039,123.77,keda1252,,2614,language,Austronesian,languages,Map 38 Lesser Sunda Islands and Timor [34]
keii1239,Kei,,-5.63948,133.02,keii1239,,2616,language,Austronesian,languages,"Map 34 Irian Jaya [232, E]; Map 38 Lesser Sunda Islands and Timor [60, A]"
kein1239,Kein,,-5.3373,145.483,kein1239,,672,language,Nuclear Trans New Guinea,languages,Map 33 Northern Papua New Guinea [77]
keiy1238,Keiyo,,0.510857,35.226745,keiy1238,,2658,language,Nilotic,languages,Map 72 Sudan and the Horn of Africa [151]; Map 86 Central East Africa [87]
kekc1242,Q'eqchi',,15.3788,-89.2452,kekc1242,,5021,language,Mayan,languages,Map 10 Meso-America: Time of Contact [21]
kela1255,Kela (Papua New Guinea),,-7.47103,147.173,kela1255,,2619,language,Austronesian,languages,Map 32 Southern Papua New Guinea [199]
kela1258,Kelabit,,3.31783,115.428,kela1258,,2621,language,Austronesian,languages,Map 41 Borneo and Madagascar [76]
kele1255,Kele-Foma,,0.36906,24.3098,kele1255,,2622,language,Atlantic-Congo,languages,Map 79 Democratic Republic of Congo: Orienta [36]; Map 80 Democratic Republic of Congo: Kivu [2]
kele1257,Kélé,,-0.78854,10.3836,kele1257,,2623,language,Atlantic-Congo,languages,Map 83 Democratic Republic of Congo: Bas Congo and Southern Congo [43]; Map 88 Gabon and Equatorial Guinea [24]
kele1259,Keley-i Kallahan,,16.7099,121.035,kele1259,,2624,language,Austronesian,languages,Map 40 The Philippines [36]
kelo1247,Klon,,-8.40688,124.429,kelo1247,,2626,language,Timor-Alor-Pantar,languages,Map 38 Lesser Sunda Islands and Timor [76]
kema1243,Kemak,,-9.00299,125.159,kema1243,,2628,language,Austronesian,languages,Map 38 Lesser Sunda Islands and Timor [39]
kemb1235,Kemberano,,-2.24495,132.988,kemb1235,,570,language,South Bird's Head,languages,Map 34 Irian Jaya [69]
keme1240,Kemezung,,6.69577,10.4984,keme1240,,2415,language,Atlantic-Congo,languages,Map 95 South-Eastern Nigeria and Mid-Western Cameroon [17]
kemp1234,Kempee,,-2.3,18.0,kemp1234,,3982,language,Atlantic-Congo,languages,Map 81 Democratic Republic of Congo: Kasai [10]
kemt1242,Kemtuik,,-2.64894,140.372,kemt1242,,2631,language,Nimboranic,languages,Map 34 Irian Jaya [158]
kena1236,Kenaboi,,3.154162,102.01596,kena1236,,2632,language,,languages,Map 44 West Malaysia and Singapore [15]
kena1250,Kenati,,-6.74765,145.881,kena1250,,2633,language,Nuclear Trans New Guinea,languages,Map 32 Southern Papua New Guinea [28]
kend1252,Kendem,,5.77429,9.63201,kend1252,,2634,language,Atlantic-Congo,languages,Map 93 Central South-Western Cameroon [29]; Map 95 South-Eastern Nigeria and Mid-Western Cameroon [36]
kend1254,Kendayan-Belangin,,1.47957,109.467,kend1254,,5418,language,Austronesian,languages,Map 41 Borneo and Madagascar [16]
keni1249,Keningau Murut,,5.42272,116.198,keni1249,,2637,language,Austronesian,languages,Map 41 Borneo and Madagascar [87]
kens1248,Kensiu,,5.98085,101.026,kens1248,,2638 3323,language,Austroasiatic,languages,"Map 44 West Malaysia and Singapore [2]; Map 44 West Malaysia and Singapore [3]; Map 48 Southern Thailand, Laos and Vietnam, and Cambodia [23]"
kens1251,Kenswei Nsei,,6.01713,10.412,kens1251,,2460,language,Atlantic-Congo,languages,Map 95 South-Eastern Nigeria and Mid-Western Cameroon [44c]
kenu1236,Kenuzi-Dongola,,21.2837,31.8992,kenu1236,,1377,language,Nubian,languages,Map 71 North-East Africa [74]; Map 72 Sudan and the Horn of Africa [116]
keny1278,Kenyi,,1.1513,33.4791,keny1278,,2641,language,Atlantic-Congo,languages,Map 86 Central East Africa [33]
keny1279,Kenyang,,5.58288,9.55918,keny1279,,480 2639 2640,language,Atlantic-Congo,languages,Map 93 Central South-Western Cameroon [29a]; Map 93 Central South-Western Cameroon [29b]; Map 93 Central South-Western Cameroon [30]
keor1235,Keoru-Ahia,,-7.63603,145.415,keor1235,,2655,language,Eleman,languages,Map 32 Southern Papua New Guinea [180]
kepk1241,Kepkiriwát,,-11.663,-61.246,kepk1241,,2642,language,Tupian,languages,Map 16 Western Brazil: Time of Contact [373]
kepo1237,Kepo',,-8.603241,120.775273,kepo1237,,2643,language,Austronesian,languages,Map 38 Lesser Sunda Islands and Timor [18]
kera1255,Kera,,9.88165,15.1419,kera1255,,2644,language,Afro-Asiatic,languages,"Map 90 Central African Republic, South-Western Chad and Cameroon [56]; Map 94 Northern Cameroon [60]"
kere1283,Kerewe,,-2.09315,33.5326,kere1283,,2647,language,Atlantic-Congo,languages,Map 86 Central East Africa [42]
kere1285,Kereho,,0.64649,113.644,kere1285,,2646,language,Austronesian,languages,Map 41 Borneo and Madagascar [60]
kere1286,Kerewo,,-7.551,144.309,kere1286,,2648,language,Kiwaian,languages,Map 32 Southern Papua New Guinea [160]
kesa1244,Kesawai,,-5.76797,145.58,kesa1244,,2650,language,Nuclear Trans New Guinea,languages,Map 33 Northern Papua New Guinea [36]
kete1252,Kete,,-7.15104,22.9027,kete1252,,2652,language,Atlantic-Congo,languages,Map 78 Democratic Republic of Congo: Katang [25]; Map 81 Democratic Republic of Congo: Kasai [72]
kete1254,Ketengban,,-4.50417,140.443,kete1254,,2653 5452,language,Nuclear Trans New Guinea,languages,Map 34 Irian Jaya [65]; Map 34 Irian Jaya [66]
kett1243,Ket,,63.7551,87.5466,kett1243,,2651,language,Yeniseian,languages,Map 55 Eastern Siberia [28]; Map 56 Western Siberia [23]
khak1248,Khakas,,52.66002,89.67409,khak1248,,2660,language,Turkic,languages,Map 55 Eastern Siberia [6]; Map 56 Western Siberia [8]
khal1275,Khaling,,27.3912,87.5053,khal1275,,2663,language,Sino-Tibetan,languages,"Map 51 North-East India, Bangladesh, Bhutan and Nepal [64]"
kham1281,Khamnigan Mongol,,49.0,117.0,kham1281,,6785,language,Mongolic-Khitan,languages,Map 45 China and Mongolia [51]
kham1282,Khams Tibetan,,31.9313,91.7062,kham1282,,1471 1472 4473 5544 5545 6422,language,Sino-Tibetan,languages,"Map 45 China and Mongolia [87]; Map 45 China and Mongolia [88]; Map 45 China and Mongolia [89]; Map 45 China and Mongolia [90]; Map 46 Yunnan Province, China [25]; Map 46 Yunnan Province, China [26]"
kham1290,Khamti,,27.6653,97.0359,kham1290,,2668,language,Tai-Kadai,languages,"Map 49 Burma (Myanmar) [2]; Map 51 North-East India, Bangladesh, Bhutan and Nepal [215]"
khan1272,Khandesi,,21.3181,74.142,khan1272,,2670,language,Indo-European,languages,Map 52 Southern India and Sri Lanka [11]; Map 54 North-West India [69]
khan1274,Kháng,,21.6624,103.736,khan1274,,2671,language,Austroasiatic,languages,"Map 47 Northern Thailand, Laos and Vietnam [44]"
khan1278,Khana,,4.70908,7.44363,khan1278,,2437,language,Atlantic-Congo,languages,Map 101 South-Western Nigeria [16a]
khao1244,Khao,,21.4543,103.467,khao1244,,2673,language,Bookkeeping,languages,"Map 47 Northern Thailand, Laos and Vietnam [39]"
khar1287,Kharia,,22.3571,84.3922,khar1287,,2676,language,Austroasiatic,languages,"Map 51 North-East India, Bangladesh, Bhutan and Nepal [213]"
khas1269,Khasi,,24.977,91.9998,khas1269,,2677,language,Austroasiatic,languages,"Map 51 North-East India, Bangladesh, Bhutan and Nepal [198]"
khay1238,Khayo,,0.54,34.25,khay1238,,2679,language,Atlantic-Congo,languages,Map 86 Central East Africa [35n]
kheh1237,Khehek,,-2.06626,146.746,kheh1237,,3226,language,Austronesian,languages,Map 30 New Britain and New Ireland [10]
khen1241,Khengkha,,27.0879,90.8633,khen1241,,2680,language,Sino-Tibetan,languages,"Map 51 North-East India, Bangladesh, Bhutan and Nepal [35]"
khia1236,Khiamniungan Naga,,26.20076,95.016799,khia1236,,2694,language,Sino-Tibetan,languages,"Map 49 Burma (Myanmar) [33]; Map 51 North-East India, Bangladesh, Bhutan and Nepal [116]"
khin1240,Khinalug,,41.1801,48.0571,khin1240,,2681,language,Nakh-Daghestanian,languages,Map 59 The Caucasus [48]
khis1238,Khisa,,9.72099,-4.05416,khis1238,,2832,language,Atlantic-Congo,languages,Map 104 Burkina Faso [60]; Map 105 Ivory Coast [48]
khmu1256,Khmu,,20.2463,101.671,khmu1256,,2684 6690,language,Austroasiatic,languages,"Map 47 Northern Thailand, Laos and Vietnam [17]; Map 47 Northern Thailand, Laos and Vietnam [41]"
khor1269,Khorasan Turkic,,36.4438,60.0277,khor1269,,6042 6782,language,Turkic,languages,"Map 53 Iran, Afghanistan and Pakistan [74]"
khow1242,Khowar,,36.0,72.0,khow1242,,2689,language,Indo-European,languages,"Map 53 Iran, Afghanistan and Pakistan [38]"
khua1243,Khua,,17.402,106.021,khua1243,,2691,language,Bookkeeping,languages,"Map 47 Northern Thailand, Laos and Vietnam [47b]"
khum1248,Khumi Chin,,22.87125,92.9894633333,khum1248,,2692,language,Sino-Tibetan,languages,"Map 51 North-East India, Bangladesh, Bhutan and Nepal [152]"
khum1250,Khumi Awa Chin,,20.5226,93.3656,khum1250,,2666,language,Bookkeeping,languages,Map 49 Burma (Myanmar) [51]
khun1259,Khün,,19.6062,99.3363,khun1259,,2696,language,Tai-Kadai,languages,"Map 47 Northern Thailand, Laos and Vietnam [16]; Map 49 Burma (Myanmar) [4]"
khva1239,Khwarshi-Inkhoqwari,,42.2743,45.9977,khva1239,,2693,language,Nakh-Daghestanian,languages,Map 59 The Caucasus [32]
kibe1241,Kibet,,11.32054,20.87674,kibe1241,,2705,language,Maban,languages,Map 89 Central African Republic and South-Eastern Chad [62]
kibi1239,Kibiri,,-7.45276,144.296,kibi1239,,4951,language,,languages,Map 32 Southern Papua New Guinea [163]
kich1262,K'iche',,14.5278,-91.1696,kich1262,,2708,language,Mayan,languages,Map 10 Meso-America: Time of Contact [19a]
kick1244,Kickapoo,,41.655145,-89.03034,kick1244,,2709,language,Algic,languages,Map 1 East Coast and Great Lakes: Time of Contact [16]
kiku1240,Kikuyu,,-0.29005,36.719,kiku1240,,1775 2702 4039 4582,language,Atlantic-Congo,languages,Map 72 Sudan and the Horn of Africa [201]; Map 85 Kenyan Coast [37]; Map 86 Central East Africa [9]; Map 86 Central East Africa [9d]; Map 86 Central East Africa [9e]; Map 86 Central East Africa [9f]
kili1267,Kilivila,,-8.72574,151.072,kili1267,,2714,language,Austronesian,languages,Map 31 South-Eastern Papua New Guinea [45]
kilm1241,Kilmeri,,-2.88607,141.191,kilm1241,,2717,language,Border,languages,Map 33 Northern Papua New Guinea [207]
kima1244,Kimaragang,,6.61982,116.96,kima1244,,2720,language,Austronesian,languages,Map 41 Borneo and Madagascar [101]
kima1246,Kimaama,,-8.01899,138.355,kima1246,,2719,language,Kolopom,languages,Map 34 Irian Jaya [90]
kimb1241,Kimbundu,,-8.97835,14.8893,kimb1241,,825 4195 4313 4396 5186,language,Atlantic-Congo,languages,Map 84 Angola [14]; Map 84 Angola [15]; Map 84 Angola [16]; Map 84 Angola [20]; Map 84 Angola [21]
kimb1242,Kimbu,,-7.23023,33.6445,kimb1242,,2722,language,Atlantic-Congo,languages,Map 76 Southern Tanzania [20]
kimm1246,Kim,,9.79442,15.8936,kimm1246,,2718,language,Atlantic-Congo,languages,"Map 90 Central African Republic, South-Western Chad and Cameroon [19]"
kina1250,Kinaray-a,,10.8131,122.297,kina1250,,2727,language,Austronesian,languages,Map 40 The Philippines [69]
kina1251,Kinalakna,,-6.05862,147.442,kina1251,,2725,language,Nuclear Trans New Guinea,languages,Map 32 Southern Papua New Guinea [40]; Map 33 Northern Papua New Guinea [108]
kinn1249,Kinnauri,,31.3688,78.3148,kinn1249,,2442,language,Sino-Tibetan,languages,Map 54 North-West India [20]
kinu1239,Kinuku,,10.3524,8.1296,kinu1239,,2734,language,Atlantic-Congo,languages,"Map 97 North Plateau, Nigeria [35]"
kiny1244,Kinyarwanda,,-1.56771,29.6441,kiny1244,,5141,language,Atlantic-Congo,languages,Map 79 Democratic Republic of Congo: Orienta [1]; Map 80 Democratic Republic of Congo: Kivu [21]
kion1242,Kiong,,5.20497,8.35234,kion1242,,2735,language,Atlantic-Congo,languages,Map 101 South-Western Nigeria [32a]; Map 93 Central South-Western Cameroon [9]
kiow1264,Kiowa Apache,,34.9077,-98.2461,kiow1264,,2737,language,Athabaskan-Eyak-Tlingit,languages,Map 5 The Great Plains: Time of Contact [36]
kiow1266,Kiowa,,34.9403,-98.9042,kiow1266,,2736,language,Kiowa-Tanoan,languages,Map 5 The Great Plains: Time of Contact [53]
kips1239,Kipsigis,,-0.35774,35.258532,kips1239,,2738,language,Nilotic,languages,Map 86 Central East Africa [84]
kipu1237,Kiput,,4.16535,114.367,kipu1237,,2739 6054,language,Austronesian,languages,"Map 41 Borneo and Madagascar [39]; Map 41 Borneo and Madagascar [73, F]"
kirb1236,Kir-Balar,,10.1456,9.77003,kirb1236,,2740,language,Afro-Asiatic,languages,"Map 97 North Plateau, Nigeria [94]; Map 98 North-Eastern Nigeria [96]"
kire1240,Kire,,-4.25927,144.711,kire1240,,1786,language,Ramu,languages,Map 33 Northern Papua New Guinea [337]
kirg1245,Kirghiz,,42.0,74.0,kirg1245,,2743 3093,language,Turkic,languages,"Map 45 China and Mongolia [39]; Map 53 Iran, Afghanistan and Pakistan [69]; Map 57 Central Asia [17]"
kiri1254,Kirike,,4.41126,6.98938,kiri1254,,4629,language,Ijoid,languages,Map 101 South-Western Nigeria [2a]
kiry1234,Kirya-Konzel,,10.48,13.36,kiry1234,,2744,language,Afro-Asiatic,languages,Map 94 Northern Cameroon [16]
kisa1263,Kisa,,0.1529,34.5708,kisa1263,,2747,language,Atlantic-Congo,languages,Map 86 Central East Africa [35h]
kisa1266,Kisar,,-8.05122,127.18,kisa1266,,2748,language,Austronesian,languages,Map 38 Lesser Sunda Islands and Timor [47]
kisi1243,Kisi,,-9.93,34.4825,kisi1243,,2750,language,Atlantic-Congo,languages,Map 76 Southern Tanzania [45]
kiss1246,Kis,,-3.83909,143.96,kiss1246,,2746,language,Austronesian,languages,Map 33 Northern Papua New Guinea [400]
kist1241,Kistane,,8.33561,38.4763,kist1241,,1806 5480,language,Afro-Asiatic,languages,Map 72 Sudan and the Horn of Africa [35]; Map 72 Sudan and the Horn of Africa [36]
kitj1240,Kitja,,-17.5758,127.392,kitj1240,,1860,language,Jarrakan,languages,Map 35 Australia: Time of Contact [76]; Map 35 Australia: Time of Contact [77]
kits1249,Kitsai,,31.83,-96.5,kits1249,,2755,language,Caddoan,languages,Map 2 South-Eastern North America: Time of Contact [18]
kiza1239,Kizamani,,10.16457,8.26269,kiza1239,,3047,language,Atlantic-Congo,languages,"Map 97 North Plateau, Nigeria [31]"
klam1254,Klamath-Modoc,,42.5861,-121.704,klam1254,,2760,language,,languages,Map 4 California: Time of Contact [11]
klao1243,Klao,,5.05,-8.85,klao1243,,2761,language,Kru,languages,Map 106 Liberia and Sierra Leone [13a]
klia1235,Klias River Kadazan,,5.39453,115.582,klia1235,,2762,language,Austronesian,languages,Map 41 Borneo and Madagascar [100]
koal1240,Koalib-Rere,,11.69648,30.47166,koal1240,,2767,language,Heibanic,languages,Map 71 North-East Africa [95]
koas1236,Koasati,,30.4096,-92.709,koas1236,,2768,language,Muskogean,languages,Map 2 South-Eastern North America: Time of Contact [47]
kobi1241,Kobiana,,13.5269,-14.4527,kobi1241,,2770,language,Atlantic-Congo,languages,"Map 108 Senegal, Gambia and Guinea Bissau [25]"
kobo1248,Kobol,,-4.79614,145.284,kobo1248,,2786,language,Nuclear Trans New Guinea,languages,Map 33 Northern Papua New Guinea [68]
kobo1249,Kobon,,-5.16446,144.46,kobo1249,,2772,language,Nuclear Trans New Guinea,languages,Map 33 Northern Papua New Guinea [50]
koch1247,Kochila Tharu,,26.7251,84.6301,koch1247,,2773,language,Indo-European,languages,"Map 51 North-East India, Bangladesh, Bhutan and Nepal [165e]"
koch1250,Koch,,25.7962,90.2566,koch1250,,6290,language,Sino-Tibetan,languages,"Map 51 North-East India, Bangladesh, Bhutan and Nepal [107]"
koda1236,Koda,,23.234,87.479,koda1236,,2774,language,Austroasiatic,languages,"Map 51 North-East India, Bangladesh, Bhutan and Nepal [207]"
koda1255,Kodava,,12.2443,75.9161,koda1255,,2775,language,Dravidian,languages,Map 52 Southern India and Sri Lanka [30]
kodi1246,Kodia,,5.49671,-6.31915,kodi1246,,3052,language,Kru,languages,Map 105 Ivory Coast [26a]
kodi1247,Kodi,,-9.6373,119.114,kodi1247,,2776,language,Austronesian,languages,Map 38 Lesser Sunda Islands and Timor [5]
koen1239,Koenoem,,9.01129,9.46622,koen1239,,2777,language,Afro-Asiatic,languages,"Map 96 South Plateau, Nigeria [68]"
kofy1242,Pan,,8.79947,9.15279,kofy1242,,860 1355 1908 2279 2781 3065 3810,language,Afro-Asiatic,languages,"Map 96 South Plateau, Nigeria [64]; Map 96 South Plateau, Nigeria [65a]; Map 96 South Plateau, Nigeria [65b]; Map 96 South Plateau, Nigeria [65c]; Map 96 South Plateau, Nigeria [65d]; Map 96 South Plateau, Nigeria [65e]; Map 96 South Plateau, Nigeria [65f]"
koho1244,Koho,,11.6444,108.057,koho1244,,2789,language,Austroasiatic,languages,"Map 48 Southern Thailand, Laos and Vietnam, and Cambodia [70]"
kohu1244,Kohumono,,5.92596,7.96202,kohu1244,,2790,language,Atlantic-Congo,languages,Map 101 South-Western Nigeria [28]
koii1238,Koi,,27.1941,86.8531,koii1238,,2787,language,Sino-Tibetan,languages,"Map 51 North-East India, Bangladesh, Bhutan and Nepal [66]"
koit1244,Koitabu,,-9.36877,147.079,koit1244,,2794,language,Koiarian,languages,Map 32 Southern Papua New Guinea [125]
kokb1239,Kok Borok,,23.1916,91.4673,kokb1239,,2799,language,Sino-Tibetan,languages,"Map 51 North-East India, Bangladesh, Bhutan and Nepal [105]"
koke1240,Koke,,10.6829,18.4121,koke1240,,2800,language,Atlantic-Congo,languages,"Map 89 Central African Republic and South-Eastern Chad [48]; Map 90 Central African Republic, South-Western Chad and Cameroon [7]"
koko1265,Kokoda,,-2.12872,132.449,koko1265,,2558 5752,language,South Bird's Head,languages,Map 34 Irian Jaya [70]; Map 34 Irian Jaya [71]
koko1269,Kokota,,-8.16481,159.191,koko1269,,2804,language,Austronesian,languages,Map 29 Solomon Islands and Bougainville [31]
kola1285,Kola,,-5.48833,134.592,kola1285,,2806,language,Austronesian,languages,Map 34 Irian Jaya [228]
kolc1235,Kol (Cameroon),,3.65994,12.8574,kolc1235,,659,language,Atlantic-Congo,languages,Map 87 Northern Congo and Southern Central African Republic [57e]
koli1253,Kolibugan Subanon,,7.77212,122.567,koli1253,,2812,language,Austronesian,languages,Map 40 The Philippines [93]
kolo1267,Kolom,,-5.57832,146.212,kolo1267,,2817,language,Nuclear Trans New Guinea,languages,Map 33 Northern Papua New Guinea [25]
kolp1236,Kol (Papua New Guinea),,-5.21042,151.583,kolp1236,,2805,language,,languages,Map 30 New Britain and New Ireland [87]
kolu1245,Koluwawa,,-9.42742,150.462,kolu1245,,2400,language,Austronesian,languages,Map 31 South-Eastern Papua New Guinea [31]
koma1266,Koma Ndera,,8.70976,12.7282,koma1266,,2821,language,Atlantic-Congo,languages,Map 91 Adamawa Region [14]; Map 98 North-Eastern Nigeria [25b]
komb1272,Kombio,,-3.48467,142.694,komb1272,,2824,language,Nuclear Torricelli,languages,Map 33 Northern Papua New Guinea [255]
komb1273,Komba,,-6.16163,147.28,komb1273,,2822,language,Nuclear Trans New Guinea,languages,Map 32 Southern Papua New Guinea [42]; Map 33 Northern Papua New Guinea [110]
kome1238,Komering,,-3.79215,105.107,kome1238,,2826,language,Austronesian,languages,Map 43 Sumatra [16]
komi1268,Komi-Zyrian,,64.0527,54.946,komi1268,,2827,language,Uralic,languages,"Map 58 Western Russia, the Baltic States, Belarus, Ukraine and Moldova [25]"
komi1269,Komi-Permyak,,59.6602,54.7959,komi1269,,2828,language,Uralic,languages,"Map 56 Western Siberia [19]; Map 58 Western Russia, the Baltic States, Belarus, Ukraine and Moldova [26]"
komi1270,Kom (India),,24.8688,94.534,komi1270,,2819,language,Sino-Tibetan,languages,"Map 51 North-East India, Bangladesh, Bhutan and Nepal [141]"
komi1271,Kominimung,,-4.68537,144.783,komi1271,,2829,language,Ramu,languages,Map 33 Northern Papua New Guinea [346]
komo1258,Komo (Sudan-Ethiopia),,8.94162,34.0939,komo1258,,2830,language,Koman,languages,Map 72 Sudan and the Horn of Africa [185]
komo1260,Komo (Democratic Republic of Congo),,-0.76333,26.7144,komo1260,,2980,language,Atlantic-Congo,languages,Map 79 Democratic Republic of Congo: Orienta [16]; Map 80 Democratic Republic of Congo: Kivu [11]
komo1261,Komodo,,-8.64518,119.477,komo1261,,2831,language,Austronesian,languages,Map 38 Lesser Sunda Islands and Timor [23]
kona1242,Konai,,-5.66011,142.069,kona1242,,2835,language,East Strickland,languages,Map 32 Southern Papua New Guinea [83]; Map 33 Northern Papua New Guinea [185]
kond1303,Yaben (Konda),,-1.82635,132.06,kond1303,,2836,language,Konda-Yahadian,languages,Map 34 Irian Jaya [77]
kone1241,Koneraw,,-8.37424,138.0675,kone1241,,2839,language,Mombum-Koneraw,languages,Map 34 Irian Jaya [24]
konk1269,Konkomba,,9.82224,0.2783,konk1269,,2846,language,Atlantic-Congo,languages,Map 102 Benin and Togo [56]; Map 103 Ghana [57]; Map 104 Burkina Faso [31]
konn1242,Konni,,10.2368,-1.54376,konn1242,,2848,language,Atlantic-Congo,languages,Map 103 Ghana [55]; Map 104 Burkina Faso [39b]
kono1241,Konomihu,,41.263356,-123.310776,kono1241,,2852,language,Shastan,languages,Map 4 California: Time of Contact [36]
kono1264,Kono (Nigeria),,10.436,8.32193,kono1264,,2850,language,Atlantic-Congo,languages,"Map 97 North Plateau, Nigeria [37]"
kono1265,Konongo-Ruwila,,-6.51503,32.1803,kono1265,,2853,language,Atlantic-Congo,languages,Map 76 Southern Tanzania [22]
kono1267,Kono (Guinea),,7.85002,-8.25793,kono1267,,2788,language,Mande,languages,Map 106 Liberia and Sierra Leone [25]
kono1268,Kono (Sierra Leone),,8.67039,-10.9214,kono1268,,2849,language,Mande,languages,Map 106 Liberia and Sierra Leone [20]
kono1269,Konomala,,-4.16184,152.87,kono1269,,2851,language,Austronesian,languages,Map 30 New Britain and New Ireland [58]
kons1243,Konso,,5.39111,37.53,kons1243,,6490,language,Afro-Asiatic,languages,Map 72 Sudan and the Horn of Africa [54]
kony1248,Konyak Naga,,26.6823,95.0598,kony1248,,2858,language,Sino-Tibetan,languages,"Map 51 North-East India, Bangladesh, Bhutan and Nepal [119]"
kony1250,Konyanka Maninka,,8.04788,-8.89972,kony1250,,2859,language,Mande,languages,Map 106 Liberia and Sierra Leone [18d]
konz1239,Konzo,,0.32395,29.8696,konz1239,,2844 5227,language,Atlantic-Congo,languages,Map 79 Democratic Republic of Congo: Orienta [6]; Map 80 Democratic Republic of Congo: Kivu [40a]; Map 80 Democratic Republic of Congo: Kivu [40c]
koon1244,South-Central Koongo,,-5.57722,14.4771,koon1244,,921 964 3721 5486,language,Atlantic-Congo,languages,Map 83 Democratic Republic of Congo: Bas Congo and Southern Congo [3]; Map 84 Angola [1g]; Map 84 Angola [2]; Map 84 Angola [2a]
koon1245,Koonzime,,3.25933,13.54152,koon1245,,471 2861 4347 4601,language,Atlantic-Congo,languages,Map 87 Northern Congo and Southern Central African Republic [56]; Map 87 Northern Congo and Southern Central African Republic [56a]; Map 87 Northern Congo and Southern Central African Republic [56b]; Map 87 Northern Congo and Southern Central African Republic [56c]
koor1239,Koorete,,5.80545,37.8679,koor1239,,2906,language,Ta-Ne-Omotic,languages,Map 72 Sudan and the Horn of Africa [85]
kopa1248,Kopar,,-3.98259,144.466,kopa1248,,2862,language,Lower Sepik,languages,Map 33 Northern Papua New Guinea [356]
kora1294,Korafe-Yegha,,-9.07,149.267,kora1294,,2865,language,Nuclear Trans New Guinea,languages,Map 31 South-Eastern Papua New Guinea [87]
kora1296,Korak,,-4.5998,145.514,kora1296,,2866,language,Nuclear Trans New Guinea,languages,Map 33 Northern Papua New Guinea [16]
kore1280,Korean,,37.54,126.98,kore1280,,2870,language,Koreanic,languages,"Map 45 China and Mongolia [129]; Map 50 Japan, Korea and Taiwan [24]; Map 55 Eastern Siberia [30]"
kore1283,Koreguaje,,0.92316,-75.3475,kore1283,,2871,language,Tucanoan,languages,Map 12 Northern South America: Time of Contact [148]
kork1243,Korku,,21.8358,77.5541,kork1243,,2874,language,Austroasiatic,languages,Map 54 North-West India [77]
koro1298,Koromfé,,14.046,-1.96187,koro1298,,3015,language,Atlantic-Congo,languages,Map 104 Burkina Faso [40b]
koro1304,Korop,,5.16206,8.80859,koro1304,,2879,language,Atlantic-Congo,languages,Map 93 Central South-Western Cameroon [7]
koro1308,Koro-Olrat,,-14.2943,167.467,koro1308,,2876,language,Austronesian,languages,Map 27 Vanuatu and New Caledonia [12]
koro1310,Koronadal Blaan,,6.20529,125.007,koro1310,,2878,language,Austronesian,languages,Map 40 The Philippines [121]
koru1245,Korupun-Sela,,-4.53497,139.678,koru1245,,2868,language,Nuclear Trans New Guinea,languages,Map 34 Irian Jaya [62]
korw1242,Korwa,,23.4102,83.8142,korw1242,,2881,language,Austroasiatic,languages,"Map 51 North-East India, Bangladesh, Bhutan and Nepal [206]"
kory1246,Koryak,,63.8977,166.695,kory1246,,2882,language,Chukotko-Kamchatkan,languages,Map 55 Eastern Siberia [23]
kosa1249,Kosarek Yale,,-4.06603,139.645,kosa1249,,2884 2885,language,Nuclear Trans New Guinea,languages,Map 34 Irian Jaya [59]; Map 34 Irian Jaya [87]
kosh1246,Koshin,,6.5817,10.299,kosh1246,,2886,language,Atlantic-Congo,languages,Map 95 South-Eastern Nigeria and Mid-Western Cameroon [23]
kosr1238,Kosraean,,5.31,162.98,kosr1238,,2888,language,Austronesian,languages,Map 28 Micronesia [16]
kota1274,Kota (Gabon),,1.016,13.97,kota1274,,2889,language,Atlantic-Congo,languages,Map 81 Democratic Republic of Congo: Kasai [22]; Map 83 Democratic Republic of Congo: Bas Congo and Southern Congo [46]; Map 87 Northern Congo and Southern Central African Republic [63]; Map 88 Gabon and Equatorial Guinea [28]
koti1238,Koti,,-16.4823,39.7602,koti1238,,2891,language,Atlantic-Congo,languages,Map 75 Mozambique [15]
kouy1238,Kouya,,7.27375,-6.5685,kouy1238,,3044,language,Kru,languages,Map 105 Ivory Coast [24a]
kova1243,Kovai,,-5.61712,147.862,kova1243,,2900,language,Nuclear Trans New Guinea,languages,"Map 30 New Britain and New Ireland [89, D]; Map 33 Northern Papua New Guinea [113]"
kowa1245,Kowaki,,-4.63032,145.412,kowa1245,,2902,language,Nuclear Trans New Guinea,languages,Map 33 Northern Papua New Guinea [63]
kowi1239,Kowiai,,-4.21954,133.468,kowi1239,,2363,language,Austronesian,languages,Map 34 Irian Jaya [214]
koya1251,Koya,,17.6772,81.2096,koya1251,,2903,language,Dravidian,languages,Map 52 Southern India and Sri Lanka [26]
koyo1242,Koyo,,-0.69688,15.7508,koyo1242,,2905,language,Atlantic-Congo,languages,Map 81 Democratic Republic of Congo: Kasai [17]; Map 83 Democratic Republic of Congo: Bas Congo and Southern Congo [37]
koyr1240,Koyra Chiini Songhay,,16.192,-3.73962,koyr1240,,2908,language,Songhay,languages,Map 104 Burkina Faso [1a]
koyr1242,Koyraboro Senni Songhai,,16.9634,-0.55187,koyr1242,,2907 5496,language,Songhay,languages,Map 104 Burkina Faso [1]; Map 104 Burkina Faso [1b]; Map 73 North-West Africa [80]
koyu1237,Koyukon,,65.6093,-154.229,koyu1237,,2909,language,Athabaskan-Eyak-Tlingit,languages,Map 7 Northern North America: Time of Contact [16]
kpan1246,Kpan,,7.58343,10.1642,kpan1246,,2912,language,Atlantic-Congo,languages,Map 95 South-Eastern Nigeria and Mid-Western Cameroon [82a]
kpas1242,Kpasam,,8.75286,11.231,kpas1242,,2913,language,Atlantic-Congo,languages,Map 98 North-Eastern Nigeria [34]
kpat1244,Kpatili,,5.17203,21.8594,kpat1244,,2914,language,Bookkeeping,languages,Map 82 Democratic Republic of Congo: Equate [71]; Map 89 Central African Republic and South-Eastern Chad [6]
krac1238,Krache,,7.93475,0.01925,krac1238,,2916,language,Atlantic-Congo,languages,Map 102 Benin and Togo [22]; Map 103 Ghana [14]
kren1239,Borum,,-18.9988,-41.2299,kren1239,,1895 2918 4122,language,Nuclear-Macro-Je,languages,Map 18 Brazilian Atlantic Coast: Time of Contact [281]; Map 18 Brazilian Atlantic Coast: Time of Contact [282]; Map 18 Brazilian Atlantic Coast: Time of Contact [283]
kris1246,I'saka,,-2.80084,141.303,kris1246,,2922,language,Sko,languages,Map 33 Northern Papua New Guinea [195]
krob1245,Krobu,,5.86161,-4.47739,krob1245,,2924,language,Atlantic-Congo,languages,Map 105 Ivory Coast [12]
kron1241,Krongo,,10.514,30.003,kron1241,,2923,language,Kadugli-Krongo,languages,Map 71 North-East Africa [93]
kryt1240,Kryz,,41.1811,48.1846,kryt1240,,2925,language,Nakh-Daghestanian,languages,Map 59 The Caucasus [43]
kuan1247,Kuanyama,,-17.7176,16.58,kuan1247,,1568 1578 3070,language,Atlantic-Congo,languages,Map 84 Angola [36a]; Map 84 Angola [36e]; Map 84 Angola [36g]
kuan1248,Kuanua,,-4.30986,152.114,kuan1248,,5932,language,Austronesian,languages,Map 30 New Britain and New Ireland [57]
kube1244,Kulungtfu-Yuanggeng-Tobo,,-6.42586,147.536,kube1244,,2929 5921,language,Nuclear Trans New Guinea,languages,Map 32 Southern Papua New Guinea [35]; Map 32 Southern Papua New Guinea [45]
kubi1239,Kubi,,10.6274,10.2746,kubi1239,,2932,language,Afro-Asiatic,languages,"Map 97 North Plateau, Nigeria [70]; Map 98 North-Eastern Nigeria [74]"
kuco1235,Kucong,,22.26,101.25,kuco1235,,2537 2934,language,Sino-Tibetan,languages,"Map 46 Yunnan Province, China [63]"
kudu1241,Kudu-Camo,,11.0819,9.07725,kudu1241,,2935,language,Atlantic-Congo,languages,"Map 97 North Plateau, Nigeria [29]"
kuga1239,Gengle-Kugama,,8.91972,12.12947,kuga1239,,2938,language,Atlantic-Congo,languages,Map 98 North-Eastern Nigeria [35]
kugb1241,Kugbo,,4.72951,6.56333,kugb1241,,2939,language,Atlantic-Congo,languages,Map 101 South-Western Nigeria [9]
kuii1252,Kui (India),,19.2043,83.5859,kuii1252,,2946,language,Dravidian,languages,"Map 51 North-East India, Bangladesh, Bhutan and Nepal [193]"
kuii1253,Kui (Indonesia),,-8.38204,124.791,kuii1253,,2741 2945,language,Timor-Alor-Pantar,languages,Map 38 Lesser Sunda Islands and Timor [71]; Map 38 Lesser Sunda Islands and Timor [73]
kuij1237,Kuijau,,5.47179,116.108,kuij1237,,2947,language,Austronesian,languages,Map 41 Borneo and Madagascar [94]
kuke1242,Kukele,,6.70286,8.39343,kuke1242,,21,language,Atlantic-Congo,languages,Map 95 South-Eastern Nigeria and Mid-Western Cameroon [78a]
kuku1273,Kuku-Yalanji,,-16.0036,145.188,kuku1273,,2955,language,Pama-Nyungan,languages,Map 35 Australia: Time of Contact [295]
kuku1285,Kuku,,3.9613,31.537,kuku1285,,2953,language,Nilotic,languages,Map 79 Democratic Republic of Congo: Orienta [71]; Map 86 Central East Africa [67a]
kule1247,Kulere,,9.18,8.85,kule1247,,2960,language,Afro-Asiatic,languages,"Map 96 South Plateau, Nigeria [78]"
kuli1255,Kulina Pano,,-6.17715,-72.0438,kuli1255,,2964,language,Pano-Tacanan,languages,Map 14 Northern Pacific Coast: Time of Contact [214]
kull1236,Kullu Pahari,,31.8339,77.3772,kull1236,,2967,language,Indo-European,languages,Map 54 North-West India [39]
kulo1237,Pazeh-Kahabu,,23.7562,120.976,kulo1237,,4831,language,Austronesian,languages,"Map 50 Japan, Korea and Taiwan [18]"
kulu1253,Kulung (Nepal),,27.1606,87.5717,kulu1253,,1155 2969 5511,language,Sino-Tibetan,languages,"Map 51 North-East India, Bangladesh, Bhutan and Nepal [67]; Map 51 North-East India, Bangladesh, Bhutan and Nepal [69]; Map 51 North-East India, Bangladesh, Bhutan and Nepal [78]"
kulu1255,Kulung (Nigeria),,9.20815,11.04651,kulu1255,,2970,language,Atlantic-Congo,languages,"Map 96 South Plateau, Nigeria [46]; Map 98 North-Eastern Nigeria [42]"
kuma1273,Kumaoni,,29.5622,80.0171,kuma1273,,2974,language,Indo-European,languages,"Map 51 North-East India, Bangladesh, Bhutan and Nepal [158]; Map 54 North-West India [49]"
kuma1275,Kumam,,1.74748,33.2116,kuma1275,,2973,language,Nilotic,languages,Map 72 Sudan and the Horn of Africa [172]; Map 86 Central East Africa [64]
kuma1276,Nêlêmwa-Nixumwak,,-20.4035,164.193,kuma1276,,2972,language,Austronesian,languages,Map 27 Vanuatu and New Caledonia [110]
kumb1238,Kumba,,8.82122,12.04155,kumb1238,,2975,language,Atlantic-Congo,languages,Map 98 North-Eastern Nigeria [29]
kumb1268,Kumbainggar,,-29.8189,152.913,kumb1268,,4259,language,Pama-Nyungan,languages,Map 35 Australia: Time of Contact [413]; Map 35 Australia: Time of Contact [414]
kumi1248,Tipai,,32.331,-116.604,kumi1248,,2976 5894,language,Cochimi-Yuman,languages,Map 3 South-Western North America: Time of Contact [53]; Map 3 South-Western North America: Time of Contact [54]
kumu1247,Kumukio,,-6.03128,147.411,kumu1247,,2979,language,Nuclear Trans New Guinea,languages,Map 32 Southern Papua New Guinea [41]; Map 33 Northern Papua New Guinea [109]
kumy1244,Kumyk,,43.0,47.0,kumy1244,,2982,language,Turkic,languages,Map 59 The Caucasus [11]
kumz1235,Kumzari,,26.1602,56.4202,kumz1235,,2983,language,Indo-European,languages,"Map 53 Iran, Afghanistan and Pakistan [6]; Map 70 The Middle East and Arabian Peninsula [109]"
kuna1268,Kunama,,14.5879,37.5292,kuna1268,,2987,language,,languages,Map 72 Sudan and the Horn of Africa [183]
kunb1251,Kunbarlang,,-11.9133,133.723,kunb1251,,2988,language,Gunwinyguan,languages,Map 35 Australia: Time of Contact [53]
kund1255,Chikunda,,-15.7337,30.2804,kund1255,,17,language,Atlantic-Congo,languages,Map 77 Zambia [21]
kung1259,Kungarakany,,-12.7,130.881,kung1259,,1868,language,,languages,Map 35 Australia: Time of Contact [4]
kung1261,North-Central Ju,,-21.92,18.0,kung1261,,3,language,Kxa,languages,Map 74 Southern Africa [59]
kuni1263,Kuni,,-8.66368,146.874,kuni1263,,2993,language,Austronesian,languages,Map 32 Southern Papua New Guinea [230]
kuni1265,Kuni-Boazi,,-6.97504,141.365,kuni1265,,775,language,Anim,languages,Map 32 Southern Papua New Guinea [102]; Map 34 Irian Jaya [34]
kuni1267,Kunimaipa,,-8.09371,146.908,kuni1267,,2994,language,Kunimaipan,languages,Map 32 Southern Papua New Guinea [122]
kunj1246,Kánchá,,-8.92289,141.424,kunj1246,,3327,language,Yam,languages,Map 32 Southern Papua New Guinea [186]
kuny1238,Kunyi,,-3.69702,12.5197,kuny1238,,2997 4569 4597 6526,language,Atlantic-Congo,languages,Map 83 Democratic Republic of Congo: Bas Congo and Southern Congo [15]; Map 83 Democratic Republic of Congo: Bas Congo and Southern Congo [15c]; Map 83 Democratic Republic of Congo: Bas Congo and Southern Congo [28d]; Map 83 Democratic Republic of Congo: Bas Congo and Southern Congo [4]; Map 88 Gabon and Equatorial Guinea [56]
kunz1244,Kunza,,-23.0,-69.0,kunz1244,,2996,language,,languages,Map 12 Northern South America: Time of Contact [11]
kuoo1238,Kuo,,7.97771,15.4843,kuoo1238,,2998,language,Atlantic-Congo,languages,"Map 90 Central African Republic, South-Western Chad and Cameroon [16]; Map 91 Adamawa Region [30]"
kuot1243,Kuot,,-3.06952,151.537,kuot1243,,2999,language,,languages,Map 30 New Britain and New Ireland [88]
kups1238,Kupsabiny,,1.33197,34.5991,kups1238,,5230,language,Nilotic,languages,Map 72 Sudan and the Horn of Africa [152]; Map 86 Central East Africa [78]
kura1249,Kurama,,10.4766,7.93507,kura1249,,3002,language,Atlantic-Congo,languages,"Map 96 South Plateau, Nigeria [1]; Map 97 North Plateau, Nigeria [33]"
kura1250,Kuranko,,9.49325,-10.6122,kura1250,,3003,language,Mande,languages,Map 106 Liberia and Sierra Leone [19]; Map 107 Guinea and Mali [23]
kuri1259,Kuria,,-1.50636,34.5049,kuri1259,,3006,language,Atlantic-Congo,languages,Map 86 Central East Africa [51]
kuri1260,Nabi,,-2.80683,134.098,kuri1260,,4100,language,Austronesian,languages,Map 34 Irian Jaya [190]
kurt1248,Kurtokha,,27.5365,90.9822,kurt1248,,3011,language,Sino-Tibetan,languages,"Map 51 North-East India, Bangladesh, Bhutan and Nepal [34]"
kuru1301,Kurukh,,24.46442,86.46568,kuru1301,,1303 3017,language,Dravidian,languages,"Map 51 North-East India, Bangladesh, Bhutan and Nepal [186a]; Map 51 North-East India, Bangladesh, Bhutan and Nepal [186b]"
kuru1305,Kurudu,,-1.8444,137.018,kuru1305,,3014,language,Austronesian,languages,Map 34 Irian Jaya [183]
kuru1309,Kuruáya,,-7.30696,-55.17252,kuru1309,,3012,language,Tupian,languages,Map 18 Brazilian Atlantic Coast: Time of Contact [362]
kusa1250,Kusaal,,10.9703,-0.38756,kusa1250,,3019,language,Atlantic-Congo,languages,Map 102 Benin and Togo [69]; Map 103 Ghana [47]; Map 104 Burkina Faso [22]
kusa1251,Kusaghe-Njela,,-8.04056,157.463,kusa1251,,3020,language,Austronesian,languages,Map 29 Solomon Islands and Bougainville [25]
kush1236,Kushi,,9.40731,10.9396,kush1236,,3021,language,Afro-Asiatic,languages,Map 98 North-Eastern Nigeria [69]
kusu1252,Kusu,,-3.61459,25.2923,kusu1252,,3018,language,Atlantic-Congo,languages,Map 80 Democratic Republic of Congo: Kivu [71e]
kuta1241,Kutang Ghale,,28.3808,84.93,kuta1241,,3022,language,Sino-Tibetan,languages,"Map 51 North-East India, Bangladesh, Bhutan and Nepal [9]"
kute1248,Kutep,,7.07479,10.0916,kute1248,,3026,language,Atlantic-Congo,languages,Map 95 South-Eastern Nigeria and Mid-Western Cameroon [84]
kute1249,Kutenai,,48.7892,-115.065,kute1249,,2860,language,,languages,Map 6 North-Western Pacific America: Time of Contact [59]
kutt1236,Kutto,,10.7074,11.4953,kutt1236,,3000,language,Afro-Asiatic,languages,Map 100 Northern Nigeria and Niger [7]; Map 98 North-Eastern Nigeria [70]
kutu1262,Kuturmi,,10.1485,7.96524,kutu1262,,3031,language,Atlantic-Congo,languages,"Map 96 South Plateau, Nigeria [9]; Map 97 North Plateau, Nigeria [2]"
kutu1263,Kutu,,-7.23789,37.8623,kutu1263,,3030,language,Atlantic-Congo,languages,Map 76 Southern Tanzania [10]
kuva1244,Kuvale,,-15.3065,12.7148,kuva1244,,3037,language,Atlantic-Congo,languages,Map 84 Angola [31]
kuvi1243,Kuvi,,18.8832,83.7552,kuvi1243,,3038,language,Dravidian,languages,"Map 51 North-East India, Bangladesh, Bhutan and Nepal [194]"
kuwa1246,Kuwaataay,,12.48255,-16.74835,kuwa1246,,3050,language,Atlantic-Congo,languages,"Map 108 Senegal, Gambia and Guinea Bissau [11]"
kuwa1247,Kuwaa,,7.54885,-9.9765,kuwa1247,,3039,language,Kru,languages,Map 106 Liberia and Sierra Leone [17]
kuyu1236,Kuyubi,,-11.75,-64.0,kuyu1236,,49,language,Chapacuran,languages,Map 16 Western Brazil: Time of Contact [60]
kuyy1240,Kuy,,14.6698,104.911,kuyy1240,,3043,language,Austroasiatic,languages,"Map 47 Northern Thailand, Laos and Vietnam [45]; Map 48 Southern Thailand, Laos and Vietnam, and Cambodia [36]"
kwaa1262,Baa,,9.42222,11.4439,kwaa1262,,3048,language,Atlantic-Congo,languages,Map 98 North-Eastern Nigeria [37]
kwaa1265,Kwa',,4.88273,10.3453,kwaa1265,,3049,language,Atlantic-Congo,languages,Map 93 Central South-Western Cameroon [65]
kwaa1269,Kwaami,,10.4141,11.0192,kwaa1269,,3063,language,Afro-Asiatic,languages,Map 100 Northern Nigeria and Niger [6]; Map 98 North-Eastern Nigeria [79]
kwad1244,Kwadi,,-15.8745,12.1147,kwad1244,,3051,language,Khoe-Kwadi,languages,Map 84 Angola [51]
kwai1243,Kwaio,,-8.93744,160.965,kwai1243,,3053,language,Austronesian,languages,Map 29 Solomon Islands and Bougainville [48]
kwak1266,Kwakum,,4.34393,13.6446,kwak1266,,477 641 3055,language,Atlantic-Congo,languages,Map 87 Northern Congo and Southern Central African Republic [47]; Map 87 Northern Congo and Southern Central African Republic [49]; Map 87 Northern Congo and Southern Central African Republic [50]; Map 91 Adamawa Region [56]
kwak1269,Kwak'wala,,50.9269,-127.308,kwak1269,,3054,language,Wakashan,languages,Map 6 North-Western Pacific America: Time of Contact [42]
kwal1258,Kwalhioqua-Clatskanie,,46.111979,-123.209332,kwal1258,,1178 3057,language,Athabaskan-Eyak-Tlingit,languages,Map 4 California: Time of Contact [22]; Map 6 North-Western Pacific America: Time of Contact [11]
kwam1249,Gwama,,9.50836,34.2457,kwam1249,,3059,language,Koman,languages,Map 72 Sudan and the Horn of Africa [186]
kwam1250,Kwami,,-1.53712,27.4633,kwam1250,,3061,language,Atlantic-Congo,languages,Map 80 Democratic Republic of Congo: Kivu [16]
kwam1251,Kwambi,,-18.0339,15.7294,kwam1251,,3060,language,Atlantic-Congo,languages,Map 84 Angola [36k]
kwam1252,Kwamera,,-19.5954,169.442,kwam1252,,3062,language,Austronesian,languages,Map 27 Vanuatu and New Caledonia [103]
kwan1273,Kwangali,,-17.9026,19.256,kwan1273,,2581 3066,language,Atlantic-Congo,languages,Map 74 Southern Africa [8]; Map 84 Angola [39]
kwan1278,Kwanga,,-3.74263,142.711,kwan1278,,3064,language,Sepik,languages,Map 33 Northern Papua New Guinea [288]
kwan1285,Kwang,,10.1181,16.5129,kwan1285,,2926,language,Afro-Asiatic,languages,"Map 90 Central African Republic, South-Western Chad and Cameroon [55]"
kwar1239,Kwara'ae,,-8.75779,160.804,kwar1239,,3072,language,Austronesian,languages,Map 29 Solomon Islands and Bougainville [46]
kwas1243,Kwasio,,2.39354,10.0812,kwas1243,,894 3075 3387 3393 4074,language,Atlantic-Congo,languages,Map 87 Northern Congo and Southern Central African Republic [60]; Map 88 Gabon and Equatorial Guinea [35]; Map 88 Gabon and Equatorial Guinea [37]; Map 88 Gabon and Equatorial Guinea [38]; Map 88 Gabon and Equatorial Guinea [40]; Map 92 South-Western Cameroon [31]; Map 92 South-Western Cameroon [31a]; Map 92 South-Western Cameroon [31b]; Map 92 South-Western Cameroon [33]
kwat1244,Kwato,,-5.53799,145.629,kwat1244,,3076,language,Nuclear Trans New Guinea,languages,Map 33 Northern Papua New Guinea [32]
kway1241,Kwaya,,-1.80737,33.71,kway1241,,3077,language,Atlantic-Congo,languages,Map 86 Central East Africa [45]
kwer1261,Kwere,,-6.50666,38.4449,kwer1261,,4093,language,Atlantic-Congo,languages,Map 76 Southern Tanzania [7]; Map 85 Kenyan Coast [18]
kwer1264,Kwerisa,,-2.99145,138.135,kwer1264,,5736,language,Lakes Plain,languages,Map 34 Irian Jaya [141]
kwes1244,Kwese,,-5.60445,18.5759,kwes1244,,3083,language,Atlantic-Congo,languages,Map 81 Democratic Republic of Congo: Kasai [66]
kwes1245,Kwesten,,-2.03622,138.853,kwes1245,,3081,language,Tor-Orya,languages,Map 34 Irian Jaya [148]
kwom1262,Kwoma,,-4.08721,142.664,kwom1262,,3089,language,Sepik,languages,Map 33 Northern Papua New Guinea [287]
kxoe1243,Kxoe,,-16.59051,22.599835,kxoe1243,,886 3091,language,Khoe-Kwadi,languages,Map 74 Southern Africa [54]; Map 74 Southern Africa [55]; Map 77 Zambia [77]
kyen1243,Kyenele,,-4.66964,143.855,kyen1243,,3871,language,Yuat,languages,Map 33 Northern Papua New Guinea [362]
laar1238,Laari,,-4.25,14.9,laar1238,,3096,language,Atlantic-Congo,languages,Map 83 Democratic Republic of Congo: Bas Congo and Southern Congo [12]
labi1244,La'bi,,7.85817,15.2895,labi1244,,3097,language,Speech Register,languages,"Map 90 Central African Republic, South-Western Chad and Cameroon [9a]"
labo1244,Ninde,,-16.4291,167.442,labo1244,,4375,language,Austronesian,languages,Map 27 Vanuatu and New Caledonia [65]
labu1248,Labu,,-6.75,146.903,labu1248,,3098,language,Austronesian,languages,Map 32 Southern Papua New Guinea [200]
labu1249,Labuk-Kinabatangan Kadazan,,5.51924,117.507,labu1249,,1470,language,Austronesian,languages,Map 41 Borneo and Madagascar [99]
lach1248,Lachi,,22.8549,104.776,lach1248,,3099,language,Tai-Kadai,languages,"Map 47 Northern Thailand, Laos and Vietnam [7]"
lada1244,Leh Ladakhi,,34.14649,77.56261,lada1244,,3100,language,Sino-Tibetan,languages,Map 54 North-West India [1]
ladi1250,Ladin,,46.60651,11.89498,ladi1250,,3101,language,Indo-European,languages,"Map 65 Germany, Austria, Liechtenstein and Switzerland [11]; Map 67 Italy, Corsica, Sardinia, Sicily and Malta [7]"
laek1243,Laeko-Libuat,,-3.69618,142.237,laek1243,,3103,language,Nuclear Torricelli,languages,Map 33 Northern Papua New Guinea [246]
lagh1245,Laghuu,,22.2674,103.929,lagh1245,,3107,language,Sino-Tibetan,languages,"Map 47 Northern Thailand, Laos and Vietnam [100]"
lagh1246,Laghu,,-8.00509,158.961,lagh1246,,3106,language,Austronesian,languages,Map 29 Solomon Islands and Bougainville [30]
lagw1237,Lagwan,,11.5592,14.9884,lagw1237,,3109,language,Afro-Asiatic,languages,"Map 90 Central African Republic, South-Western Chad and Cameroon [70b]; Map 94 Northern Cameroon [56a]; Map 99 Lake Chad Region [10]"
laha1250,Laha (Viet Nam),,21.55149,103.86379,laha1250,,3110,language,Tai-Kadai,languages,"Map 47 Northern Thailand, Laos and Vietnam [5]"
laha1253,Lahanan,,2.72734,113.947,laha1253,,3111,language,Austronesian,languages,Map 41 Borneo and Madagascar [34]
lahu1253,Lahu,,21.2701,100.214,lahu1253,,3112 3113 5681,language,Sino-Tibetan,languages,"Map 46 Yunnan Province, China [62]; Map 47 Northern Thailand, Laos and Vietnam [87]; Map 49 Burma (Myanmar) [66]"
laiy1246,Laiyolo,,-6.45512,120.483,laiy1246,,3186,language,Austronesian,languages,Map 39 Sulawesi [59]
laka1254,Laka (Chad),,7.78997,16.0193,laka1254,,3119,language,Central Sudanic,languages,"Map 90 Central African Republic, South-Western Chad and Cameroon [41a]; Map 91 Adamawa Region [32]"
laka1255,Lakalei,,-8.86372,125.716,laka1255,,3123,language,Austronesian,languages,Map 38 Lesser Sunda Islands and Timor [44]
lake1258,Lake Miwok,,39.0021,-122.621,lake1258,,3125,language,Miwok-Costanoan,languages,Map 4 California: Time of Contact [59]
lakk1238,Lakkia,,24.1169,110.106,lakk1238,,3117,language,Tai-Kadai,languages,Map 45 China and Mongolia [62]
lakk1252,Lak,,42.1328,47.0809,lakk1252,,3118,language,Nakh-Daghestanian,languages,Map 59 The Caucasus [37]
lako1244,Lakota Dida,,5.86012,-5.40633,lako1244,,1322 3127 6194,language,Kru,languages,Map 105 Ivory Coast [22]; Map 105 Ivory Coast [23a]; Map 105 Ivory Coast [23b]
lako1245,Lakon,,-14.29899,167.429382,lako1245,,3126,language,Austronesian,languages,Map 27 Vanuatu and New Caledonia [14]
lako1247,Lakota,,46.3699,-103.95,lako1247,,5830,language,Siouan,languages,Map 5 The Great Plains: Time of Contact [19]
lala1261,Lala-Roba,,9.89429,12.169,lala1261,,5092,language,Atlantic-Congo,languages,Map 98 North-Eastern Nigeria [13]
lala1264,Lala-Bisa,,-12.945,30.2297,lala1264,,201 754 3129 3336 5629,language,Atlantic-Congo,languages,Map 75 Mozambique [34]; Map 75 Mozambique [35]; Map 76 Southern Tanzania [68]; Map 77 Zambia [34]; Map 77 Zambia [35]; Map 77 Zambia [36]; Map 77 Zambia [37]; Map 77 Zambia [39]
lala1268,Lala,,-8.93195,146.749,lala1268,,3128,language,Austronesian,languages,Map 32 Southern Papua New Guinea [232]
lama1275,Lama (Togo),,8.66954,0.833293,lama1275,,3138,language,Atlantic-Congo,languages,Map 102 Benin and Togo [45]; Map 103 Ghana [66]; Map 104 Burkina Faso [46]
lama1277,Lamaholot,,-8.36439,122.803,lama1277,,3135,language,Austronesian,languages,Map 38 Lesser Sunda Islands and Timor [33]
lama1288,Lamang,,11.0243,13.7362,lama1288,,3136 3137,language,Afro-Asiatic,languages,Map 94 Northern Cameroon [25a]; Map 94 Northern Cameroon [25b]
lamb1271,Lamba,,-12.3366,27.9026,lamb1271,,3139 3253,language,Atlantic-Congo,languages,Map 77 Zambia [40]; Map 77 Zambia [41]
lamb1272,Lambya,,-9.49372,33.15852,lamb1272,,3142,language,Atlantic-Congo,languages,Map 75 Mozambique [41]; Map 76 Southern Tanzania [66]; Map 77 Zambia [44]
lamb1273,Lamboya,,-9.70434,119.344,lamb1273,,3140,language,Austronesian,languages,Map 38 Lesser Sunda Islands and Timor [7]
lamb1276,Lambayeque Quechua,,-6.1715,-79.468,lamb1276,,2706,language,Quechuan,languages,Map 14 Northern Pacific Coast: Time of Contact [205]
lame1256,Lamet,,20.40086,100.58413,lame1256,,3145,language,Austroasiatic,languages,"Map 47 Northern Thailand, Laos and Vietnam [35]"
lame1257,Lame,,10.7229,8.78768,lame1257,,3144,language,Atlantic-Congo,languages,"Map 97 North Plateau, Nigeria [52]"
lamj1245,Lamja-Dengsa-Tola,,8.63772,12.1644,lamj1245,,3147,language,Atlantic-Congo,languages,Map 91 Adamawa Region [46]; Map 98 North-Eastern Nigeria [52]
lamm1241,Western Pantar,,-8.52787,124.057,lamm1241,,3148,language,Timor-Alor-Pantar,languages,Map 38 Lesser Sunda Islands and Timor [81]
lamn1239,Lamnso',,6.39743,11.0684,lamn1239,,3149,language,Atlantic-Congo,languages,Map 93 Central South-Western Cameroon [41]; Map 95 South-Eastern Nigeria and Mid-Western Cameroon [43]
lamo1244,Lamogai,,-5.87071,149.321,lamo1244,,3150 4978 5054,language,Austronesian,languages,Map 30 New Britain and New Ireland [35]; Map 30 New Britain and New Ireland [36]; Map 30 New Britain and New Ireland [37]
lamu1257,Lamu,,25.8,100.15,lamu1257,,3152,language,Sino-Tibetan,languages,"Map 46 Yunnan Province, China [65]"
lana1236,Lanas Lobu,,5.39196,116.577,lana1236,,3281,language,Austronesian,languages,Map 41 Borneo and Madagascar [113]
land1256,Landoma,,10.8753,-14.0895,land1256,,3153 6068,language,Atlantic-Congo,languages,Map 107 Guinea and Mali [14]; Map 107 Guinea and Mali [15]
lang1320,Langi,,-4.71413,35.9517,lang1320,,5045,language,Atlantic-Congo,languages,Map 76 Southern Tanzania [17]; Map 86 Central East Africa [22]
lang1324,Lango (Uganda),,2.13867,33.0553,lang1324,,3160,language,Nilotic,languages,Map 72 Sudan and the Horn of Africa [171]; Map 86 Central East Africa [63]
lang1328,Pondi,,-4.32557,143.925,lang1328,,3158,language,Keram,languages,Map 33 Northern Papua New Guinea [319]
lano1248,Lanoh,,4.90934,100.986,lano1248,,3163,language,Austroasiatic,languages,Map 44 West Malaysia and Singapore [7]
laom1237,Laomian,,21.95,100.1,laom1237,,3165 3166,language,Sino-Tibetan,languages,"Map 46 Yunnan Province, China [98]; Map 49 Burma (Myanmar) [69]"
laoo1244,Lao,,19.0,102.46,laoo1244,,3164 6673,language,Tai-Kadai,languages,"Map 47 Northern Thailand, Laos and Vietnam [24]; Map 48 Southern Thailand, Laos and Vietnam, and Cambodia [16]; Map 48 Southern Thailand, Laos and Vietnam, and Cambodia [17]"
lapu1236,Lapuyan Subanun,,7.53449,123.13,lapu1236,,3168,language,Austronesian,languages,Map 40 The Philippines [94]
lara1258,Laragia,,-12.4111,130.922,lara1258,,3170,language,,languages,Map 35 Australia: Time of Contact [2]
lard1243,Lardil,,-16.56152,139.4343,lard1243,,3171,language,Tangkic,languages,Map 35 Australia: Time of Contact [100]
lare1249,Larevat,,-16.1971,167.387,lare1249,,3172,language,Austronesian,languages,Map 27 Vanuatu and New Caledonia [83]
lari1255,Larike-Wakasihu,,-3.76522,127.956,lari1255,,3173,language,Austronesian,languages,Map 37 The Moluccas [4]
lart1238,Larteh,,5.9367,-0.07822,lart1238,,3174,language,Atlantic-Congo,languages,Map 102 Benin and Togo [25]; Map 103 Ghana [17]
laru1238,Laru (Nigeria),,10.5756,4.43514,laru1238,,3175,language,Atlantic-Congo,languages,Map 101 South-Western Nigeria [35]; Map 102 Benin and Togo [39b]
lash1243,Lashi,,26.0992,98.5481,lash1243,,3176 3177,language,Sino-Tibetan,languages,"Map 46 Yunnan Province, China [41]; Map 49 Burma (Myanmar) [62]"
latv1249,Latvian,,56.826108,24.309118,latv1249,,3178,language,Indo-European,languages,"Map 58 Western Russia, the Baltic States, Belarus, Ukraine and Moldova [8]; Map 62 Poland, the Czech Republic and Slovakia [8]"
laua1245,Laua,,-10.16145,149.25747,laua1245,,3180,language,Mailuan,languages,Map 31 South-Eastern Papua New Guinea [66]
laur1250,Laurentian,,45.33,-72.5,laur1250,,3181,language,Iroquoian,languages,Map 1 East Coast and Great Lakes: Time of Contact [35]; Map 7 Northern North America: Time of Contact [81]
lauu1247,Lau,,-8.51018,160.872,lauu1247,,3179,language,Austronesian,languages,Map 29 Solomon Islands and Bougainville [44]
lava1239,Lavatbura-Lamusong,,-3.21903,151.728,lava1239,,3182,language,Austronesian,languages,Map 30 New Britain and New Ireland [61]
lave1249,Brao,,14.5994,107.008,lave1249,,865,language,Austroasiatic,languages,"Map 48 Southern Thailand, Laos and Vietnam, and Cambodia [43]"
lavu1241,Lavukaleve,,-9.05569,159.119,lavu1241,,3185,language,,languages,Map 29 Solomon Islands and Bougainville [82]
lawi1235,Lawi,,15.306668,106.734345,lawi1235,,5633,language,Austroasiatic,languages,"Map 47 Northern Thailand, Laos and Vietnam [58]; Map 48 Southern Thailand, Laos and Vietnam, and Cambodia [48]"
lawu1237,Lawunuia,,-6.15201,155.129,lawu1237,,4912,language,Austronesian,languages,Map 29 Solomon Islands and Bougainville [11]
lazz1240,Laz,,41.5004,41.9096,lazz1240,,3187,language,Kartvelian,languages,Map 59 The Caucasus [51]; Map 60 Turkey [8]
leco1242,Leco,,-15.0092,-67.8818,leco1242,,3194,language,,languages,Map 20 Central Pacific Coast: Time of Contact [201]
leel1242,Leelau,,9.29145,11.1636,leel1242,,3200,language,Atlantic-Congo,languages,Map 98 North-Eastern Nigeria [21]
lefa1242,Lefa,,5.05845,11.114,lefa1242,,1589 3188 3223 5891 6729,language,Atlantic-Congo,languages,Map 92 South-Western Cameroon [9]; Map 93 Central South-Western Cameroon [63b]; Map 93 Central South-Western Cameroon [71]; Map 93 Central South-Western Cameroon [78]; Map 93 Central South-Western Cameroon [78a]; Map 93 Central South-Western Cameroon [78b]
lege1241,Legenyem,,-0.3592,130.749,lege1241,,3105,language,Austronesian,languages,Map 34 Irian Jaya [212]; Map 37 The Moluccas [49]
leha1242,Lehar,,14.9387,-16.8816,leha1242,,3192,language,Atlantic-Congo,languages,"Map 108 Senegal, Gambia and Guinea Bissau [4]"
leha1243,Lehali,,-13.5043,167.332,leha1243,,3190,language,Austronesian,languages,Map 27 Vanuatu and New Caledonia [3]
leha1244,Lehalurup,,-13.542726,167.343342,leha1244,,3191,language,Austronesian,languages,Map 27 Vanuatu and New Caledonia [4]
lein1237,Lainong Naga,,26.4481,95.4,lein1237,,2033,language,Sino-Tibetan,languages,Map 49 Burma (Myanmar) [34]
lela1246,Lelak,,4.11426,114.029,lela1246,,3199,language,Austronesian,languages,Map 41 Borneo and Madagascar [37]
lele1264,Lelemi,,7.34549,0.50746,lele1264,,3204,language,Atlantic-Congo,languages,Map 102 Benin and Togo [8]; Map 103 Ghana [23]
lele1265,Lele (Democratic Republic of Congo),,-4.94672,20.5674,lele1265,,3202,language,Atlantic-Congo,languages,Map 81 Democratic Republic of Congo: Kasai [55]
lele1266,Lele (Guinea),,8.98043,-10.371,lele1266,,3201,language,Mande,languages,Map 106 Liberia and Sierra Leone [19a]
lele1276,Lele (Chad),,9.158,15.81149,lele1276,,3203,language,Afro-Asiatic,languages,"Map 90 Central African Republic, South-Western Chad and Cameroon [54]"
lemb1266,Lembena,,-4.99504,143.891,lemb1266,,3205,language,Nuclear Trans New Guinea,languages,Map 33 Northern Papua New Guinea [163]
leme1238,Lemerig,,-13.739697,167.420676,leme1238,,6791,language,Austronesian,languages,Map 27 Vanuatu and New Caledonia [10]
lemi1243,Lemio,,-5.6964,145.7817,lemi1243,,3206,language,Nuclear Trans New Guinea,languages,Map 33 Northern Papua New Guinea [29]
lemo1242,Lemoro,,10.4366,8.70513,lemo1242,,3207,language,Atlantic-Congo,languages,"Map 97 North Plateau, Nigeria [26]"
lena1238,Lenakel,,-19.4763,169.261,lena1238,,3208,language,Austronesian,languages,Map 27 Vanuatu and New Caledonia [106]
lenc1242,Lenca-Honduras,,13.667338,-87.49878,lenc1242,,2502 2814 3219,language,Lencan,languages,Map 10 Meso-America: Time of Contact [63b]; Map 10 Meso-America: Time of Contact [63c]; Map 10 Meso-America: Time of Contact [63d]
lenc1243,Lenca-Salvador,,13.560562,-88.114014,lenc1243,,5318,language,Lencan,languages,Map 10 Meso-America: Time of Contact [63a]
lend1245,Lendu,,2.1898,30.6794,lend1245,,3211,language,Central Sudanic,languages,Map 79 Democratic Republic of Congo: Orienta [60]
leng1258,Lengola,,-1.95874,25.3343,leng1258,,3217,language,Atlantic-Congo,languages,Map 79 Democratic Republic of Congo: Orienta [23b]; Map 80 Democratic Republic of Congo: Kivu [5]; Map 81 Democratic Republic of Congo: Kasai [40]
leng1259,Lengo,,-9.56425,160.42,leng1259,,3216,language,Austronesian,languages,Map 29 Solomon Islands and Bougainville [38]
leng1260,Lengilu,,3.69641,115.91,leng1260,,3215,language,Austronesian,languages,Map 41 Borneo and Madagascar [79]
lenj1248,Lenje,,-14.7192,28.2581,lenj1248,,3218,language,Atlantic-Congo,languages,Map 77 Zambia [28]
lenk1247,Lenkau,,-2.33367,147.742,lenk1247,,3220,language,Austronesian,languages,Map 30 New Britain and New Ireland [26]
lepc1244,Lepcha,,27.0869,88.5726,lepc1244,,3221,language,Sino-Tibetan,languages,"Map 51 North-East India, Bangladesh, Bhutan and Nepal [88]"
lese1243,Lese,,1.3,29.3,lese1243,,3222,language,Central Sudanic,languages,Map 79 Democratic Republic of Congo: Orienta [63a]
lete1241,Letemboi-Repanbitip,,-16.4339,167.566,lete1241,,3209 4381,language,Austronesian,languages,Map 27 Vanuatu and New Caledonia [61]; Map 27 Vanuatu and New Caledonia [62]
lewo1242,Lewo,,-16.7612,168.334,lewo1242,,3228,language,Austronesian,languages,Map 27 Vanuatu and New Caledonia [93]
lezg1247,Lezgian,,41.5157,47.8951,lezg1247,,3230,language,Nakh-Daghestanian,languages,Map 59 The Caucasus [39]
lhok1238,Lhokpu,,26.9135,89.3099,lhok1238,,3232,language,Sino-Tibetan,languages,"Map 51 North-East India, Bangladesh, Bhutan and Nepal [44]"
lhom1239,Lhomi,,27.5948,87.7161,lhom1239,,3233,language,Sino-Tibetan,languages,"Map 51 North-East India, Bangladesh, Bhutan and Nepal [25]"
lian1255,Liana-Seti,,-3.11832,129.899,lian1255,,5326,language,Austronesian,languages,Map 34 Irian Jaya [222]; Map 37 The Moluccas [29]
libe1240,Kru Pidgin English,,6.423,-10.5284,libe1240,,3237,language,Pidgin,languages,Map 106 Liberia and Sierra Leone [33]
libi1244,Libinza,,1.97729,18.8886,libi1244,,4214,language,Atlantic-Congo,languages,Map 82 Democratic Republic of Congo: Equate [15]; Map 87 Northern Congo and Southern Central African Republic [18]
libi1250,Libido,,8.09761,38.4997,libi1250,,3238,language,Afro-Asiatic,languages,Map 72 Sudan and the Horn of Africa [64]
liby1240,Libyan Arabic,,22.0032,15.0014,liby1240,,3240,language,Afro-Asiatic,languages,Map 71 North-East Africa [39]; Map 72 Sudan and the Horn of Africa [111]
ligb1244,Ligbi,,7.94291,-2.56353,ligb1244,,2287 3242,language,Mande,languages,Map 103 Ghana [84]; Map 104 Burkina Faso [83]; Map 105 Ivory Coast [70]
lige1238,Ligenza,,2.86168,22.4936,lige1238,,744,language,Atlantic-Congo,languages,Map 79 Democratic Republic of Congo: Orienta [25]
lihi1237,Lihir,,-3.18895,152.606,lihi1237,,3244,language,Austronesian,languages,Map 30 New Britain and New Ireland [66]
liji1238,Lijili,,8.52193,8.35562,liji1238,,3836,language,Atlantic-Congo,languages,"Map 95 South-Eastern Nigeria and Mid-Western Cameroon [87]; Map 96 South Plateau, Nigeria [39]"
lika1243,Liko,,2.13777,27.6088,lika1243,,3246,language,Atlantic-Congo,languages,Map 79 Democratic Republic of Congo: Orienta [22]
liku1242,Likuba,,-1.27931,16.4702,liku1242,,2928,language,Atlantic-Congo,languages,Map 81 Democratic Republic of Congo: Kasai [15]; Map 83 Democratic Republic of Congo: Bas Congo and Southern Congo [35]
liku1243,Likum,,-2.16157,146.695,liku1243,,3248,language,Austronesian,languages,Map 30 New Britain and New Ireland [11]
likw1239,Likwala,,-0.48981,16.5967,likw1239,,3056,language,Atlantic-Congo,languages,Map 81 Democratic Republic of Congo: Kasai [16]; Map 83 Democratic Republic of Congo: Bas Congo and Southern Congo [36]
lila1246,Lilau,,-4.35479,144.99,lila1246,,3250,language,Bogia,languages,Map 33 Northern Papua New Guinea [269]
lill1248,Lillooet,,50.7272,-122.04,lill1248,,3251,language,Salishan,languages,Map 6 North-Western Pacific America: Time of Contact [28]
limb1266,Limbu,,27.2703,87.8859,limb1266,,1066 3255,language,Sino-Tibetan,languages,"Map 51 North-East India, Bangladesh, Bhutan and Nepal [55]; Map 51 North-East India, Bangladesh, Bhutan and Nepal [86]"
limb1268,Limbum,,6.58608,10.9802,limb1268,,3256,language,Atlantic-Congo,languages,Map 95 South-Eastern Nigeria and Mid-Western Cameroon [45]
lind1248,Tado-Lindu,,-1.35748,120.063,lind1248,,3261,language,Austronesian,languages,Map 39 Sulawesi [30]
ling1265,Neverver,,-16.1986,167.499,ling1265,,4243,language,Austronesian,languages,Map 27 Vanuatu and New Caledonia [80]
lioo1240,Li'o,,-8.68615,121.832,lioo1240,,1538,language,Austronesian,languages,Map 38 Lesser Sunda Islands and Timor [26]
lipa1241,Lipan Apache,,29.93117,-98.94286,lipa1241,,3268,language,Athabaskan-Eyak-Tlingit,languages,Map 3 South-Western North America: Time of Contact [5]
lipo1242,Lipo,,25.226,101.302,lipo1242,,3269,language,Sino-Tibetan,languages,"Map 46 Yunnan Province, China [66]"
lisa1239,Lisabata-Nuniali,,-2.87434,128.265,lisa1239,,3271,language,Austronesian,languages,Map 37 The Moluccas [20]
lisu1250,Lisu,,26.91,98.94,lisu1250,,2244 3272 3273,language,Sino-Tibetan,languages,"Map 45 China and Mongolia [101]; Map 46 Yunnan Province, China [64]; Map 47 Northern Thailand, Laos and Vietnam [86]; Map 48 Southern Thailand, Laos and Vietnam, and Cambodia [79]; Map 49 Burma (Myanmar) [65]; Map 51 North-East India, Bangladesh, Bhutan and Nepal [155]"
lith1251,Lithuanian,,55.1429,23.9601,lith1251,,3274,language,Indo-European,languages,"Map 58 Western Russia, the Baltic States, Belarus, Ukraine and Moldova [7]; Map 62 Poland, the Czech Republic and Slovakia [7]"
litz1237,Naman,,-16.1331,167.415,litz1237,,4130,language,Austronesian,languages,Map 27 Vanuatu and New Caledonia [82]
loba1239,Lobala,,2.04881,18.3667,loba1239,,3279 3280,language,Atlantic-Congo,languages,Map 82 Democratic Republic of Congo: Equate [12]; Map 82 Democratic Republic of Congo: Equate [24]; Map 87 Northern Congo and Southern Central African Republic [15]
lobi1245,Lobi,,9.96122,-3.336,lobi1245,,3278,language,Atlantic-Congo,languages,Map 103 Ghana [76]; Map 104 Burkina Faso [62a]; Map 105 Ivory Coast [44]
logo1258,Logooli,,0.09487,34.729,logo1258,,3347,language,Atlantic-Congo,languages,Map 86 Central East Africa [35q]
logo1259,Logo,,3.32608,29.8866,logo1259,,3284,language,Central Sudanic,languages,Map 79 Democratic Republic of Congo: Orienta [65e]
loko1255,Loko,,9.11838,-12.1583,loko1255,,3290,language,Mande,languages,Map 106 Liberia and Sierra Leone [29]; Map 107 Guinea and Mali [24]
lolo1259,Lolopo,,25.50051,101.30185,lolo1259,,3293 3398,language,Sino-Tibetan,languages,"Map 46 Yunnan Province, China [68]; Map 46 Yunnan Province, China [80]"
lolo1264,Loloda-Laba,,1.95461,127.772,lolo1264,,3294,language,North Halmahera,languages,Map 37 The Moluccas [61]
loma1260,Loma (Liberia),,7.91585,-9.69906,loma1260,,3297,language,Mande,languages,"Map 106 Liberia and Sierra Leone [26, L]"
lomb1254,Lombi,,0.26796,27.342,lomb1254,,3299,language,Central Sudanic,languages,Map 79 Democratic Republic of Congo: Orienta [62]; Map 80 Democratic Republic of Congo: Kivu [76]
lomb1260,Lombo,,0.88267,24.6862,lomb1260,,3266 3300,language,Atlantic-Congo,languages,Map 79 Democratic Republic of Congo: Orienta [37a]; Map 79 Democratic Republic of Congo: Orienta [39]
lomw1241,Mozambique Lomwe,,-16.0381,37.2437,lomw1241,,3303,language,Atlantic-Congo,languages,Map 75 Mozambique [18]
lonc1237,Loncong,,-0.02586,103.548,lonc1237,,4667,language,Austronesian,languages,Map 43 Sumatra [15]
long1387,Longto,,8.33313,13.0568,long1387,,3307,language,Atlantic-Congo,languages,Map 91 Adamawa Region [7]
long1389,Longuda,,9.75787,11.8378,long1389,,3308,language,Atlantic-Congo,languages,Map 91 Adamawa Region [21]; Map 98 North-Eastern Nigeria [11]
long1395,Longgu,,-9.75258,160.663,long1395,,3305,language,Austronesian,languages,Map 29 Solomon Islands and Bougainville [43]
long1406,Western Lowland Kenyah,,3.85226,114.82,long1406,,6421,language,Austronesian,languages,Map 41 Borneo and Madagascar [65]
loni1238,Loniu,,-2.06124,147.35,loni1238,,3309,language,Austronesian,languages,Map 30 New Britain and New Ireland [13]
lonw1238,Lonwolwol,,-16.2286,168.016,lonw1238,,3310,language,Austronesian,languages,Map 27 Vanuatu and New Caledonia [56]
looo1238,Loo,,9.4066,11.0511,looo1238,,3277,language,Atlantic-Congo,languages,Map 98 North-Eastern Nigeria [17]
lopa1238,Lopa,,10.3756,4.67396,lopa1238,,3313,language,Atlantic-Congo,languages,Map 100 Northern Nigeria and Niger [25]; Map 101 South-Western Nigeria [36]; Map 102 Benin and Togo [39a]
lore1244,Nethalp,,-15.334763,167.166325,lore1244,,3314,language,Austronesian,languages,Map 27 Vanuatu and New Caledonia [23]
lote1237,Lote,,-5.954,150.911,lote1237,,6175,language,Austronesian,languages,Map 30 New Britain and New Ireland [47]
loth1237,Lotha Naga,,26.01396,94.04355,loth1237,,3234,language,Sino-Tibetan,languages,"Map 51 North-East India, Bangladesh, Bhutan and Nepal [127]"
loto1240,Lo-Toga,,-13.334872,166.634338,loto1240,,3285,language,Austronesian,languages,Map 27 Vanuatu and New Caledonia [2]
lotu1250,Lotud,,6.13732,116.232,lotu1250,,3318,language,Austronesian,languages,Map 41 Borneo and Madagascar [96]
loun1239,Loun,,-2.8778,128.912,loun1239,,3321,language,Austronesian,languages,Map 37 The Moluccas [22]
loup1243,Nipmuck,,42.364,-72.731,loup1243,,3322,language,Algic,languages,Map 1 East Coast and Great Lakes: Time of Contact [26]
lowa1242,Lowa,,29.0324,83.8959,lowa1242,,3276,language,Sino-Tibetan,languages,"Map 51 North-East India, Bangladesh, Bhutan and Nepal [17]"
lowe1395,Lower Ta'oih,,15.9083,106.873,lowe1395,,5641,language,Austroasiatic,languages,"Map 47 Northern Thailand, Laos and Vietnam [51]; Map 48 Southern Thailand, Laos and Vietnam, and Cambodia [38]"
lowe1402,Lower Riverland,,-34.6,140.5,lowe1402,,4295,language,Pama-Nyungan,languages,Map 35 Australia: Time of Contact [439]
lowe1403,Lower Darling-Lower Lachlan,,-33.9470874,141.5854211,lowe1403,,6671,language,Pama-Nyungan,languages,Map 35 Australia: Time of Contact [442]
lowe1425,Lower Tanana,,64.8834,-149.451,lowe1425,,3329,language,Athabaskan-Eyak-Tlingit,languages,Map 7 Northern North America: Time of Contact [18]
lowe1427,Lower Chehalis,,46.7736,-124.004,lowe1427,,3325,language,Salishan,languages,Map 6 North-Western Pacific America: Time of Contact [36]
lowe1436,Lower Southern Aranda,,-26.3,135.4,lowe1436,,3324,language,Pama-Nyungan,languages,Map 35 Australia: Time of Contact [217]
lowe1444,Lower Richmond,,-28.937029,153.48612,lowe1444,,523,language,Pama-Nyungan,languages,Map 35 Australia: Time of Contact [408]
lowl1260,Lowland Oaxaca Chontal,,15.9497,-95.6876,lowl1260,,1138,language,Tequistlatecan,languages,Map 10 Meso-America: Time of Contact [32]
lozi1239,Lozi,,-17.7052,24.7398,lozi1239,,3332,language,Atlantic-Congo,languages,Map 74 Southern Africa [7X]; Map 77 Zambia [59]
luan1263,Luang,,-8.18378,127.944,luan1263,,3224,language,Austronesian,languages,Map 38 Lesser Sunda Islands and Timor [48]
luba1249,Luba-Lulua,,-5.72717,22.4422,luba1249,,3338 3340 3354,language,Atlantic-Congo,languages,Map 78 Democratic Republic of Congo: Katang [13]; Map 78 Democratic Republic of Congo: Katang [13a]; Map 80 Democratic Republic of Congo: Kivu [53]; Map 81 Democratic Republic of Congo: Kasai [73]
luba1250,Luba-Katanga,,-8.2816,25.8918,luba1250,,3337 3339 6746,language,Atlantic-Congo,languages,Map 77 Zambia [48a]; Map 78 Democratic Republic of Congo: Katang [15a]; Map 78 Democratic Republic of Congo: Katang [15b]; Map 78 Democratic Republic of Congo: Katang [5]
lubi1238,Lubila,,5.46011,8.29204,lubi1238,,3341,language,Atlantic-Congo,languages,Map 93 Central South-Western Cameroon [13a]
luch1239,Luchazi,,-14.0648,22.2437,luch1239,,3342,language,Atlantic-Congo,languages,Map 77 Zambia [70]; Map 84 Angola [44]
lugb1240,Lugbara,,3.02245,30.8642,lugb1240,,3346,language,Central Sudanic,languages,Map 79 Democratic Republic of Congo: Orienta [65b]; Map 86 Central East Africa [58]
lugu1238,Luguru,,-6.86828,37.5557,lugu1238,,3348,language,Atlantic-Congo,languages,Map 76 Southern Tanzania [11]; Map 85 Kenyan Coast [20]
luhu1243,Luhu-Piru,,-3.13187,127.966,luhu1243,,3349,language,Austronesian,languages,Map 37 The Moluccas [6]
luim1238,Luimbi,,-11.2221,17.5385,luim1238,,3350,language,Atlantic-Congo,languages,Map 84 Angola [42]
luis1253,Luiseno-Juaneño,,33.3184,-116.939,luis1253,,3351,language,Uto-Aztecan,languages,Map 3 South-Western North America: Time of Contact [20]
lukp1238,Lukpa,,9.51949,1.66954,lukp1238,,1371,language,Atlantic-Congo,languages,Map 102 Benin and Togo [46]
lule1238,Lule,,-25.221839,-61.887818,lule1238,,3353,language,,languages,Map 20 Central Pacific Coast: Time of Contact [273]
lumb1249,Lumbu,,-3.37917,11.124,lumb1249,,3334,language,Atlantic-Congo,languages,Map 83 Democratic Republic of Congo: Bas Congo and Southern Congo [24]; Map 88 Gabon and Equatorial Guinea [12]
luna1244,Luna,,-5.08693,23.5426,luna1244,,3357,language,Atlantic-Congo,languages,Map 78 Democratic Republic of Congo: Katang [23]; Map 80 Democratic Republic of Congo: Kivu [68]; Map 81 Democratic Republic of Congo: Kasai [70]
lund1266,Lunda,,-11.1793,23.8662,lund1266,,2883 3358,language,Atlantic-Congo,languages,Map 77 Zambia [54]; Map 77 Zambia [56]
lund1271,Lundayeh,,4.25064,115.5,lund1271,,3356,language,Austronesian,languages,Map 41 Borneo and Madagascar [77]
lung1249,Lungga,,-8.17469,156.573,lung1249,,3361,language,Austronesian,languages,Map 29 Solomon Islands and Bougainville [20]
luok1236,Luo (Kenya and Tanzania),,-0.93296,34.4896,luok1236,,3368,language,Nilotic,languages,Map 86 Central East Africa [66]
luri1256,Luri,,10.059,9.59745,luri1256,,3370,language,Afro-Asiatic,languages,"Map 96 South Plateau, Nigeria [86]; Map 97 North Plateau, Nigeria [96]"
luse1252,Lusengo,,0.16988,18.3991,luse1252,,818,language,Atlantic-Congo,languages,Map 81 Democratic Republic of Congo: Kasai [2]
lush1249,Mizo,,22.6138,92.6247,lush1249,,3875,language,Sino-Tibetan,languages,"Map 49 Burma (Myanmar) [49]; Map 51 North-East India, Bangladesh, Bhutan and Nepal [148]"
lush1252,Northern Lushootseed,,48.42,-122.529,lush1252,,3374,language,Salishan,languages,Map 6 North-Western Pacific America: Time of Contact [25]
luto1241,Lutos,,8.52074,19.0071,luto1241,,5137,language,Central Sudanic,languages,"Map 89 Central African Republic and South-Eastern Chad [71]; Map 90 Central African Republic, South-Western Chad and Cameroon [43a]"
luuu1242,Lü,,21.0321,101.282,luuu1242,,1229 3344,language,Tai-Kadai,languages,"Map 46 Yunnan Province, China [16]; Map 47 Northern Thailand, Laos and Vietnam [18]; Map 49 Burma (Myanmar) [5]"
luva1239,Luvale,,-13.5382,22.2924,luva1239,,3380,language,Atlantic-Congo,languages,Map 77 Zambia [69]; Map 84 Angola [45]
luwo1239,Luwo,,7.35089,28.1378,luwo1239,,20 3381,language,Nilotic,languages,Map 72 Sudan and the Horn of Africa [156]; Map 79 Democratic Republic of Congo: Orienta [75]
luxe1241,Moselle Franconian,,49.6839,6.14931,luxe1241,,3225,language,Indo-European,languages,"Map 65 Germany, Austria, Liechtenstein and Switzerland [1a]; Map 69 France, Belgium, the Netherlands and Luxembourg [8a]"
luya1241,Luyi,,-15.01,22.67,luya1241,,3378,language,Atlantic-Congo,languages,Map 74 Southern Africa [35]; Map 77 Zambia [62]; Map 84 Angola [37]
lwel1234,Lwel,,-4.38475,20.6314,lwel1234,,3379,language,Atlantic-Congo,languages,Map 81 Democratic Republic of Congo: Kasai [32]
lyel1241,Lyélé,,12.4305,-2.59229,lyel1241,,3382,language,Atlantic-Congo,languages,Map 104 Burkina Faso [42]
maak1236,Maaka,,11.5007,11.9035,maak1236,,3418,language,Afro-Asiatic,languages,Map 100 Northern Nigeria and Niger [5]; Map 98 North-Eastern Nigeria [68]
maan1238,Ma'anyan,,-2.1239,115.092,maan1238,,5533,language,Austronesian,languages,Map 41 Borneo and Madagascar [3]
maan1239,Maang,,23.555104,105.70091,maan1239,,3882,language,Sino-Tibetan,languages,"Map 47 Northern Thailand, Laos and Vietnam [99]"
maas1239,Maasina Fulfulde,,11.1324,-3.64763,maas1239,,1453 6403,language,Atlantic-Congo,languages,"Map 104 Burkina Faso [E]; Map 104 Burkina Faso [W]; Map 107 Guinea and Mali [1a]; Map 108 Senegal, Gambia and Guinea Bissau [1b]"
maay1238,Maay,,3.22288,43.6182,maay1238,,3690,language,Afro-Asiatic,languages,Map 72 Sudan and the Horn of Africa [55d]
maba1270,Mabaale,,2.11942,20.8759,maba1270,,418 3391,language,Atlantic-Congo,languages,Map 82 Democratic Republic of Congo: Equate [10]; Map 82 Democratic Republic of Congo: Equate [36]; Map 87 Northern Congo and Southern Central African Republic [14]; Map 87 Northern Congo and Southern Central African Republic [29]
maba1277,Maba (Chad),,12.89147,20.8889,maba1277,,3389 6234,language,Maban,languages,Map 71 North-East Africa [35]; Map 71 North-East Africa [70]; Map 72 Sudan and the Horn of Africa [112]; Map 72 Sudan and the Horn of Africa [23]; Map 73 North-West Africa [79]; Map 89 Central African Republic and South-Eastern Chad [63]
maba1278,Maba (Indonesia),,0.59011,128.418,maba1278,,3388,language,Austronesian,languages,Map 37 The Moluccas [42]
maca1260,Maká,,-25.0119,-57.3694,maca1260,,3459,language,Mataguayan,languages,Map 20 Central Pacific Coast: Time of Contact [259]
maca1261,Macaguaje,,0.49999,-75.8333,maca1261,,4893,language,Tucanoan,languages,Map 12 Northern South America: Time of Contact [149]
mace1250,Macedonian,,41.5957,21.7932,mace1250,,3395,language,Indo-European,languages,"Map 61 Hungary, Romania and the Balkans [6]; Map 66 Albania, Greece, Crete and Cyprus [4]"
mach1265,Machinga,,-9.37101,39.4268,mach1265,,3397,language,Atlantic-Congo,languages,Map 76 Southern Tanzania [34]
mach1266,Machame,,-3.29385,37.0703,mach1266,,852 3396 3642 5413,language,Atlantic-Congo,languages,Map 86 Central East Africa [6b]; Map 86 Central East Africa [6c]; Map 86 Central East Africa [6d]; Map 86 Central East Africa [6h]
macu1259,Macushi,,4.31861,-60.2209,macu1259,,3457,language,Cariban,languages,Map 12 Northern South America: Time of Contact [399]
macu1260,Macuna,,-0.14459,-70.0749,macu1260,,3452,language,Tucanoan,languages,Map 12 Northern South America: Time of Contact [154]
mada1282,Mada (Nigeria),,9.02294,8.34119,mada1282,,3399,language,Atlantic-Congo,languages,"Map 96 South Plateau, Nigeria [19]"
mada1285,Madak,,-3.34342,151.967,mada1285,,3400,language,Austronesian,languages,Map 30 New Britain and New Ireland [62]
mada1293,Mada (Cameroon),,10.8806,14.1142,mada1293,,3384,language,Afro-Asiatic,languages,Map 94 Northern Cameroon [34]
made1252,Ma (Democratic Republic of Congo),,3.69351,26.9939,made1252,,183,language,Atlantic-Congo,languages,Map 79 Democratic Republic of Congo: Orienta [50]
made1253,Salawati,,-1.05325,130.833,made1253,,3401,language,Austronesian,languages,Map 34 Irian Jaya [209]; Map 37 The Moluccas [46]
madi1260,Ma'di,,3.62499,31.8471,madi1260,,3402,language,Central Sudanic,languages,Map 72 Sudan and the Horn of Africa [175]; Map 79 Democratic Republic of Congo: Orienta [65a]; Map 86 Central East Africa [57]
madi1261,Madi (Papua New Guinea),,-5.63017,146.407,madi1261,,1787,language,Nuclear Trans New Guinea,languages,Map 33 Northern Papua New Guinea [137]
maee1241,Tirax,,-15.9914,167.288,maee1241,,1338,language,Austronesian,languages,Map 27 Vanuatu and New Caledonia [87]
mafa1239,Mafa,,10.943,13.8181,mafa1239,,3409 3661,language,Afro-Asiatic,languages,Map 94 Northern Cameroon [32]; Map 94 Northern Cameroon [42]
maga1260,Magahi,,25.0915,85.3335,maga1260,,3413,language,Indo-European,languages,"Map 51 North-East India, Bangladesh, Bhutan and Nepal [174]"
maga1263,Mag-Anchi Ayta,,15.1954,120.459,maga1263,,3411,language,Austronesian,languages,Map 40 The Philippines [43]
magi1241,Mag-Indi Ayta,,14.9617,120.182,magi1241,,3412,language,Austronesian,languages,Map 40 The Philippines [44]
mago1248,Magori,,-10.2321,149.26,mago1248,,3417,language,Austronesian,languages,Map 31 South-Eastern Papua New Guinea [37]
magu1243,Maguindanao,,6.9453,124.509,magu1243,,3416 5189,language,Austronesian,languages,Map 40 The Philippines [115]; Map 40 The Philippines [96]
maha1287,Mahasu Pahari,,31.0088,77.5317,maha1287,,442 2757 5481,language,Indo-European,languages,Map 54 North-West India [43]; Map 54 North-West India [44]; Map 54 North-West India [46]
mahi1248,Mahican,,42.587,-73.788,mahi1248,,3421,language,Algic,languages,Map 1 East Coast and Great Lakes: Time of Contact [29]
maho1248,Mahongwe,,0.64356,14.0472,maho1248,,3422,language,Atlantic-Congo,languages,Map 87 Northern Congo and Southern Central African Republic [65]
maho1249,Mahou,,8.3548,-7.57109,maho1249,,3677,language,Mande,languages,Map 106 Liberia and Sierra Leone [18a]
maia1254,Maia,,-4.50212,145.096,maia1254,,4878 5177,language,Nuclear Trans New Guinea,languages,Map 33 Northern Papua New Guinea [54]; Map 33 Northern Papua New Guinea [56]
maib1239,Maybrat,,-1.3679,132.591,maib1239,,866,language,Maybratic,languages,Map 34 Irian Jaya [114]
maii1238,Maii,,-16.7388,168.211,maii1238,,3481,language,Austronesian,languages,Map 27 Vanuatu and New Caledonia [96]
mail1248,Mailu,,-10.3657,149.521,mail1248,,3415,language,Mailuan,languages,Map 31 South-Eastern Papua New Guinea [65]
main1275,Usun Apau Kenyah,,3.42975,116.47431,main1275,,453 484 2625 3419 6124,language,Austronesian,languages,"Map 41 Borneo and Madagascar [66]; Map 41 Borneo and Madagascar [67]; Map 41 Borneo and Madagascar [69]; Map 41 Borneo and Madagascar [70]; Map 41 Borneo and Madagascar [71, D]"
maip1247,Maipure-Avane,,4.8,-67.5,maip1247,,3425,language,Arawakan,languages,Map 12 Northern South America: Time of Contact [93]
mais1250,Maisin,,-9.22853,148.731,mais1250,,3427,language,Austronesian,languages,Map 31 South-Eastern Papua New Guinea [36]
mait1250,Maithili,,26.3817,86.2211,mait1250,,699 3428,language,Indo-European,languages,"Map 51 North-East India, Bangladesh, Bhutan and Nepal [172]; Map 51 North-East India, Bangladesh, Bhutan and Nepal [173]"
maiw1251,Maiwa (Papua New Guinea),,-9.69836,149.274,maiw1251,,3429,language,Dagan,languages,Map 31 South-Eastern Papua New Guinea [70]
maja1242,Majang,,7.71,34.97,maja1242,,3432,language,Surmic,languages,Map 72 Sudan and the Horn of Africa [122]
maka1304,Makaa,,4.15471,13.0789,maka1304,,420 3765 3784,language,Atlantic-Congo,languages,Map 87 Northern Congo and Southern Central African Republic [57]; Map 87 Northern Congo and Southern Central African Republic [57c]; Map 87 Northern Congo and Southern Central African Republic [57d]; Map 91 Adamawa Region [59]
maka1311,Makasar,,-5.65551,119.838,maka1311,,3441,language,Austronesian,languages,Map 39 Sulawesi [44]
maka1315,Makayam,,-8.37312,142.706,maka1315,,364 3227,language,Anim,languages,Map 32 Southern Papua New Guinea [165]; Map 32 Southern Papua New Guinea [166]
maka1316,Makasae-Makalero,,-8.65843,126.507,maka1316,,3438 3440,language,Timor-Alor-Pantar,languages,Map 38 Lesser Sunda Islands and Timor [69]; Map 38 Lesser Sunda Islands and Timor [70]
maka1318,Makah,,48.3258,-124.616,maka1318,,3437,language,Wakashan,languages,Map 6 North-Western Pacific America: Time of Contact [45]
makc1235,Mak (China),,25.5946,107.726,makc1235,,2272 3436,language,Tai-Kadai,languages,Map 45 China and Mongolia [66]; Map 45 China and Mongolia [70]
makh1261,Makhuwa-Meetto,,-11.9553,38.6874,makh1261,,3881,language,Atlantic-Congo,languages,Map 75 Mozambique [17]
makh1264,Makhuwa,,-14.8509,38.8052,makh1264,,3451 4110,language,Atlantic-Congo,languages,Map 75 Mozambique [13]; Map 75 Mozambique [16]; Map 76 Southern Tanzania [41]
makl1246,Maklew,,-7.74424,139.273,makl1246,,3446,language,Bulaka River,languages,Map 34 Irian Jaya [170]
makn1235,Mak (Nigeria),,9.37299,11.1337,makn1235,,4777,language,Atlantic-Congo,languages,Map 98 North-Eastern Nigeria [20]
mako1251,Makonde,,-10.9906,39.5133,mako1251,,3448 3462 3683,language,Atlantic-Congo,languages,Map 75 Mozambique [9]; Map 75 Mozambique [9a]; Map 75 Mozambique [9b]; Map 76 Southern Tanzania [38]; Map 76 Southern Tanzania [38a]; Map 76 Southern Tanzania [38b]
maku1246,Máku,,3.969231,-64.235892,maku1246,,3449,language,,languages,Map 12 Northern South America: Time of Contact [145]
maku1278,Makuráp,,-11.8701,-64.3201,maku1278,,3455,language,Tupian,languages,Map 16 Western Brazil: Time of Contact [372]
mala1431,Malakhel,,33.0726,69.0719,mala1431,,3464,language,Bookkeeping,languages,"Map 53 Iran, Afghanistan and Pakistan [24]"
mala1432,Malali,,-16.833987,-42.282716,mala1432,,3467,language,Nuclear-Macro-Je,languages,Map 18 Brazilian Atlantic Coast: Time of Contact [301]
mala1464,Malayalam,,9.59208,76.7651,mala1464,,3474,language,Dravidian,languages,Map 52 Southern India and Sri Lanka [31]
mala1480,Malayic Dayak,,-2.78384,111.136,mala1480,,4692,language,Austronesian,languages,"Map 41 Borneo and Madagascar [15, A]"
mala1481,Manado Malay,,1.48099,124.843,mala1481,,3507,language,Austronesian,languages,Map 39 Sulawesi [61]
mala1484,Malango,,-9.61383,160.118,mala1484,,3469,language,Austronesian,languages,Map 29 Solomon Islands and Bougainville [41]
mala1487,Malasanga,,-5.9401,147.058,mala1487,,3471,language,Austronesian,languages,Map 32 Southern Papua New Guinea [225]; Map 33 Northern Papua New Guinea [379]
mala1489,Malalamai,,-5.77495,146.642,mala1489,,3468,language,Austronesian,languages,Map 33 Northern Papua New Guinea [376]
mala1494,Mala (Papua New Guinea),,-4.35889,145.04,mala1494,,4826,language,Nuclear Trans New Guinea,languages,Map 33 Northern Papua New Guinea [55]
mala1495,Manep,,-4.76685,145.621,mala1495,,3470,language,Nuclear Trans New Guinea,languages,Map 33 Northern Papua New Guinea [52]
mala1522,Malayo,,10.9286,-73.4056,mala1522,,5669 6275,language,Chibchan,languages,Map 12 Northern South America: Time of Contact [31]; Map 12 Northern South America: Time of Contact [33]
mala1534,Malaweg,,17.844833,121.391322,mala1534,,3472,language,Austronesian,languages,Map 40 The Philippines [11]
malb1235,Malba Birifor,,9.78465,-2.90623,malb1235,,6460,language,Atlantic-Congo,languages,Map 103 Ghana [43]; Map 104 Burkina Faso [18]; Map 105 Ivory Coast [35]
male1282,Maleng,,17.913525,105.52746,male1282,,3477,language,Austroasiatic,languages,"Map 47 Northern Thailand, Laos and Vietnam [79]"
male1284,Male (Ethiopia),,5.91975,36.9892,male1284,,3476,language,Ta-Ne-Omotic,languages,Map 72 Sudan and the Horn of Africa [81]
male1289,Maleu-Kilenge,,-5.61613,148.445,male1289,,2090 2713 3478,language,Austronesian,languages,Map 30 New Britain and New Ireland [39]; Map 30 New Britain and New Ireland [50]; Map 30 New Britain and New Ireland [51]
male1291,Male (Papua New Guinea),,-5.49975,145.757,male1291,,3475,language,Nuclear Trans New Guinea,languages,Map 33 Northern Papua New Guinea [23]
male1292,Malecite-Passamaquoddy,,45.494475,-67.40805,male1292,,3483,language,Algic,languages,Map 1 East Coast and Great Lakes: Time of Contact [21]
male1297,Maléku Jaíka,,10.7485,-84.7318,male1297,,6365,language,Chibchan,languages,Map 12 Northern South America: Time of Contact [29]
malf1237,Na'ahai,,-16.5499,167.509,malf1237,,4109,language,Austronesian,languages,Map 27 Vanuatu and New Caledonia [68]
malg1250,Malgbe,,12.5342,14.8475,malg1250,,3480,language,Afro-Asiatic,languages,"Map 90 Central African Republic, South-Western Chad and Cameroon [68]; Map 99 Lake Chad Region [3]"
mali1279,Malila,,-9.16619,33.339,mali1279,,3482,language,Atlantic-Congo,languages,Map 76 Southern Tanzania [53]; Map 77 Zambia [18]
mall1246,Mal,,19.273,101.204,mall1246,,3461,language,Austroasiatic,languages,"Map 47 Northern Thailand, Laos and Vietnam [36]"
malo1243,Tamambo,,-15.6835,167.16,malo1243,,5701,language,Austronesian,languages,Map 27 Vanuatu and New Caledonia [30]
malt1254,Maltese,,35.8884,14.4508,malt1254,,1820 3486,language,Afro-Asiatic,languages,"Map 67 Italy, Corsica, Sardinia, Sicily and Malta [16a]; Map 67 Italy, Corsica, Sardinia, Sicily and Malta [16b]; Map 73 North-West Africa [29]; Map 73 North-West Africa [30]"
malu1245,Malua-Tepërav,,-15.9813,167.208,malu1245,,3488,language,Austronesian,languages,Map 27 Vanuatu and New Caledonia [91]
malv1243,Malvi,,23.488,75.562,malv1243,,3489,language,Indo-European,languages,Map 54 North-West India [58]
mama1271,Mamara Senoufo,,12.4871,-5.28245,mama1271,,3854,language,Atlantic-Congo,languages,Map 104 Burkina Faso [5]; Map 105 Ivory Coast [64]; Map 107 Guinea and Mali [27]
mama1272,Mama,,8.8062,8.78601,mama1272,,3492,language,Atlantic-Congo,languages,"Map 96 South Plateau, Nigeria [52]"
mama1275,Minamanwa,,9.44744,125.548,mama1275,,3494,language,Austronesian,languages,Map 40 The Philippines [84]
mama1277,Mamaa,,-6.35558,146.576,mama1277,,3493,language,Nuclear Trans New Guinea,languages,Map 32 Southern Papua New Guinea [59]
mamb1294,Mambai,,9.6121,14.0013,mamb1294,,3498,language,Atlantic-Congo,languages,Map 91 Adamawa Region [33b]; Map 94 Northern Cameroon [2b]
mamb1296,Mambwe-Lungu,,-8.86817,31.2269,mamb1296,,3501 5130 6508,language,Atlantic-Congo,languages,Map 76 Southern Tanzania [21]; Map 76 Southern Tanzania [24]; Map 77 Zambia [73a]; Map 77 Zambia [73b]; Map 77 Zambia [74]; Map 78 Democratic Republic of Congo: Katang [40]; Map 78 Democratic Republic of Congo: Katang [41]
mamb1305,Mamboru,,-9.42302,119.55,mamb1305,,3500,language,Austronesian,languages,Map 38 Lesser Sunda Islands and Timor [10]
mamb1306,Mambae,,-9.19552,125.475,mamb1306,,3496,language,Austronesian,languages,Map 38 Lesser Sunda Islands and Timor [41]
mamm1241,Mam,,14.8034,-91.7231,mamm1241,,3491,language,Mayan,languages,Map 10 Meso-America: Time of Contact [15]
mamp1244,Mampruli,,10.3884,-0.74675,mamp1244,,3503,language,Atlantic-Congo,languages,Map 102 Benin and Togo [67]; Map 103 Ghana [49]; Map 104 Burkina Faso [24]
mamu1254,Mamusi,,-5.84776,151.033,mamu1254,,3506,language,Austronesian,languages,Map 30 New Britain and New Ireland [48]
mamu1255,Mamuju,,-2.50762,119.082,mamu1255,,3504,language,Austronesian,languages,Map 39 Sulawesi [50]
mamv1243,Mamvu,,2.68167,28.9862,mamv1243,,5811,language,Central Sudanic,languages,Map 79 Democratic Republic of Congo: Orienta [63f]
mana1288,Manange,,28.6416,84.0515,mana1288,,3511,language,Sino-Tibetan,languages,"Map 51 North-East India, Bangladesh, Bhutan and Nepal [7]"
mana1295,Manam,,-4.07921,145.033,mana1295,,3509,language,Austronesian,languages,Map 33 Northern Papua New Guinea [397]
mana1298,Manambu,,-4.19082,142.862,mana1298,,3510,language,Ndu,languages,Map 33 Northern Papua New Guinea [292]
mana1299,Manao,,-0.540066,-64.5186,mana1299,,3512,language,Arawakan,languages,Map 12 Northern South America: Time of Contact [94]
manc1252,Manchu,,47.31225,126.55713,manc1252,,3513,language,Tungusic,languages,Map 45 China and Mongolia [46]
mand1409,Mandeali,,31.5425,77.0419,mand1409,,3523,language,Indo-European,languages,Map 54 North-West India [41]
mand1413,Manda (India),,20.0962,83.6749,mand1413,,3514,language,Dravidian,languages,"Map 51 North-East India, Bangladesh, Bhutan and Nepal [195]"
mand1415,Mandarin Chinese,,40.0209,116.228,mand1415,,1460 1945 4470 4503 5570 5671,language,Sino-Tibetan,languages,"Map 45 China and Mongolia [1]; Map 45 China and Mongolia [2]; Map 45 China and Mongolia [3]; Map 45 China and Mongolia [4]; Map 46 Yunnan Province, China [24]; Map 50 Japan, Korea and Taiwan [1]; Map 50 Japan, Korea and Taiwan [2]"
mand1419,Mandjak,,12.829,-15.9217,mand1419,,3553,language,Atlantic-Congo,languages,"Map 108 Senegal, Gambia and Guinea Bissau [18]"
mand1423,Manda-Matumba,,-10.3991,34.7424,mand1423,,3515,language,Atlantic-Congo,languages,Map 76 Southern Tanzania [64]
mand1436,Mandinka,,12.8165233333,-15.6539466667,mand1436,,3527,language,Mande,languages,"Map 107 Guinea and Mali [22]; Map 108 Senegal, Gambia and Guinea Bissau [35b]"
mand1440,Mandara,,-2.7828,151.956,mand1440,,5643,language,Austronesian,languages,Map 30 New Britain and New Ireland [65]
mand1442,Mandar,,-3.34717,119.068,mand1442,,3519,language,Austronesian,languages,Map 39 Sulawesi [46]
mand1443,Mander,,-2.29479,138.751,mand1443,,3524,language,Tor-Orya,languages,Map 34 Irian Jaya [152]
mand1446,Mandan,,46.83,-101.0,mand1446,,3516,language,Siouan,languages,Map 5 The Great Plains: Time of Contact [23]
mand1448,Mandahuaca,,1.48,-66.52,mand1448,,3520,language,Arawakan,languages,Map 12 Northern South America: Time of Contact [80]
mane1266,Manem,,-2.99145,141.02,mane1266,,3528,language,Border,languages,Map 34 Irian Jaya [98]
mang1378,Mang,,22.37,102.884,mang1378,,3531,language,Austroasiatic,languages,"Map 47 Northern Thailand, Laos and Vietnam [28]"
mang1381,Mangarrayi,,-14.8,133.5,mang1381,,3534,language,Mangarrayi-Maran,languages,Map 35 Australia: Time of Contact [52]
mang1382,Mangerr,,-12.2391,132.973,mang1382,,3541,language,Giimbiyu,languages,Map 35 Australia: Time of Contact [12]
mang1383,Mangala,,-18.6597,123.769,mang1383,,3535,language,Pama-Nyungan,languages,Map 35 Australia: Time of Contact [113]
mang1394,Mangbetu,,2.5511,27.0712,mang1394,,23 24 56 3408 3442 3783,language,Central Sudanic,languages,Map 79 Democratic Republic of Congo: Orienta [61b]; Map 79 Democratic Republic of Congo: Orienta [61c]; Map 79 Democratic Republic of Congo: Orienta [61d]; Map 79 Democratic Republic of Congo: Orienta [61e]; Map 79 Democratic Republic of Congo: Orienta [61f]; Map 79 Democratic Republic of Congo: Orienta [61g]
mang1396,Mangbutu,,2.74779,29.7358,mang1396,,3538 3539,language,Central Sudanic,languages,Map 79 Democratic Republic of Congo: Orienta [61a]; Map 79 Democratic Republic of Congo: Orienta [63e]
mang1403,Mangseng,,-5.89752,150.68,mang1403,,3545,language,Austronesian,languages,Map 30 New Britain and New Ireland [46]
mang1404,Mangga Buang,,-6.99891,146.685,mang1404,,3542,language,Austronesian,languages,Map 32 Southern Papua New Guinea [218]
mang1405,Manggarai,,-8.55748,120.329,mang1405,,3543,language,Austronesian,languages,Map 38 Lesser Sunda Islands and Timor [14]
mang1416,Mangas,,10.0839,9.76103,mang1416,,3536,language,Afro-Asiatic,languages,"Map 97 North Plateau, Nigeria [93]; Map 98 North-Eastern Nigeria [95]"
mani1235,Sougb,,-1.49611,133.95,mani1235,,3560,language,East Bird's Head,languages,Map 34 Irian Jaya [120]
mani1292,Manipuri,,24.4409,93.3426,mani1292,,3550,language,Sino-Tibetan,languages,"Map 51 North-East India, Bangladesh, Bhutan and Nepal [137]"
mani1297,Manipa,,-3.30342,127.565,mani1297,,3549,language,Austronesian,languages,Map 37 The Moluccas [2]
mank1251,Mankanya,,12.2615066667,-15.74389,mank1251,,3439 3555,language,Atlantic-Congo,languages,"Map 107 Guinea and Mali [5]; Map 108 Senegal, Gambia and Guinea Bissau [19]"
mann1248,Mann,,7.04616,-8.86405,mann1248,,3557,language,Mande,languages,Map 106 Liberia and Sierra Leone [32]
mano1275,Manombai,,-5.94468,134.329,mano1275,,6480,language,Austronesian,languages,Map 34 Irian Jaya [231]
mans1258,Northern Mansi,,64.4118,61.344,mans1258,,3558,language,Uralic,languages,"Map 56 Western Siberia [22]; Map 58 Western Russia, the Baltic States, Belarus, Ukraine and Moldova [30]"
mans1259,Mansoanka,,12.8218,-15.9202,mans1259,,3656,language,Atlantic-Congo,languages,"Map 108 Senegal, Gambia and Guinea Bissau [32]"
mans1260,Mansim,,-0.915054,134.011116,mans1260,,844,language,Hatam-Mansim,languages,Map 34 Irian Jaya [117]
mant1267,Manta,,6.0213,9.59489,mant1267,,3559,language,Atlantic-Congo,languages,Map 93 Central South-Western Cameroon [21]; Map 95 South-Eastern Nigeria and Mid-Western Cameroon [6]
manu1255,Manumanaw Karen,,19.165,96.9531,manu1255,,3562,language,Sino-Tibetan,languages,Map 49 Burma (Myanmar) [23]
manu1258,Manusela,,-3.1109,129.429,manu1258,,3564,language,Austronesian,languages,Map 37 The Moluccas [25]
many1258,Manyika,,-18.1927,32.8052,many1258,,3567,language,Atlantic-Congo,languages,Map 74 Southern Africa [17]; Map 75 Mozambique [42e]
many1261,Manya,,8.56186,-9.44257,many1261,,3565,language,Mande,languages,"Map 106 Liberia and Sierra Leone [18g, M]"
manz1243,Manza,,6.51218,18.7935,manz1243,,3568,language,Atlantic-Congo,languages,"Map 89 Central African Republic and South-Eastern Chad [37a]; Map 90 Central African Republic, South-Western Chad and Cameroon [38]"
maon1238,Mao Naga,,25.3836,94.0035,maon1238,,3570,language,Sino-Tibetan,languages,"Map 51 North-East India, Bangladesh, Bhutan and Nepal [133]"
maon1241,Maonan,,25.0169,108.024,maon1241,,3572,language,Tai-Kadai,languages,Map 45 China and Mongolia [63]
maor1244,Maore Comorian,,-12.830306,45.154942,maor1244,,3573,language,Atlantic-Congo,languages,Map 75 Mozambique [4]
maor1246,Maori,,-38.2881,176.541,maor1246,,6117,language,Austronesian,languages,Map 26 Polynesia [36]
mapa1244,Ma (Papua New Guinea),,-5.73869,146.364,mapa1244,,3773,language,Nuclear Trans New Guinea,languages,Map 33 Northern Papua New Guinea [127]
mape1249,Mape,,-6.59318,147.682,mape1249,,3574,language,Nuclear Trans New Guinea,languages,Map 32 Southern Papua New Guinea [34]
mape1250,Mapena,,-9.77803,149.495,mape1250,,3575,language,Dagan,languages,Map 31 South-Eastern Papua New Guinea [68]
mapi1250,Mapia,,0.908889,134.304722,mapi1250,,3578,language,Austronesian,languages,Map 28 Micronesia [4]; Map 34 Irian Jaya [233]
mapo1242,Mapos Buang,,-6.86672,146.774,mapo1242,,3579,language,Austronesian,languages,Map 32 Southern Papua New Guinea [217]
mapu1244,Mapun,,6.09061,118.75,mapu1244,,2222,language,Austronesian,languages,Map 40 The Philippines [114]
mapu1245,Mapudungun,,-38.7392,-71.277,mapu1245,,3582,language,Araucanian,languages,Map 22 Southern South America: Time of Contact [249]
maqu1238,Ye'kwana,,4.70705,-64.3877,maqu1238,,3444,language,Cariban,languages,Map 12 Northern South America: Time of Contact [410]
mara1266,Maratino,,24.339089,-98.576661,mara1266,,3596,language,,languages,Map 3 South-Western North America: Time of Contact [83]
mara1378,Marathi,,17.9344,76.6665,mara1378,,3595,language,Indo-European,languages,"Map 51 North-East India, Bangladesh, Bhutan and Nepal [185]; Map 52 Southern India and Sri Lanka [19]; Map 54 North-West India [73]"
mara1379,Maram Naga,,25.4378,94.2205,mara1379,,3590,language,Sino-Tibetan,languages,"Map 51 North-East India, Bangladesh, Bhutan and Nepal [135]"
mara1382,Mara,,22.1138,93.0387,mara1382,,3585,language,Sino-Tibetan,languages,"Map 51 North-East India, Bangladesh, Bhutan and Nepal [150]"
mara1385,Marra,,-14.7927,134.865,mara1385,,3584,language,Mangarrayi-Maran,languages,Map 35 Australia: Time of Contact [69]; Map 35 Australia: Time of Contact [70]
mara1393,Marachi,,0.34,34.22,mara1393,,3586,language,Atlantic-Congo,languages,Map 86 Central East Africa [35f]
mara1396,Mararit,,14.087,21.6408,mara1396,,3594,language,Tamaic,languages,Map 71 North-East Africa [89]; Map 72 Sudan and the Horn of Africa [147]
mara1397,Marau,,-1.66738,135.797,mara1397,,3598,language,Austronesian,languages,Map 34 Irian Jaya [200]
mara1399,Maragus,,-16.0695,167.33,mara1399,,3587,language,Austronesian,languages,Map 27 Vanuatu and New Caledonia [84]
mara1404,Maranao,,7.79414,124.175,mara1404,,3592,language,Austronesian,languages,Map 40 The Philippines [95]
mara1407,Maramba,,-4.23908,143.735,mara1407,,3591,language,Bookkeeping,languages,Map 33 Northern Papua New Guinea [363]
marb1239,Marba,,9.54,15.8,marb1239,,3601 3936,language,Afro-Asiatic,languages,"Map 90 Central African Republic, South-Western Chad and Cameroon [64]; Map 90 Central African Republic, South-Western Chad and Cameroon [65]; Map 94 Northern Cameroon [62]; Map 94 Northern Cameroon [63]"
mare1261,Maremgi,,-2.31915,139.673,mare1261,,3529,language,Tor-Orya,languages,Map 34 Irian Jaya [147]
marg1251,Margu,,-11.1823,132.587,marg1251,,3607,language,Marrku-Wurrugu,languages,Map 35 Australia: Time of Contact [16]
marg1266,Marghi South,,10.53854,12.99521,marg1266,,3605 3606,language,Afro-Asiatic,languages,Map 94 Northern Cameroon [11a]; Map 94 Northern Cameroon [11b]
mari1416,Maring Naga,,24.2854,94.0723,mari1416,,3615,language,Sino-Tibetan,languages,"Map 49 Burma (Myanmar) [46]; Map 51 North-East India, Bangladesh, Bhutan and Nepal [145]"
mari1426,Sunwadia,,-14.970047,168.057941,mari1426,,3617,language,Austronesian,languages,Map 27 Vanuatu and New Caledonia [16]
mari1428,Marik,,-5.349,145.59,mari1428,,1937,language,Austronesian,languages,Map 33 Northern Papua New Guinea [383]
mari1429,Mari (Madang Province),,-5.97399,145.828,mari1429,,3608,language,Austronesian,languages,Map 32 Southern Papua New Guinea [213]; Map 33 Northern Papua New Guinea [395]
mari1432,Mari (East Sepik Province),,-4.46436,142.963,mari1432,,3609,language,Sepik,languages,Map 33 Northern Papua New Guinea [306]
mari1435,Maring,,-5.44015,144.642,mari1435,,3614,language,Nuclear Trans New Guinea,languages,Map 33 Northern Papua New Guinea [159]
mari1438,Maria (Papua New Guinea),,-9.92982,148.303,mari1438,,3611,language,Manubaran,languages,Map 31 South-Eastern Papua New Guinea [54]; Map 32 Southern Papua New Guinea [138]
mari1440,Maricopa,,33.5123,-111.749,mari1440,,3612,language,Cochimi-Yuman,languages,Map 3 South-Western North America: Time of Contact [50]
mark1256,Marka,,12.7178,-3.58355,mark1256,,3618,language,Mande,languages,Map 104 Burkina Faso [75]
maro1244,Marovo,,-8.37943,157.747,maro1244,,3620,language,Austronesian,languages,Map 29 Solomon Islands and Bougainville [27]
mars1254,Marshallese,,8.72,167.73,mars1254,,3628,language,Austronesian,languages,Map 28 Micronesia [17]
mart1255,Martuthunira,,-20.9294,116.607,mart1255,,3630,language,Pama-Nyungan,languages,Map 35 Australia: Time of Contact [133]
mart1256,Martu Wangka,,-23.350911655789,123.66842240336,mart1256,,6303,language,Pama-Nyungan,languages,Map 35 Australia: Time of Contact [156]
maru1249,Maru,,24.942535,99.8338,maru1249,,3631 3632 3633,language,Sino-Tibetan,languages,"Map 46 Yunnan Province, China [43]; Map 47 Northern Thailand, Laos and Vietnam [83]; Map 49 Burma (Myanmar) [64]"
maru1252,Marúbo,,-6.60703,-72.4027,maru1252,,3634,language,Pano-Tacanan,languages,Map 14 Northern Pacific Coast: Time of Contact [220]
marw1260,Marwari (India),,27.002,75.0656,marw1260,,3636,language,Indo-European,languages,"Map 51 North-East India, Bangladesh, Bhutan and Nepal [163]; Map 54 North-West India [57]"
masa1299,Masaaba,,1.05906,34.2829,masa1299,,1790 3638,language,Atlantic-Congo,languages,Map 86 Central East Africa [36]; Map 86 Central East Africa [37]
masa1300,Masai,,-3.1419,36.4573,masa1300,,321 3385 3386,language,Nilotic,languages,Map 72 Sudan and the Horn of Africa [169a]; Map 76 Southern Tanzania [71]; Map 85 Kenyan Coast [44]; Map 86 Central East Africa [4]; Map 86 Central East Africa [74]
masa1311,Masacara,,-17.0,-41.5,masa1311,,3640,language,Kamakanan,languages,Map 18 Brazilian Atlantic Coast: Time of Contact [300]
masa1322,Masana,,10.0606,15.4748,masa1322,,3637,language,Afro-Asiatic,languages,"Map 90 Central African Republic, South-Western Chad and Cameroon [62]; Map 91 Adamawa Region [61]; Map 94 Northern Cameroon [65]"
masb1237,Masbate Sorsogon,,12.8438,124.002,masb1237,,5509,language,Austronesian,languages,Map 40 The Philippines [75]
masb1238,Masbatenyo,,12.21453,123.63579,masb1238,,3647,language,Austronesian,languages,Map 40 The Philippines [74]
mash1267,Mashi (Zambia),,-16.7256,22.5983,mash1267,,3652 3767,language,Atlantic-Congo,languages,Map 77 Zambia [64]; Map 84 Angola [38]
masi1266,Masiwang,,-3.29547,130.601,masi1266,,3653,language,Austronesian,languages,Map 34 Irian Jaya [221]; Map 37 The Moluccas [28]
masl1241,Maslam,,12.1918,14.8873,masl1241,,3655,language,Afro-Asiatic,languages,"Map 90 Central African Republic, South-Western Chad and Cameroon [70c]; Map 99 Lake Chad Region [9]"
mass1262,Massalat,,13.5157,19.7348,mass1262,,5179,language,Maban,languages,Map 71 North-East Africa [36]; Map 72 Sudan and the Horn of Africa [24]
mass1263,Massep,,-1.74679,138.294,mass1263,,3659,language,,languages,Map 34 Irian Jaya [174]
mata1275,Matanawí,,-8.84331,-61.41594,mata1275,,3665,language,,languages,Map 16 Western Brazil: Time of Contact [255]
mata1288,Matagalpa,,13.0333,-86.0,mata1288,,3660,language,Misumalpan,languages,Map 12 Northern South America: Time of Contact [50a]
mata1306,Matal,,10.9284,14.0474,mata1306,,3664,language,Afro-Asiatic,languages,Map 94 Northern Cameroon [28]
matb1237,Matbat,,-1.8801,130.075,matb1237,,3667,language,Austronesian,languages,Map 34 Irian Jaya [211]; Map 37 The Moluccas [48]
mate1258,Matengo,,-11.554,35.0056,mate1258,,3668,language,Atlantic-Congo,languages,Map 75 Mozambique [38]; Map 76 Southern Tanzania [62]
mate1260,Matepi,,-5.13857,145.617,mate1260,,3669,language,Nuclear Trans New Guinea,languages,Map 33 Northern Papua New Guinea [94]
mati1250,Matigsalug Manobo,,7.72124,125.16,mati1250,,5869,language,Austronesian,languages,Map 40 The Philippines [105]
mato1252,Mato,,-5.91639,146.859,mato1252,,4234,language,Austronesian,languages,Map 32 Southern Papua New Guinea [226]
mats1244,Matsés,,-5.73914,-72.6281,mats1244,,3434,language,Pano-Tacanan,languages,Map 14 Northern Pacific Coast: Time of Contact [237]
matt1238,Mattole-Bear River,,40.4321,-122.863,matt1238,,3674,language,Athabaskan-Eyak-Tlingit,languages,Map 4 California: Time of Contact [28]
matu1259,Matumbi,,-8.53734,39.0409,matu1259,,3676,language,Atlantic-Congo,languages,Map 76 Southern Tanzania [30]
matu1261,Matukar,,-4.9078,145.779,matu1261,,3675,language,Austronesian,languages,Map 33 Northern Papua New Guinea [388]
maun1240,Mawng,,-11.66,133.376,maun1240,,3684,language,Iwaidjan Proper,languages,Map 35 Australia: Time of Contact [18]
mauw1238,Mauwake,,-4.52416,145.394,mauw1238,,6102,language,Nuclear Trans New Guinea,languages,Map 33 Northern Papua New Guinea [59]
mawa1266,Mawak,,-4.61817,145.283,mawa1266,,3679,language,Nuclear Trans New Guinea,languages,Map 33 Northern Papua New Guinea [62]
mawa1267,Mawan,,-5.2219,145.589,mawa1267,,3680,language,Nuclear Trans New Guinea,languages,Map 33 Northern Papua New Guinea [97]
mawa1270,Mawa (Chad),,11.7461,18.2999,mawa1270,,3423,language,Afro-Asiatic,languages,"Map 89 Central African Republic and South-Eastern Chad [82a]; Map 90 Central African Republic, South-Western Chad and Cameroon [58]"
mawe1251,Mawes,,-2.36944,139.752,mawe1251,,3682,language,,languages,Map 34 Irian Jaya [146]
maxa1247,Maxakalí,,-16.9402,-40.7891,maxa1247,,3650,language,Nuclear-Macro-Je,languages,Map 18 Brazilian Atlantic Coast: Time of Contact [303]
maxi1236,Maxi Gbe,,7.57292,1.78181,maxi1236,,3420,language,Atlantic-Congo,languages,Map 102 Benin and Togo [1a]
maya1281,Maya Samo,,13.1811,-2.72732,maya1281,,1081 4450,language,Mande,languages,Map 104 Burkina Faso [84a]; Map 104 Burkina Faso [8c]; Map 105 Ivory Coast [61a]; Map 107 Guinea and Mali [28]
mayo1261,Mayogo,,2.79827,27.8282,mayo1261,,3701,language,Atlantic-Congo,languages,Map 79 Democratic Republic of Congo: Orienta [48]
mayo1264,Mayo,,26.4522,-108.981,mayo1264,,3698,language,Uto-Aztecan,languages,Map 3 South-Western North America: Time of Contact [34]
maza1291,Mazanderani,,36.241,52.3009,maza1291,,1668 3703,language,Indo-European,languages,"Map 53 Iran, Afghanistan and Pakistan [15]; Map 53 Iran, Afghanistan and Pakistan [16]"
mbaa1245,Mba,,1.06885,25.143,mbaa1245,,3705,language,Atlantic-Congo,languages,Map 79 Democratic Republic of Congo: Orienta [52]
mbal1255,Central Wambo,,-17.578884,16.027517,mbal1255,,1370 3713,language,Atlantic-Congo,languages,Map 84 Angola [36f]; Map 84 Angola [36l]
mbal1257,Mbala,,-5.11888,18.041,mbal1257,,3711,language,Atlantic-Congo,languages,Map 81 Democratic Republic of Congo: Kasai [67]; Map 83 Democratic Republic of Congo: Bas Congo and Southern Congo [18]
mban1262,Mbangi,,4.69967,22.06451,mban1262,,3717,language,Atlantic-Congo,languages,Map 79 Democratic Republic of Congo: Orienta [54]; Map 82 Democratic Republic of Congo: Equate [45]; Map 89 Central African Republic and South-Eastern Chad [40]
mban1263,Mbandja,,3.98003,19.4455,mban1263,,3720,language,Atlantic-Congo,languages,Map 82 Democratic Republic of Congo: Equate [63]; Map 87 Northern Congo and Southern Central African Republic [96]; Map 89 Central African Republic and South-Eastern Chad [36]
mban1264,Mbangala,,-9.15592,17.4086,mban1264,,3716 5437,language,Atlantic-Congo,languages,Map 84 Angola [11]; Map 84 Angola [13]
mban1268,Mbangwe,,-2.28729,13.5956,mban1268,,3718,language,Atlantic-Congo,languages,Map 83 Democratic Republic of Congo: Bas Congo and Southern Congo [45]; Map 88 Gabon and Equatorial Guinea [27]
mbat1247,Mbato,,5.34421,-3.70421,mbat1247,,3725,language,Atlantic-Congo,languages,Map 105 Ivory Coast [8]
mbat1248,Mbati,,3.94184,17.7529,mbat1248,,3724,language,Atlantic-Congo,languages,Map 87 Northern Congo and Southern Central African Republic [32]
mbay1241,Mbay,,8.23066,15.7328,mbay1241,,3709,language,Central Sudanic,languages,"Map 89 Central African Republic and South-Eastern Chad [67]; Map 90 Central African Republic, South-Western Chad and Cameroon [41c]"
mbed1242,Mbedam,,10.466,13.9322,mbed1242,,3728,language,Afro-Asiatic,languages,Map 94 Northern Cameroon [47]
mbee1249,Mbe,,6.57067,8.82998,mbee1249,,3727,language,Atlantic-Congo,languages,Map 95 South-Eastern Nigeria and Mid-Western Cameroon [38]
mbel1240,Mbelime,,10.4532,0.95645,mbel1240,,4360,language,Atlantic-Congo,languages,Map 102 Benin and Togo [71a]
mber1257,Mbere-Mbamba,,-0.477445,14.2877,mber1257,,507 3715 3734,language,Atlantic-Congo,languages,Map 81 Democratic Republic of Congo: Kasai [23]; Map 81 Democratic Republic of Congo: Kasai [24]; Map 83 Democratic Republic of Congo: Bas Congo and Southern Congo [29a]; Map 83 Democratic Republic of Congo: Bas Congo and Southern Congo [31]; Map 83 Democratic Republic of Congo: Bas Congo and Southern Congo [32]; Map 87 Northern Congo and Southern Central African Republic [67]; Map 88 Gabon and Equatorial Guinea [47]
mbes1238,Mbesa,,1.6207,22.8389,mbes1238,,3735,language,Atlantic-Congo,languages,Map 79 Democratic Republic of Congo: Orienta [40]; Map 82 Democratic Republic of Congo: Equate [43]
mboc1235,Mbo (Cameroon),,5.13981,9.92766,mboc1235,,4411 4412,language,Atlantic-Congo,languages,Map 93 Central South-Western Cameroon [88b]; Map 93 Central South-Western Cameroon [88c]
mbod1238,Mbo (Democratic Republic of Congo),,1.11602,28.018,mbod1238,,3739,language,Atlantic-Congo,languages,Map 79 Democratic Republic of Congo: Orienta [13]
mboi1246,Mboi,,9.86954,12.545,mboi1246,,526 1947 3742,language,Atlantic-Congo,languages,Map 100 Northern Nigeria and Niger [29]; Map 94 Northern Cameroon [4]; Map 98 North-Eastern Nigeria [9a]; Map 98 North-Eastern Nigeria [9b]; Map 98 North-Eastern Nigeria [9c]
mbok1243,Mboko,,0.43541,14.7935,mbok1243,,3744 4284,language,Atlantic-Congo,languages,Map 81 Democratic Republic of Congo: Kasai [19]; Map 83 Democratic Republic of Congo: Bas Congo and Southern Congo [39]; Map 83 Democratic Republic of Congo: Bas Congo and Southern Congo [39a]; Map 87 Northern Congo and Southern Central African Republic [39]; Map 87 Northern Congo and Southern Central African Republic [43]
mbol1247,Mbole,,-0.57181,24.0443,mbol1247,,3745,language,Atlantic-Congo,languages,Map 79 Democratic Republic of Congo: Orienta [23c]; Map 80 Democratic Republic of Congo: Kivu [6]; Map 81 Democratic Republic of Congo: Kasai [41]
mbon1252,Mbonga,,5.7517,13.6471,mbon1252,,3748,language,Atlantic-Congo,languages,Map 91 Adamawa Region [50]
mbon1253,Mbongno,,6.82543,11.1316,mbon1253,,3741,language,Atlantic-Congo,languages,Map 95 South-Eastern Nigeria and Mid-Western Cameroon [65]
mbos1242,Mbosi,,-1.23019,15.5322,mbos1242,,3537 3751 3753 4203 4635,language,Atlantic-Congo,languages,Map 81 Democratic Republic of Congo: Kasai [14]; Map 82 Democratic Republic of Congo: Equate [40]; Map 83 Democratic Republic of Congo: Bas Congo and Southern Congo [34]; Map 83 Democratic Republic of Congo: Bas Congo and Southern Congo [34b]; Map 83 Democratic Republic of Congo: Bas Congo and Southern Congo [34c]; Map 83 Democratic Republic of Congo: Bas Congo and Southern Congo [34d]; Map 87 Northern Congo and Southern Central African Republic [40]
mbug1242,Mbugwe,,-3.75763,35.8133,mbug1242,,3755,language,Atlantic-Congo,languages,Map 86 Central East Africa [23]
mbuk1240,Mbukushu,,-17.6827,22.5026,mbuk1240,,3758,language,Atlantic-Congo,languages,Map 74 Southern Africa [37a]; Map 77 Zambia [64a]; Map 84 Angola [40]
mbuk1243,Mbuko,,10.7788,14.1677,mbuk1243,,3757,language,Afro-Asiatic,languages,Map 94 Northern Cameroon [26]
mbul1258,Mbulungish,,10.8553,-14.7372,mbul1258,,3761,language,Atlantic-Congo,languages,Map 107 Guinea and Mali [4a]
mbul1260,Mbula-Bwazza,,9.60769,12.2439,mbul1260,,3759,language,Atlantic-Congo,languages,Map 91 Adamawa Region [53]; Map 98 North-Eastern Nigeria [43]
mbul1262,Mbule,,4.50635,10.9924,mbul1262,,1407,language,Atlantic-Congo,languages,Map 92 South-Western Cameroon [6]; Map 93 Central South-Western Cameroon [69b]
mbul1263,Mbula,,-5.66965,148.041,mbul1263,,3533,language,Austronesian,languages,Map 30 New Britain and New Ireland [34]; Map 33 Northern Papua New Guinea [380]
mbum1254,Mbum,,7.5789,14.2722,mbum1254,,1454 1736 6404,language,Atlantic-Congo,languages,"Map 87 Northern Congo and Southern Central African Republic [72]; Map 90 Central African Republic, South-Western Chad and Cameroon [9]; Map 91 Adamawa Region [27]; Map 91 Adamawa Region [29]; Map 91 Adamawa Region [31]"
mbun1248,Mbunga,,-8.19661,36.5362,mbun1248,,3763,language,Atlantic-Congo,languages,Map 76 Southern Tanzania [31]
mbun1249,Mbunda,,-14.603,21.9768,mbun1249,,3762,language,Atlantic-Congo,languages,Map 77 Zambia [71]; Map 84 Angola [46]
meak1234,Meakambut,,-4.833,143.783,meak1234,,3770,language,Arafundi,languages,Map 33 Northern Papua New Guinea [328]
mede1237,Medebur,,-4.49918,145.425,mede1237,,3774,language,Austronesian,languages,Map 33 Northern Papua New Guinea [396]
medu1238,Medumba,,5.10901,10.6118,medu1238,,3775,language,Atlantic-Congo,languages,Map 93 Central South-Western Cameroon [48]
meen1242,Me'en,,6.63207,35.6255,meen1242,,780 3769,language,Surmic,languages,Map 72 Sudan and the Horn of Africa [129]; Map 72 Sudan and the Horn of Africa [130]
mefe1242,Mefele,,10.677,13.8201,mefe1242,,3776,language,Afro-Asiatic,languages,Map 94 Northern Cameroon [41]
mehe1242,Meherrin,,36.66342,-77.57783,mehe1242,,3780,language,Unclassifiable,languages,Map 1 East Coast and Great Lakes: Time of Contact [47]
mehe1243,Mehek,,-3.70927,142.498,mehe1243,,3779,language,Sepik,languages,Map 33 Northern Papua New Guinea [282]
mehr1241,Mehri,,16.793,52.473,mehr1241,,3781,language,Afro-Asiatic,languages,Map 70 The Middle East and Arabian Peninsula [100]
meke1243,Mekeo,,-8.23853,146.586,meke1243,,3787,language,Austronesian,languages,Map 32 Southern Papua New Guinea [228]
mekm1240,Mekmek,,-4.47017,143.75,mekm1240,,3788,language,Yuat,languages,Map 33 Northern Papua New Guinea [359]
mekw1241,Mekwei,,-2.52264,140.326,mekw1241,,3790,language,Nimboranic,languages,Map 34 Irian Jaya [157]
mele1250,Mele-Fila,,-17.6841,168.275,mele1250,,2097,language,Austronesian,languages,Map 27 Vanuatu and New Caledonia [137]
melo1242,Melo,,6.53916,36.811,melo1242,,3485,language,Ta-Ne-Omotic,languages,Map 72 Sudan and the Horn of Africa [76]
melp1238,Melpa,,-5.62644,144.34,melp1238,,1923,language,Nuclear Trans New Guinea,languages,"Map 32 Southern Papua New Guinea [20, D]; Map 33 Northern Papua New Guinea [160]"
mend1261,Mendankwe-Nkwen,,6.00034,10.2307,mend1261,,4410,language,Atlantic-Congo,languages,Map 93 Central South-Western Cameroon [53]; Map 95 South-Eastern Nigeria and Mid-Western Cameroon [59]
mend1266,Mende (Sierra Leone),,7.90935,-10.9926,mend1266,,3795,language,Mande,languages,Map 106 Liberia and Sierra Leone [28]
mend1267,Mendalam Kayan,,0.98794,113.286,mend1267,,3794,language,Austronesian,languages,Map 41 Borneo and Madagascar [49]
meng1264,Mengaka,,5.71399,10.3377,meng1264,,3777,language,Atlantic-Congo,languages,Map 93 Central South-Western Cameroon [57]
meng1267,Mengen,,-5.47036,151.373,meng1267,,3798,language,Austronesian,languages,Map 30 New Britain and New Ireland [49]
meni1247,Menien,,-15.8814845,-39.0532429,meni1247,,3804,language,Kamakanan,languages,Map 18 Brazilian Atlantic Coast: Time of Contact [299]
menk1238,Menka,,5.94639,9.69161,menk1238,,3799,language,Atlantic-Congo,languages,Map 93 Central South-Western Cameroon [38]; Map 95 South-Eastern Nigeria and Mid-Western Cameroon [40e]
meno1252,Menominee,,44.9794,-88.6395,meno1252,,3800,language,Algic,languages,Map 1 East Coast and Great Lakes: Time of Contact [12]
ment1249,Mentawai,,-1.41092,98.9401,ment1249,,3802,language,Austronesian,languages,Map 43 Sumatra [3]
meny1245,Menya,,-7.17425,146.071,meny1245,,3803,language,Angan,languages,Map 32 Southern Papua New Guinea [112]
meos1237,Meoswar,,-2.07828,134.378,meos1237,,3806,language,Austronesian,languages,Map 34 Irian Jaya [194]
mera1242,Meramera,,-4.97468,151.528,mera1242,,3807,language,Austronesian,languages,Map 30 New Britain and New Ireland [72]
mere1242,Merei,,-15.2839,166.905,mere1242,,3484 3808,language,Austronesian,languages,Map 27 Vanuatu and New Caledonia [41]; Map 27 Vanuatu and New Caledonia [43]
mere1246,Merey,,10.7458,14.09,mere1246,,3809,language,Afro-Asiatic,languages,Map 94 Northern Cameroon [36]
meri1244,Meriam,,-9.59575,143.773,meri1244,,3857,language,Eastern Trans-Fly,languages,Map 32 Southern Papua New Guinea [195]
meru1245,Meru,,0.26484,37.7396,meru1245,,2102 2105 2138 3811 3867 4391 5865,language,Atlantic-Congo,languages,Map 72 Sudan and the Horn of Africa [202]; Map 72 Sudan and the Horn of Africa [203]; Map 72 Sudan and the Horn of Africa [204]; Map 85 Kenyan Coast [34]; Map 85 Kenyan Coast [34a]; Map 85 Kenyan Coast [34b]; Map 85 Kenyan Coast [34c]; Map 85 Kenyan Coast [34d]; Map 85 Kenyan Coast [35]; Map 85 Kenyan Coast [36]; Map 86 Central East Africa [10]; Map 86 Central East Africa [11]
mesa1245,Ugare,,6.32679,9.8723,mesa1245,,620 6087,language,Atlantic-Congo,languages,Map 95 South-Eastern Nigeria and Mid-Western Cameroon [7]; Map 95 South-Eastern Nigeria and Mid-Western Cameroon [8]
mesc1238,Mescalero-Chiricahua Apache,,33.1291,-105.566,mesc1238,,1118 3812,language,Athabaskan-Eyak-Tlingit,languages,Map 3 South-Western North America: Time of Contact [7]; Map 3 South-Western North America: Time of Contact [8]
mese1244,Mese,,-6.56072,147.137,mese1244,,3815,language,Nuclear Trans New Guinea,languages,Map 32 Southern Papua New Guinea [48]
mesk1242,Meskwaki,,44.0,-89.0,mesk1242,,5248,language,Algic,languages,Map 1 East Coast and Great Lakes: Time of Contact [14]
mesm1239,Mesme,,9.28888,15.7018,mesm1239,,3816,language,Afro-Asiatic,languages,"Map 90 Central African Republic, South-Western Chad and Cameroon [66]; Map 94 Northern Cameroon [61]"
mesq1240,Mesqan,,8.10617,38.3386,mesq1240,,4088,language,Afro-Asiatic,languages,Map 72 Sudan and the Horn of Africa [38]
meta1238,Meta',,5.88942,9.87416,meta1238,,3818 3896,language,Atlantic-Congo,languages,Map 93 Central South-Western Cameroon [36]; Map 93 Central South-Western Cameroon [37]; Map 95 South-Eastern Nigeria and Mid-Western Cameroon [40b]
mewa1249,Mewari,,24.57,73.68,mewa1249,,3821,language,Indo-European,languages,Map 54 North-West India [60]
mewa1250,Mewati,,27.736,76.947,mewa1250,,3822,language,Indo-European,languages,Map 54 North-West India [63]
meya1236,Meyah,,-1.18016,133.618,meya1236,,3771,language,East Bird's Head,languages,Map 34 Irian Jaya [118]
mfin1238,Mfinu,,-4.26573,16.2559,mfin1238,,3824,language,Atlantic-Congo,languages,Map 81 Democratic Republic of Congo: Kasai [36]; Map 83 Democratic Republic of Congo: Bas Congo and Southern Congo [58]
mfum1238,Southern Mfumte,,6.6,10.936386,mfum1238,,2820 3706 3825,language,Atlantic-Congo,languages,Map 95 South-Eastern Nigeria and Mid-Western Cameroon [42e]; Map 95 South-Eastern Nigeria and Mid-Western Cameroon [47]; Map 95 South-Eastern Nigeria and Mid-Western Cameroon [49]
miam1252,Miami,,40.0,-90.0,miam1252,,2134 3827,language,Algic,languages,Map 1 East Coast and Great Lakes: Time of Contact [17]; Map 1 East Coast and Great Lakes: Time of Contact [18]
mian1254,Miani,,-4.42116,145.276,mian1254,,5732,language,Nuclear Trans New Guinea,languages,Map 33 Northern Papua New Guinea [57]
mian1256,Mian,,-4.70881,141.523,mian1256,,3828,language,Nuclear Trans New Guinea,languages,Map 33 Northern Papua New Guinea [178]; Map 34 Irian Jaya [6]
mich1245,Michoacán Nahuatl,,18.3412,-103.361,mich1245,,6425,language,Uto-Aztecan,languages,Map 10 Meso-America: Time of Contact [59b]
midd1327,Middle Watut,,-6.88249,146.399126,midd1327,,5422,language,Austronesian,languages,Map 32 Southern Papua New Guinea [202]
mido1240,Midob,,14.789,27.2236,mido1240,,3782,language,Nubian,languages,Map 71 North-East Africa [79]; Map 72 Sudan and the Horn of Africa [121]
mids1243,Mid-Southern Banda,,5.87893,22.4666,mids1243,,831 6349 6554,language,Atlantic-Congo,languages,"Map 79 Democratic Republic of Congo: Orienta [55e]; Map 79 Democratic Republic of Congo: Orienta [55f]; Map 82 Democratic Republic of Congo: Equate [51]; Map 82 Democratic Republic of Congo: Equate [52]; Map 89 Central African Republic and South-Eastern Chad [20]; Map 89 Central African Republic and South-Eastern Chad [21]; Map 89 Central African Republic and South-Eastern Chad [22]; Map 90 Central African Republic, South-Western Chad and Cameroon [28]"
miga1241,Migabac,,-6.33237,147.713,miga1241,,3835,language,Nuclear Trans New Guinea,languages,Map 32 Southern Papua New Guinea [31]
miju1243,Kman,,28.4732,97.0444,miju1243,,2629,language,Sino-Tibetan,languages,"Map 45 China and Mongolia [107]; Map 49 Burma (Myanmar) [13]; Map 51 North-East India, Bangladesh, Bhutan and Nepal [101]"
mika1239,Mikasuki,,31.5,-84.0,mika1239,,2006,language,Muskogean,languages,Map 2 South-Eastern North America: Time of Contact [49]
mika1256,Mikaya-Bambengangale-Baluma,,1.488279,15.951762,mika1256,,3842,language,Atlantic-Congo,languages,Map 87 Northern Congo and Southern Central African Republic [55]
mikm1235,Mi'kmaq,,46.0,-64.0,mikm1235,,3832,language,Algic,languages,Map 1 East Coast and Great Lakes: Time of Contact [20]
mill1237,Millcayac,,-31.79729,-67.569581,mill1237,,3845,language,Huarpean,languages,Map 22 Southern South America: Time of Contact [250b]
milt1241,Miltu,,10.2347,17.4126,milt1241,,3843,language,Afro-Asiatic,languages,"Map 89 Central African Republic and South-Eastern Chad [81b]; Map 90 Central African Republic, South-Western Chad and Cameroon [47]"
milu1241,Miluk,,43.3215,-124.258,milu1241,,3844,language,Coosan,languages,Map 4 California: Time of Contact [20]
mina1268,Minangkabau,,-0.896,100.44,mina1268,,3846,language,Austronesian,languages,Map 43 Sumatra [12]; Map 44 West Malaysia and Singapore [16]
mina1269,Minaveha,,-9.59922,150.501,mina1269,,2956,language,Austronesian,languages,Map 31 South-Eastern Papua New Guinea [8]
mina1274,Minanibai-Foia Foia,,-7.61717,144.011,mina1274,,3847,language,Anim,languages,Map 32 Southern Papua New Guinea [170]
mina1276,Mina (Cameroon),,10.38053,13.84054,mina1276,,694,language,Afro-Asiatic,languages,Map 94 Northern Cameroon [46]
minb1236,Min Bei Chinese,,27.05,118.32,minb1236,,4464,language,Sino-Tibetan,languages,Map 45 China and Mongolia [11]
mind1253,Min Dong Chinese,,26.0,119.5,mind1253,,1459,language,Sino-Tibetan,languages,Map 45 China and Mongolia [12]
mind1255,Mindiri,,-5.5,146.15,mind1255,,3848,language,Austronesian,languages,Map 33 Northern Papua New Guinea [391]
ming1252,Mingrelian,,42.5129,41.8719,ming1252,,3851,language,Kartvelian,languages,Map 59 The Caucasus [50]
ming1254,Mingang Doso,,9.25942,11.295,ming1254,,4024,language,Atlantic-Congo,languages,Map 98 North-Eastern Nigeria [15]
minh1238,Mangghuer,,36.33736,102.80434,minh1238,,3852,language,Mongolic-Khitan,languages,Map 45 China and Mongolia [30]
mini1253,Minidien,,-3.59408,142.33,mini1253,,6443,language,Nuclear Torricelli,languages,Map 33 Northern Papua New Guinea [248]
mini1256,Minica Huitoto,,-1.54535,-73.1107,mini1256,,3796,language,Huitotoan,languages,Map 12 Northern South America: Time of Contact [190]
mink1237,Minkin,,-17.736653,139.541931,mink1237,,3850,language,,languages,Map 35 Australia: Time of Contact [102]
minn1241,Min Nan Chinese,,24.5,118.17,minn1241,,5538 5547,language,Sino-Tibetan,languages,"Map 45 China and Mongolia [13]; Map 50 Japan, Korea and Taiwan [3]"
minz1235,Min Zhong Chinese,,26.0686,117.376,minz1235,,1000,language,Sino-Tibetan,languages,Map 45 China and Mongolia [10]
miqi1235,Miqie,,25.3,102.301,miqi1235,,3831,language,Sino-Tibetan,languages,"Map 46 Yunnan Province, China [67]"
miri1266,Miriwung,,-16.3596,128.889,miri1266,,1656,language,Jarrakan,languages,Map 35 Australia: Time of Contact [74]; Map 35 Australia: Time of Contact [75]
mish1244,Miship,,9.20477,9.33752,mish1244,,1113,language,Afro-Asiatic,languages,"Map 96 South Plateau, Nigeria [62]"
misi1242,Mising-Padam-Miri-Minyong,,27.418,94.69,misi1242,,3864,language,Sino-Tibetan,languages,"Map 51 North-East India, Bangladesh, Bhutan and Nepal [98]"
misi1243,Misima-Paneati,,-10.6821,152.696,misi1243,,3863,language,Austronesian,languages,Map 31 South-Eastern Papua New Guinea [48]
misk1235,Mískito,,15.1576,-84.2942,misk1235,,4089,language,Misumalpan,languages,Map 12 Northern South America: Time of Contact [48]
mitu1240,Mituku,,-1.57031,25.104,mitu1240,,3866,language,Atlantic-Congo,languages,Map 80 Democratic Republic of Congo: Kivu [7]; Map 81 Democratic Republic of Congo: Kasai [42]
miya1266,Miya,,10.9234,9.71505,miya1266,,3870,language,Afro-Asiatic,languages,"Map 97 North Plateau, Nigeria [81]"
miyo1238,Miyobe,,9.94366,1.33302,miyo1238,,3874,language,Atlantic-Congo,languages,Map 102 Benin and Togo [61]; Map 103 Ghana [61]; Map 104 Burkina Faso [34]
mlab1235,Mlabri,,18.5533,101.163,mlab1235,,3876,language,Austroasiatic,languages,"Map 47 Northern Thailand, Laos and Vietnam [37]"
mlom1238,Mlomp,,12.8318,-16.5383,mlom1238,,3877,language,Atlantic-Congo,languages,"Map 108 Senegal, Gambia and Guinea Bissau [16]"
mmaa1238,Mmaala,,4.52188,11.0599,mmaa1238,,3878,language,Atlantic-Congo,languages,Map 92 South-Western Cameroon [5a]
mmen1238,Mmen,,6.43213,10.2541,mmen1238,,3880,language,Atlantic-Congo,languages,Map 95 South-Eastern Nigeria and Mid-Western Cameroon [42b]
moba1244,Moba,,10.9496,0.159565,moba1244,,3883,language,Atlantic-Congo,languages,Map 102 Benin and Togo [60]; Map 103 Ghana [56]; Map 104 Burkina Faso [33]
mobw1234,Mobwa Karen,,19.0443,96.6027,mobw1234,,3944,language,Sino-Tibetan,languages,Map 49 Burma (Myanmar) [31]
moch1256,Mochi,,-3.33743,37.3357,moch1256,,6084,language,Atlantic-Congo,languages,Map 86 Central East Africa [6f]
moch1259,Mochica,,-8.01667,-79.0,moch1259,,3888,language,,languages,Map 14 Northern Pacific Coast: Time of Contact [192]
moco1246,Mocoví,,-28.097,-60.4145,moco1246,,3910,language,Guaicuruan,languages,Map 22 Southern South America: Time of Contact [263]
moda1244,Modang,,0.80793,116.573,moda1244,,3889,language,Austronesian,languages,"Map 41 Borneo and Madagascar [56, C]"
mode1248,Modern Greek,,38.36,23.13,mode1248,,1824,language,Indo-European,languages,"Map 60 Turkey [4]; Map 61 Hungary, Romania and the Balkans [13]; Map 66 Albania, Greece, Crete and Cyprus [2]; Map 67 Italy, Corsica, Sardinia, Sicily and Malta [14]"
modo1249,Modole,,1.40199,127.752,modo1249,,3891,language,North Halmahera,languages,Map 37 The Moluccas [64]
moer1240,Moere,,-4.62246,145.458,moer1240,,3892,language,Nuclear Trans New Guinea,languages,Map 33 Northern Papua New Guinea [61]
mofu1248,Mofu-Gudur,,10.567,14.0314,mofu1248,,3895,language,Afro-Asiatic,languages,Map 94 Northern Cameroon [39b]
mogu1251,Mogum,,11.5199,18.6082,mogu1251,,2780,language,Afro-Asiatic,languages,Map 89 Central African Republic and South-Eastern Chad [88]
moha1256,Mohave,,34.8866,-114.599,moha1256,,3897,language,Cochimi-Yuman,languages,Map 3 South-Western North America: Time of Contact [49]
moha1258,Mohawk,,43.72,-74.66836,moha1258,,3899,language,Iroquoian,languages,Map 1 East Coast and Great Lakes: Time of Contact [37]
mohe1244,Mohegan-Montauk-Narragansett,,41.8581,-72.1701,mohe1244,,3657 3901,language,Algic,languages,Map 1 East Coast and Great Lakes: Time of Contact [25]; Map 1 East Coast and Great Lakes: Time of Contact [27]
moic1236,Moi (Congo),,-1.72413,16.4556,moic1236,,3976 4548,language,Atlantic-Congo,languages,Map 81 Democratic Republic of Congo: Kasai [12]; Map 81 Democratic Republic of Congo: Kasai [13]; Map 83 Democratic Republic of Congo: Bas Congo and Southern Congo [61]; Map 83 Democratic Republic of Congo: Bas Congo and Southern Congo [64]
moii1235,Moi (Indonesia),,-0.96532,131.52,moii1235,,3903,language,West Bird's Head,languages,Map 34 Irian Jaya [106]; Map 37 The Moluccas [55]
moik1239,Moikodi,,-9.60232,148.312,moik1239,,1383,language,Yareban,languages,Map 31 South-Eastern Papua New Guinea [57]; Map 32 Southern Papua New Guinea [133]
moke1240,Mokerang,,-2.01602,147.423,moke1240,,3907,language,Austronesian,languages,Map 30 New Britain and New Ireland [12]
moke1242,Moken,,10.1474,98.6765,moke1242,,3906,language,Austronesian,languages,"Map 48 Southern Thailand, Laos and Vietnam, and Cambodia [9]"
mokk1243,Mok,,18.9117,99.5821,mokk1243,,3904,language,Austroasiatic,languages,"Map 47 Northern Thailand, Laos and Vietnam [34]"
mokl1243,Moklen,,8.16761,98.3176,mokl1243,,3909,language,Austronesian,languages,"Map 48 Southern Thailand, Laos and Vietnam, and Cambodia [10]"
mokp1239,Mokpwe,,4.24178,9.23887,mokp1239,,3912,language,Atlantic-Congo,languages,Map 92 South-Western Cameroon [17]; Map 93 Central South-Western Cameroon [91]
moks1248,Moksha,,54.1855,42.6728,moks1248,,3913,language,Uralic,languages,"Map 58 Western Russia, the Baltic States, Belarus, Ukraine and Moldova [23]"
mola1238,Molale,,44.556,-122.857,mola1238,,3915,language,,languages,Map 4 California: Time of Contact [10]
molb1237,Molbog,,7.956663,117.030502,molb1237,,3916,language,Austronesian,languages,Map 40 The Philippines [60]
mole1238,Molengue,,1.3718,9.61289,mole1238,,3214,language,Atlantic-Congo,languages,Map 88 Gabon and Equatorial Guinea [36]
moli1248,Molima,,-9.57457,150.614,moli1248,,1593 3918,language,Austronesian,languages,Map 31 South-Eastern Papua New Guinea [33]; Map 31 South-Eastern Papua New Guinea [34]
molo1262,Molof,,-3.41946,140.557,molo1262,,3919,language,,languages,Map 34 Irian Jaya [82]
molo1266,Moloko,,10.7933,14.2521,molo1266,,3920,language,Afro-Asiatic,languages,Map 94 Northern Cameroon [30]
moma1243,Momare,,-6.3409,147.79,moma1243,,3921,language,Nuclear Trans New Guinea,languages,Map 32 Southern Papua New Guinea [29]
momb1254,Mombo Dogon,,14.376155,-3.664799,momb1254,,3922,language,Dogon,languages,Map 104 Burkina Faso [4c]
mond1265,Mondropolon,,-2.01359,146.931,mond1265,,3925,language,Austronesian,languages,Map 30 New Britain and New Ireland [8]
mong1330,Mongolia Buriat,,48.7686,109.005,mong1330,,942,language,Mongolic-Khitan,languages,Map 45 China and Mongolia [28]
mong1338,Mongo,,-1.54228,20.4259,mong1338,,147 798 823 851 1523 2838 3267 3306 3731 3737 3805 3927 4409 4517 6363 6543 6645,language,Atlantic-Congo,languages,Map 79 Democratic Republic of Congo: Orienta [41]; Map 79 Democratic Republic of Congo: Orienta [41b]; Map 79 Democratic Republic of Congo: Orienta [41c]; Map 79 Democratic Republic of Congo: Orienta [41d]; Map 80 Democratic Republic of Congo: Kivu [4]; Map 80 Democratic Republic of Congo: Kivu [4h]; Map 80 Democratic Republic of Congo: Kivu [4i]; Map 80 Democratic Republic of Congo: Kivu [4j]; Map 80 Democratic Republic of Congo: Kivu [4k]; Map 80 Democratic Republic of Congo: Kivu [71g]; Map 81 Democratic Republic of Congo: Kasai [1]; Map 81 Democratic Republic of Congo: Kasai [1b]; Map 81 Democratic Republic of Congo: Kasai [1c]; Map 81 Democratic Republic of Congo: Kasai [1d]; Map 81 Democratic Republic of Congo: Kasai [1g]; Map 81 Democratic Republic of Congo: Kasai [1j]; Map 81 Democratic Republic of Congo: Kasai [1m]; Map 81 Democratic Republic of Congo: Kasai [1n]; Map 81 Democratic Republic of Congo: Kasai [1o]; Map 81 Democratic Republic of Congo: Kasai [1p]; Map 81 Democratic Republic of Congo: Kasai [1q]; Map 81 Democratic Republic of Congo: Kasai [1v]; Map 81 Democratic Republic of Congo: Kasai [1w]; Map 81 Democratic Republic of Congo: Kasai [1x]; Map 81 Democratic Republic of Congo: Kasai [1y]; Map 81 Democratic Republic of Congo: Kasai [3]; Map 82 Democratic Republic of Congo: Equate [42]; Map 82 Democratic Republic of Congo: Equate [42a]; Map 82 Democratic Republic of Congo: Equate [42b]; Map 82 Democratic Republic of Congo: Equate [42c]; Map 82 Democratic Republic of Congo: Equate [42d]; Map 83 Democratic Republic of Congo: Bas Congo and Southern Congo [70]; Map 87 Northern Congo and Southern Central African Republic [44]
mong1342,Mongondow,,0.64616,124.114,mong1342,,803,language,Austronesian,languages,Map 39 Sulawesi [11]
mong1344,Mwakai,,-4.30038,143.965,mong1344,,3928,language,Keram,languages,Map 33 Northern Papua New Guinea [320]
moni1261,Moni,,-3.72962,136.886,moni1261,,3929,language,Nuclear Trans New Guinea,languages,Map 34 Irian Jaya [51]
monn1252,Mon,,15.49394,98.122465,monn1252,,3924,language,Austroasiatic,languages,"Map 48 Southern Thailand, Laos and Vietnam, and Cambodia [25]; Map 49 Burma (Myanmar) [11]"
mono1268,Monom,,14.5948,108.348,mono1268,,3937,language,Austroasiatic,languages,"Map 48 Southern Thailand, Laos and Vietnam, and Cambodia [56]"
mono1269,Mono (Cameroon),,8.78372,14.2254,mono1269,,3934,language,Atlantic-Congo,languages,Map 91 Adamawa Region [23]
mono1270,Mono (Democratic Republic of Congo),,4.57915,19.8264,mono1270,,3933,language,Atlantic-Congo,languages,Map 82 Democratic Republic of Congo: Equate [50]; Map 89 Central African Republic and South-Eastern Chad [23a]
mono1273,Mono-Alu,,-7.05102,155.76,mono1273,,3935,language,Austronesian,languages,Map 29 Solomon Islands and Bougainville [12]
mono1275,Mono (USA),,37.1935,-119.347,mono1275,,3932,language,Uto-Aztecan,languages,Map 4 California: Time of Contact [92]
monq1236,Monqui,,,,monq1236,,3938,language,Unclassifiable,languages,Map 3 South-Western North America: Time of Contact [70]
mont1268,Montagnais,,49.0533,-68.7376,mont1268,,3939,language,Algic,languages,Map 7 Northern North America: Time of Contact [69]
mont1280,Montol,,9.01778,9.65014,mont1280,,3940,language,Afro-Asiatic,languages,"Map 96 South Plateau, Nigeria [69]; Map 98 North-Eastern Nigeria [85]"
monz1249,Monzombo,,3.19008,18.5129,monz1249,,3942,language,Atlantic-Congo,languages,Map 82 Democratic Republic of Congo: Equate [65]; Map 87 Northern Congo and Southern Central African Republic [76]
mopa1243,Mopan,,16.3533,-89.0673,mopa1243,,3945,language,Mayan,languages,Map 10 Meso-America: Time of Contact [4]
mora1239,Moraid,,-1.04083,131.965,mora1239,,3949,language,West Bird's Head,languages,Map 34 Irian Jaya [107]
mora1273,Morawa,,-10.1321,148.671,mora1273,,3951,language,Mailuan,languages,Map 31 South-Eastern Papua New Guinea [62]
morb1239,Mor (Bomberai Peninsula),,-2.85747,132.845,morb1239,,3947,language,,languages,Map 34 Irian Jaya [57]
more1258,Moresada,,-4.57497,144.988,more1258,,3952,language,Nuclear Trans New Guinea,languages,Map 33 Northern Papua New Guinea [4]
mori1268,Mori Bawah,,-2.56016,121.37,mori1268,,3953,language,Austronesian,languages,Map 39 Sulawesi [37]
mori1271,Morigi,,-7.62961,143.88,mori1271,,3954,language,Kiwaian,languages,Map 32 Southern Papua New Guinea [159]
morm1235,Mor (Mor Islands),,-2.87055,135.95,morm1235,,4090,language,Austronesian,languages,Map 34 Irian Jaya [185]
moro1286,Ande,,-15.3498,166.891,moro1286,,3955,language,Austronesian,languages,Map 27 Vanuatu and New Caledonia [40]
moro1289,Marori,,-8.5692,140.688,moro1289,,3950,language,,languages,Map 34 Irian Jaya [93]
mort1237,Mortlockese,,5.50735,153.710778,mort1237,,3956,language,Austronesian,languages,Map 28 Micronesia [10]
moru1253,Moru,,5.1232,30.3287,moru1253,,3957,language,Central Sudanic,languages,Map 72 Sudan and the Horn of Africa [174]; Map 79 Democratic Republic of Congo: Orienta [65c]
mose1249,Mosetén-Chimané,,-14.64448,-67.83756,mose1249,,1103 3961,language,,languages,Map 20 Central Pacific Coast: Time of Contact [244a]; Map 20 Central Pacific Coast: Time of Contact [244b]
mosi1248,Mosimo,,-4.95226,145.605,mosi1248,,3964,language,Nuclear Trans New Guinea,languages,Map 33 Northern Papua New Guinea [98]
moss1236,Mossi,,11.95,-1.32,moss1236,,3943,language,Atlantic-Congo,languages,Map 104 Burkina Faso [14]
motl1237,Mwotlap,,-13.655015,167.706277,motl1237,,3968,language,Austronesian,languages,Map 27 Vanuatu and New Caledonia [5]
motu1246,Motu,,-9.67492,147.424,motu1246,,3969,language,Austronesian,languages,Map 32 Southern Papua New Guinea [234]
mouk1239,Mouk-Aria,,-5.71155,149.158,mouk1239,,3905,language,Austronesian,languages,Map 30 New Britain and New Ireland [38]
moun1252,Mountain Koiali,,-9.06973,147.384,moun1252,,3971,language,Koiarian,languages,Map 31 South-Eastern Papua New Guinea [49]; Map 32 Southern Papua New Guinea [127]
movi1243,Movima,,-13.8115,-65.6348,movi1243,,3974,language,,languages,Map 20 Central Pacific Coast: Time of Contact [333]
moyo1238,Moyon,,24.4793,94.3421,moyo1238,,3702,language,Sino-Tibetan,languages,"Map 51 North-East India, Bangladesh, Bhutan and Nepal [143]"
mpad1242,Mpade,,12.561391,14.446893,mpad1242,,2897 3979,language,Afro-Asiatic,languages,"Map 90 Central African Republic, South-Western Chad and Cameroon [69]; Map 90 Central African Republic, South-Western Chad and Cameroon [70e]; Map 94 Northern Cameroon [56b]; Map 99 Lake Chad Region [13]; Map 99 Lake Chad Region [4]"
mpam1239,Mpama,,-0.739203,17.685662,mpam1239,,3981,language,Atlantic-Congo,languages,Map 81 Democratic Republic of Congo: Kasai [4a]
mpie1238,Mpiemo,,3.45776,15.5246,mpie1238,,720 3984,language,Atlantic-Congo,languages,Map 87 Northern Congo and Southern Central African Republic [53c]; Map 87 Northern Congo and Southern Central African Republic [53d]
mpii1239,Mpi,,18.1717,100.21,mpii1239,,3983,language,Sino-Tibetan,languages,"Map 47 Northern Thailand, Laos and Vietnam [94]"
mpon1254,Mpongmpong,,3.14015,14.866,mpon1254,,440 2986 3823 3985 3986 3989,language,Atlantic-Congo,languages,Map 87 Northern Congo and Southern Central African Republic [53]; Map 87 Northern Congo and Southern Central African Republic [53b]; Map 87 Northern Congo and Southern Central African Republic [53e]; Map 87 Northern Congo and Southern Central African Republic [53f]; Map 87 Northern Congo and Southern Central African Republic [53g]; Map 87 Northern Congo and Southern Central African Republic [53h]
mpot1240,Mpoto,,-11.13767,34.71269,mpot1240,,3990,language,Atlantic-Congo,languages,Map 75 Mozambique [37]; Map 76 Southern Tanzania [63]
mpot1241,Mpotovoro,,-15.8988,167.232,mpot1241,,3991,language,Austronesian,languages,Map 27 Vanuatu and New Caledonia [89]
mpuo1241,Mbuun,,-5.21134,19.4269,mpuo1241,,3754,language,Atlantic-Congo,languages,Map 81 Democratic Republic of Congo: Kasai [38]
mpur1239,Mpur,,-0.7489,133.166,mpur1239,,199,language,,languages,Map 34 Irian Jaya [115]
mser1242,Mser,,11.9765,15.0373,mser1242,,3994,language,Afro-Asiatic,languages,"Map 90 Central African Republic, South-Western Chad and Cameroon [70d]; Map 99 Lake Chad Region [6]"
muba1238,Mubami,,-7.5501,142.998,muba1238,,6003,language,Anim,languages,Map 32 Southern Papua New Guinea [171]
muda1235,Muda,,21.95,100.6,muda1235,,3997,language,Sino-Tibetan,languages,"Map 46 Yunnan Province, China [96]"
mudb1240,Mudburra,,-16.7694,132.329,mudb1240,,3998,language,Pama-Nyungan,languages,Map 35 Australia: Time of Contact [119]
muel1234,Muellamues,,,,muel1234,,3999,language,Unclassifiable,languages,Map 12 Northern South America: Time of Contact [21]
mufi1238,Mufian,,-3.57932,142.955,mufi1238,,5540,language,Nuclear Torricelli,languages,Map 33 Northern Papua New Guinea [257]
mugo1238,Mugom,,29.59203,82.4549,mugo1238,,2522,language,Sino-Tibetan,languages,"Map 51 North-East India, Bangladesh, Bhutan and Nepal [13]; Map 54 North-West India [12]"
muin1242,Muinane,,-0.8652,-72.4249,muin1242,,840,language,Boran,languages,Map 12 Northern South America: Time of Contact [183]
muku1242,Mukulu,,11.8644,18.1822,muku1242,,3914,language,Afro-Asiatic,languages,"Map 89 Central African Republic and South-Eastern Chad [84]; Map 90 Central African Republic, South-Western Chad and Cameroon [59]"
mula1253,Mulam,,24.8151,108.928,mula1253,,4008,language,Tai-Kadai,languages,Map 45 China and Mongolia [67]
mula1254,Mulaha,,-9.68333,147.45,mula1254,,4007,language,Kwalean,languages,Map 32 Southern Papua New Guinea [135]
mumm1238,Mum,,-4.83462,145.059,mumm1238,,2568,language,Nuclear Trans New Guinea,languages,Map 33 Northern Papua New Guinea [1]
muna1247,Muna,,-5.40419,122.541,muna1247,,4015,language,Austronesian,languages,Map 39 Sulawesi [52]
mund1320,Mundari,,23.03,85.85,mund1320,,705 4018,language,Austroasiatic,languages,"Map 51 North-East India, Bangladesh, Bhutan and Nepal [201]; Map 51 North-East India, Bangladesh, Bhutan and Nepal [203]; Map 52 Southern India and Sri Lanka [37]"
mund1325,Mundang,,9.83195,14.4751,mund1325,,4016 6609,language,Atlantic-Congo,languages,"Map 90 Central African Republic, South-Western Chad and Cameroon [14]; Map 90 Central African Republic, South-Western Chad and Cameroon [15]; Map 91 Adamawa Region [33a]; Map 91 Adamawa Region [33c]; Map 94 Northern Cameroon [2a]; Map 94 Northern Cameroon [2d]"
mund1326,Mündü,,4.22755,29.9967,mund1326,,4020 5355,language,Atlantic-Congo,languages,Map 72 Sudan and the Horn of Africa [140]; Map 79 Democratic Republic of Congo: Orienta [49]
mund1327,Mundani,,5.68073,9.91533,mund1327,,4017,language,Atlantic-Congo,languages,Map 93 Central South-Western Cameroon [39]
mund1330,Mundurukú,,-8.41095,-57.691,mund1330,,4022,language,Tupian,languages,Map 16 Western Brazil: Time of Contact [361]
mund1334,Mindat,,9.15151,8.76875,mund1334,,4019,language,Afro-Asiatic,languages,"Map 96 South Plateau, Nigeria [75]"
mung1266,Mungaka,,5.89752,10.0294,mung1266,,497 4025,language,Atlantic-Congo,languages,Map 93 Central South-Western Cameroon [46]; Map 93 Central South-Western Cameroon [46a]; Map 95 South-Eastern Nigeria and Mid-Western Cameroon [50]
mung1269,Munggui,,-1.66773,135.918,mung1269,,4026,language,Austronesian,languages,Map 34 Irian Jaya [201]
mung1272,Mungkip,,-6.46208,146.747,mung1272,,4033,language,Nuclear Trans New Guinea,languages,Map 32 Southern Papua New Guinea [53]
muni1257,Munit,,-5.24329,145.548,muni1257,,4029,language,Nuclear Trans New Guinea,languages,Map 33 Northern Papua New Guinea [76]
muni1258,Muniche,,-5.7441796,-76.426712,muni1258,,4027,language,,languages,Map 14 Northern Pacific Coast: Time of Contact [164]
munj1244,Munji,,35.9321,70.9404,munj1244,,4031,language,Indo-European,languages,"Map 53 Iran, Afghanistan and Pakistan [32]"
muns1251,Munsee,,41.11,-74.17,muns1251,,4034,language,Algic,languages,Map 1 East Coast and Great Lakes: Time of Contact [30]
muon1246,Muong,,20.7374,105.186,muon1246,,4036,language,Austroasiatic,languages,"Map 47 Northern Thailand, Laos and Vietnam [68]"
mura1271,Muratayak,,-5.74416,146.54,mura1271,,328,language,Nuclear Trans New Guinea,languages,Map 33 Northern Papua New Guinea [131]
muri1259,Murik (Malaysia),,3.7519,114.434,muri1259,,4041,language,Austronesian,languages,"Map 41 Borneo and Madagascar [55, B]"
muri1260,Murik (Papua New Guinea),,-3.86959,144.166,muri1260,,4040,language,Lower Sepik,languages,Map 33 Northern Papua New Guinea [355]
murl1244,Murle,,6.69756,33.988,murl1244,,4043 6754,language,Surmic,languages,Map 72 Sudan and the Horn of Africa [123]; Map 72 Sudan and the Horn of Africa [126]
murr1258,Murriny Patha,,-14.74852,129.70152,murr1258,,6779,language,Southern Daly,languages,Map 35 Australia: Time of Contact [39]
murs1242,Mursi,,5.69801,36.0971,murs1242,,4044,language,Surmic,languages,Map 72 Sudan and the Horn of Africa [128]
muru1266,Muruwari,,-28.9618,146.546,muru1266,,4049,language,Pama-Nyungan,languages,Map 35 Australia: Time of Contact [389]
muru1273,Murupi,,-5.0245,145.606,muru1273,,4048,language,Nuclear Trans New Guinea,languages,Map 33 Northern Papua New Guinea [101]
muru1274,Murui Huitoto,,-1.13669,-73.8331,muru1274,,4045,language,Huitotoan,languages,Map 12 Northern South America: Time of Contact [188]
musa1265,Hember Avu,,-4.70258,145.413,musa1265,,4051,language,Nuclear Trans New Guinea,languages,Map 33 Northern Papua New Guinea [65]
musa1266,Aisi,,-5.37407,145.197,musa1266,,4050,language,Nuclear Trans New Guinea,languages,Map 33 Northern Papua New Guinea [11]
muse1242,Musey,,9.81612,15.4115,muse1242,,4052,language,Afro-Asiatic,languages,"Map 90 Central African Republic, South-Western Chad and Cameroon [63]; Map 94 Northern Cameroon [64]"
musg1254,Musgu,,10.8439,15.1065,musg1254,,4032 4053,language,Afro-Asiatic,languages,"Map 90 Central African Republic, South-Western Chad and Cameroon [71]; Map 90 Central African Republic, South-Western Chad and Cameroon [72]; Map 94 Northern Cameroon [57]; Map 94 Northern Cameroon [58]"
muso1238,Musom,,-6.53817,146.93,muso1238,,4055,language,Austronesian,languages,Map 32 Southern Papua New Guinea [211]
muss1246,Mussau-Emira,,-1.44105,149.624,muss1246,,1535,language,Austronesian,languages,Map 30 New Britain and New Ireland [78]
muts1243,Mutsun,,36.84721,-121.44911,muts1243,,4057,language,Miwok-Costanoan,languages,Map 4 California: Time of Contact [73]
mutu1242,Mutu,,-5.79405,148.014,mutu1242,,4058,language,Austronesian,languages,Map 30 New Britain and New Ireland [31]; Map 33 Northern Papua New Guinea [374]
muya1243,Muyang,,10.86047,14.21246,muya1243,,4064,language,Afro-Asiatic,languages,Map 94 Northern Cameroon [29]
muyu1244,Muyuw,,-9.195,152.731,muyu1244,,4066,language,Austronesian,languages,Map 31 South-Eastern Papua New Guinea [46]
mvan1238,Mvano,,6.75724,11.1843,mvan1238,,4068,language,Atlantic-Congo,languages,Map 95 South-Eastern Nigeria and Mid-Western Cameroon [66]
mvub1239,Mvuba,,0.7398,29.6656,mvub1239,,4073,language,Central Sudanic,languages,Map 79 Democratic Republic of Congo: Orienta [63c]
mwal1237,Mwali Comorian,,-12.3164,43.741,mwal1237,,4077,language,Atlantic-Congo,languages,Map 75 Mozambique [5]
mwan1247,Mwani,,-12.5821,40.4601,mwan1247,,4079,language,Atlantic-Congo,languages,Map 75 Mozambique [1]; Map 76 Southern Tanzania [1g]
mwan1250,Mwan,,7.87533,-5.94577,mwan1250,,3930,language,Mande,languages,Map 105 Ivory Coast [81]
mwat1237,Mwatebu,,-10.0271,151.066,mwat1237,,4080,language,Austronesian,languages,Map 31 South-Eastern Papua New Guinea [21]
mwer1247,Mwera (Nyasa),,-11.3304,34.8959,mwer1247,,4577,language,Atlantic-Congo,languages,Map 76 Southern Tanzania [59b]
mwer1248,Mwera (Chimwera),,-9.75639,38.8762,mwer1248,,4083,language,Atlantic-Congo,languages,Map 75 Mozambique [7]; Map 76 Southern Tanzania [37]
mwim1241,Mwimbi-Muthambi,,-0.11968,37.5939,mwim1241,,4056 4084,language,Atlantic-Congo,languages,Map 85 Kenyan Coast [36a]; Map 85 Kenyan Coast [36b]
myen1241,Myene,,-1.48741,9.50247,myen1241,,1539 1674 3988 4403 4706 5131,language,Atlantic-Congo,languages,Map 88 Gabon and Equatorial Guinea [4]; Map 88 Gabon and Equatorial Guinea [5]; Map 88 Gabon and Equatorial Guinea [6]; Map 88 Gabon and Equatorial Guinea [7]; Map 88 Gabon and Equatorial Guinea [8]; Map 88 Gabon and Equatorial Guinea [9]
naas1242,Naasioi,,-6.46022,155.632,naas1242,,4161,language,South Bougainville,languages,Map 29 Solomon Islands and Bougainville [75]
naba1256,Nabak,,-6.42709,146.966,naba1256,,4098,language,Nuclear Trans New Guinea,languages,Map 32 Southern Papua New Guinea [49]
nabi1239,Nabi-Metan,,-3.52828,142.329,nabi1239,,4131,language,Nuclear Torricelli,languages,Map 33 Northern Papua New Guinea [237]
nabi1240,Nabit,,10.857778,-0.671111,nabi1240,,4101,language,Atlantic-Congo,languages,Map 102 Benin and Togo [65]; Map 104 Burkina Faso [20]
nach1240,Nachering,,27.4202,86.7001,nach1240,,4787,language,Sino-Tibetan,languages,"Map 51 North-East India, Bangladesh, Bhutan and Nepal [79]"
nade1244,Nadëb,,-1.24449,-66.3068,nade1244,,2323 6334,language,Naduhup,languages,Map 12 Northern South America: Time of Contact [135]; Map 12 Northern South America: Time of Contact [136]
nafa1258,Nafanan,,8.00522,-2.51001,nafa1258,,4103,language,Atlantic-Congo,languages,Map 103 Ghana [82]; Map 105 Ivory Coast [59]
nafi1237,Nafi,,-6.43306,146.815,nafi1237,,5447,language,Austronesian,languages,Map 32 Southern Papua New Guinea [210]
nafr1241,Nafri,,-2.65036,140.727,nafr1241,,4168,language,Sentanic,languages,Map 34 Irian Jaya [121]
nafu1238,Nafusi,,31.93488,11.78231,nafu1238,,2212,language,Afro-Asiatic,languages,Map 71 North-East Africa [54]; Map 73 North-West Africa [37]
nage1237,Nage,,-8.70513,121.31,nage1237,,4106,language,Austronesian,languages,Map 38 Lesser Sunda Islands and Timor [22]
nagu1244,Nagumi,,8.7162,13.4264,nagu1244,,4108,language,Atlantic-Congo,languages,Map 91 Adamawa Region [51]
naii1241,Nai,,-3.73034,141.273,naii1241,,708,language,Kwomtari-Nai,languages,Map 33 Northern Papua New Guinea [212]
najd1235,Najdi Arabic,,30.3371,42.1773,najd1235,,6 7 10 14 15 551 554 558 559 560 1272 1301 1602 1609 2032 2058 2698 3569 4067 5013 5017 5140 5239 5264 5265 5342 5352 5456 5784 6458 6459 6773 6776 6777,language,Afro-Asiatic,languages,Map 70 The Middle East and Arabian Peninsula [14]; Map 70 The Middle East and Arabian Peninsula [15]; Map 70 The Middle East and Arabian Peninsula [16]; Map 70 The Middle East and Arabian Peninsula [17]; Map 70 The Middle East and Arabian Peninsula [18]; Map 70 The Middle East and Arabian Peninsula [19]; Map 70 The Middle East and Arabian Peninsula [20]; Map 70 The Middle East and Arabian Peninsula [21]; Map 70 The Middle East and Arabian Peninsula [22]; Map 70 The Middle East and Arabian Peninsula [24]; Map 70 The Middle East and Arabian Peninsula [25]; Map 70 The Middle East and Arabian Peninsula [26]; Map 70 The Middle East and Arabian Peninsula [27]; Map 70 The Middle East and Arabian Peninsula [28]; Map 70 The Middle East and Arabian Peninsula [29]; Map 70 The Middle East and Arabian Peninsula [30]; Map 70 The Middle East and Arabian Peninsula [31]; Map 70 The Middle East and Arabian Peninsula [32]; Map 70 The Middle East and Arabian Peninsula [33]; Map 70 The Middle East and Arabian Peninsula [34]; Map 70 The Middle East and Arabian Peninsula [35]; Map 70 The Middle East and Arabian Peninsula [36]; Map 70 The Middle East and Arabian Peninsula [37]; Map 70 The Middle East and Arabian Peninsula [38]; Map 70 The Middle East and Arabian Peninsula [39]; Map 70 The Middle East and Arabian Peninsula [41]; Map 70 The Middle East and Arabian Peninsula [42]; Map 70 The Middle East and Arabian Peninsula [43]; Map 70 The Middle East and Arabian Peninsula [44]; Map 70 The Middle East and Arabian Peninsula [45]; Map 70 The Middle East and Arabian Peninsula [46]; Map 70 The Middle East and Arabian Peninsula [47]; Map 70 The Middle East and Arabian Peninsula [48]; Map 70 The Middle East and Arabian Peninsula [49]
naka1260,Nakara,,-12.07653,134.32729,naka1260,,4121,language,Maningrida,languages,Map 35 Australia: Time of Contact [63]
naka1262,Nakanai,,-5.59931,150.888,naka1262,,4117,language,Austronesian,languages,Map 30 New Britain and New Ireland [73]
naka1263,Naka'ela,,-2.85543,128.516,naka1263,,4114,language,Austronesian,languages,Map 37 The Moluccas [17]
naka1264,Nakama,,-6.41424,146.782,naka1264,,4116,language,Nuclear Trans New Guinea,languages,Map 32 Southern Papua New Guinea [52]
nake1240,Nake,,-5.09087,145.655,nake1240,,4119,language,Nuclear Trans New Guinea,languages,Map 33 Northern Papua New Guinea [93]
naki1238,Naki,,6.62784,10.2378,naki1238,,4120,language,Atlantic-Congo,languages,Map 95 South-Eastern Nigeria and Mid-Western Cameroon [22]
nalc1240,Nalca,,-4.26068,139.883,nalc1240,,4123,language,Nuclear Trans New Guinea,languages,Map 34 Irian Jaya [61]
nali1244,Nalik,,-2.94411,151.332,nali1244,,4125,language,Austronesian,languages,Map 30 New Britain and New Ireland [71]
nali1245,Nali,,-2.14273,147.202,nali1245,,2877 4124,language,Austronesian,languages,Map 30 New Britain and New Ireland [18]; Map 30 New Britain and New Ireland [21]
nalu1239,Naluo Yi,,25.97,102.598,nalu1239,,4127,language,Sino-Tibetan,languages,"Map 46 Yunnan Province, China [75]"
nalu1240,Nalu,,11.0397,-14.8188,nalu1240,,4126,language,Atlantic-Congo,languages,"Map 107 Guinea and Mali [3]; Map 108 Senegal, Gambia and Guinea Bissau [30]"
nama1264,Nama (Namibia),,-25.0747,17.9767,nama1264,,4128,language,Khoe-Kwadi,languages,Map 74 Southern Africa [46]; Map 84 Angola [54]
nama1268,Namakura,,-16.8979,168.569,nama1268,,4129,language,Austronesian,languages,Map 27 Vanuatu and New Caledonia [98]
namb1293,Nambo,,-8.74501,141.931,namb1293,,4132,language,Yam,languages,Map 32 Southern Papua New Guinea [185]
nami1256,Namia,,-3.85538,141.788,nami1256,,4133,language,Sepik,languages,Map 33 Northern Papua New Guinea [284]
namo1246,Namo,,-9.12416,141.824,namo1246,,1385,language,Yam,languages,Map 32 Southern Papua New Guinea [184]
namo1247,Namonuito,,8.584627,149.685202,namo1247,,4134,language,Austronesian,languages,Map 28 Micronesia [8]
namu1246,Namuyi,,28.5909,101.898,namu1246,,4136,language,Sino-Tibetan,languages,Map 45 China and Mongolia [119]
nana1257,Nanai,,48.43426,134.79726,nana1257,,1986 4137,language,Tungusic,languages,Map 45 China and Mongolia [48]; Map 55 Eastern Siberia [12]
nand1264,Nande,,-0.24904,29.0243,nand1264,,4138 6667,language,Atlantic-Congo,languages,Map 79 Democratic Republic of Congo: Orienta [4a]; Map 79 Democratic Republic of Congo: Orienta [7]; Map 80 Democratic Republic of Congo: Kivu [40d]
nand1266,Nandi,,0.793737,35.408478,nand1266,,4139,language,Nilotic,languages,Map 86 Central East Africa [85]
nang1261,Nanga,,14.49,-3.02,nang1261,,4142,language,Dogon,languages,Map 104 Burkina Faso [4h]
nank1250,Nankina,,-5.80804,146.464,nank1250,,4145,language,Nuclear Trans New Guinea,languages,Map 32 Southern Papua New Guinea [74]; Map 33 Northern Papua New Guinea [128]
nanu1240,Nanubae-Imangae,,-4.71731,143.937,nanu1240,,169,language,Arafundi,languages,Map 33 Northern Papua New Guinea [327]
naol1234,Naolan,,,,naol1234,,4149,language,Unclassifiable,languages,Map 3 South-Western North America: Time of Contact [82]
napu1241,Napu,,-1.43707,120.338,napu1241,,4150,language,Austronesian,languages,Map 39 Sulawesi [32]
nara1262,Nara,,15.3251,37.499,nara1262,,4152,language,,languages,Map 72 Sudan and the Horn of Africa [132]
nara1263,Narango,,-15.5259,167.047,nara1263,,4156,language,Austronesian,languages,Map 27 Vanuatu and New Caledonia [32]
nara1264,Narak,,-5.5591,144.754,nara1264,,1690 4154,language,Nuclear Trans New Guinea,languages,Map 33 Northern Papua New Guinea [157]; Map 33 Northern Papua New Guinea [158]
nara1265,Narau,,-3.43594,139.876,nara1265,,4157,language,Bookkeeping,languages,Map 34 Irian Jaya [86]
naro1249,Naro,,-22.0939,20.7458,naro1249,,4094 5982,language,Khoe-Kwadi,languages,Map 74 Southern Africa [47]; Map 74 Southern Africa [52]
naro1251,Narom,,4.42115,114.011,naro1251,,4159,language,Austronesian,languages,Map 41 Borneo and Madagascar [38]
narp1239,Nar Phu,,28.76714,84.22852,narp1239,,4151,language,Sino-Tibetan,languages,"Map 51 North-East India, Bangladesh, Bhutan and Nepal [19]"
narr1259,Narrinyeri,,-36.2301,140.158,narr1259,,4286,language,Pama-Nyungan,languages,Map 35 Australia: Time of Contact [437]
naru1238,Narungga,,-34.69,137.535,naru1238,,4155,language,Pama-Nyungan,languages,Map 35 Australia: Time of Contact [205]
nasa1240,Nasarian,,-16.3497,167.414,nasa1240,,4160,language,Austronesian,languages,Map 27 Vanuatu and New Caledonia [64]
nask1242,Naskapi,,55.9316,-61.1318,nask1242,,4162,language,Algic,languages,Map 7 Northern North America: Time of Contact [68]
nasv1234,Nasvang,,-16.458173,167.639563,nasv1234,,4164,language,Austronesian,languages,Map 27 Vanuatu and New Caledonia [69]
natc1249,Natchez,,31.75,-91.33,natc1249,,4166,language,,languages,Map 2 South-Eastern North America: Time of Contact [39]
nate1242,Nateni,,10.5191,1.21879,nate1242,,5783,language,Atlantic-Congo,languages,Map 102 Benin and Togo [74]; Map 104 Burkina Faso [37]
nati1243,Natioro,,10.7176,-5.19517,nati1243,,4167,language,Atlantic-Congo,languages,Map 104 Burkina Faso [10]; Map 105 Ivory Coast [65]
nati1244,Nati,,-16.468709,167.496054,nati1244,,4097,language,Austronesian,languages,Map 27 Vanuatu and New Caledonia [66]
natu1248,Natú,,-10.1856656,-36.8493409,natu1248,,4169,language,Unclassifiable,languages,Map 18 Brazilian Atlantic Coast: Time of Contact [318]
naue1237,Nauete,,-8.70733,126.741,naue1237,,4171,language,Austronesian,languages,Map 38 Lesser Sunda Islands and Timor [59]
naur1243,Nauru,,-0.52957,166.922,naur1243,,4172,language,Austronesian,languages,Map 28 Micronesia [20]
nava1243,Navajo,,36.33,-109.38,nava1243,,4173,language,Athabaskan-Eyak-Tlingit,languages,Map 5 The Great Plains: Time of Contact [39]
navu1237,Navut,,-15.3169,166.798,navu1237,,4176,language,Austronesian,languages,Map 27 Vanuatu and New Caledonia [42]
nawa1258,Nawaru,,-9.37935,148.237,nawa1258,,5449,language,Yareban,languages,Map 31 South-Eastern Papua New Guinea [58]; Map 32 Southern Papua New Guinea [131]
nawa1259,Nawathinehena,,41.316,-104.45,nawa1259,,4178,language,Algic,languages,Map 5 The Great Plains: Time of Contact [11]
nawd1238,Nawdm,,7.17037,0.58553,nawd1238,,4170,language,Atlantic-Congo,languages,Map 102 Benin and Togo [62b]; Map 103 Ghana [62]; Map 104 Burkina Faso [27]
nawu1242,Nawuri,,8.45116,0.04947,nawu1242,,4180,language,Atlantic-Congo,languages,Map 102 Benin and Togo [18]; Map 103 Ghana [15]
naxi1245,Naxi,,27.5,100.0,naxi1245,,3966 4181,language,Sino-Tibetan,languages,"Map 46 Yunnan Province, China [30]; Map 46 Yunnan Province, China [31]"
nayi1243,Nayi,,6.88202,36.3813,nayi1243,,4148,language,Dizoid,languages,Map 72 Sudan and the Horn of Africa [98]
ncan1245,Ncane-Mungong,,6.50696,10.5312,ncan1245,,4183,language,Atlantic-Congo,languages,Map 95 South-Eastern Nigeria and Mid-Western Cameroon [20]
ndai1238,Ndai,,8.09039,14.2888,ndai1238,,4184,language,Atlantic-Congo,languages,Map 91 Adamawa Region [25]
ndak1241,Ndaka,,1.53341,27.9693,ndak1241,,4185,language,Atlantic-Congo,languages,Map 79 Democratic Republic of Congo: Orienta [14]
ndal1241,Ndali,,-9.88948,33.6118,ndal1241,,4186,language,Atlantic-Congo,languages,Map 76 Southern Tanzania [54]
ndam1239,Ndamba,,-8.40485,36.0271,ndam1239,,4188,language,Atlantic-Congo,languages,Map 76 Southern Tanzania [32]
ndam1251,Ndam,,9.79369,17.326,ndam1251,,4187,language,Afro-Asiatic,languages,"Map 90 Central African Republic, South-Western Chad and Cameroon [49]"
ndan1241,Nda'nda',,5.14715,10.3942,ndan1241,,5373,language,Atlantic-Congo,languages,Map 93 Central South-Western Cameroon [64g]
ndas1238,Ndasa,,-2.449015,13.369465,ndas1238,,4190,language,Atlantic-Congo,languages,Map 83 Democratic Republic of Congo: Bas Congo and Southern Congo [50]; Map 88 Gabon and Equatorial Guinea [32]
ndau1241,Ndau,,-20.1239,33.1739,ndau1241,,4192,language,Atlantic-Congo,languages,Map 74 Southern Africa [19]; Map 75 Mozambique [42a]
ndem1249,Ndemli,,4.58061,10.2197,ndem1249,,4196,language,Atlantic-Congo,languages,"Map 92 South-Western Cameroon [3, F]; Map 93 Central South-Western Cameroon [34, D]"
nden1248,Ndengereko,,-7.54628,38.958,nden1248,,4198,language,Atlantic-Congo,languages,Map 76 Southern Tanzania [28]
nden1249,Ndendeule,,-10.4203,36.0105,nden1249,,4197,language,Atlantic-Congo,languages,Map 75 Mozambique [8]; Map 76 Southern Tanzania [36]
nden1250,Nde-Nsele-Nta,,6.17426,8.49836,nden1250,,4193 4520 6790,language,Atlantic-Congo,languages,Map 93 Central South-Western Cameroon [27]; Map 95 South-Eastern Nigeria and Mid-Western Cameroon [29a]; Map 95 South-Eastern Nigeria and Mid-Western Cameroon [29b]; Map 95 South-Eastern Nigeria and Mid-Western Cameroon [29c]
ndob1238,Ndobo,,1.32539,18.6151,ndob1238,,4206,language,Atlantic-Congo,languages,Map 82 Democratic Republic of Congo: Equate [8]; Map 87 Northern Congo and Southern Central African Republic [12]
ndoe1238,Ndoe,,6.08134,8.69131,ndoe1238,,4207,language,Atlantic-Congo,languages,Map 93 Central South-Western Cameroon [25]; Map 95 South-Eastern Nigeria and Mid-Western Cameroon [28]
ndol1238,Ndolo,,2.15101,19.4087,ndol1238,,4209,language,Atlantic-Congo,languages,Map 82 Democratic Republic of Congo: Equate [14]
ndom1244,Ndombe,,-12.96548,13.37097,ndom1244,,4211,language,Atlantic-Congo,languages,Map 84 Angola [28]
ndom1245,Ndom,,-7.93553,138.019,ndom1245,,4210,language,Kolopom,languages,Map 34 Irian Jaya [92]
ndon1252,Ndonde Hamba,,-10.5584,38.1253,ndon1252,,4212,language,Bookkeeping,languages,Map 76 Southern Tanzania [39]
ndon1254,Ndonga,,-17.22,17.35,ndon1254,,1577 3058 4213 4215,language,Atlantic-Congo,languages,Map 84 Angola [29f]; Map 84 Angola [36b]; Map 84 Angola [36h]; Map 84 Angola [36i]
ndoo1241,Ndoola,,7.2884,11.3096,ndoo1241,,4216,language,Atlantic-Congo,languages,Map 95 South-Eastern Nigeria and Mid-Western Cameroon [67]
ndoo1242,Ndo,,2.68546,30.5652,ndoo1242,,4205,language,Central Sudanic,languages,Map 79 Democratic Republic of Congo: Orienta [63d]
ndug1245,Nduga,,-4.34043,138.411,ndug1245,,4218,language,Nuclear Trans New Guinea,languages,Map 34 Irian Jaya [44]
ndut1239,Ndut,,14.925,-16.9811,ndut1239,,4222,language,Atlantic-Congo,languages,"Map 108 Senegal, Gambia and Guinea Bissau [7]"
ndzw1235,Ndzwani Comorian,,-12.2123,44.3709,ndzw1235,,4602,language,Atlantic-Congo,languages,Map 75 Mozambique [3]
nede1245,Nedebang,,-8.28776,124.192,nede1245,,4224,language,Timor-Alor-Pantar,languages,Map 38 Lesser Sunda Islands and Timor [79]
neha1247,Nehan,,-4.56875,154.2,neha1247,,4227,language,Austronesian,languages,Map 29 Solomon Islands and Bougainville [1]
nekg1240,Nekgini,,-5.64364,146.253,nekg1240,,4229,language,Nuclear Trans New Guinea,languages,Map 33 Northern Papua New Guinea [140]
nekk1240,Nek,,-6.37697,146.841,nekk1240,,4228,language,Nuclear Trans New Guinea,languages,Map 32 Southern Papua New Guinea [51]
neko1240,Neko,,-5.60034,146.306,neko1240,,4230,language,Nuclear Trans New Guinea,languages,Map 33 Northern Papua New Guinea [139]
neku1237,Neku,,-21.6524,165.578,neku1237,,4231,language,Austronesian,languages,Map 27 Vanuatu and New Caledonia [126]
nemi1240,Nemi,,-20.6791,164.797,nemi1240,,4233,language,Austronesian,languages,Map 27 Vanuatu and New Caledonia [115]
nend1239,Nend,,-5.04271,144.886,nend1239,,236,language,Nuclear Trans New Guinea,languages,Map 33 Northern Papua New Guinea [8]
nene1249,Tundra Nenets,,66.1775,71.0234,nene1249,,4235,language,Uralic,languages,"Map 55 Eastern Siberia [17]; Map 56 Western Siberia [12]; Map 58 Western Russia, the Baltic States, Belarus, Ukraine and Moldova [17]"
neng1238,Nengone,,-21.5305,167.964,neng1238,,4236,language,Austronesian,languages,Map 27 Vanuatu and New Caledonia [135]
nepa1254,Nepali,,28.0,85.0,nepa1254,,4237,language,Indo-European,languages,"Map 51 North-East India, Bangladesh, Bhutan and Nepal [159]"
nete1240,Nete,,-5.02368,143.029,nete1240,,4239,language,Nuclear Trans New Guinea,languages,Map 33 Northern Papua New Guinea [164]
neut1237,Neutral-Atiouandaronk,,,,neut1237,,4241,language,Unclassifiable,languages,Map 1 East Coast and Great Lakes: Time of Contact [45]
newa1246,Kathmandu Valley Newari,,27.67,85.326,newa1246,,4247,language,Sino-Tibetan,languages,"Map 51 North-East India, Bangladesh, Bhutan and Nepal [47]"
newr1237,New River Shasta,,41.100052,-123.179627,newr1237,,4245,language,Shastan,languages,Map 4 California: Time of Contact [37]
neyo1238,Neyo,,4.95048,-6.08043,neyo1238,,4248,language,Kru,languages,Map 105 Ivory Coast [26b]
nezp1238,Nez Perce,,46.3073,-116.408,nezp1238,,4249,language,Sahaptian,languages,Map 4 California: Time of Contact [9]
ngab1239,Ngäbere,,8.8251,-82.3911,ngab1239,,3884,language,Chibchan,languages,Map 12 Northern South America: Time of Contact [42]
ngad1257,Ngadjuri,,-32.930160660336,139.08123163651,ngad1257,,4257,language,Pama-Nyungan,languages,Map 35 Australia: Time of Contact [207]
ngad1261,Ngad'a,,-8.79508,120.976,ngad1261,,4256 5477,language,Austronesian,languages,Map 38 Lesser Sunda Islands and Timor [20]; Map 38 Lesser Sunda Islands and Timor [25]
ngai1241,Ngaing,,-5.6513,146.343,ngai1241,,4260,language,Nuclear Trans New Guinea,languages,Map 33 Northern Papua New Guinea [138]
ngal1292,Ngalkbun,,-13.9783,133.936,ngal1292,,1238,language,Gunwinyguan,languages,Map 35 Australia: Time of Contact [55]
ngal1293,Ngalakgan,,-14.4281,134.716,ngal1293,,4263,language,Gunwinyguan,languages,Map 35 Australia: Time of Contact [60]
ngal1298,Ngalum,,-4.67682,141.03,ngal1298,,4266,language,Nuclear Trans New Guinea,languages,Map 33 Northern Papua New Guinea [179]; Map 34 Irian Jaya [7]
ngal1300,Ngala,,-4.26628,142.5,ngal1300,,4262,language,Ndu,languages,Map 33 Northern Papua New Guinea [290]
ngam1265,Ngamini-Yarluyandi-Karangura,,-27.1797,138.701,ngam1265,,6603 4271,language,Pama-Nyungan,languages,Map 35 Australia: Time of Contact [368]; Map 35 Australia: Time of Contact [369]
ngam1267,Ngamambo,,5.87975,10.0779,ngam1267,,4268,language,Atlantic-Congo,languages,Map 93 Central South-Western Cameroon [39a]; Map 95 South-Eastern Nigeria and Mid-Western Cameroon [40j]
ngam1268,Ngambay,,8.57051,15.414,ngam1268,,4270,language,Central Sudanic,languages,"Map 90 Central African Republic, South-Western Chad and Cameroon [41g]; Map 91 Adamawa Region [72]"
ngam1269,Ngam,,8.25957,18.4648,ngam1269,,4267,language,Central Sudanic,languages,"Map 89 Central African Republic and South-Eastern Chad [68]; Map 90 Central African Republic, South-Western Chad and Cameroon [41d]"
ngam1282,Ngamo,,12.0048,11.2108,ngam1282,,4272,language,Afro-Asiatic,languages,Map 100 Northern Nigeria and Niger [3]; Map 98 North-Eastern Nigeria [78]
ngan1291,Nganasan,,73.1354,86.2106,ngan1291,,4273,language,Uralic,languages,Map 55 Eastern Siberia [19]; Map 56 Western Siberia [14]
ngan1295,Ngandi,,-12.8448,134.649,ngan1295,,4274,language,Gunwinyguan,languages,Map 35 Australia: Time of Contact [59]
ngan1296,Nganyaywana,,-29.581,151.313,ngan1296,,4280,language,Pama-Nyungan,languages,Map 35 Australia: Time of Contact [412]
ngan1299,Ngangam,,10.2523,0.70509,ngan1299,,1434 1687,language,Atlantic-Congo,languages,Map 102 Benin and Togo [58]; Map 102 Benin and Togo [59]
ngan1300,Ngandyera,,-17.91859,15.0909,ngan1300,,4279,language,Atlantic-Congo,languages,Map 84 Angola [36j]
ngan1302,Ngando-Lalia,,-0.14363,22.6231,ngan1302,,4275 4276,language,Atlantic-Congo,languages,Map 79 Democratic Republic of Congo: Orienta [41a]; Map 80 Democratic Republic of Congo: Kivu [4a]; Map 81 Democratic Republic of Congo: Kasai [1r]; Map 82 Democratic Republic of Congo: Equate [41]
ngan1304,Ngando (Central African Republic),,3.71666,17.6499,ngan1304,,2890 4277,language,Atlantic-Congo,languages,Map 79 Democratic Republic of Congo: Orienta [41a]; Map 82 Democratic Republic of Congo: Equate [41]; Map 87 Northern Congo and Southern Central African Republic [31]; Map 87 Northern Congo and Southern Central African Republic [31a]
ngar1235,Ngarinman,,-15.4661,130.651,ngar1235,,4287,language,Pama-Nyungan,languages,Map 35 Australia: Time of Contact [120]
ngar1284,Ngarinyin,,-16.4006,126.433,ngar1284,,1892,language,Worrorran,languages,Map 35 Australia: Time of Contact [82]; Map 35 Australia: Time of Contact [83]; Map 35 Australia: Time of Contact [84]
ngar1287,Ngarluma,,-20.9235,117.203,ngar1287,,4290,language,Pama-Nyungan,languages,Map 35 Australia: Time of Contact [132]
ngar1288,Ngardi,,-21.0231,129.0308,ngar1288,,4292,language,Pama-Nyungan,languages,Map 35 Australia: Time of Contact [124]
ngar1296,Ngarla,,-20.20748,119.30579,ngar1296,,4288,language,Pama-Nyungan,languages,Map 35 Australia: Time of Contact [125]
ngas1240,Ngas,,9.32042,9.46146,ngas1240,,235,language,Afro-Asiatic,languages,"Map 96 South Plateau, Nigeria [63]; Map 97 North Plateau, Nigeria [73a]; Map 98 North-Eastern Nigeria [84]"
ngaz1238,Ngazidja Comorian,,-11.6129,43.36,ngaz1238,,4297,language,Atlantic-Congo,languages,Map 75 Mozambique [2]
ngba1284,Ngbaka Ma'bo,,4.0,18.12,ngba1284,,4298 4300,language,Atlantic-Congo,languages,Map 82 Democratic Republic of Congo: Equate [66]; Map 87 Northern Congo and Southern Central African Republic [74]; Map 87 Northern Congo and Southern Central African Republic [78]; Map 89 Central African Republic and South-Eastern Chad [2]
ngba1285,Ngbaka Minagende,,2.98887,18.994,ngba1285,,4301,language,Atlantic-Congo,languages,Map 82 Democratic Republic of Congo: Equate [68]; Map 87 Northern Congo and Southern Central African Republic [86]
ngbu1241,Ngbundu,,3.82245,18.7183,ngbu1241,,4303,language,Atlantic-Congo,languages,Map 82 Democratic Republic of Congo: Equate [62]
ngel1238,Ngelima,,1.81314,24.8754,ngel1238,,237,language,Atlantic-Congo,languages,Map 79 Democratic Republic of Congo: Orienta [29]
ngem1255,Ngemba,,5.97864,10.1469,ngem1255,,3556 4021,language,Atlantic-Congo,languages,Map 93 Central South-Western Cameroon [51]; Map 95 South-Eastern Nigeria and Mid-Western Cameroon [54]; Map 95 South-Eastern Nigeria and Mid-Western Cameroon [58]
ngeq1245,Kriang-Khlor,,15.6211,106.877,ngeq1245,,1065 1235 2763 5978,language,Austroasiatic,languages,"Map 47 Northern Thailand, Laos and Vietnam [52]; Map 47 Northern Thailand, Laos and Vietnam [55]; Map 47 Northern Thailand, Laos and Vietnam [56]; Map 47 Northern Thailand, Laos and Vietnam [57]"
nggw1242,Nggwahyi,,10.6058,12.9234,nggw1242,,4344,language,Afro-Asiatic,languages,Map 94 Northern Cameroon [10a]
ngie1241,Ngiemboon,,5.56777,10.1266,ngie1241,,4352,language,Atlantic-Congo,languages,Map 93 Central South-Western Cameroon [59]
ngie1242,Ngie,,5.93852,9.79389,ngie1242,,4307,language,Atlantic-Congo,languages,Map 93 Central South-Western Cameroon [35]; Map 95 South-Eastern Nigeria and Mid-Western Cameroon [40f]
ngin1244,Ngindo,,-9.78145,37.9832,ngin1244,,4308,language,Atlantic-Congo,languages,Map 75 Mozambique [6]; Map 76 Southern Tanzania [35]
ngit1239,Ngiti,,1.30455,30.2242,ngit1239,,4310,language,Central Sudanic,languages,Map 79 Democratic Republic of Congo: Orienta [60b]
ngiz1242,Ngizim,,12.1051,11.0178,ngiz1242,,4311,language,Afro-Asiatic,languages,Map 100 Northern Nigeria and Niger [10]
ngoc1235,Ngochang,,25.35,97.433333,ngoc1235,,63,language,Sino-Tibetan,languages,"Map 46 Yunnan Province, China [39]"
ngom1268,Ngombe (Democratic Republic of Congo),,1.45357,20.14148,ngom1268,,1367 3249 3975 4317,language,Atlantic-Congo,languages,Map 82 Democratic Republic of Congo: Equate [34]; Map 82 Democratic Republic of Congo: Equate [34a]; Map 82 Democratic Republic of Congo: Equate [34b]; Map 82 Democratic Republic of Congo: Equate [34c]; Map 87 Northern Congo and Southern Central African Republic [27]
ngom1270,Ngom,,0.882925,14.1345,ngom1270,,4448 5525,language,Atlantic-Congo,languages,Map 83 Democratic Republic of Congo: Bas Congo and Southern Congo [47]; Map 87 Northern Congo and Southern Central African Republic [66]; Map 88 Gabon and Equatorial Guinea [29]
ngom1271,Ngombale,,5.70306,10.1446,ngom1271,,4316,language,Atlantic-Congo,languages,Map 93 Central South-Western Cameroon [56]
ngom1272,Ngomba,,5.63067,10.237,ngom1272,,4315,language,Atlantic-Congo,languages,Map 93 Central South-Western Cameroon [58]
ngon1275,Ngong,,8.78874,13.42855,ngon1275,,4320,language,Bookkeeping,languages,Map 91 Adamawa Region [52]
ngos1238,Ngoshie,,6.04616,9.83193,ngos1238,,4309,language,Atlantic-Congo,languages,Map 95 South-Eastern Nigeria and Mid-Western Cameroon [40d]
ngub1239,Ngubi,,-3.433411,10.768112,ngub1239,,4326,language,Atlantic-Congo,languages,Map 88 Gabon and Equatorial Guinea [13]
ngul1246,Ngulu,,-5.79734,37.6823,ngul1246,,4328,language,Atlantic-Congo,languages,Map 76 Southern Tanzania [14]; Map 85 Kenyan Coast [21]
ngum1255,Ngumbi,,1.72096,9.73613,ngum1255,,819,language,Atlantic-Congo,languages,Map 88 Gabon and Equatorial Guinea [3a]
ngun1270,Ngundi,,3.02108,16.21457,ngun1270,,4319,language,Atlantic-Congo,languages,Map 87 Northern Congo and Southern Central African Republic [37]
ngun1272,Ngungwel,,-1.82055,15.6218,ngun1272,,4333 4334,language,Atlantic-Congo,languages,Map 81 Democratic Republic of Congo: Kasai [26]; Map 83 Democratic Republic of Congo: Bas Congo and Southern Congo [25]; Map 83 Democratic Republic of Congo: Bas Congo and Southern Congo [59c]
nguo1239,Nguôn,,17.7243,105.932,nguo1239,,4335,language,Austroasiatic,languages,"Map 47 Northern Thailand, Laos and Vietnam [69]"
ngur1263,Ngoreme,,-1.8485,34.6173,ngur1263,,4338,language,Atlantic-Congo,languages,Map 86 Central East Africa [50]
ngwe1238,Ngwe,,5.49787,9.9028,ngwe1238,,4346,language,Atlantic-Congo,languages,Map 93 Central South-Western Cameroon [61]
ngwo1241,Ngwo,,6.17739,9.84369,ngwo1241,,4350,language,Atlantic-Congo,languages,Map 95 South-Eastern Nigeria and Mid-Western Cameroon [40c]
nhan1238,Nhanda,,-27.42523643,114.2680442,nhan1238,,4353,language,Pama-Nyungan,languages,Map 35 Australia: Time of Contact [154]
nhuw1239,Nhuwala,,-21.38154,115.74542,nhuw1239,,4356,language,Pama-Nyungan,languages,Map 35 Australia: Time of Contact [134]
nias1242,Nias,,0.90691,97.4961,nias1242,,4357,language,Austronesian,languages,Map 43 Sumatra [2]
niel1243,Niellim,,9.70362,17.81346,niel1243,,4359,language,Atlantic-Congo,languages,"Map 89 Central African Republic and South-Eastern Chad [46]; Map 90 Central African Republic, South-Western Chad and Cameroon [2]"
nige1255,Western Mambila,,6.69736,11.3161,nige1255,,3499,language,Atlantic-Congo,languages,Map 95 South-Eastern Nigeria and Mid-Western Cameroon [62]
niha1238,Nihali,,21.1886,76.3318,niha1238,,4362,language,,languages,Map 54 North-West India [82]
niii1240,Nii,,-5.763,144.518,niii1240,,4363,language,Nuclear Trans New Guinea,languages,Map 32 Southern Papua New Guinea [19]; Map 33 Northern Papua New Guinea [156]
niks1238,Niksek,,-4.82581,142.45,niks1238,,1650 4733,language,Sepik,languages,Map 33 Northern Papua New Guinea [299]; Map 33 Northern Papua New Guinea [300]
nila1242,Nilamba,,-4.50002,34.3068,nila1242,,2069 4587,language,Atlantic-Congo,languages,Map 86 Central East Africa [19]; Map 86 Central East Africa [20]
nima1243,Nimadi,,22.1263,76.1264,nima1243,,4366,language,Indo-European,languages,Map 54 North-West India [62]
nimb1256,Nimbari,,9.67581,13.8266,nimb1256,,4368,language,Atlantic-Congo,languages,Map 91 Adamawa Region [19]
nimi1240,Nimi,,-6.34065,146.679,nimi1240,,4370,language,Nuclear Trans New Guinea,languages,Map 32 Southern Papua New Guinea [58]
nimo1246,Nimoa,,-11.2297,153.158,nimo1246,,4372,language,Austronesian,languages,Map 31 South-Eastern Papua New Guinea [43]
nimo1247,Nimo,,-4.3582,141.578,nimo1247,,4371,language,Left May,languages,Map 33 Northern Papua New Guinea [218]
nina1238,Ninam,,4.03894,-62.7801,nina1238,,6584,language,Yanomamic,languages,Map 12 Northern South America: Time of Contact [422]
ning1273,Ningil,,-3.49733,142.251,ning1273,,4379,language,Nuclear Torricelli,languages,Map 33 Northern Papua New Guinea [232]
ning1274,Ninggerum,,-5.43194,141.158,ning1274,,4378,language,Nuclear Trans New Guinea,languages,Map 33 Northern Papua New Guinea [172]; Map 34 Irian Jaya [5]
ning1275,Ningera,,-2.77145,141.454,ning1275,,4377,language,Border,languages,Map 33 Northern Papua New Guinea [206]
nini1235,Ninia Yali,,-4.4737,139.39,nini1235,,4447,language,Nuclear Trans New Guinea,languages,Map 34 Irian Jaya [42]
ninz1246,Ninzo,,8.95791,8.47328,ninz1246,,4380,language,Atlantic-Congo,languages,"Map 96 South Plateau, Nigeria [20]"
nips1240,Nipsan,,-4.14421,139.753,nips1240,,4382,language,Nuclear Trans New Guinea,languages,Map 34 Irian Jaya [60]
nisa1239,Nisa-Anasi,,-1.95386,137.6,nisa1239,,561 4383,language,Geelvink Bay,languages,Map 34 Irian Jaya [131]; Map 34 Irian Jaya [133]
nise1244,Nisenan,,38.047,-120.393,nise1244,,4384,language,Maiduan,languages,Map 4 California: Time of Contact [48]
nisg1240,Nisga'a,,55.199,-129.192,nisg1240,,4385,language,Tsimshian,languages,Map 6 North-Western Pacific America: Time of Contact [13]
nisi1238,Nisi (China),,23.418,104.85,nisi1238,,4388,language,Sino-Tibetan,languages,"Map 47 Northern Thailand, Laos and Vietnam [84]"
nisi1239,Dafla,,27.3708,93.1284,nisi1239,,4387,language,Bookkeeping,languages,"Map 51 North-East India, Bangladesh, Bhutan and Nepal [94]"
nisv1234,Nisvai,,-16.41306,167.785556,nisv1234,,4390,language,Austronesian,languages,Map 27 Vanuatu and New Caledonia [74]
njan1240,Njanga,,6.41,11.51,njan1240,,4364,language,Atlantic-Congo,languages,Map 91 Adamawa Region [43]
njeb1242,Njebi,,-2.18115,12.7063,njeb1242,,3977 4599,language,Atlantic-Congo,languages,Map 83 Democratic Republic of Congo: Bas Congo and Southern Congo [40]; Map 83 Democratic Republic of Congo: Bas Congo and Southern Congo [40a]; Map 88 Gabon and Equatorial Guinea [45]
njye1238,Njyem,,2.30483,14.1175,njye1238,,4394,language,Atlantic-Congo,languages,Map 87 Northern Congo and Southern Central African Republic [56d]
nkan1238,Nkangala,,-13.3688,19.0476,nkan1238,,4399,language,Atlantic-Congo,languages,Map 84 Angola [47]
nkem1242,Nkem-Nkum,,6.59158,8.68668,nkem1242,,4400 4408,language,Atlantic-Congo,languages,Map 95 South-Eastern Nigeria and Mid-Western Cameroon [32a]; Map 95 South-Eastern Nigeria and Mid-Western Cameroon [32b]
nkhu1238,Nkhumbi,,-15.4126,13.9704,nkhu1238,,1510 1686 1946 2001 2040 4990,language,Atlantic-Congo,languages,Map 84 Angola [26c]; Map 84 Angola [29b]; Map 84 Angola [29c]; Map 84 Angola [29e]; Map 84 Angola [29g]; Map 84 Angola [36d]
nkon1247,Nkongho,,5.33848,9.80096,nkon1247,,3196,language,Atlantic-Congo,languages,Map 93 Central South-Western Cameroon [88a]
nkon1248,Nkonya,,7.20316,0.3209,nkon1248,,4404,language,Atlantic-Congo,languages,Map 102 Benin and Togo [17]; Map 103 Ghana [12]
nkoy1244,Nkoya,,-14.8513,24.7649,nkoy1244,,3766 4406 5353,language,Atlantic-Congo,languages,Map 77 Zambia [65]; Map 77 Zambia [66]; Map 77 Zambia [67]
nkuk1238,Nkukoli,,5.7562,8.28051,nkuk1238,,3291,language,Atlantic-Congo,languages,Map 93 Central South-Western Cameroon [13b]; Map 95 South-Eastern Nigeria and Mid-Western Cameroon [76b]
nkut1238,Nkutu,,-3.67432,22.6802,nkut1238,,2842 4407,language,Atlantic-Congo,languages,Map 78 Democratic Republic of Congo: Katang [3]; Map 80 Democratic Republic of Congo: Kivu [72]; Map 80 Democratic Republic of Congo: Kivu [73]; Map 81 Democratic Republic of Congo: Kasai [48]
nnam1238,Nnam,,6.31319,8.48975,nnam1238,,4414,language,Atlantic-Congo,languages,Map 95 South-Eastern Nigeria and Mid-Western Cameroon [30]
nobi1240,Nobiin,,22.8142,31.8376,nobi1240,,4418,language,Nubian,languages,Map 72 Sudan and the Horn of Africa [115]
nobo1238,Nobonob,,-5.06952,145.712,nobo1238,,1706,language,Nuclear Trans New Guinea,languages,Map 33 Northern Papua New Guinea [89]
noca1240,Nocamán,,-8.91666,-73.1667,noca1240,,4421,language,Bookkeeping,languages,Map 14 Northern Pacific Coast: Time of Contact [215]
noct1238,Nocte Naga,,27.152,95.3903,noct1238,,4419,language,Sino-Tibetan,languages,"Map 49 Burma (Myanmar) [37]; Map 51 North-East India, Bangladesh, Bhutan and Nepal [121]"
noga1249,Nogai,,44.89776,43.1656,noga1249,,4420,language,Turkic,languages,Map 59 The Caucasus [13]
noku1237,Nokuku,,-14.8974,166.603,noku1237,,4423,language,Austronesian,languages,Map 27 Vanuatu and New Caledonia [46]
noma1260,Nomaande,,4.5893,10.9157,noma1260,,4535,language,Atlantic-Congo,languages,Map 93 Central South-Western Cameroon [73]
noma1262,Nomane,,-6.30218,145.098,noma1262,,4425,language,Nuclear Trans New Guinea,languages,Map 32 Southern Papua New Guinea [17]
nomu1240,Nomu,,-6.10429,147.5,nomu1240,,4427,language,Nuclear Trans New Guinea,languages,Map 32 Southern Papua New Guinea [39]; Map 33 Northern Papua New Guinea [107]
nonu1241,Nonuya,,-1.25,-72.5,nonu1241,,4430,language,Huitotoan,languages,Map 12 Northern South America: Time of Contact [187]
nook1247,Nooksack,,48.2201,-121.973,nook1247,,4432,language,Salishan,languages,Map 6 North-Western Pacific America: Time of Contact [23]
noon1242,Noon,,14.792,-16.9205,noon1242,,4415,language,Atlantic-Congo,languages,"Map 108 Senegal, Gambia and Guinea Bissau [6]"
noon1243,Noone,,6.37256,10.5707,noon1243,,4429,language,Atlantic-Congo,languages,Map 95 South-Eastern Nigeria and Mid-Western Cameroon [21]
nort1550,Taos Northern Tiwa,,36.4277,-105.604,nort1550,,5739,language,Kiowa-Tanoan,languages,Map 5 The Great Plains: Time of Contact [56]
nort1552,Northern East Cree,,55.1928,-77.7505,nort1552,,1446,language,Algic,languages,Map 7 Northern North America: Time of Contact [67]
nort2626,Northern Frisian,,54.6409,8.58489,nort2626,,4442,language,Indo-European,languages,"Map 64 The Nordic Countries [8]; Map 65 Germany, Austria, Liechtenstein and Switzerland [5]"
nort2641,Northern Kurdish,,37.0,43.0,nort2641,,3008,language,Indo-European,languages,"Map 53 Iran, Afghanistan and Pakistan [11]; Map 60 Turkey [3]"
nort2645,Northern Luri,,32.5438,47.916,nort2645,,3369 3372,language,Indo-European,languages,"Map 53 Iran, Afghanistan and Pakistan [4a]; Map 70 The Middle East and Arabian Peninsula [108]"
nort2686,Northern Altai,,50.8998,88.0672,nort2686,,175,language,Turkic,languages,Map 56 Western Siberia [10]
nort2690,Northern Uzbek,,40.886,69.211,nort2690,,6178,language,Turkic,languages,"Map 45 China and Mongolia [38]; Map 53 Iran, Afghanistan and Pakistan [77]; Map 57 Central Asia [15]"
nort2702,Northern Gondi,,18.1632,81.3842,nort2702,,1811,language,Dravidian,languages,"Map 51 North-East India, Bangladesh, Bhutan and Nepal [191]; Map 52 Southern India and Sri Lanka [25]"
nort2722,Northern Qiang,,32.2766,103.192,nort2722,,5022,language,Sino-Tibetan,languages,Map 45 China and Mongolia [113]
nort2727,Lohorung,,27.5102,87.2157,nort2727,,3287,language,Sino-Tibetan,languages,"Map 51 North-East India, Bangladesh, Bhutan and Nepal [75]"
nort2732,Northern Tujia,,29.3016,109.759,nort2732,,719,language,Sino-Tibetan,languages,Map 45 China and Mongolia [109]
nort2756,Northern Sunraysia,,-34.190056,142.273631,nort2756,,2645,language,Pama-Nyungan,languages,Map 35 Australia: Time of Contact [441]
nort2760,Northern Inland Yuin,,-34.85,149.1,nort2760,,4331 1205,language,Pama-Nyungan,languages,Map 35 Australia: Time of Contact [420]; Map 35 Australia: Time of Contact [426]
nort2770,North Fali,,9.9249,13.6567,nort2770,,958 1418,language,Atlantic-Congo,languages,Map 91 Adamawa Region [36b]; Map 91 Adamawa Region [36c]; Map 94 Northern Cameroon [6a]; Map 94 Northern Cameroon [6c]
nort2775,Northwest Gbaya,,5.9503,15.2569,nort2775,,1727 4501,language,Atlantic-Congo,languages,"Map 90 Central African Republic, South-Western Chad and Cameroon [36]; Map 91 Adamawa Region [38a]; Map 91 Adamawa Region [38b]"
nort2780,Northern Dagara,,11.0441,-3.0124,nort2780,,1216,language,Atlantic-Congo,languages,Map 103 Ghana [40]; Map 104 Burkina Faso [16]; Map 105 Ivory Coast [33]
nort2795,Zimbabwean Ndebele,,-20.2513,27.4096,nort2795,,4194,language,Atlantic-Congo,languages,Map 74 Southern Africa [1]; Map 77 Zambia [60]
nort2810,Northern Grebo,,5.17103,-8.1409,nort2810,,1079,language,Kru,languages,Map 106 Liberia and Sierra Leone [12a]
nort2836,North Efate,,-17.5774,168.375,nort2836,,4118,language,Austronesian,languages,Map 27 Vanuatu and New Caledonia [99]
nort2839,North Ambrym,,-16.1741,168.14,nort2839,,4436,language,Austronesian,languages,Map 27 Vanuatu and New Caledonia [55]
nort2847,North Tanna,,-19.3733,169.303,nort2847,,4454,language,Austronesian,languages,Map 27 Vanuatu and New Caledonia [105]
nort2864,Wemale,,-3.05143,128.839,nort2864,,6386,language,Austronesian,languages,Map 37 The Moluccas [18]
nort2875,Northern Alta,,15.6913,121.454,nort2875,,4466,language,Austronesian,languages,Map 40 The Philippines [23]
nort2883,Northern Catanduanes Bicolano,,13.9032,124.27,nort2883,,4468,language,Austronesian,languages,Map 40 The Philippines [65]
nort2885,Northern Subanen,,8.5232,123.588,nort2885,,4496,language,Austronesian,languages,Map 40 The Philippines [90]
nort2907,Northern One,,-3.25535,142.006,nort2907,,4653,language,Nuclear Torricelli,languages,Map 33 Northern Papua New Guinea [222]
nort2916,North Muyu,,-5.55319,140.84,nort2916,,4472,language,Nuclear Trans New Guinea,languages,Map 34 Irian Jaya [2]
nort2917,Momogo-Pupis-Irogo,,-4.89854,138.405,nort2917,,4437,language,Nuclear Trans New Guinea,languages,Map 34 Irian Jaya [28]
nort2920,North Tairora,,-6.51563,145.959,nort2920,,5670,language,Nuclear Trans New Guinea,languages,Map 32 Southern Papua New Guinea [6]
nort2930,Northeast Kiwai,,-7.39215,144.667,nort2930,,304 4458,language,Kiwaian,languages,Map 32 Southern Papua New Guinea [161]; Map 32 Southern Papua New Guinea [162]
nort2941,Northern Tutchone,,62.8235,-136.644,nort2941,,4499,language,Athabaskan-Eyak-Tlingit,languages,Map 7 Northern North America: Time of Contact [25]
nort2942,North Slavey,,63.5,-125.67,nort2942,,643 1959 3972,language,Athabaskan-Eyak-Tlingit,languages,Map 7 Northern North America: Time of Contact [30]; Map 7 Northern North America: Time of Contact [31]; Map 7 Northern North America: Time of Contact [32]
nort2943,North Alaskan Inupiatun,,69.582,-143.77,nort2943,,4434,language,Eskimo-Aleut,languages,Map 7 Northern North America: Time of Contact [6]
nort2945,Seward Alaska Inupiatun,,64.77955,-161.80666,nort2945,,5332,language,Eskimo-Aleut,languages,Map 7 Northern North America: Time of Contact [5]
nort2951,Northwest Maidu,,39.6721,-121.368,nort2951,,2847,language,Maiduan,languages,Map 4 California: Time of Contact [47]
nort2952,Northeast Maidu,,40.4102,-120.645,nort2952,,3424,language,Maiduan,languages,Map 4 California: Time of Contact [46]
nort2954,Northern Paiute,,40.0799,-119.536,nort2954,,4481,language,Uto-Aztecan,languages,Map 4 California: Time of Contact [91]; Map 5 The Great Plains: Time of Contact [49]
nort2959,Northern Tepehuan,,26.4348,-107.379,nort2959,,4497,language,Uto-Aztecan,languages,Map 3 South-Western North America: Time of Contact [25]
nort2966,Northern Pomo,,39.1084,-123.209,nort2966,,4483,language,Pomoan,languages,Map 4 California: Time of Contact [54]
nort2967,Northeastern Russian River Pomo,,39.2894,-122.509,nort2967,,4463,language,Pomoan,languages,Map 4 California: Time of Contact [51]
nort2968,Northern Sierra Miwok,,38.4179,-120.588,nort2968,,4493,language,Miwok-Costanoan,languages,Map 4 California: Time of Contact [63]
nort2969,San Francisco Bay Ohlone,,37.436487,-121.827674,nort2969,,1125 5041 5714,language,Miwok-Costanoan,languages,Map 4 California: Time of Contact [67]; Map 4 California: Time of Contact [68]; Map 4 California: Time of Contact [69]
nort2972,Northern Emberá,,7.12761,-77.574,nort2972,,4439,language,Chocoan,languages,Map 12 Northern South America: Time of Contact [8b]
nort2980,North Junín Quechua,,-11.2132,-75.8128,nort2980,,4469,language,Quechuan,languages,Map 20 Central Pacific Coast: Time of Contact [202]
nort2986,Northwest Oaxaca Mixtec,,17.8287,-98.0574,nort2986,,4475,language,Otomanguean,languages,Map 10 Meso-America: Time of Contact [49b]
nort2994,Northern Roglai,,12.1967,108.849,nort2994,,4488,language,Austronesian,languages,"Map 48 Southern Thailand, Laos and Vietnam, and Cambodia [4]"
nort3046,North Mofu,,10.6834,14.1117,nort3046,,3894,language,Afro-Asiatic,languages,Map 94 Northern Cameroon [39a]
nort3047,North Giziga,,10.6755,14.219,nort3047,,1794,language,Afro-Asiatic,languages,Map 94 Northern Cameroon [38a]
nort3139,Levantine Arabic,,34.1709,36.0468,nort3139,,4445 4455 5522 5530,language,Afro-Asiatic,languages,Map 70 The Middle East and Arabian Peninsula [85]; Map 70 The Middle East and Arabian Peninsula [86]; Map 70 The Middle East and Arabian Peninsula [87]; Map 70 The Middle East and Arabian Peninsula [88]
nort3142,North Mesopotamian Arabic,,36.2986,42.0047,nort3142,,3602,language,Afro-Asiatic,languages,Map 70 The Middle East and Arabian Peninsula [50]
nort3345,Northwestern Lingala,,1.403245,19.782905,nort3345,,3262,language,Atlantic-Congo,languages,Map 82 Democratic Republic of Congo: Equate [11]; Map 87 Northern Congo and Southern Central African Republic [4]
norw1258,Norwegian,,59.92,10.71,norw1258,,4505,language,Indo-European,languages,Map 64 The Nordic Countries [2]
notr1240,Notre,,10.7025,1.27435,notr1240,,902,language,Atlantic-Congo,languages,Map 102 Benin and Togo [63]
nots1237,Notsi,,-3.0557,151.661,nots1237,,4507,language,Austronesian,languages,Map 30 New Britain and New Ireland [64]
nott1246,Nottoway,,36.72,-77.115,nott1246,,4508,language,Iroquoian,languages,Map 1 East Coast and Great Lakes: Time of Contact [48]
noyy1238,Noy,,9.42495,17.9136,noyy1238,,4511,language,Atlantic-Congo,languages,"Map 89 Central African Republic and South-Eastern Chad [53]; Map 90 Central African Republic, South-Western Chad and Cameroon [3]"
nsar1238,Nsari,,6.63008,10.5993,nsar1238,,4514,language,Atlantic-Congo,languages,Map 95 South-Eastern Nigeria and Mid-Western Cameroon [19]
nsen1242,Nsenga,,-15.3946,31.3544,nsen1242,,4515,language,Atlantic-Congo,languages,Map 75 Mozambique [33]; Map 77 Zambia [20b]
nson1238,Nsongo,,-10.5166,16.7348,nson1238,,5498,language,Atlantic-Congo,languages,Map 84 Angola [12]
ntom1248,Ntomba,,-1.99062,18.265,ntom1248,,2140 2182 3315 3726 4449 5526,language,Atlantic-Congo,languages,Map 81 Democratic Republic of Congo: Kasai [11b]; Map 81 Democratic Republic of Congo: Kasai [1f]; Map 81 Democratic Republic of Congo: Kasai [1k]; Map 81 Democratic Republic of Congo: Kasai [7a]; Map 81 Democratic Republic of Congo: Kasai [7b]; Map 81 Democratic Republic of Congo: Kasai [7c]
nubr1241,Gyalsumdo-Nubri,,28.5092,84.7772,nubr1241,,1911 4528,language,Sino-Tibetan,languages,"Map 51 North-East India, Bangladesh, Bhutan and Nepal [20]; Map 51 North-East India, Bangladesh, Bhutan and Nepal [21]"
nucl1240,Mumuye,,8.90347,11.71545,nucl1240,,4014,language,Atlantic-Congo,languages,Map 91 Adamawa Region [20]; Map 98 North-Eastern Nigeria [27]
nucl1301,Turkish,,39.8667,32.8667,nucl1301,,6041,language,Turkic,languages,"Map 53 Iran, Afghanistan and Pakistan [76]; Map 59 The Caucasus [8]; Map 60 Turkey [5]; Map 61 Hungary, Romania and the Balkans [15]; Map 66 Albania, Greece, Crete and Cyprus [9]; Map 70 The Middle East and Arabian Peninsula [110]"
nucl1302,Georgian,,41.850397,43.78613,nucl1302,,1757,language,Kartvelian,languages,Map 59 The Caucasus [49]
nucl1305,Kannada,,13.5878,76.1198,nucl1305,,2456,language,Dravidian,languages,Map 52 Southern India and Sri Lanka [29]
nucl1310,Burmese,,20.7926,93.9665,nucl1310,,934 6623,language,Sino-Tibetan,languages,Map 49 Burma (Myanmar) [54]; Map 49 Burma (Myanmar) [59]
nucl1327,Limilngan,,-12.4294,131.845,nucl1327,,3258,language,Limilngan-Wulna,languages,Map 35 Australia: Time of Contact [5]
nucl1339,Temein,,11.8275,29.3898,nucl1339,,5104,language,Temeinic,languages,Map 71 North-East Africa [80]; Map 72 Sudan and the Horn of Africa [137]
nucl1347,Wolof,,15.2534,-15.383,nucl1347,,6485,language,Atlantic-Congo,languages,"Map 107 Guinea and Mali [2]; Map 108 Senegal, Gambia and Guinea Bissau [2]; Map 73 North-West Africa [73]"
nucl1379,Kinga,,-9.35868,34.2321,nucl1379,,2729,language,Atlantic-Congo,languages,Map 76 Southern Tanzania [46]; Map 77 Zambia [33a]
nucl1396,Sena,,-19.7933,34.9829,nucl1396,,4923 5118 5300,language,Atlantic-Congo,languages,Map 74 Southern Africa [22]; Map 75 Mozambique [27]; Map 75 Mozambique [28]; Map 75 Mozambique [32]; Map 77 Zambia [22]
nucl1417,Igbo,,4.62705,7.23441,nucl1417,,1007 1496 1507 4644 4657 4687 4702 6104,language,Atlantic-Congo,languages,Map 101 South-Western Nigeria [79]; Map 101 South-Western Nigeria [80]; Map 101 South-Western Nigeria [81]; Map 101 South-Western Nigeria [81a]; Map 101 South-Western Nigeria [83]; Map 101 South-Western Nigeria [83a]; Map 101 South-Western Nigeria [83b]; Map 101 South-Western Nigeria [83c]
nucl1418,Bassa,,7.27501,-11.543,nucl1418,,611,language,Kru,languages,Map 106 Liberia and Sierra Leone [14]
nucl1440,Masalit,,13.2733,22.1752,nucl1440,,3641,language,Maban,languages,Map 71 North-East Africa [71]; Map 72 Sudan and the Horn of Africa [113]
nucl1452,Mombum,,-8.27141,138.773,nucl1452,,3923,language,Mombum-Koneraw,languages,Map 34 Irian Jaya [23]
nucl1453,Walio,,-4.41234,142.231,nucl1453,,6272,language,Walioic,languages,Map 33 Northern Papua New Guinea [313]
nucl1454,Yawa,,-1.77196,136.263,nucl1454,,371,language,Yawa-Saweru,languages,Map 34 Irian Jaya [125]
nucl1458,Monumbo,,-4.2717,144.95,nucl1458,,3941,language,Bogia,languages,Map 33 Northern Papua New Guinea [268]
nucl1460,Madurese,,-7.0,113.0,nucl1460,,3407,language,Austronesian,languages,Map 42 Java and Bali [3]
nucl1593,Kwomtari,,-3.50718,141.488,nucl1593,,3090,language,Kwomtari-Nai,languages,Map 33 Northern Papua New Guinea [210]
nucl1594,Mairasi,,-3.4511,134.071,nucl1594,,3426 4459,language,Mairasic,languages,Map 34 Irian Jaya [126]; Map 34 Irian Jaya [128]
nucl1595,Kwerba,,-2.2137,138.486,nucl1595,,3079 5244,language,Greater Kwerba,languages,Map 34 Irian Jaya [154]; Map 34 Irian Jaya [155]
nucl1620,Wahgi,,-6.11629,144.665,nucl1620,,6245,language,Nuclear Trans New Guinea,languages,Map 32 Southern Papua New Guinea [18]; Map 33 Northern Papua New Guinea [155]
nucl1622,Marind,,-8.15651,140.009,nucl1622,,3613,language,Anim,languages,Map 32 Southern Papua New Guinea [104]; Map 34 Irian Jaya [36]
nucl1630,Barai,,-9.46246,147.899,nucl1630,,565,language,Koiarian,languages,Map 31 South-Eastern Papua New Guinea [50]; Map 32 Southern Papua New Guinea [128]
nucl1632,Sentani,,-2.6013,140.512,nucl1632,,5307,language,Sentanic,languages,Map 34 Irian Jaya [122]
nucl1633,Nimboran,,-2.5803,140.179,nucl1633,,4369,language,Nimboranic,languages,Map 34 Irian Jaya [159]
nucl1634,Skou,,-2.64378,140.902,nucl1634,,5469,language,Sko,languages,Map 34 Irian Jaya [160]
nucl1643,Japanese,,35.0,135.0,nucl1643,,2228,language,Japonic,languages,"Map 50 Japan, Korea and Taiwan [22]"
nucl1649,Southern-Coastal Tsimshian,,52.59103,-128.544545,nucl1649,,1181 5564,language,Tsimshian,languages,Map 6 North-Western Pacific America: Time of Contact [15]; Map 6 North-Western Pacific America: Time of Contact [16]
nucl1683,Daba,,10.3521,13.6318,nucl1683,,1210,language,Afro-Asiatic,languages,Map 94 Northern Cameroon [45]
nucl1692,Gyaazi,,10.34776,9.64965,nucl1692,,1747,language,Afro-Asiatic,languages,"Map 97 North Plateau, Nigeria [88]; Map 98 North-Eastern Nigeria [97]"
nucl1695,Bole,,11.4839,11.2322,nucl1695,,806,language,Afro-Asiatic,languages,Map 100 Northern Nigeria and Niger [4]; Map 98 North-Eastern Nigeria [77]
nucl1696,Tangale,,9.75444,11.3228,nucl1696,,5721,language,Afro-Asiatic,languages,Map 98 North-Eastern Nigeria [82]
nuer1246,Nuer,,8.13911,32.3829,nuer1246,,4096,language,Nilotic,languages,Map 72 Sudan and the Horn of Africa [159]
nugu1241,Nugunu (Australia),,-32.6655,138.0567,nugu1241,,4533,language,Pama-Nyungan,languages,Map 35 Australia: Time of Contact [203]
nugu1242,Nugunu (Cameroon),,4.63103,11.1837,nugu1242,,4545,language,Atlantic-Congo,languages,Map 92 South-Western Cameroon [12]; Map 93 Central South-Western Cameroon [75]
nukk1240,Nuk,,-6.40741,146.875,nukk1240,,4531,language,Nuclear Trans New Guinea,languages,Map 32 Southern Papua New Guinea [50]
nukn1238,Nukna,,-6.0177,146.969,nukn1238,,2833,language,Nuclear Trans New Guinea,languages,Map 32 Southern Papua New Guinea [66]; Map 33 Northern Papua New Guinea [116]
nuku1258,Nukumanu,,-4.576321,159.48537,nuku1258,,4532,language,Austronesian,languages,Map 26 Polynesia [23]; Map 29 Solomon Islands and Bougainville [66]
nuku1260,Nukuoro,,3.84,154.975,nuku1260,,4534,language,Austronesian,languages,Map 26 Polynesia [27]; Map 28 Micronesia [21]
numa1252,Numana,,9.16563,8.4657,numa1252,,4536,language,Atlantic-Congo,languages,"Map 96 South Plateau, Nigeria [22]"
numa1254,Numanggang,,-6.39311,146.719,numa1254,,4537,language,Nuclear Trans New Guinea,languages,Map 32 Southern Papua New Guinea [56]
numb1247,Numbami,,-7.52806,147.298,numb1247,,4538,language,Austronesian,languages,Map 32 Southern Papua New Guinea [222]
nume1241,Nume,,-14.230149,167.593474,nume1241,,4539,language,Austronesian,languages,Map 27 Vanuatu and New Caledonia [11]
nume1242,Numee,,-22.2689,166.705,nume1242,,4540,language,Austronesian,languages,Map 27 Vanuatu and New Caledonia [132]
nung1282,Nung (Myanmar),,27.2887,98.7333,nung1282,,252,language,Sino-Tibetan,languages,"Map 46 Yunnan Province, China [35]"
nung1283,Nung (Viet Nam),,20.8965,104.286,nung1283,,5567 5568,language,Tai-Kadai,languages,"Map 45 China and Mongolia [73]; Map 47 Northern Thailand, Laos and Vietnam [11]"
nung1290,Wubuy,,-14.2623,135.753,nung1290,,4543,language,Gunwinyguan,languages,Map 35 Australia: Time of Contact [61]
nung1292,Nungu,,8.95481,8.62164,nung1292,,4544,language,Atlantic-Congo,languages,"Map 96 South Plateau, Nigeria [25]"
nupe1254,Nupe-Nupe-Tako,,9.18404,5.40031,nupe1254,,1017 4550,language,Atlantic-Congo,languages,"Map 101 South-Western Nigeria [57]; Map 101 South-Western Nigeria [58]; Map 102 Benin and Togo [35]; Map 97 North Plateau, Nigeria [65]"
nusa1245,Nusa Laut,,-3.67727,128.776,nusa1245,,4551,language,Austronesian,languages,Map 37 The Moluccas [12]
nusu1239,Nusu,,26.7292,98.8801,nusu1239,,4552,language,Sino-Tibetan,languages,"Map 46 Yunnan Province, China [45]"
nuuc1236,Nuu-chah-nulth,,49.67,-126.67,nuuc1236,,4433,language,Wakashan,languages,Map 6 North-Western Pacific America: Time of Contact [43]
nyab1255,Nyabwa,,6.87615,-6.84428,nyab1255,,4557,language,Kru,languages,Map 105 Ivory Coast [31b]
nyah1249,Nyaheun,,15.1034,106.543,nyah1249,,4526,language,Austroasiatic,languages,"Map 48 Southern Thailand, Laos and Vietnam, and Cambodia [45]"
nyah1250,Nyahkur,,15.8909,101.515,nyah1250,,4558,language,Austroasiatic,languages,"Map 47 Northern Thailand, Laos and Vietnam [27]; Map 48 Southern Thailand, Laos and Vietnam, and Cambodia [26]"
nyak1260,Nyakyusa-Ngonde,,-9.71018,33.7763,nyak1260,,4559,language,Atlantic-Congo,languages,Map 76 Southern Tanzania [55]; Map 77 Zambia [16]
nyal1250,Nyali,,1.92098,30.0201,nyal1250,,4562,language,Atlantic-Congo,languages,Map 79 Democratic Republic of Congo: Orienta [12]
nyal1254,Belep,,-19.72,163.66,nyal1254,,6724,language,Austronesian,languages,Map 27 Vanuatu and New Caledonia [109]
nyam1271,Nyamal,,-21.6092,119.693,nyam1271,,4564,language,Pama-Nyungan,languages,Map 35 Australia: Time of Contact [126]
nyam1275,Nyamwanga,,-9.11261,32.3163,nyam1275,,2142 2202 5709,language,Atlantic-Congo,languages,Map 75 Mozambique [23]; Map 75 Mozambique [25]; Map 76 Southern Tanzania [52]; Map 76 Southern Tanzania [56]; Map 76 Southern Tanzania [57]; Map 77 Zambia [11]; Map 77 Zambia [12]; Map 77 Zambia [13]; Map 78 Democratic Republic of Congo: Katang [32]
nyam1276,Nyamwezi,,-5.08559,32.94452,nyam1276,,4566 5606,language,Atlantic-Congo,languages,Map 76 Southern Tanzania [19]; Map 78 Democratic Republic of Congo: Katang [36]; Map 80 Democratic Republic of Congo: Kivu [50]; Map 80 Democratic Republic of Congo: Kivu [51]; Map 86 Central East Africa [15]; Map 86 Central East Africa [16]
nyam1277,Nyambo,,-1.6096,30.9156,nyam1277,,4565,language,Atlantic-Congo,languages,Map 80 Democratic Republic of Congo: Kivu [27]
nyan1301,Nyangumarta,,-20.6271,121.391,nyan1301,,4574,language,Pama-Nyungan,languages,Map 35 Australia: Time of Contact [114]
nyan1304,Nyanga,,-1.29357,28.31546,nyan1304,,4568,language,Atlantic-Congo,languages,Map 79 Democratic Republic of Congo: Orienta [1a]; Map 80 Democratic Republic of Congo: Kivu [26]
nyan1305,Nyaneka,,-15.9616,14.94,nyan1305,,3213 4567,language,Atlantic-Congo,languages,Map 84 Angola [29a]; Map 84 Angola [29d]
nyan1307,Nyankole,,-0.46364,30.548,nyan1307,,4405,language,Atlantic-Congo,languages,Map 80 Democratic Republic of Congo: Kivu [28]
nyan1308,Nyanja,,-14.8047,32.8108,nyan1308,,1089 3532 4575,language,Atlantic-Congo,languages,Map 75 Mozambique [20]; Map 75 Mozambique [22]; Map 75 Mozambique [22a]; Map 76 Southern Tanzania [59a]
nyan1315,Nyangatom,,5.39809,35.6232,nyan1315,,4572,language,Nilotic,languages,Map 72 Sudan and the Horn of Africa [168]
nyar1245,Nyarafolo Senoufo,,9.66934,-5.11685,nyar1245,,4576,language,Atlantic-Congo,languages,Map 104 Burkina Faso [8a]; Map 105 Ivory Coast [60a]
nyat1246,Nyaturu,,-5.12263,34.6657,nyat1246,,5082,language,Atlantic-Congo,languages,Map 76 Southern Tanzania [18]; Map 86 Central East Africa [21]
nyem1238,Nyemba,,-15.709,18.2515,nyem1238,,4278,language,Atlantic-Congo,languages,Map 74 Southern Africa [38]; Map 84 Angola [43]
nyen1254,Upper Mangdep,,27.3732,90.3947,nyen1254,,4580,language,Sino-Tibetan,languages,"Map 51 North-East India, Bangladesh, Bhutan and Nepal [36]"
nyen1257,Nyengo,,-17.2314,22.4787,nyen1257,,4579,language,Atlantic-Congo,languages,Map 74 Southern Africa [36]; Map 77 Zambia [63]
nyig1240,Nyigina,,-17.9594,124.348,nyig1240,,4583,language,Nyulnyulan,languages,Map 35 Australia: Time of Contact [97]
nyin1248,Nyindu,,-3.03802,28.6434,nyin1248,,4586,language,Atlantic-Congo,languages,Map 80 Democratic Republic of Congo: Kivu [44]
nyin1250,Nyindrou,,-2.1143,146.627,nyin1250,,3260,language,Austronesian,languages,Map 30 New Britain and New Ireland [7]
nyis1236,Nyishi-Hill Miri,,27.278263,93.675529,nyis1236,,1996,language,Sino-Tibetan,languages,"Map 51 North-East India, Bangladesh, Bhutan and Nepal [96]"
nyok1243,Nyokon,,4.75,10.5,nyok1243,,4590,language,Atlantic-Congo,languages,Map 93 Central South-Western Cameroon [67]
nyol1238,Nyole,,0.88072,33.9181,nyol1238,,4591,language,Atlantic-Congo,languages,Map 86 Central East Africa [39]
nyon1241,Nyong,,7.274185,11.061485,nyon1241,,4011,language,Atlantic-Congo,languages,Map 98 North-Eastern Nigeria [23]
nyor1244,Nyore,,0.07523,34.6166,nyor1244,,4592,language,Atlantic-Congo,languages,Map 86 Central East Africa [35i]
nyor1246,Nyoro,,0.95294,31.3493,nyor1246,,4593,language,Atlantic-Congo,languages,Map 79 Democratic Republic of Congo: Orienta [3]; Map 86 Central East Africa [28]
nyun1248,Nyungwe,,-16.4757,33.0233,nyun1248,,4595,language,Atlantic-Congo,languages,Map 74 Southern Africa [23]; Map 75 Mozambique [30]; Map 77 Zambia [20a]
nzad1234,Nzadi,,-4.102208,20.194462,nzad1234,,4596,language,Atlantic-Congo,languages,Map 81 Democratic Republic of Congo: Kasai [65]
nzan1240,Nzanyi,,10.0666,13.3343,nzan1240,,4598,language,Afro-Asiatic,languages,Map 94 Northern Cameroon [54]
nzim1238,Nzima,,5.1785,-2.81123,nzim1238,,4600,language,Atlantic-Congo,languages,Map 103 Ghana [7]; Map 105 Ivory Coast [17]
oban1244,Obanliku,,6.4794,9.27156,oban1244,,4604,language,Atlantic-Congo,languages,Map 95 South-Eastern Nigeria and Mid-Western Cameroon [73g]
obis1242,Obispeño,,35.2873,-120.669,obis1242,,4605,language,Chumashan,languages,Map 4 California: Time of Contact [84]
oblo1238,Oblo,,8.18943,14.29,oblo1238,,4606,language,Atlantic-Congo,languages,Map 91 Adamawa Region [35]
obol1243,Obolo,,4.62851,7.81985,obol1243,,4608,language,Atlantic-Congo,languages,Map 101 South-Western Nigeria [21]
obom1235,Obo Manobo,,7.29141,125.09,obom1235,,4607,language,Austronesian,languages,Map 40 The Philippines [108]
obul1239,Obulom-Ochichi,,4.72908,7.11671,obul1239,,4610,language,Atlantic-Congo,languages,Map 101 South-Western Nigeria [13]
ocai1244,Ocaina,,-2.159,-72.1422,ocai1244,,4620,language,Huitotoan,languages,Map 12 Northern South America: Time of Contact [186]
occi1239,Occitan,,44.1415,6.82979,occi1239,,4964,language,Indo-European,languages,"Map 65 Germany, Austria, Liechtenstein and Switzerland [8]; Map 67 Italy, Corsica, Sardinia, Sicily and Malta [5]; Map 69 France, Belgium, the Netherlands and Luxembourg [2]"
odia1239,Odiai,,-3.82276,141.336,odia1239,,6780,language,,languages,Map 33 Northern Papua New Guinea [372]
odoo1238,Odoodee,,-6.59222,142.486,odoo1238,,5942,language,East Strickland,languages,Map 32 Southern Papua New Guinea [91]
odua1238,Odual,,4.83273,6.41493,odua1238,,4611,language,Atlantic-Congo,languages,Map 101 South-Western Nigeria [8b]
odut1238,Odut,,5.20317,8.27253,odut1238,,4612,language,Bookkeeping,languages,Map 93 Central South-Western Cameroon [8]
oduu1239,O'du,,19.3497,104.106,oduu1239,,2093,language,Austroasiatic,languages,"Map 47 Northern Thailand, Laos and Vietnam [43]"
ofay1240,Ofayé,,-22.278,-53.7227,ofay1240,,4613,language,Nuclear-Macro-Je,languages,Map 18 Brazilian Atlantic Coast: Time of Contact [308]
ofoo1242,Ofo,,33.45871,-90.76513,ofoo1242,,4615,language,Siouan,languages,Map 2 South-Eastern North America: Time of Contact [9]
ogba1241,Ogbah,,5.25057,6.53895,ogba1241,,4616,language,Atlantic-Congo,languages,Map 101 South-Western Nigeria [85c]
ogbi1239,Ogbia,,4.75352,6.34034,ogbi1239,,253 4639,language,Atlantic-Congo,languages,Map 101 South-Western Nigeria [10b]; Map 101 South-Western Nigeria [10c]
ogbo1242,Ogbogolo,,4.90943,6.54706,ogbo1242,,4617,language,Atlantic-Congo,languages,Map 101 South-Western Nigeria [12]
ogbr1243,Ogbronuagum,,4.74842,6.9058,ogbr1243,,4609,language,Atlantic-Congo,languages,Map 101 South-Western Nigeria [11]
ogea1238,Ogea,,-5.37766,145.71,ogea1238,,1558,language,Nuclear Trans New Guinea,languages,Map 33 Northern Papua New Guinea [46]
oira1263,Oirata,,-8.09044,127.201,oira1263,,4619,language,Timor-Alor-Pantar,languages,Map 38 Lesser Sunda Islands and Timor [64]
okan1243,Okanagan,,49.2745,-119.294,okan1243,,4623,language,Salishan,languages,Map 6 North-Western Pacific America: Time of Contact [31]
okob1241,Okobo,,5.02037,8.08696,okob1241,,4625,language,Atlantic-Congo,languages,Map 101 South-Western Nigeria [24]; Map 93 Central South-Western Cameroon [5]
okoe1238,Oko-Eni-Osayen,,7.53908,6.15725,okoe1238,,4618,language,Atlantic-Congo,languages,Map 101 South-Western Nigeria [59]
okol1241,Okolod,,4.53989,115.753,okol1241,,2815,language,Austronesian,languages,Map 41 Borneo and Madagascar [82]
okpa1238,Okpamheri,,7.33708,5.97843,okpa1238,,4626,language,Atlantic-Congo,languages,Map 101 South-Western Nigeria [75]
okpe1250,Okpe (Southwestern Edo),,7.22407,5.94885,okpe1250,,4627,language,Atlantic-Congo,languages,Map 101 South-Western Nigeria [63e]
oksa1245,Oksapmin,,-5.20797,142.177,oksa1245,,4630,language,Nuclear Trans New Guinea,languages,Map 33 Northern Papua New Guinea [145]
okuu1243,Oku,,6.23712,10.5096,okuu1243,,18,language,Atlantic-Congo,languages,Map 95 South-Eastern Nigeria and Mid-Western Cameroon [42d]
okwa1235,Okwanuchu,,41.20576,-122.27049,okwa1235,,4631,language,Shastan,languages,Map 4 California: Time of Contact [38]
olek1239,Olekha,,27.2079,90.5546,olek1239,,4636,language,Sino-Tibetan,languages,"Map 51 North-East India, Bangladesh, Bhutan and Nepal [32]"
oloo1241,Olo,,-3.2929,142.131,oloo1241,,4638,language,Nuclear Torricelli,languages,Map 33 Northern Papua New Guinea [226]
olul1245,Olulumo-Ikom,,5.97709,8.56546,olul1245,,2123,language,Atlantic-Congo,languages,"Map 93 Central South-Western Cameroon [14, A]"
olut1240,Oluta Popoluca,,17.8937,-94.8863,olut1240,,4641,language,Mixe-Zoque,languages,Map 10 Meso-America: Time of Contact [26]
omah1247,Omaha-Ponca,,42.0944,-96.5295,omah1247,,4642 4940,language,Siouan,languages,Map 5 The Great Plains: Time of Contact [24]; Map 5 The Great Plains: Time of Contact [25]
oman1239,Omani Arabic,,23.25,58.5,oman1239,,553 4645 6762,language,Afro-Asiatic,languages,Map 70 The Middle East and Arabian Peninsula [75]; Map 70 The Middle East and Arabian Peninsula [76]; Map 70 The Middle East and Arabian Peninsula [77]
ombo1238,Ombo,,-2.32162,25.1748,ombo1238,,4648,language,Atlantic-Congo,languages,Map 80 Democratic Republic of Congo: Kivu [3]
omie1241,Ömie,,-9.03136,148.107,omie1241,,6770,language,Koiarian,languages,Map 31 South-Eastern Papua New Guinea [51]
omur1241,Omurano,,-4.09028,-76.01,omur1241,,4649,language,,languages,Map 14 Northern Pacific Coast: Time of Contact [180]
onaa1245,Selk'nam,,-54.0,-68.5,onaa1245,,4651,language,Chonan,languages,Map 22 Southern South America: Time of Contact [246a]
onei1249,Oneida,,43.438742,-75.708106,onei1249,,4654,language,Iroquoian,languages,Map 1 East Coast and Great Lakes: Time of Contact [38]
ongg1239,Ong-Ir,,15.1225,106.001,ongg1239,,4655 4656,language,Austroasiatic,languages,"Map 47 Northern Thailand, Laos and Vietnam [53]; Map 48 Southern Thailand, Laos and Vietnam, and Cambodia [40]"
onin1245,Onin,,-2.75976,132.062,onin1245,,4658,language,Austronesian,languages,Map 34 Irian Jaya [216]; Map 37 The Moluccas [52]
onjo1240,Onjob,,-9.31824,149.121,onjo1240,,4659,language,Dagan,languages,Map 31 South-Eastern Papua New Guinea [71]
onob1238,Onobasulu,,-6.30876,142.776,onob1238,,4652,language,Bosavi,languages,Map 32 Southern Papua New Guinea [85]
onon1246,Onondaga,,42.92,-76.12,onon1246,,4661,language,Iroquoian,languages,Map 1 East Coast and Great Lakes: Time of Contact [39]
onoo1246,Ono,,-6.19223,147.579,onoo1246,,4660,language,Nuclear Trans New Guinea,languages,Map 32 Southern Papua New Guinea [38]; Map 33 Northern Papua New Guinea [106]
onto1237,Luangiua,,-5.49029,159.701,onto1237,,3335,language,Austronesian,languages,Map 26 Polynesia [22]; Map 29 Solomon Islands and Bougainville [67]
opao1240,Opao,,-7.85988,145.751,opao1240,,4662,language,Eleman,languages,Map 32 Southern Papua New Guinea [179]
opat1246,Teguima,,31.15211,-110.06212,opat1246,,6769,language,Uto-Aztecan,languages,Map 3 South-Western North America: Time of Contact [29]
opon1234,Opón-Carare,,6.473146,-74.084846,opon1234,,4663,language,Cariban,languages,Map 12 Northern South America: Time of Contact [381]
oran1258,Orang Kanaq,,1.88296,104.008,oran1258,,4666,language,Austronesian,languages,Map 44 West Malaysia and Singapore [21]
oran1259,Orang Seletar,,1.45841,103.766,oran1259,,4668,language,Austronesian,languages,Map 44 West Malaysia and Singapore [22]
orej1242,Maijiki,,-2.86315,-72.4926,orej1242,,2893,language,Tucanoan,languages,Map 14 Northern Pacific Coast: Time of Contact [151]
orin1239,Oring,,6.68753,8.12005,orin1239,,2873,language,Atlantic-Congo,languages,Map 101 South-Western Nigeria [26]
oriy1255,Odia,,21.0,85.0,oriy1255,,4670,language,Indo-European,languages,"Map 51 North-East India, Bangladesh, Bhutan and Nepal [184]; Map 52 Southern India and Sri Lanka [16]"
orma1241,Orma,,-1.79489,39.60749,orma1241,,4035 4671,language,Afro-Asiatic,languages,Map 72 Sudan and the Horn of Africa [53m]; Map 85 Kenyan Coast [43f]; Map 85 Kenyan Coast [43g]
ormu1247,Ormuri,,32.6819,69.3444,ormu1247,,4673,language,Indo-European,languages,"Map 53 Iran, Afghanistan and Pakistan [25]"
ormu1248,Ormu,,-2.51361,140.6015,ormu1248,,4672,language,Austronesian,languages,Map 34 Irian Jaya [180]
oroc1248,Oroch,,50.32354,137.85131,oroc1248,,4675,language,Tungusic,languages,Map 55 Eastern Siberia [16]
oroh1237,Oroha,,-9.7386,161.513,oroh1237,,4676,language,Austronesian,languages,Map 29 Solomon Islands and Bougainville [52]
orok1266,Oroko,,4.89504,9.15209,orok1266,,483 731 1456 1522 3295 3749 6406 6792,language,Atlantic-Congo,languages,Map 92 South-Western Cameroon [25]; Map 92 South-Western Cameroon [26]; Map 92 South-Western Cameroon [26a]; Map 93 Central South-Western Cameroon [82]; Map 93 Central South-Western Cameroon [82a]; Map 93 Central South-Western Cameroon [82b]; Map 93 Central South-Western Cameroon [83]; Map 93 Central South-Western Cameroon [83a]; Map 93 Central South-Western Cameroon [83b]; Map 93 Central South-Western Cameroon [83c]; Map 93 Central South-Western Cameroon [83d]
orok1267,Orokolo,,-7.81309,145.34,orok1267,,4678,language,Eleman,languages,Map 32 Southern Papua New Guinea [181]
orok1269,Orokaiva,,-8.79019,148.09,orok1269,,4677,language,Nuclear Trans New Guinea,languages,Map 31 South-Eastern Papua New Guinea [80]; Map 32 Southern Papua New Guinea [147]
oroo1241,Oro,,4.86134,8.11394,oroo1241,,4674,language,Atlantic-Congo,languages,Map 101 South-Western Nigeria [23]; Map 93 Central South-Western Cameroon [4]
oroq1238,Oroqen,,50.6319,125.017,oroq1238,,4679,language,Tungusic,languages,Map 45 China and Mongolia [50]
orow1242,Orowe,,-21.6269,165.473,orow1242,,4683,language,Austronesian,languages,Map 27 Vanuatu and New Caledonia [125]
orya1242,Orya,,-2.76483,139.89,orya1242,,6148,language,Tor-Orya,languages,Map 34 Irian Jaya [145]
osag1243,Osage,,36.7828,-96.2949,osag1243,,4684,language,Siouan,languages,Map 5 The Great Plains: Time of Contact [27]
osat1238,Osatu,,6.20829,9.80188,osat1238,,2109,language,Atlantic-Congo,languages,Map 95 South-Eastern Nigeria and Mid-Western Cameroon [10]
osos1238,Ososo,,7.42868,6.21509,osos1238,,4688,language,Atlantic-Congo,languages,Map 101 South-Western Nigeria [69]
otan1238,Otank,,6.54809,9.34019,otan1238,,4691,language,Atlantic-Congo,languages,Map 95 South-Eastern Nigeria and Mid-Western Cameroon [2]
otda1235,Ot Danum,,-0.3955,113.469,otda1235,,1363,language,Austronesian,languages,Map 41 Borneo and Madagascar [4]
otom1301,Otomaco,,7.6197859,-66.4990389,otom1301,,4693,language,Otomaco-Taparita,languages,Map 12 Northern South America: Time of Contact [55]
otta1242,Ottawa,,44.5988,-83.226,otta1242,,4696,language,Algic,languages,Map 7 Northern North America: Time of Contact [77]
otuh1238,Otuho,,4.16379,32.6641,otuh1238,,3319,language,Nilotic,languages,"Map 72 Sudan and the Horn of Africa [161]; Map 86 Central East Africa [68, G]"
otuk1240,Otuke,,-15.2698,-59.6986,otuk1240,,4697,language,Bororoan,languages,Map 18 Brazilian Atlantic Coast: Time of Contact [280]
ouji1238,Wenzhou,,27.94043,120.63338,ouji1238,,4698,language,Sino-Tibetan,languages,Map 45 China and Mongolia [7b]
ouma1237,Ouma,,-10.2288,149.101,ouma1237,,4699,language,Austronesian,languages,"Map 31 South-Eastern Papua New Guinea [40, E]"
owen1244,Oweina,,-6.70452,145.817,owen1244,,4701,language,Nuclear Trans New Guinea,languages,"Map 32 Southern Papua New Guinea [7, B]"
owin1240,Owiniga,,-4.47476,141.697,owin1240,,4703,language,Left May,languages,Map 33 Northern Papua New Guinea [219]
oyda1235,Oyda,,6.13322,36.8541,oyda1235,,4704,language,Ta-Ne-Omotic,languages,Map 72 Sudan and the Horn of Africa [80]
paaa1242,Pa'a,,11.0175,9.30091,paaa1242,,4709,language,Afro-Asiatic,languages,"Map 97 North Plateau, Nigeria [78]"
paam1238,Paama,,-16.47548,168.23693,paam1238,,4712,language,Austronesian,languages,Map 27 Vanuatu and New Caledonia [60]
paca1246,Pacahuara,,-11.9968,-65.5568,paca1246,,4736,language,Pano-Tacanan,languages,Map 14 Northern Pacific Coast: Time of Contact [233]
paci1278,Pacific Gulf Yupik,,60.4238,-148.043,paci1278,,4714,language,Eskimo-Aleut,languages,Map 7 Northern North America: Time of Contact [3]
paco1243,Pacoh,,16.3353,107.094,paco1243,,4716,language,Austroasiatic,languages,"Map 47 Northern Thailand, Laos and Vietnam [48]"
paez1247,Páez,,2.61516,-76.31254,paez1247,,4719,language,,languages,Map 12 Northern South America: Time of Contact [15]
pagi1243,Pagibete,,3.15636,22.1212,pagi1243,,261,language,Atlantic-Congo,languages,Map 79 Democratic Republic of Congo: Orienta [32]; Map 82 Democratic Republic of Congo: Equate [35b]
pagi1244,Pagi,,-3.04649,141.246,pagi1244,,4721,language,Border,languages,Map 33 Northern Papua New Guinea [208]
pagu1249,Pagu,,1.2134,127.78,pagu1249,,4722,language,North Halmahera,languages,Map 37 The Moluccas [65]
paha1251,Pahari Potwari,,33.6424,73.8071,paha1251,,4989,language,Indo-European,languages,Map 54 North-West India [30]
pahi1246,Pahi,,-3.79935,142.299,pahi1246,,4723,language,Sepik,languages,Map 33 Northern Papua New Guinea [281]
pahn1237,Pa-Hng,,22.8049,105.165,pahn1237,,454,language,Hmong-Mien,languages,"Map 45 China and Mongolia [56]; Map 47 Northern Thailand, Laos and Vietnam [3]"
paic1239,Paicî,,-21.096,165.15,paic1239,,4725,language,Austronesian,languages,Map 27 Vanuatu and New Caledonia [121]
paip1241,Paipai,,31.6063,-115.871,paip1241,,4727,language,Cochimi-Yuman,languages,Map 3 South-Western North America: Time of Contact [45]
paiw1248,Paiwan,,22.3271,120.806,paiw1248,,4728,language,Austronesian,languages,"Map 50 Japan, Korea and Taiwan [10]"
pakt1239,Pak-Tong,,-2.05269,147.767,pakt1239,,4732,language,Austronesian,languages,Map 30 New Britain and New Ireland [24]
paku1238,Paku Karen,,18.8137,97.1203,paku1238,,4738,language,Sino-Tibetan,languages,Map 49 Burma (Myanmar) [32]
pala1342,Palaka Senoufo,,9.53815,-4.9271,pala1342,,4739,language,Atlantic-Congo,languages,Map 105 Ivory Coast [58]
pala1344,Palauan,,7.34138,134.476678,pala1344,,4741,language,Austronesian,languages,Map 28 Micronesia [24]
pale1254,Palewyami Yokuts,,35.556742,-119.073757,pale1254,,4745,language,Yokutsan,languages,Map 4 California: Time of Contact [78]
pali1279,Palikúr,,3.63993,-51.6246,pali1279,,4746,language,Arawakan,languages,Map 12 Northern South America: Time of Contact [107a]
pall1243,Pallanganmiddang,,-36.08,146.91,pall1243,,4748,language,Pama-Nyungan,languages,Map 35 Australia: Time of Contact [452]
pall1244,Pal,,-4.756,145.24,pall1244,,38,language,Nuclear Trans New Guinea,languages,Map 33 Northern Papua New Guinea [67]
palm1241,Palmela,,-12.628898,-63.124168,palm1241,,4749,language,Cariban,languages,Map 16 Western Brazil: Time of Contact [419]
palo1243,Palor,,14.8628,-16.9557,palo1243,,4750,language,Atlantic-Congo,languages,"Map 108 Senegal, Gambia and Guinea Bissau [8]"
palp1242,Palpa,,27.8741,83.3928,palp1242,,4751,language,Bookkeeping,languages,"Map 51 North-East India, Bangladesh, Bhutan and Nepal [160]"
palu1252,Palu'e,,-8.32877,121.718,palu1252,,4752,language,Austronesian,languages,Map 38 Lesser Sunda Islands and Timor [27]
palu1253,Paluan,,5.02715,116.346,palu1253,,4753,language,Austronesian,languages,Map 41 Borneo and Madagascar [84]
pamb1243,Pambia,,3.739,26.61,pamb1243,,4756,language,Atlantic-Congo,languages,Map 79 Democratic Republic of Congo: Orienta [45]
pamm1242,Pam (Cameroon),,7.97779,14.285,pamm1242,,4755,language,Atlantic-Congo,languages,Map 91 Adamawa Region [26]
pamo1252,Pamona,,-1.62663,121.268,pamo1252,,4760,language,Austronesian,languages,Map 39 Sulawesi [35]
pamo1253,Pamosu,,-4.69874,145.288,pamo1253,,2002,language,Nuclear Trans New Guinea,languages,Map 33 Northern Papua New Guinea [64]
pamp1243,Pampanga,,14.9603,120.502,pamp1243,,2467,language,Austronesian,languages,Map 40 The Philippines [47]
pamp1244,Pamplona Atta,,18.4738,121.3,pamp1244,,4761,language,Austronesian,languages,Map 40 The Philippines [13]
pana1293,Pana (Central African Republic),,7.10191,15.64243,pana1293,,1814 4763,language,Atlantic-Congo,languages,"Map 90 Central African Republic, South-Western Chad and Cameroon [17]; Map 90 Central African Republic, South-Western Chad and Cameroon [18]"
pana1295,Pana (Burkina Faso),,13.3501,-3.36685,pana1295,,4762,language,Atlantic-Congo,languages,Map 104 Burkina Faso [41]
pana1305,Panamint,,36.0007,-117.901,pana1305,,4764,language,Uto-Aztecan,languages,Map 4 California: Time of Contact [95]
pand1264,Pande,,3.57935,16.22754,pand1264,,785 4767,language,Atlantic-Congo,languages,Map 82 Democratic Republic of Congo: Equate [27]; Map 87 Northern Congo and Southern Central African Republic [36]; Map 87 Northern Congo and Southern Central African Republic [6]
pang1282,Pangwali,,32.9753,76.5569,pang1282,,4771,language,Indo-European,languages,Map 54 North-West India [37]
pang1287,Pangwa,,-9.96782,34.8039,pang1287,,4770,language,Atlantic-Congo,languages,Map 76 Southern Tanzania [44]
pang1290,Pangasinan,,15.9377,120.365,pang1290,,4768,language,Austronesian,languages,Map 40 The Philippines [32]
pang1291,Pangutaran Sama,,6.27167,120.536,pang1291,,6429,language,Austronesian,languages,Map 40 The Philippines [117]
pani1258,Panim,,-5.21388,145.752,pani1258,,4772,language,Nuclear Trans New Guinea,languages,Map 33 Northern Papua New Guinea [80]
pank1250,Pankararú,,-8.99999,-37.0167,pank1250,,4773,language,,languages,Map 18 Brazilian Atlantic Coast: Time of Contact [317]
pano1254,Panoan Katukína,,-7.97456,-71.56151,pano1254,,6308,language,Pano-Tacanan,languages,Map 14 Northern Pacific Coast: Time of Contact [221]
pano1255,Panobo,,-7.16666,-75.0,pano1255,,4775,language,Pano-Tacanan,languages,Map 14 Northern Pacific Coast: Time of Contact [217]
panz1235,Panzaleo,,,,panz1235,,4776,language,Unclassifiable,languages,Map 12 Northern South America: Time of Contact [16]
paok1235,Pa'o Karen,,20.211,97.5969,paok1235,,4711,language,Sino-Tibetan,languages,Map 49 Burma (Myanmar) [20]
papa1265,Papapana,,-5.92283,155.289,papa1265,,4779,language,Austronesian,languages,Map 29 Solomon Islands and Bougainville [9]
papa1268,Papar,,5.57378,115.58,papa1268,,4780,language,Austronesian,languages,Map 41 Borneo and Madagascar [97]
papa1269,Papasena,,-2.87535,138.605,papa1269,,4781,language,Lakes Plain,languages,Map 34 Irian Jaya [137]
pape1239,Papel,,11.8977,-15.8388,pape1239,,4782,language,Atlantic-Congo,languages,"Map 108 Senegal, Gambia and Guinea Bissau [20]"
papi1255,Papi,,-4.4725,142.011,papi1255,,4783,language,,languages,Map 33 Northern Papua New Guinea [317]
papu1251,Papuma,,-1.77301,135.907,papu1251,,4785,language,Austronesian,languages,Map 34 Irian Jaya [202]
para1299,Parachi,,36.0432,70.8805,para1299,,4786,language,Indo-European,languages,"Map 53 Iran, Afghanistan and Pakistan [23]"
para1301,South Wa,,22.8658,99.375,para1301,,4790,language,Austroasiatic,languages,"Map 46 Yunnan Province, China [8]"
para1306,Paranan,,17.0,122.372,para1306,,4788,language,Austronesian,languages,Map 40 The Philippines [5]
para1307,Parawen,,-5.0112,145.418,para1307,,4794,language,Nuclear Trans New Guinea,languages,Map 33 Northern Papua New Guinea [75]
para1309,Paravilhana,,3.116667,-60.483333,para1309,,4793,language,Cariban,languages,Map 12 Northern South America: Time of Contact [398]
para1310,Pará Arára,,-3.71263,-53.0657,para1310,,286,language,Cariban,languages,Map 18 Brazilian Atlantic Coast: Time of Contact [414]
para1311,Paraguayan Guaraní,,-25.60551,-57.08816,para1311,,1832,language,Tupian,languages,Map 18 Brazilian Atlantic Coast: Time of Contact [335]
para1312,Parakanã,,-4.64681,-50.0621,para1312,,144,language,Tupian,languages,Map 18 Brazilian Atlantic Coast: Time of Contact [346]
para1316,Paraujano,,10.8427,-71.8399,para1316,,4791,language,Arawakan,languages,Map 12 Northern South America: Time of Contact [104]
pare1266,Gorum-Parenga,,19.075,83.9723,pare1266,,4797,language,Austroasiatic,languages,"Map 51 North-East India, Bangladesh, Bhutan and Nepal [212]"
pare1271,Pare,,-6.46878,141.658,pare1271,,4707,language,Kamula-Elevala,languages,Map 32 Southern Papua New Guinea [93]; Map 33 Northern Papua New Guinea [188]
pare1272,Parecís,,-14.5929,-57.4059,pare1272,,4798,language,Arawakan,languages,Map 18 Brazilian Atlantic Coast: Time of Contact [110]
park1239,Parkwa,,11.0206,14.0964,park1239,,4796,language,Afro-Asiatic,languages,Map 94 Northern Cameroon [18]
pasi1259,Pasi,,-3.95195,142.307,pasi1259,,4802,language,Sepik,languages,Map 33 Northern Papua New Guinea [280]
pass1250,Passe,,-2.596949,-68.468643,pass1250,,4809,language,Arawakan,languages,Map 16 Western Brazil: Time of Contact [82]
past1243,Pasto,,,,past1243,,4807,language,Unclassifiable,languages,Map 12 Northern South America: Time of Contact [22]
pata1260,Patani,,0.34096,128.634,pata1260,,4811,language,Austronesian,languages,Map 37 The Moluccas [41]
pata1261,Pataxó Hã-Ha-Hãe,,-15.9167,-40.0333,pata1261,,4813,language,Nuclear-Macro-Je,languages,Map 18 Brazilian Atlantic Coast: Time of Contact [302]
patp1243,Patpatar,,-3.74711,152.493,patp1243,,4815,language,Austronesian,languages,Map 30 New Britain and New Ireland [56]
patw1250,Patwin,,39.2143,-122.0094,patw1250,,4816,language,Wintuan,languages,Map 4 California: Time of Contact [45]
paul1238,Paulohi,,-3.25404,128.779,paul1238,,4817,language,Austronesian,languages,Map 37 The Moluccas [14]
paum1247,Paumari,,-5.78403,-64.2803,paum1247,,4818,language,Arawan,languages,Map 16 Western Brazil: Time of Contact [131]
paun1241,Paunaka,,-14.353747,-63.086994,paun1241,,4820,language,Arawakan,languages,Map 20 Central Pacific Coast: Time of Contact [118]
paus1244,Warázu,,-12.8553,-63.1903,paus1244,,6786,language,Tupian,languages,Map 20 Central Pacific Coast: Time of Contact [339]
pauw1243,Pauwi,,-1.65,137.8,pauw1243,,4822,language,Austronesian,languages,Map 34 Irian Jaya [173]
paux1235,Pauxi,,-1.690001,-55.558777,paux1235,,6793,language,Cariban,languages,Map 12 Northern South America: Time of Contact [397]
paux1236,Pauxiana,,1.451688,-62.518616,paux1236,,4824,language,Cariban,languages,Map 12 Northern South America: Time of Contact [397]
pawa1255,Pawaia,,-6.88021,145.081,pawa1255,,4823,language,,languages,Map 32 Southern Papua New Guinea [155]
pawn1254,Pawnee,,36.2862,-96.8937,pawn1254,,4825,language,Caddoan,languages,Map 5 The Great Plains: Time of Contact [33]
paya1236,Payagua,,-20.212233,-58.158622,paya1236,,4828,language,,languages,Map 18 Brazilian Atlantic Coast: Time of Contact [266]
payn1244,Manat,,-4.94303,144.879,payn1244,,4829,language,Nuclear Trans New Guinea,languages,Map 33 Northern Papua New Guinea [12]
pear1247,Pear,,13.593,105.028,pear1247,,4832,language,Austroasiatic,languages,"Map 48 Southern Thailand, Laos and Vietnam, and Cambodia [32]"
pech1241,Pech,,15.8033,-85.558,pech1241,,4827,language,Chibchan,languages,Map 12 Northern South America: Time of Contact [28]
pedi1238,Pedi,,-24.7993,29.4718,pedi1238,,2685 3377 4452 4724 4834 4976,language,Atlantic-Congo,languages,Map 74 Southern Africa [5]; Map 74 Southern Africa [5a]; Map 74 Southern Africa [5b]; Map 74 Southern Africa [5c]; Map 74 Southern Africa [5d]; Map 74 Southern Africa [5e]; Map 75 Mozambique [50]; Map 75 Mozambique [50a]
peer1241,Peere,,7.82186,12.2518,peer1241,,1246 2899 3029 4062 4835 6759,language,Atlantic-Congo,languages,Map 91 Adamawa Region [4]; Map 91 Adamawa Region [5]; Map 91 Adamawa Region [5a]; Map 91 Adamawa Region [5b]; Map 91 Adamawa Region [6]; Map 95 South-Eastern Nigeria and Mid-Western Cameroon [97a]; Map 95 South-Eastern Nigeria and Mid-Western Cameroon [97b]; Map 98 North-Eastern Nigeria [26b]
peii1238,Pei,,-4.43974,142.247,peii1238,,4708,language,Walioic,languages,Map 33 Northern Papua New Guinea [314]
pela1242,Pela,,24.2142,97.9183,pela1242,,802,language,Sino-Tibetan,languages,"Map 46 Yunnan Province, China [44]"
pele1245,Pele-Ata,,-5.58045,151.05,pele1245,,344,language,,languages,Map 30 New Britain and New Ireland [84]
pemo1248,Pemon,,4.97031,-61.4033,pemo1248,,4838 5001,language,Cariban,languages,Map 12 Northern South America: Time of Contact [400]; Map 12 Northern South America: Time of Contact [402]
penc1239,Penchal,,-2.29891,147.81,penc1239,,4840,language,Austronesian,languages,Map 30 New Britain and New Ireland [27]
pend1242,Pendau,,-0.11396,119.862,pend1242,,4191,language,Austronesian,languages,Map 39 Sulawesi [26]
peng1244,Pengo,,19.3435,83.6552,peng1244,,4842,language,Dravidian,languages,"Map 51 North-East India, Bangladesh, Bhutan and Nepal [196]"
pent1242,Pentlatch,,49.1936,-124.689,pent1242,,4843,language,Salishan,languages,Map 6 North-Western Pacific America: Time of Contact [19]
peri1250,Pericú,,23.316718,-109.614813,peri1250,,4846,language,Unclassifiable,languages,Map 3 South-Western North America: Time of Contact [71]
peri1253,Peripheral Mongolian,,42.4208,110.157,peri1253,,467 1516 2674 2686 4669 5012 6772,language,Mongolic-Khitan,languages,Map 45 China and Mongolia [18]; Map 45 China and Mongolia [19]; Map 45 China and Mongolia [20]; Map 45 China and Mongolia [21]; Map 45 China and Mongolia [22]; Map 45 China and Mongolia [23]; Map 45 China and Mongolia [NA]
pero1241,Pero,,9.62092,11.044,pero1241,,4847,language,Afro-Asiatic,languages,Map 98 North-Eastern Nigeria [80]
peve1243,Peve,,9.16111,14.441,peve1243,,3143 4850 5642,language,Afro-Asiatic,languages,"Map 90 Central African Republic, South-Western Chad and Cameroon [61a]; Map 91 Adamawa Region [62a]; Map 91 Adamawa Region [62b]"
phak1238,Phake,,27.8197,95.8131,phak1238,,4851,language,Tai-Kadai,languages,"Map 51 North-East India, Bangladesh, Bhutan and Nepal [218]"
phal1254,Palula,,35.5096,71.8421,phal1254,,4853,language,Indo-European,languages,"Map 53 Iran, Afghanistan and Pakistan [48]"
phan1254,Phana',,21.9387,101.978,phan1254,,4854,language,Sino-Tibetan,languages,"Map 47 Northern Thailand, Laos and Vietnam [91]"
phen1239,Phende,,-5.64735,19.8275,phen1239,,4841,language,Atlantic-Congo,languages,Map 81 Democratic Republic of Congo: Kasai [64]
phom1236,Phom Naga,,26.4715,94.7476,phom1236,,4859,language,Sino-Tibetan,languages,"Map 51 North-East India, Bangladesh, Bhutan and Nepal [118]"
phua1239,Phuan,,17.5207,102.191,phua1239,,4863,language,Tai-Kadai,languages,"Map 47 Northern Thailand, Laos and Vietnam [25]; Map 48 Southern Thailand, Laos and Vietnam, and Cambodia [19]"
phui1238,Phuie,,11.02348,-3.47165,phui1238,,4970,language,Atlantic-Congo,languages,Map 104 Burkina Faso [50]; Map 105 Ivory Coast [39]
phuk1235,Phukha,,22.27082,104.41851,phuk1235,,4864,language,Sino-Tibetan,languages,"Map 47 Northern Thailand, Laos and Vietnam [98]"
phuo1238,Phuong,,16.2118,107.467,phuo1238,,4866,language,Austroasiatic,languages,"Map 47 Northern Thailand, Laos and Vietnam [49]"
phut1244,Phu Thai,,17.7544966667,104.684233333,phut1244,,4867,language,Tai-Kadai,languages,"Map 47 Northern Thailand, Laos and Vietnam [22]; Map 48 Southern Thailand, Laos and Vietnam, and Cambodia [15]"
phut1246,Phuthi,,-30.42311,27.94815,phut1246,,4868,language,Atlantic-Congo,languages,Map 74 Southern Africa [6a]
piam1242,Piamatsina,,-14.9959,166.738,piam1242,,4869,language,Austronesian,languages,Map 27 Vanuatu and New Caledonia [49]
piam1243,Piame,,-4.85835,142.784,piam1243,,4870,language,Sepik,languages,Map 33 Northern Papua New Guinea [301]
piap1246,Piapoco,,4.37718,-68.5953,piap1246,,4871,language,Arawakan,languages,Map 12 Northern South America: Time of Contact [76]
picu1248,Picuris Northern Tiwa,,37.083011,-105.267144,picu1248,,4875,language,Kiowa-Tanoan,languages,Map 5 The Great Plains: Time of Contact [57]
pije1237,Pije,,-20.7824,164.942,pije1237,,4877,language,Austronesian,languages,Map 27 Vanuatu and New Caledonia [119]
pila1245,Pilagá,,-25.0058,-60.1537,pila1245,,4879,language,Guaicuruan,languages,Map 20 Central Pacific Coast: Time of Contact [261]
pile1238,Vaeakau-Taumako,,-10.173335,166.247188,pile1238,,4881,language,Austronesian,languages,Map 26 Polynesia [14]; Map 29 Solomon Islands and Bougainville [69]
pima1248,Pima Bajo,,28.654,-108.326,pima1248,,3328,language,Uto-Aztecan,languages,Map 3 South-Western North America: Time of Contact [24]
pimb1238,Pimbwe,,-6.81358,31.4289,pimb1238,,4883,language,Atlantic-Congo,languages,Map 76 Southern Tanzania [27]; Map 78 Democratic Republic of Congo: Katang [37]
pime1237,Pimenteira,,-7.344019,-43.88325,pime1237,,4884,language,Cariban,languages,Map 18 Brazilian Atlantic Coast: Time of Contact [420]
pina1252,Pinai-Hagahai,,-5.12624,144.137,pina1252,,279 4885 6319,language,Piawi,languages,Map 33 Northern Papua New Guinea [365]; Map 33 Northern Papua New Guinea [366]; Map 33 Northern Papua New Guinea [367]
pinj1243,Pinji,,-1.90305,11.223,pinj1243,,4891,language,Atlantic-Congo,languages,Map 88 Gabon and Equatorial Guinea [22]
pint1250,Pintupi-Luritja,,-23.2963,130.643,pint1250,,4890,language,Pama-Nyungan,languages,Map 35 Australia: Time of Contact [157]
piny1238,Pinyin,,5.7991,10.0682,piny1238,,4892,language,Atlantic-Congo,languages,Map 93 Central South-Western Cameroon [55]; Map 95 South-Eastern Nigeria and Mid-Western Cameroon [60]
pipi1250,Pipil,,13.8931,-89.443,pipi1250,,4897,language,Uto-Aztecan,languages,Map 10 Meso-America: Time of Contact [59e]
pira1253,Pirahã,,-6.77713,-61.8167,pira1253,,4038 4899 6547,language,,languages,Map 16 Western Brazil: Time of Contact [251]; Map 16 Western Brazil: Time of Contact [252]; Map 16 Western Brazil: Time of Contact [254]
pirl1238,Pirlatapa,,-29.524,139.77,pirl1238,,4901,language,Pama-Nyungan,languages,Map 35 Australia: Time of Contact [375]
piro1248,Piro,,35.2291,-106.415,piro1248,,4904,language,Kiowa-Tanoan,languages,Map 3 South-Western North America: Time of Contact [43]
pirr1240,Pirriya,,-25.48006595,142.5485119,pirr1240,,752,language,Pama-Nyungan,languages,Map 35 Australia: Time of Contact [344]
piti1243,Piti,,10.1361,8.47037,piti1243,,4906,language,Atlantic-Congo,languages,"Map 96 South Plateau, Nigeria [4]; Map 97 North Plateau, Nigeria [25a]"
piuu1237,Piu,,-6.96694,146.455,piuu1237,,4911,language,Austronesian,languages,Map 32 Southern Papua New Guinea [221]
piya1245,Piya-Kwonci,,9.31975,10.8379,piya1245,,4913,language,Afro-Asiatic,languages,Map 98 North-Eastern Nigeria [81]
plai1258,Plains Cree,,51.2437,-110.463,plai1258,,4914,language,Algic,languages,Map 7 Northern North America: Time of Contact [62]
plai1259,Plains Miwok,,38.39772,-121.653344,plai1259,,4917,language,Miwok-Costanoan,languages,Map 4 California: Time of Contact [62]
pnar1238,Pnar,,24.8237,92.2628,pnar1238,,4920,language,Austroasiatic,languages,"Map 51 North-East India, Bangladesh, Bhutan and Nepal [199]"
poch1243,Pochuri Naga,,25.4478,94.1119,poch1243,,4522,language,Sino-Tibetan,languages,"Map 51 North-East India, Bangladesh, Bhutan and Nepal [129]"
poch1244,Pochutec,,15.735073,-96.468076,poch1244,,4921,language,Uto-Aztecan,languages,Map 10 Meso-America: Time of Contact [58]
pogo1243,Pogolo,,-8.72283,36.4148,pogo1243,,4925,language,Atlantic-Congo,languages,Map 76 Southern Tanzania [33]
pohn1238,Pohnpeian,,6.87212,158.223,pohn1238,,4939,language,Austronesian,languages,Map 28 Micronesia [13]
poke1238,Poke,,0.73538,23.8972,poke1238,,3301 4930,language,Atlantic-Congo,languages,Map 79 Democratic Republic of Congo: Orienta [37]; Map 79 Democratic Republic of Congo: Orienta [37b]; Map 80 Democratic Republic of Congo: Kivu [1]; Map 81 Democratic Republic of Congo: Kasai [20]
poko1261,Pokomo,,-2.31587,40.2897,poko1261,,953 954 955 1900 2394 2724 3466 4085 4199 4221 4293 4932 6761,language,Atlantic-Congo,languages,Map 72 Sudan and the Horn of Africa [198]; Map 85 Kenyan Coast [3a]; Map 85 Kenyan Coast [3b]; Map 85 Kenyan Coast [3c]; Map 85 Kenyan Coast [3d]; Map 85 Kenyan Coast [3e]; Map 85 Kenyan Coast [3f]; Map 85 Kenyan Coast [3g]; Map 85 Kenyan Coast [3h]; Map 85 Kenyan Coast [3j]; Map 85 Kenyan Coast [3k]; Map 85 Kenyan Coast [3m]; Map 85 Kenyan Coast [3n]
poko1263,Pökoot,,1.57023,35.2318,poko1263,,4933,language,Nilotic,languages,Map 72 Sudan and the Horn of Africa [148]; Map 86 Central East Africa [79]
polc1243,Pesse,,10.1346,9.5961,polc1243,,4934,language,Afro-Asiatic,languages,"Map 97 North Plateau, Nigeria [89]; Map 98 North-Eastern Nigeria [97a]"
poli1260,Polish,,51.8439,18.6255,poli1260,,4935,language,Indo-European,languages,"Map 58 Western Russia, the Baltic States, Belarus, Ukraine and Moldova [4]; Map 61 Hungary, Romania and the Balkans [8]; Map 62 Poland, the Czech Republic and Slovakia [4]; Map 64 The Nordic Countries [11]; Map 65 Germany, Austria, Liechtenstein and Switzerland [18]"
polo1242,Polonombauk,,-15.4653,167.09,polo1242,,4936,language,Austronesian,languages,Map 27 Vanuatu and New Caledonia [26]
pomm1237,Pom,,-1.64224,135.619,pomm1237,,4937,language,Austronesian,languages,Map 34 Irian Jaya [198]
pomo1271,Pol,,4.243,13.446,pomo1271,,336 2728 4949,language,Atlantic-Congo,languages,Map 87 Northern Congo and Southern Central African Republic [48]; Map 87 Northern Congo and Southern Central African Republic [48a]; Map 87 Northern Congo and Southern Central African Republic [48b]; Map 91 Adamawa Region [55]; Map 91 Adamawa Region [58]
pomo1276,Pomo-Kweso,,1.83,16.17,pomo1276,,3080 4938,language,Atlantic-Congo,languages,Map 87 Northern Congo and Southern Central African Republic [46]; Map 87 Northern Congo and Southern Central African Republic [51]
pong1250,Pongu,,10.0823,6.3745,pong1250,,4943,language,Atlantic-Congo,languages,Map 101 South-Western Nigeria [43]
pono1240,Ponosakan,,0.91716,124.712,pono1240,,4944,language,Austronesian,languages,Map 39 Sulawesi [10]
poqo1253,Poqomam,,14.73252,-89.73796,poqo1253,,4946,language,Mayan,languages,Map 10 Meso-America: Time of Contact [20b]
poqo1254,Poqomchi',,15.3586,-90.5813,poqo1254,,4948,language,Mayan,languages,Map 10 Meso-America: Time of Contact [20a]
poro1253,Porohanon,,10.6726,124.454,poro1253,,4950,language,Austronesian,languages,Map 40 The Philippines [78]
port1283,Portuguese,,39.91,-8.1,port1283,,4954,language,Indo-European,languages,Map 68 The Iberian Peninsula and Atlantic Islands [2]
port1285,Port Sandwich,,-16.4952,167.78,port1285,,4952,language,Austronesian,languages,Map 27 Vanuatu and New Caledonia [73]
pota1247,Potawatomi,,40.955,-89.1881,pota1247,,4957,language,Algic,languages,Map 1 East Coast and Great Lakes: Time of Contact [13]
pouy1238,Pouye,,-3.72704,141.864,pouy1238,,858,language,Sepik,languages,Map 33 Northern Papua New Guinea [277]
powh1243,Powhatan,,36.99422,-77.20752,powh1243,,6209,language,Algic,languages,Map 1 East Coast and Great Lakes: Time of Contact [33]
poya1241,Poyanáwa,,-7.46909,-73.0758,poya1241,,4961,language,Pano-Tacanan,languages,Map 14 Northern Pacific Coast: Time of Contact [230]
pras1239,Prasun,,35.420531,70.922783,pras1239,,4963,language,Indo-European,languages,"Map 53 Iran, Afghanistan and Pakistan [62]"
psik1239,Psikye,,10.677,13.569,psik1239,,4965,language,Afro-Asiatic,languages,Map 94 Northern Cameroon [17]
puar1240,Puare,,-2.90121,141.715,puar1240,,4966,language,Sko,languages,Map 33 Northern Papua New Guinea [197]
pudt1235,Pudtol Atta,,18.2112,121.379,pudt1235,,4968,language,Austronesian,languages,Map 40 The Philippines [14]
puel1244,Puelche,,-42.223,-68.666,puel1244,,4969,language,,languages,Map 22 Southern South America: Time of Contact [172]
puin1248,Puinave,,3.92974,-67.6886,puin1248,,4971,language,,languages,Map 12 Northern South America: Time of Contact [NA]
pula1262,Pular,,12.1826,-12.7338,pula1262,,1627 1639 4977,language,Atlantic-Congo,languages,"Map 106 Liberia and Sierra Leone [F, 9]; Map 107 Guinea and Mali [1b]; Map 107 Guinea and Mali [1c]; Map 108 Senegal, Gambia and Guinea Bissau [1, F]; Map 108 Senegal, Gambia and Guinea Bissau [1a]; Map 73 North-West Africa [74]"
pula1267,Pulabu,,-5.59558,145.738,pula1267,,4975,language,Nuclear Trans New Guinea,languages,Map 33 Northern Papua New Guinea [28]
pulu1242,Puluwatese,,7.35695,149.2005,pulu1242,,4980,language,Austronesian,languages,Map 28 Micronesia [7]
puma1239,Puma,,27.0774,86.838,puma1239,,4981,language,Sino-Tibetan,languages,"Map 51 North-East India, Bangladesh, Bhutan and Nepal [71]"
pume1238,Pumé,,7.10677,-67.5996,pume1238,,2233,language,,languages,Map 12 Northern South America: Time of Contact [166]
puna1266,Punan Tubu,,2.86972,116.26,puna1266,,4987,language,Austronesian,languages,"Map 41 Borneo and Madagascar [75, H]"
puna1267,Punan Aput,,1.38035,116.089,puna1267,,4983,language,Austronesian,languages,Map 41 Borneo and Madagascar [62]
puna1268,Punan Merah,,0.50763,115.588,puna1268,,4985,language,Austronesian,languages,Map 41 Borneo and Madagascar [63]
puna1274,Punan Merap,,3.10143,116.251,puna1274,,4986,language,Bookkeeping,languages,Map 41 Borneo and Madagascar [43]
puna1275,Punan Bah-Biau,,2.27377,113.156,puna1275,,4984,language,Austronesian,languages,Map 41 Borneo and Madagascar [42]
punu1239,Punu,,-2.67362,11.6714,punu1239,,4994,language,Atlantic-Congo,languages,Map 83 Democratic Republic of Congo: Bas Congo and Southern Congo [22]; Map 88 Gabon and Equatorial Guinea [10]
puoc1238,Ksingmul,,20.8862,103.931,puoc1238,,6522,language,Austroasiatic,languages,"Map 47 Northern Thailand, Laos and Vietnam [40]"
puqu1242,Puquina,,-15.8992,-69.9611,puqu1242,,4973,language,,languages,Map 20 Central Pacific Coast: Time of Contact [211]
pura1253,Puragi,,-2.05779,132.304,pura1253,,4996,language,South Bird's Head,languages,Map 34 Irian Jaya [72]
pura1257,Purari,,-7.59133,145.036,pura1257,,4997,language,,languages,Map 32 Southern Papua New Guinea [176]
puri1258,Purik-Sham-Nubra,,34.3386,76.0127,puri1258,,4998,language,Sino-Tibetan,languages,Map 54 North-West India [3]
puri1259,Purisimeño,,34.6866,-120.431,puri1259,,4999,language,Chumashan,languages,Map 4 California: Time of Contact [85]
puri1262,Puri,,-22.175627,-44.711336,puri1262,,5003,language,Puri-Coroado,languages,Map 18 Brazilian Atlantic Coast: Time of Contact [305]
puru1264,Puruborá,,-11.4226,-62.4358,puru1264,,5000,language,Tupian,languages,Map 16 Western Brazil: Time of Contact [380]
puru1267,Puruguay,,,,puru1267,,5002,language,Unclassifiable,languages,Map 14 Northern Pacific Coast: Time of Contact [194]
puta1243,Putai,,10.83854,12.99521,puta1243,,5004,language,Afro-Asiatic,languages,Map 94 Northern Cameroon [11]; Map 98 North-Eastern Nigeria [105]; Map 99 Lake Chad Region [1]
puto1237,Putoh,,3.42467,116.443,puto1237,,5006,language,Bookkeeping,languages,Map 41 Borneo and Madagascar [80]
putu1241,Utugwang-Irungene-Afrike,,6.65923,8.96041,putu1241,,6168,language,Atlantic-Congo,languages,Map 95 South-Eastern Nigeria and Mid-Western Cameroon [73b]
puyu1239,Puyuma,,22.643,120.996,puyu1239,,5007,language,Austronesian,languages,"Map 50 Japan, Korea and Taiwan [9]"
pwaa1237,Pwaamei,,-20.8442,164.77,pwaa1237,,5008,language,Austronesian,languages,Map 27 Vanuatu and New Caledonia [116]
pwap1237,Pwapwa,,-20.8133,164.556,pwap1237,,5009,language,Austronesian,languages,Map 27 Vanuatu and New Caledonia [114]
pwoe1235,Pwo Eastern Karen,,15.1915,98.7355,pwoe1235,,4856 4858 6795,language,Sino-Tibetan,languages,"Map 47 Northern Thailand, Laos and Vietnam [82]; Map 48 Southern Thailand, Laos and Vietnam, and Cambodia [75]"
pwon1235,Pwo Northern Karen,,18.016,98.2709,pwon1235,,4857,language,Sino-Tibetan,languages,Map 49 Burma (Myanmar) [29]
pyap1239,Pyapun,,9.09539,9.43733,pyap1239,,5010,language,Afro-Asiatic,languages,"Map 96 South Plateau, Nigeria [67]"
pyek1235,Pye Krumen,,5.00716,-7.01481,pyek1235,,1396,language,Kru,languages,Map 105 Ivory Coast [28a]
pyuu1245,Pyu,,-4.45003,141.018,pyuu1245,,5011,language,,languages,Map 33 Northern Papua New Guinea [213]; Map 34 Irian Jaya [164]
qabi1235,Pubiao-Qabiao,,23.2384,104.812,qabi1235,,4967 4995,language,Tai-Kadai,languages,"Map 45 China and Mongolia [78]; Map 47 Northern Thailand, Laos and Vietnam [4]"
qanj1241,Q'anjob'al,,15.6846,-91.3043,qanj1241,,5015,language,Mayan,languages,Map 10 Meso-America: Time of Contact [12]
qash1240,Qashqa'i,,28.25931,52.83349,qash1240,,5016,language,Turkic,languages,"Map 53 Iran, Afghanistan and Pakistan [75]"
qawa1238,Qawasqar,,-49.303195,-74.707536,qawa1238,,143 1978,language,Kawesqar,languages,Map 22 Southern South America: Time of Contact [248a]; Map 22 Southern South America: Time of Contact [248b]
qima1242,Qimant,,12.8119,37.0542,qima1242,,2630,language,Afro-Asiatic,languages,Map 72 Sudan and the Horn of Africa [48]
quap1242,Quapaw,,34.15,-92.0,quap1242,,5024,language,Siouan,languages,Map 2 South-Eastern North America: Time of Contact [8]
quec1382,Quechan,,32.7859,-114.599,quec1382,,5026,language,Cochimi-Yuman,languages,Map 3 South-Western North America: Time of Contact [51]
quer1236,Querétaro Otomi,,20.1396,-100.115,quer1236,,6426,language,Otomanguean,languages,Map 10 Meso-America: Time of Contact [36c]
quey1238,Queyu,,30.3113,100.813,quey1238,,1146,language,Sino-Tibetan,languages,Map 45 China and Mongolia [122]
quil1240,Quileute,,47.9106,-124.603,quil1240,,5027,language,Chimakuan,languages,Map 6 North-Western Pacific America: Time of Contact [47]
quin1251,Quinault,,47.4214,-124.16,quin1251,,5028,language,Salishan,languages,Map 6 North-Western Pacific America: Time of Contact [35]
quin1252,Quinigua,,,,quin1252,,5029,language,Unclassifiable,languages,Map 3 South-Western North America: Time of Contact [81]
rabh1238,Rabha,,25.8248,91.1689,rabh1238,,5032,language,Sino-Tibetan,languages,"Map 51 North-East India, Bangladesh, Bhutan and Nepal [110]"
rade1240,Rade,,12.979,108.41,rade1240,,5072,language,Austronesian,languages,"Map 48 Southern Thailand, Laos and Vietnam, and Cambodia [8]"
raja1254,Rajah Kabunsuwan Manobo,,8.2934,126.266,raja1254,,5035,language,Austronesian,languages,Map 40 The Philippines [104]
rajb1243,Rajbanshi,,26.521945,88.038582,rajb1243,,5037,language,Indo-European,languages,"Map 51 North-East India, Bangladesh, Bhutan and Nepal [182]"
rajo1237,Rajong,,-8.658096,120.874418,rajo1237,,5038,language,Austronesian,languages,Map 38 Lesser Sunda Islands and Timor [19]
rakh1245,Rakhine,,20.527429,93.145906,rakh1245,,277,language,Sino-Tibetan,languages,"Map 49 Burma (Myanmar) [55]; Map 51 North-East India, Bangladesh, Bhutan and Nepal [154]"
rama1270,Rama,,11.5007,-83.8571,rama1270,,5040,language,Chibchan,languages,Map 12 Northern South America: Time of Contact [30]
ramo1244,Ramoaaina,,-4.17306,152.451,ramo1244,,1400,language,Austronesian,languages,Map 30 New Britain and New Ireland [55]
ramo1245,Ramopa,,-5.97015,154.9,ramo1245,,2649,language,North Bougainville,languages,Map 29 Solomon Islands and Bougainville [74]
ramp1243,Rampi,,-2.1399,120.356,ramp1243,,5043,language,Austronesian,languages,Map 39 Sulawesi [34]
rana1246,Rana Tharu,,28.6483,80.4419,rana1246,,5044,language,Indo-European,languages,"Map 51 North-East India, Bangladesh, Bhutan and Nepal [165a]; Map 54 North-West India [52a]"
raoo1244,Rao,,-4.85243,144.511,raoo1244,,5049,language,Ramu,languages,Map 33 Northern Papua New Guinea [329]
rapo1238,Rapoisi,,-5.78724,154.834,rapo1238,,2855,language,North Bougainville,languages,Map 29 Solomon Islands and Bougainville [73]
rapt1240,Rapting,,-4.99351,145.671,rapt1240,,5051,language,Nuclear Trans New Guinea,languages,Map 33 Northern Papua New Guinea [91]
rara1235,Rara Bakati',,1.27026,109.539,rara1235,,3169,language,Austronesian,languages,Map 41 Borneo and Madagascar [17]
rata1244,Ratahan,,1.07592,124.858,rata1244,,5052,language,Austronesian,languages,Map 39 Sulawesi [4]
raut1239,Raute,,28.9518,81.1617,raut1239,,5053,language,Sino-Tibetan,languages,"Map 51 North-East India, Bangladesh, Bhutan and Nepal [52]"
rawa1265,Rawang,,27.1027,97.0738,rawa1265,,1425 3363 4072 6768,language,Sino-Tibetan,languages,Map 49 Burma (Myanmar) [15]; Map 49 Burma (Myanmar) [17]; Map 49 Burma (Myanmar) [18]; Map 49 Burma (Myanmar) [19]
rawa1267,Rawa,,-5.83155,145.937,rawa1267,,5055,language,Nuclear Trans New Guinea,languages,Map 32 Southern Papua New Guinea [77]; Map 33 Northern Papua New Guinea [143]
rawo1244,Rawo,,-2.84201,141.603,rawo1244,,5056,language,Sko,languages,Map 33 Northern Papua New Guinea [196]
reja1240,Rejang,,-3.33056,102.434,reja1240,,5058,language,Austronesian,languages,Map 43 Sumatra [13]
reja1241,Rejang Kayan,,2.71903,114.169,reja1241,,5059,language,Austronesian,languages,Map 41 Borneo and Madagascar [47]
remb1249,Rembarrnga,,-12.9608,134.308,remb1249,,5060,language,Gunwinyguan,languages,Map 35 Australia: Time of Contact [58]
remb1250,Rembong-Wangka,,-8.53361,120.973,remb1250,,5061,language,Austronesian,languages,Map 38 Lesser Sunda Islands and Timor [21]
remo1247,Hatang Kayi,,14.6254,121.453,remo1247,,5431,language,Austronesian,languages,Map 40 The Philippines [48]
remo1248,Remo of the Moa river,,-7.33333,-74.0833,remo1248,,5062,language,Pano-Tacanan,languages,Map 14 Northern Pacific Coast: Time of Contact [222]
remp1241,Rempi,,-5.02487,145.782,remp1241,,5064,language,Nuclear Trans New Guinea,languages,Map 33 Northern Papua New Guinea [87]
rend1243,Rendille,,2.27065,37.3608,rend1243,,5065,language,Afro-Asiatic,languages,Map 72 Sudan and the Horn of Africa [57]; Map 85 Kenyan Coast [39]; Map 86 Central East Africa [94]
renn1242,Rennell-Bellona,,-11.6237,160.265,renn1242,,6799,language,Austronesian,languages,Map 29 Solomon Islands and Bougainville [64]
rera1240,Rerau,,-5.51361,145.716,rera1240,,5068,language,Nuclear Trans New Guinea,languages,Map 33 Northern Papua New Guinea [31]
rere1240,Rerep,,-16.2934,167.651,rere1240,,4769,language,Austronesian,languages,Map 27 Vanuatu and New Caledonia [77]
resh1242,Reshe,,10.77046,4.62395,resh1242,,5069,language,Atlantic-Congo,languages,Map 100 Northern Nigeria and Niger [24]; Map 101 South-Western Nigeria [37]; Map 102 Benin and Togo [38]
resi1247,Resígaro,,-1.169535,-71.60524,resi1247,,4486,language,Arawakan,languages,Map 12 Northern South America: Time of Contact [87]
reye1240,Reyesano,,-14.8333,-67.0833,reye1240,,5071,language,Pano-Tacanan,languages,Map 20 Central Pacific Coast: Time of Contact [239]
rian1261,Riang (Myanmar),,24.0521,98.8333,rian1261,,5074,language,Austroasiatic,languages,"Map 46 Yunnan Province, China [7]"
rian1263,Riantana,,-7.50746,138.484,rian1263,,5075,language,Kolopom,languages,Map 34 Irian Jaya [91]
ribu1241,Ribun,,0.32189,110.207,ribu1241,,5077,language,Austronesian,languages,Map 41 Borneo and Madagascar [25]
riri1237,Ririo,,-6.88927,156.92,riri1237,,5088,language,Austronesian,languages,Map 29 Solomon Islands and Bougainville [17]
rita1239,Ritharrngu,,-13.4559,135.259,rita1239,,5089,language,Pama-Nyungan,languages,Map 35 Australia: Time of Contact [110]
riun1237,Riung,,-8.60342,121.122,riun1237,,5090,language,Austronesian,languages,Map 38 Lesser Sunda Islands and Timor [24]
rive1257,Riverain Sango,,4.32811,21.1733,rive1257,,5215,language,Atlantic-Congo,languages,Map 82 Democratic Republic of Congo: Equate [48]; Map 89 Central African Republic and South-Eastern Chad [42]
roma1326,Romansh,,46.5538,9.92812,roma1326,,5073,language,Indo-European,languages,"Map 65 Germany, Austria, Liechtenstein and Switzerland [10]; Map 67 Italy, Corsica, Sardinia, Sicily and Malta [6]; Map 69 France, Belgium, the Netherlands and Luxembourg [7]"
roma1327,Romanian,,46.3913,24.2256,roma1327,,5097,language,Indo-European,languages,"Map 58 Western Russia, the Baltic States, Belarus, Ukraine and Moldova [9]; Map 61 Hungary, Romania and the Balkans [10]; Map 62 Poland, the Czech Republic and Slovakia [13]"
roma1332,Roma,,-7.58643,127.428,roma1332,,5096,language,Austronesian,languages,Map 38 Lesser Sunda Islands and Timor [46]
romb1244,Rombo,,-3.07772,37.5382,romb1244,,5099 6161,language,Atlantic-Congo,languages,Map 86 Central East Africa [6i]; Map 86 Central East Africa [6j]
romb1245,Romblomanon,,12.4047,122.56,romb1245,,5098,language,Austronesian,languages,Map 40 The Philippines [73]
romk1240,Romkun,,-4.58919,144.689,romk1240,,5100,language,Ramu,languages,Map 33 Northern Papua New Guinea [344]
rong1264,Rongpo,,30.528,79.567,rong1264,,5047,language,Sino-Tibetan,languages,Map 54 North-West India [13]
rong1268,Ronga,,-26.7329,32.6167,rong1268,,5103,language,Atlantic-Congo,languages,Map 74 Southern Africa [11]; Map 75 Mozambique [48]
rong1269,Rongga,,-8.84604,120.702,rong1269,,5105,language,Austronesian,languages,Map 38 Lesser Sunda Islands and Timor [15]
ronj1237,Ronji,,-5.80782,146.731,ronj1237,,5094,language,Austronesian,languages,Map 33 Northern Papua New Guinea [392]
ronn1241,Ron,,9.3,9.02,ronn1241,,797 1213 5336,language,Afro-Asiatic,languages,"Map 96 South Plateau, Nigeria [74]; Map 96 South Plateau, Nigeria [76]; Map 96 South Plateau, Nigeria [79]"
roon1237,Roon,,-2.43005,134.556,roon1237,,5101,language,Austronesian,languages,Map 34 Irian Jaya [193]
rori1237,Mores,,-15.4048,166.843,rori1237,,5107,language,Austronesian,languages,Map 27 Vanuatu and New Caledonia [39]
roto1249,Rotokas,,-5.94339,155.154,roto1249,,5111,language,North Bougainville,languages,Map 29 Solomon Islands and Bougainville [71]
rotu1241,Rotuman,,-12.5008,177.066,rotu1241,,5112,language,Austronesian,languages,Map 26 Polynesia [1]
rovi1238,Roviana,,-8.20493,157.408,rovi1238,,5113,language,Austronesian,languages,Map 29 Solomon Islands and Bougainville [23]
ruch1235,Ruching Palaung,,21.6176,98.0915,ruch1235,,4744,language,Austroasiatic,languages,"Map 46 Yunnan Province, China [5]"
rufi1234,Rufiji,,-7.99059,38.7133,rufi1234,,5120,language,Bookkeeping,languages,Map 76 Southern Tanzania [29]
ruka1240,Rukai,,22.7738,120.844,ruka1240,,5121,language,Austronesian,languages,"Map 50 Japan, Korea and Taiwan [11]"
ruma1250,Ruma,,10.571,8.21883,ruma1250,,5134,language,Unattested,languages,"Map 97 North Plateau, Nigeria [41]"
rums1243,Rumsen,,36.60424,-121.8048,rums1243,,5126,language,Miwok-Costanoan,languages,Map 4 California: Time of Contact [72]
rumu1243,Rumu,,-7.17149,144.179,rumu1243,,5127,language,Turama-Kikori,languages,Map 32 Southern Papua New Guinea [175]
rund1242,Rundi,,-2.94,29.97,rund1242,,965 5128,language,Atlantic-Congo,languages,Map 80 Democratic Republic of Congo: Kivu [23]; Map 80 Democratic Republic of Congo: Kivu [23a]
rung1255,Rungwa,,-7.24959,31.7614,rung1255,,5133,language,Atlantic-Congo,languages,Map 76 Southern Tanzania [26]; Map 78 Democratic Republic of Congo: Katang [38]
rung1258,Runga,,9.7154,20.9945,rung1258,,5129,language,Maban,languages,Map 89 Central African Republic and South-Eastern Chad [64]
rung1259,Rungus,,6.83989,116.743,rung1259,,5132,language,Austronesian,languages,Map 41 Borneo and Madagascar [98]
russ1263,Russian,,59.0,50.0,russ1263,,5135,language,Indo-European,languages,"Map 45 China and Mongolia [125]; Map 50 Japan, Korea and Taiwan [21]; Map 55 Eastern Siberia [1]; Map 56 Western Siberia [1]; Map 57 Central Asia [1]; Map 58 Western Russia, the Baltic States, Belarus, Ukraine and Moldova [1]; Map 59 The Caucasus [1]; Map 61 Hungary, Romania and the Balkans [1]; Map 62 Poland, the Czech Republic and Slovakia [1]; Map 64 The Nordic Countries [10]"
russ1264,Russia Buriat,,50.85331,105.5637,russ1264,,941,language,Mongolic-Khitan,languages,Map 55 Eastern Siberia [9]
rutu1240,Rutul,,41.6187,47.3244,rutu1240,,5138,language,Nakh-Daghestanian,languages,Map 59 The Caucasus [44]
ruul1235,Ruuli,,1.41726,32.4179,ruul1235,,5123,language,Atlantic-Congo,languages,Map 86 Central East Africa [31]
ruun1238,Ruund,,-8.86971,21.4164,ruun1238,,5139,language,Atlantic-Congo,languages,Map 81 Democratic Republic of Congo: Kasai [75]
rwaa1238,Rwa,,-3.42862,36.7686,rwaa1238,,5142,language,Atlantic-Congo,languages,Map 86 Central East Africa [6a]
saaa1240,Sa'a,,-9.60258,161.467,saaa1240,,5523,language,Austronesian,languages,Map 29 Solomon Islands and Bougainville [53]
saaa1241,Sa,,-15.9534,168.228,saaa1241,,5143,language,Austronesian,languages,Map 27 Vanuatu and New Caledonia [54]
saaf1238,Saafi-Saafi,,14.625,-17.0568,saaf1238,,5157,language,Atlantic-Congo,languages,"Map 108 Senegal, Gambia and Guinea Bissau [5]"
saam1283,Saamia,,0.3652,34.0335,saam1283,,5198,language,Atlantic-Congo,languages,Map 86 Central East Africa [35m]
saar1237,Saaroa,,23.2632,120.711,saar1237,,5147,language,Austronesian,languages,"Map 50 Japan, Korea and Taiwan [14]"
saba1262,Sabaot,,1.01297,34.6664,saba1262,,829 2856 4928,language,Nilotic,languages,Map 86 Central East Africa [80]; Map 86 Central East Africa [81]; Map 86 Central East Africa [82]
saba1265,Sa'ban,,3.58723,115.664,saba1265,,5145,language,Austronesian,languages,Map 41 Borneo and Madagascar [78]
saba1267,Sabah Bisaya,,5.30433,115.512,saba1267,,4467,language,Austronesian,languages,Map 41 Borneo and Madagascar [105]
saba1268,Sabanê,,-12.9857,-60.335,saba1268,,5267,language,Nambiquaran,languages,Map 16 Western Brazil: Time of Contact [331]
saba1276,Saba,,11.3072,18.4906,saba1276,,5148,language,Afro-Asiatic,languages,Map 89 Central African Republic and South-Eastern Chad [86]
sabu1255,Hawu,,-10.5522,121.847,sabu1255,,5257,language,Austronesian,languages,Map 38 Lesser Sunda Islands and Timor [12]
saca1238,Sacapulteco,,15.274,-91.109,saca1238,,5174,language,Mayan,languages,Map 10 Meso-America: Time of Contact [19b]
sadr1248,Sadri,,23.6585,84.8114,sadr1248,,5153,language,Indo-European,languages,"Map 51 North-East India, Bangladesh, Bhutan and Nepal [175]"
saek1240,Saek,,17.4558,104.787,saek1240,,5154,language,Tai-Kadai,languages,"Map 47 Northern Thailand, Laos and Vietnam [10]"
saep1240,Saep,,-5.64812,146.078,saep1240,,5155,language,Nuclear Trans New Guinea,languages,Map 33 Northern Papua New Guinea [20]
safa1243,Safaliba,,8.93768,-2.58467,safa1243,,5156,language,Atlantic-Congo,languages,Map 103 Ghana [42]
safe1240,Safeyoka,,-7.05417,146.09,safe1240,,5158,language,Angan,languages,Map 32 Southern Papua New Guinea [113]
safw1238,Safwa,,-8.54936,33.4766,safw1238,,5159,language,Atlantic-Congo,languages,Map 76 Southern Tanzania [49]; Map 77 Zambia [17]
saga1256,Sagala,,-6.98537,36.9153,saga1256,,5160,language,Atlantic-Congo,languages,Map 76 Southern Tanzania [13]
saho1246,Saho,,14.75,39.75,saho1246,,5164,language,Afro-Asiatic,languages,Map 72 Sudan and the Horn of Africa [52]
sahu1245,Sahu,,1.00742,127.493,sahu1245,,5165,language,North Halmahera,languages,Map 37 The Moluccas [59]
said1239,Saidi Arabic,,25.4132,30.5302,said1239,,343 1234 1782 2675,language,Afro-Asiatic,languages,Map 71 North-East Africa [10]; Map 71 North-East Africa [11]; Map 71 North-East Africa [5]; Map 71 North-East Africa [6]
sais1237,Saisiyat,,24.6043,121.067,sais1237,,5167,language,Austronesian,languages,"Map 50 Japan, Korea and Taiwan [17]"
saja1240,Sajolang,,27.57952,92.77,saja1240,,1302,language,Sino-Tibetan,languages,"Map 51 North-East India, Bangladesh, Bhutan and Nepal [92]"
saja1241,Sajau-Latti,,2.43432,117.401,saja1241,,5168,language,Austronesian,languages,Map 41 Borneo and Madagascar [44]
saka1287,Sakata,,-2.85653,17.9669,saka1287,,632 5175,language,Atlantic-Congo,languages,Map 81 Democratic Republic of Congo: Kasai [11]; Map 81 Democratic Republic of Congo: Kasai [9]; Map 83 Democratic Republic of Congo: Bas Congo and Southern Congo [65]
saka1289,Wanohe,,-15.0757,167.051,saka1289,,5172,language,Austronesian,languages,Map 27 Vanuatu and New Caledonia [22]
saka1292,Sakam,,-6.18726,146.702,saka1292,,5171,language,Nuclear Trans New Guinea,languages,Map 32 Southern Papua New Guinea [69]; Map 33 Northern Papua New Guinea [119]
sake1247,Sake,,0.25188,11.787,sake1247,,5176,language,Atlantic-Congo,languages,Map 87 Northern Congo and Southern Central African Republic [64]; Map 88 Gabon and Equatorial Guinea [33]
saki1248,Mekens,,-13.054,-62.0927,saki1248,,208,language,Tupian,languages,Map 16 Western Brazil: Time of Contact [370]
sala1264,Salar,,35.5457,102.819,sala1264,,5180,language,Turkic,languages,Map 45 China and Mongolia [41]
sala1266,Sala,,-15.5848,27.4534,sala1266,,5178,language,Atlantic-Congo,languages,Map 74 Southern Africa [30]; Map 77 Zambia [31]
sala1268,Salampasu,,-5.44937,23.1502,sala1268,,3365,language,Atlantic-Congo,languages,Map 78 Democratic Republic of Congo: Katang [21a]; Map 80 Democratic Republic of Congo: Kivu [70]; Map 81 Democratic Republic of Congo: Kasai [68]
sale1244,Saleman,,-2.82548,129.427,sale1244,,5181,language,Austronesian,languages,Map 37 The Moluccas [23]
sali1253,Salinan,,36.18753,-121.05221,sali1253,,250 3837,language,,languages,Map 4 California: Time of Contact [81]; Map 4 California: Time of Contact [82]
sali1298,Sáliba,,5.30115,-69.3843,sali1298,,5635,language,Saliban,languages,Map 12 Northern South America: Time of Contact [425]
salu1253,Saluan,,-0.873,122.746,salu1253,,5184,language,Austronesian,languages,Map 39 Sulawesi [40]
salu1254,Salumá,,1.74782,-56.5107,salu1254,,5185,language,Bookkeeping,languages,Map 12 Northern South America: Time of Contact [389]
sama1240,Samarokena,,-1.84878,138.34,sama1240,,5191,language,Greater Kwerba,languages,Map 34 Irian Jaya [49]
sama1295,Samatao,,25.012,102.2,sama1295,,5192,language,Sino-Tibetan,languages,"Map 46 Yunnan Province, China [57]"
sama1296,Samatu,,23.76,98.825,sama1296,,5193,language,Sino-Tibetan,languages,"Map 46 Yunnan Province, China [70]"
samb1305,Samba Leko,,8.19236,11.7366,samb1305,,26 5194,language,Atlantic-Congo,languages,Map 91 Adamawa Region [17]; Map 95 South-Eastern Nigeria and Mid-Western Cameroon [96]; Map 98 North-Eastern Nigeria [55]
samb1309,Samba,,-6.21344,17.1658,samb1309,,5986,language,Atlantic-Congo,languages,Map 81 Democratic Republic of Congo: Kasai [58]
samb1311,Sama Mum,,8.06905,11.7077,samb1311,,1048 3576 4413 5747,language,Atlantic-Congo,languages,Map 91 Adamawa Region [45]; Map 91 Adamawa Region [47]; Map 91 Adamawa Region [48]; Map 95 South-Eastern Nigeria and Mid-Western Cameroon [72a]; Map 95 South-Eastern Nigeria and Mid-Western Cameroon [72c]; Map 98 North-Eastern Nigeria [51]; Map 98 North-Eastern Nigeria [53]; Map 98 North-Eastern Nigeria [54]
samb1315,Samburu,,1.60735,37.0539,samb1315,,1054 5196,language,Nilotic,languages,Map 72 Sudan and the Horn of Africa [163]; Map 72 Sudan and the Horn of Africa [169]; Map 85 Kenyan Coast [45]; Map 86 Central East Africa [76]; Map 86 Central East Africa [77]
same1240,Samei,,25.0756,103.0133,same1240,,5197,language,Sino-Tibetan,languages,"Map 46 Yunnan Province, China [56]"
samm1244,Sam,,-5.55572,145.813,samm1244,,5499,language,Nuclear Trans New Guinea,languages,Map 33 Northern Papua New Guinea [21]
samo1306,Samosa,,-5.01391,145.537,samo1306,,5200,language,Nuclear Trans New Guinea,languages,Map 33 Northern Papua New Guinea [100]
samp1249,Sampang,,27.2999,87.0019,samp1249,,5216,language,Sino-Tibetan,languages,"Map 51 North-East India, Bangladesh, Bhutan and Nepal [70]"
sana1295,Sanaani Arabic,,15.6552,44.8412,sana1295,,1467 6774 6775,language,Afro-Asiatic,languages,Map 70 The Middle East and Arabian Peninsula [91]; Map 70 The Middle East and Arabian Peninsula [92]; Map 70 The Middle East and Arabian Peninsula [93]
sand1273,Sandawe,,-5.26918,35.4808,sand1273,,5205,language,,languages,Map 76 Southern Tanzania [72]; Map 86 Central East Africa [100]
sanf1264,San Felipe Otlaltepec Popoloca,,18.3594,-97.7432,sanf1264,,6428,language,Otomanguean,languages,Map 10 Meso-America: Time of Contact [45c]
sanf1266,San Francisco Solano,,,,sanf1266,,5484,language,Unclassifiable,languages,Map 3 South-Western North America: Time of Contact [73]
sang1321,Sangtam Naga,,25.8581,94.6279,sang1321,,5217,language,Sino-Tibetan,languages,"Map 51 North-East India, Bangladesh, Bhutan and Nepal [126]"
sang1329,Sanga (Nigeria),,10.4157,8.83882,sang1329,,5209,language,Atlantic-Congo,languages,"Map 97 North Plateau, Nigeria [27]"
sang1330,Sangu (Tanzania),,-8.4,33.9,sang1330,,5218,language,Atlantic-Congo,languages,Map 76 Southern Tanzania [48]
sang1331,Sanga (Democratic Republic of Congo),,-10.0236,26.8462,sang1331,,5208,language,Atlantic-Congo,languages,Map 77 Zambia [49]; Map 78 Democratic Republic of Congo: Katang [6]
sang1333,Sangu (Gabon),,-1.52694,11.9098,sang1333,,5219,language,Atlantic-Congo,languages,Map 83 Democratic Republic of Congo: Bas Congo and Southern Congo [20]; Map 88 Gabon and Equatorial Guinea [17]
sang1336,Sangir,,3.50554,125.56523,sang1336,,5211,language,Austronesian,languages,Map 39 Sulawesi [2]
sang1337,Sangil,,5.40229,125.378,sang1337,,5210 5212,language,Austronesian,languages,Map 40 The Philippines [127]; Map 40 The Philippines [128]
sang1344,Sanglechi,,36.45,71.3,sang1344,,5214,language,Indo-European,languages,"Map 53 Iran, Afghanistan and Pakistan [31]"
sani1269,Sani,,24.278,103.759,sani1269,,5222,language,Sino-Tibetan,languages,"Map 46 Yunnan Province, China [83]"
sani1270,Saniyo-Hiyewe,,-4.4376,142.369,sani1270,,5223,language,Sepik,languages,Map 33 Northern Papua New Guinea [298]
sanl1248,San Luís Temalacayuca Popoloca,,18.6812,-97.5459,sanl1248,,1482,language,Otomanguean,languages,Map 10 Meso-America: Time of Contact [45d]
sanm1301,San Marcos Tlalcoyalco Popoloca,,18.74,-97.5936,sanm1301,,4485,language,Otomanguean,languages,Map 10 Meso-America: Time of Contact [45b]
sans1272,San Salvador Kongo,,-5.7114,12.5372,sans1272,,481 2841 3743 4204 4519 6496,language,Atlantic-Congo,languages,Map 83 Democratic Republic of Congo: Bas Congo and Southern Congo [10]; Map 83 Democratic Republic of Congo: Bas Congo and Southern Congo [1]; Map 83 Democratic Republic of Congo: Bas Congo and Southern Congo [7]; Map 83 Democratic Republic of Congo: Bas Congo and Southern Congo [8]; Map 84 Angola [1]; Map 84 Angola [1c]; Map 84 Angola [3]
sant1410,Santali,,25.0317,87.8185,sant1410,,5224,language,Austroasiatic,languages,"Map 51 North-East India, Bangladesh, Bhutan and Nepal [200, C]"
sant1428,Awaswas,,36.97685,-122.03036,sant1428,,389,language,Miwok-Costanoan,languages,Map 4 California: Time of Contact [70]
sanu1240,Sanumá,,4.5,-64.5,sanu1240,,5206,language,Yanomamic,languages,Map 12 Northern South America: Time of Contact [424]
saoc1239,Sa'och,,10.8739,103.835,saoc1239,,1149,language,Austroasiatic,languages,"Map 48 Southern Thailand, Laos and Vietnam, and Cambodia [33]"
sapa1251,Saparua,,-3.58314,128.639,sapa1251,,5228,language,Austronesian,languages,Map 37 The Moluccas [11]
sapa1254,Sapara,,3.433437,-61.580544,sapa1254,,5229,language,Cariban,languages,Map 12 Northern South America: Time of Contact [396]
sape1238,Sapé,,4.0735661,-62.9666521,sape1238,,2392,language,,languages,Map 12 Northern South America: Time of Contact [144]
sapo1253,Saposa,,-5.64103,154.732,sapo1253,,5231,language,Austronesian,languages,Map 29 Solomon Islands and Bougainville [5]
sara1321,Sara Kaba Náà,,9.39388,19.2566,sara1321,,1288,language,Central Sudanic,languages,Map 89 Central African Republic and South-Eastern Chad [73]
sara1323,Sarasira,,-6.18,146.4,sara1323,,5448,language,Austronesian,languages,Map 32 Southern Papua New Guinea [208]
sara1326,Sarangani Blaan,,6.03691,125.354,sara1326,,5234,language,Austronesian,languages,Map 40 The Philippines [123]
sara1327,Sarangani Manobo,,5.84903,125.499,sara1327,,5235,language,Austronesian,languages,Map 40 The Philippines [111]
sarr1246,Sar,,8.50634,17.8785,sarr1246,,3433,language,Central Sudanic,languages,"Map 90 Central African Republic, South-Western Chad and Cameroon [41e]"
sars1236,Sarsi,,50.8822,-114.301,sars1236,,5236,language,Athabaskan-Eyak-Tlingit,languages,Map 7 Northern North America: Time of Contact [41]
saru1243,Saruga,,-5.08824,145.578,saru1243,,5240,language,Nuclear Trans New Guinea,languages,Map 33 Northern Papua New Guinea [102]
saru1245,Sarua,,10.5987,17.031,saru1245,,5241,language,Afro-Asiatic,languages,"Map 89 Central African Republic and South-Eastern Chad [81a]; Map 90 Central African Republic, South-Western Chad and Cameroon [46]"
sasa1249,Sasak,,-8.58349,116.284,sasa1249,,5242,language,Austronesian,languages,Map 38 Lesser Sunda Islands and Timor [2]
sate1243,Sateré-Mawé,,-3.63897,-56.8749,sate1243,,3686,language,Tupian,languages,Map 18 Brazilian Atlantic Coast: Time of Contact [360]
sauk1252,Ma Manda,,-6.31958,146.759,sauk1252,,5247,language,Nuclear Trans New Guinea,languages,Map 32 Southern Papua New Guinea [55]
saur1248,Saurashtra,,9.99172,77.9427,saur1248,,5250,language,Indo-European,languages,Map 52 Southern India and Sri Lanka [20]
saus1246,Sausi,,-5.6873,145.492,saus1246,,5252,language,Nuclear Trans New Guinea,languages,Map 33 Northern Papua New Guinea [38]
saus1247,Sause,,-3.16632,139.627,saus1247,,5251,language,,languages,Map 34 Irian Jaya [88]
sava1244,Savara,,18.7302,84.1414,sava1244,,5254,language,Bookkeeping,languages,"Map 51 North-East India, Bangladesh, Bhutan and Nepal [211]"
savi1242,Sauji,,35.166757,71.461926,savi1242,,5255,language,Indo-European,languages,"Map 53 Iran, Afghanistan and Pakistan [51]"
savo1255,Savosavo,,-9.12853,159.814,savo1255,,5256,language,,languages,Map 29 Solomon Islands and Bougainville [83]
sawa1247,Sawai,,0.51111,128.086,sawa1247,,5258 6381,language,Austronesian,languages,Map 37 The Moluccas [39]; Map 37 The Moluccas [40]
sawi1256,Sawila,,-8.29105,125.078,sawi1256,,5725,language,Timor-Alor-Pantar,languages,Map 38 Lesser Sunda Islands and Timor [68]
sawi1257,Sawi,,-5.99286,138.643,sawi1257,,5260,language,Nuclear Trans New Guinea,languages,"Map 34 Irian Jaya [17, A]"
saya1246,Saya,,9.69441,9.71748,saya1246,,5261,language,Afro-Asiatic,languages,"Map 96 South Plateau, Nigeria [80]; Map 97 North Plateau, Nigeria [86]; Map 98 North-Eastern Nigeria [99]"
sayu1241,Sayula Popoluca,,17.8606,-94.9531,sayu1241,,5263,language,Mixe-Zoque,languages,Map 10 Meso-America: Time of Contact [25]
scot1245,Scottish Gaelic,,56.7574,-5.24366,scot1245,,1658,language,Indo-European,languages,Map 63 The British Isles [5]
seba1247,Seba,,-11.9396,27.5144,seba1247,,5266,language,Atlantic-Congo,languages,Map 77 Zambia [42]
seba1251,Sebat Bet Gurage,,8.11879,37.9891,seba1251,,1170 1588 1865 4063,language,Afro-Asiatic,languages,Map 72 Sudan and the Horn of Africa [37]; Map 72 Sudan and the Horn of Africa [39]; Map 72 Sudan and the Horn of Africa [40]; Map 72 Sudan and the Horn of Africa [41]
sebo1238,Sebop,,3.42701,114.178,sebo1238,,5269,language,Austronesian,languages,"Map 41 Borneo and Madagascar [72, E]"
sech1236,Sechuran,,-5.568969,-80.828247,sech1236,,5271,language,,languages,Map 14 Northern Pacific Coast: Time of Contact [198]
sech1246,Sechelt,,49.4757,-123.765,sech1246,,5270,language,Salishan,languages,Map 6 North-Western Pacific America: Time of Contact [20]
seda1262,Sedang,,14.7793,108.027,seda1262,,5272,language,Austroasiatic,languages,"Map 48 Southern Thailand, Laos and Vietnam, and Cambodia [53]"
sedo1237,Sedoa,,-1.37295,120.378,sedo1237,,5273,language,Austronesian,languages,Map 39 Sulawesi [31]
seek1238,Seeku,,11.1285,-4.58203,seek1238,,5199 5294,language,Mande,languages,Map 104 Burkina Faso [81]; Map 104 Burkina Faso [82]; Map 105 Ivory Coast [71]; Map 105 Ivory Coast [72]; Map 107 Guinea and Mali [18]
sega1243,Segai,,1.97695,116.954,sega1243,,5276,language,Austronesian,languages,Map 41 Borneo and Madagascar [57]
sege1235,Seget,,-1.36931,131.218,sege1235,,5278,language,West Bird's Head,languages,Map 34 Irian Jaya [105]; Map 37 The Moluccas [54]
sege1246,Segeju,,-5.00659,39.12249,sege1246,,5277,language,Atlantic-Congo,languages,Map 76 Southern Tanzania [2a]; Map 85 Kenyan Coast [13]
sehw1238,Sehwi,,6.3172,-2.73146,sehw1238,,5275,language,Atlantic-Congo,languages,Map 103 Ghana [6a]; Map 105 Ivory Coast [16]
seka1247,Sekar,,-2.65849,132.469,seka1247,,5280,language,Austronesian,languages,Map 34 Irian Jaya [217]
seka1248,Sekapan,,2.47567,113.562,seka1248,,2365,language,Austronesian,languages,Map 41 Borneo and Madagascar [35]
seka1250,Sekani,,57.4421,-125.664,seka1250,,5279,language,Athabaskan-Eyak-Tlingit,languages,Map 7 Northern North America: Time of Contact [37]
seke1241,Seke (Vanuatu),,-15.8839,168.197,seke1241,,5466,language,Austronesian,languages,Map 27 Vanuatu and New Caledonia [53]
seki1238,Seki,,1.52302,9.79206,seki1238,,5281,language,Atlantic-Congo,languages,Map 88 Gabon and Equatorial Guinea [25]
seko1242,Seko Tengah,,-2.22069,119.823,seko1242,,5282,language,Austronesian,languages,Map 39 Sulawesi [51]
sekp1241,Sekpele,,7.16751,0.5886,sekp1241,,5283,language,Atlantic-Congo,languages,Map 102 Benin and Togo [9]
sela1259,Selaru,,-8.18376,130.961,sela1259,,5284,language,Austronesian,languages,Map 38 Lesser Sunda Islands and Timor [63]
sele1249,Selee,,7.17462,0.42458,sele1249,,5226,language,Atlantic-Congo,languages,Map 102 Benin and Togo [11]
sele1250,Selepet,,-6.03532,147.234,sele1250,,5286,language,Nuclear Trans New Guinea,languages,Map 32 Southern Papua New Guinea [43]; Map 33 Northern Papua New Guinea [111]
selk1253,Selkup,,59.9409,82.3004,selk1253,,5287,language,Uralic,languages,Map 55 Eastern Siberia [20]; Map 56 Western Siberia [15]
selu1242,Seluwasan,,-7.59918,131.25,selu1242,,5289,language,Austronesian,languages,"Map 38 Lesser Sunda Islands and Timor [62, C]"
selu1243,Selungai Murut,,4.34788,116.45,selu1243,,5288,language,Austronesian,languages,Map 41 Borneo and Madagascar [81]
sema1265,Semaq Beri,,4.1217,102.816,sema1265,,5292,language,Austroasiatic,languages,Map 44 West Malaysia and Singapore [11]
sema1266,Semai,,4.13257,101.477,sema1266,,5291,language,Austroasiatic,languages,Map 44 West Malaysia and Singapore [9]
seme1247,Semelai,,2.82799,102.806,seme1247,,5296,language,Austroasiatic,languages,Map 44 West Malaysia and Singapore [12]
semi1264,Semimi,,-3.71553,134.454,semi1264,,5297,language,Mairasic,languages,Map 34 Irian Jaya [127]
semn1249,Semnani-Biyabuneki,,35.5295,53.2868,semn1249,,5298,language,Indo-European,languages,"Map 53 Iran, Afghanistan and Pakistan [17]"
semp1241,Sempan,,-5.17582,137.588,semp1241,,5299,language,Nuclear Trans New Guinea,languages,Map 34 Irian Jaya [29]
sene1263,Sene,,-6.3859,147.807,sene1263,,5303,language,Nuclear Trans New Guinea,languages,Map 32 Southern Papua New Guinea [30]
sene1264,Seneca,,42.56,-77.53,sene1264,,5304,language,Iroquoian,languages,Map 1 East Coast and Great Lakes: Time of Contact [41]
seng1278,Sengele,,-1.92256,17.2965,seng1278,,5305,language,Atlantic-Congo,languages,Map 81 Democratic Republic of Congo: Kasai [5]; Map 83 Democratic Republic of Congo: Bas Congo and Southern Congo [66]
seng1285,Senggi,,-3.41983,140.77,seng1285,,5306,language,Border,languages,Map 34 Irian Jaya [100]
senh1238,Senhaja De Srair,,34.9992,-4.51293,senh1238,,5220 5221,language,Afro-Asiatic,languages,Map 73 North-West Africa [25]; Map 73 North-West Africa [66]
sepa1241,Sepa (Papua New Guinea),,-4.27,144.965,sepa1241,,5308,language,Austronesian,languages,Map 33 Northern Papua New Guinea [382]
sepe1240,Sepen,,-4.22789,144.809,sepe1240,,5310,language,Ramu,languages,Map 33 Northern Papua New Guinea [338]
sera1259,Saraiki,,29.5534,71.906,sera1259,,5446,language,Indo-European,languages,"Map 53 Iran, Afghanistan and Pakistan [57]; Map 54 North-West India [29]"
sera1260,Sera,,-2.9854,141.951,sera1260,,5311,language,Austronesian,languages,Map 33 Northern Papua New Guinea [403]
sere1260,Sereer,,13.8941,-16.3916,sere1260,,5314,language,Atlantic-Congo,languages,"Map 108 Senegal, Gambia and Guinea Bissau [3]"
sere1264,Sere,,4.71127,27.4688,sere1264,,5313,language,Atlantic-Congo,languages,Map 79 Democratic Republic of Congo: Orienta [46]; Map 89 Central African Republic and South-Eastern Chad [1]
seri1257,Seri,,28.9877,-112.384,seri1257,,5315,language,,languages,Map 3 South-Western North America: Time of Contact [67]
serr1255,Serrano,,33.9479,-116.772,serr1255,,2751 5319 5763,language,Uto-Aztecan,languages,Map 3 South-Western North America: Time of Contact [16]; Map 3 South-Western North America: Time of Contact [19]; Map 4 California: Time of Contact [102]
seru1244,Serui-Laut,,-1.87766,136.252,seru1244,,5321,language,Austronesian,languages,Map 34 Irian Jaya [204]
seru1246,Serudung Murut,,4.39954,117.279,seru1246,,5320,language,Austronesian,languages,Map 41 Borneo and Madagascar [92]
seta1245,Seta,,-3.42155,141.748,seta1245,,5324,language,Nuclear Torricelli,languages,Map 33 Northern Papua New Guinea [223]
seta1246,Setaman,,-5.31134,141.833,seta1246,,5325,language,Nuclear Trans New Guinea,languages,Map 33 Northern Papua New Guinea [176]
seti1248,Seti,,-3.45521,141.827,seti1248,,5323,language,Nuclear Torricelli,languages,Map 33 Northern Papua New Guinea [224]
seve1240,Severn Ojibwa,,53.9092,-89.9331,seve1240,,5328,language,Algic,languages,Map 7 Northern North America: Time of Contact [72]
sewa1251,Sewa Bay,,-10.0277,150.956,sewa1251,,5329,language,Austronesian,languages,Map 31 South-Eastern Papua New Guinea [22]
sgaw1245,S'gaw Karen,,17.9872,97.7126,sgaw1245,,5334,language,Sino-Tibetan,languages,"Map 47 Northern Thailand, Laos and Vietnam [81]; Map 49 Burma (Myanmar) [28]"
shaa1247,Sya,,9.23281,8.77569,shaa1247,,5335,language,Afro-Asiatic,languages,"Map 96 South Plateau, Nigeria [81]"
shal1242,Shall-Zwall,,9.87556,9.64988,shal1242,,5339,language,Atlantic-Congo,languages,"Map 96 South Plateau, Nigeria [30]; Map 97 North Plateau, Nigeria [13]"
sham1280,Shambala,,-4.8,38.29,sham1280,,5340,language,Atlantic-Congo,languages,Map 76 Southern Tanzania [3]; Map 85 Kenyan Coast [14]; Map 86 Central East Africa [2]
shan1277,Shan,,21.5995,98.0342,shan1277,,5343 5665,language,Tai-Kadai,languages,"Map 46 Yunnan Province, China [17]; Map 47 Northern Thailand, Laos and Vietnam [15]; Map 49 Burma (Myanmar) [1]; Map 49 Burma (Myanmar) [3]"
shan1291,Shanjo,,-17.309869,25.814035,shan1291,,5347,language,Atlantic-Congo,languages,Map 74 Southern Africa [31]; Map 77 Zambia [27]
shar1244,Ngen,,-15.255284,167.138859,shar1244,,5350,language,Austronesian,languages,Map 27 Vanuatu and New Caledonia [24]
shar1245,Sharanahua,,-9.8626,-71.1232,shar1245,,5348,language,Pano-Tacanan,languages,Map 14 Northern Pacific Coast: Time of Contact [226]
shar1249,Sharwa,,10.1414,13.5657,shar1249,,5351,language,Afro-Asiatic,languages,Map 94 Northern Cameroon [52]
shas1239,Shasta,,41.7587,-122.738,shas1239,,5354,language,Shastan,languages,Map 4 California: Time of Contact [35]
shaw1249,Shawnee,,40.0,-83.0,shaw1249,,5358,language,Algic,languages,Map 1 East Coast and Great Lakes: Time of Contact [19]
sheb1234,Shebayo,,6.74291,-58.64639,sheb1234,,5361,language,Arawakan,languages,Map 12 Northern South America: Time of Contact [124]
sheh1240,Jibbali,,17.29154,53.99526,sheh1240,,2258,language,Afro-Asiatic,languages,Map 70 The Middle East and Arabian Peninsula [102]
shek1245,Sheko,,7.05022,35.2826,shek1245,,5362,language,Dizoid,languages,Map 72 Sudan and the Horn of Africa [97]
shen1251,Sheni-Ziriya,,10.52559,8.63921,shen1251,,5346,language,Atlantic-Congo,languages,"Map 97 North Plateau, Nigeria [47]"
sher1255,Solu-Khumbu Sherpa,,27.674,86.9994,sher1255,,5369,language,Sino-Tibetan,languages,"Map 45 China and Mongolia [97a]; Map 51 North-East India, Bangladesh, Bhutan and Nepal [24]"
sher1257,Sherdukpen,,27.0035,92.5799,sher1257,,5366,language,Sino-Tibetan,languages,"Map 51 North-East India, Bangladesh, Bhutan and Nepal [41]"
sher1258,Sherbro,,7.77585,-12.7405,sher1258,,5102 5345 5365,language,Atlantic-Congo,languages,Map 106 Liberia and Sierra Leone [6]; Map 106 Liberia and Sierra Leone [6a]; Map 106 Liberia and Sierra Leone [6b]
shii1238,Shi,,-2.55777,28.6122,shii1238,,932 2609 3367 4348,language,Atlantic-Congo,languages,Map 80 Democratic Republic of Congo: Kivu [46]; Map 80 Democratic Republic of Congo: Kivu [46b]; Map 80 Democratic Republic of Congo: Kivu [46c]; Map 80 Democratic Republic of Congo: Kivu [46d]
shik1242,Shiki,,10.5238,9.72769,shik1242,,1842,language,Atlantic-Congo,languages,"Map 97 North Plateau, Nigeria [56]; Map 98 North-Eastern Nigeria [45]"
shil1265,Shilluk,,9.85472,31.7926,shil1265,,1187,language,Nilotic,languages,Map 72 Sudan and the Horn of Africa [155]
shin1264,Shina,,34.6515,75.287,shin1264,,5371,language,Indo-European,languages,"Map 53 Iran, Afghanistan and Pakistan [40]; Map 54 North-West India [23]"
ship1254,Shipibo-Conibo,,-7.17105,-74.8219,ship1254,,5376,language,Pano-Tacanan,languages,Map 14 Northern Pacific Coast: Time of Contact [218]
shiw1234,Shiwa,,-0.091645,11.947061,shiw1234,,3443 5380,language,Atlantic-Congo,languages,Map 87 Northern Congo and Southern Central African Republic [59]; Map 87 Northern Congo and Southern Central African Republic [61]; Map 88 Gabon and Equatorial Guinea [40a]; Map 88 Gabon and Equatorial Guinea [41]
shix1238,Shixing,,28.3895,100.4,shix1238,,5381,language,Sino-Tibetan,languages,Map 45 China and Mongolia [120]
shon1251,Shona,,-17.20849,29.75725,shon1251,,1010 1798 5389 6750,language,Atlantic-Congo,languages,Map 74 Southern Africa [15]; Map 74 Southern Africa [16]; Map 75 Mozambique [42f]; Map 75 Mozambique [42h]; Map 77 Zambia [57]; Map 77 Zambia [57a]
shoo1247,Shoo-Minda-Nye,,8.92577,10.9642,shoo1247,,521,language,Atlantic-Congo,languages,Map 98 North-Eastern Nigeria [60]
shor1247,Mrassu Shor-Tutal,,53.70953,87.84468,shor1247,,5390,language,Turkic,languages,Map 55 Eastern Siberia [7]; Map 56 Western Siberia [9]
shos1248,Shoshoni,,41.0,-116.0,shos1248,,1485 4492 6432,language,Uto-Aztecan,languages,Map 4 California: Time of Contact [94]; Map 5 The Great Plains: Time of Contact [43]; Map 5 The Great Plains: Time of Contact [45]
shug1248,Shughni,,37.5018,71.7925,shug1248,,585 4680 5109 5395,language,Indo-European,languages,"Map 53 Iran, Afghanistan and Pakistan [29]; Map 57 Central Asia [5]; Map 57 Central Asia [6]; Map 57 Central Asia [7]; Map 57 Central Asia [8]"
shum1235,Shumashti,,34.73008,70.782866,shum1235,,5400,language,Indo-European,languages,"Map 53 Iran, Afghanistan and Pakistan [53]"
shus1248,Shuswap,,50.8734,-119.667,shus1248,,5401,language,Salishan,languages,Map 6 North-Western Pacific America: Time of Contact [30]
shuw1238,Shuwa-Zamani,,12.25,14.0,shuw1238,,5403,language,Unattested,languages,"Map 90 Central African Republic, South-Western Chad and Cameroon [73d]; Map 99 Lake Chad Region [18]"
sial1240,Sialum,,-6.07688,147.574,sial1240,,5405,language,Nuclear Trans New Guinea,languages,Map 32 Southern Papua New Guinea [37]; Map 33 Northern Papua New Guinea [105]
siam1242,Siamou,,10.998,-4.92143,siam1242,,5295,language,,languages,Map 104 Burkina Faso [68]; Map 105 Ivory Coast [32]
sian1254,Siang,,-0.38398,114.693,sian1254,,5407,language,Austronesian,languages,Map 41 Borneo and Madagascar [5]
sian1257,Siane,,-6.13188,145.247,sian1257,,5406,language,Nuclear Trans New Guinea,languages,Map 32 Southern Papua New Guinea [8]; Map 33 Northern Papua New Guinea [149]
siar1238,Siar-Lak,,-4.62059,152.892,siar1238,,5408,language,Austronesian,languages,Map 30 New Britain and New Ireland [53]
siaw1243,Siawi,,-4.05312,141.42,siaw1243,,4054,language,Amto-Musan,languages,Map 33 Northern Papua New Guinea [370]
sibe1248,Sibe (Nasioi),,-6.43149,155.412,sibe1248,,4107,language,South Bougainville,languages,Map 29 Solomon Islands and Bougainville [76]
sich1238,Sichuan Yi,,28.1947,102.121,sich1238,,1016 4001 4506 5553,language,Sino-Tibetan,languages,"Map 46 Yunnan Province, China [48C]; Map 46 Yunnan Province, China [48S]; Map 46 Yunnan Province, China [48]; Map 46 Yunnan Province, China [49]"
sida1246,Sidamo,,6.74176,38.3729,sida1246,,5409,language,Afro-Asiatic,languages,Map 72 Sudan and the Horn of Africa [68]
siee1239,Sie,,-18.8181,169.166,siee1239,,5410,language,Austronesian,languages,Map 27 Vanuatu and New Caledonia [101]
sigh1238,Sighu,,-0.95605,13.1214,sigh1238,,5412,language,Atlantic-Congo,languages,Map 83 Democratic Republic of Congo: Bas Congo and Southern Congo [44]; Map 88 Gabon and Equatorial Guinea [26]
siha1245,Sihan (Gum),,-5.28029,145.574,siha1245,,5414,language,Nuclear Trans New Guinea,languages,Map 33 Northern Papua New Guinea [85]
sika1261,Sikaiana,,-8.37701,162.72522,sika1261,,5415,language,Austronesian,languages,Map 26 Polynesia [21]; Map 29 Solomon Islands and Bougainville [68]
sika1262,Sika,,-8.67302,122.38,sika1262,,5416,language,Austronesian,languages,Map 38 Lesser Sunda Islands and Timor [32]
sika1263,Sikaritai,,-2.80285,138.287,sika1263,,111,language,Lakes Plain,languages,Map 34 Irian Jaya [138]
sikk1242,Sikkimese,,27.85795,88.59153,sikk1242,,1253,language,Sino-Tibetan,languages,"Map 51 North-East India, Bangladesh, Bhutan and Nepal [29]"
siks1238,Siksika,,49.0669,-113.109,siks1238,,768,language,Algic,languages,Map 5 The Great Plains: Time of Contact [7]
sila1247,Sila,,21.6888,102.134,sila1247,,5417,language,Sino-Tibetan,languages,"Map 47 Northern Thailand, Laos and Vietnam [92]"
sile1255,Sirva,,-4.98243,145.225,sile1255,,5420,language,Nuclear Trans New Guinea,languages,Map 33 Northern Papua New Guinea [2]
sili1247,Siliput,,-3.60838,142.397,sili1247,,5421,language,Nuclear Torricelli,languages,Map 33 Northern Papua New Guinea [249]
sili1249,Silimo,,-4.52544,139.003,sili1249,,5524,language,Nuclear Trans New Guinea,languages,Map 34 Irian Jaya [43]
silo1240,Silopi,,-5.12302,145.586,silo1240,,5423,language,Nuclear Trans New Guinea,languages,Map 33 Northern Papua New Guinea [103]
silt1240,Silt'e,,7.77004,38.1449,silt1240,,5424,language,Afro-Asiatic,languages,Map 72 Sudan and the Horn of Africa [32]
simb1255,Simbari,,-7.02259,145.603,simb1255,,5426,language,Angan,languages,Map 32 Southern Papua New Guinea [116]
simb1256,Simbo,,-8.26947,156.541,simb1256,,5427,language,Austronesian,languages,Map 29 Solomon Islands and Bougainville [21]
sime1241,Simeulue,,2.50288,96.2757,sime1241,,5428,language,Austronesian,languages,Map 43 Sumatra [1]
sina1266,Sinaugoro,,-9.79791,147.861,sina1266,,2978,language,Austronesian,languages,Map 32 Southern Papua New Guinea [235]
sina1269,Galu,,-3.42446,142.367,sina1269,,1673,language,Nuclear Torricelli,languages,Map 33 Northern Papua New Guinea [235]
sind1272,Sindhi,,26.0,69.0,sind1272,,5432,language,Indo-European,languages,"Map 53 Iran, Afghanistan and Pakistan [59, A]; Map 54 North-West India [32]"
sing1264,Northern Jinghpaw,,27.296,95.606,sing1264,,5435,language,Sino-Tibetan,languages,"Map 51 North-East India, Bangladesh, Bhutan and Nepal [123b]"
sinh1246,Sinhala,,8.0,81.0,sinh1246,,5436,language,Indo-European,languages,Map 52 Southern India and Sri Lanka [21]
sins1241,Kou,,-5.64336,145.599,sins1241,,327 5439,language,Nuclear Trans New Guinea,languages,Map 33 Northern Papua New Guinea [34]; Map 33 Northern Papua New Guinea [37]
siny1243,Sinyar,,12.1895,22.5278,siny1243,,5440,language,Central Sudanic,languages,Map 71 North-East Africa [90]; Map 72 Sudan and the Horn of Africa [179]
sioo1240,Sio,,-5.96037,147.353,sioo1240,,5441,language,Austronesian,languages,Map 32 Southern Papua New Guinea [223]; Map 33 Northern Papua New Guinea [381]
sipa1247,Sipacapense,,15.23054,-91.7041,sipa1247,,5444,language,Mayan,languages,Map 10 Meso-America: Time of Contact [19c]
sira1263,Sirajic,,33.143621,75.545125,sira1263,,1352 5042,language,Indo-European,languages,Map 54 North-West India [26]; Map 54 North-West India [27]
sira1266,Sira,,-1.78084,10.4635,sira1266,,5379,language,Atlantic-Congo,languages,Map 83 Democratic Republic of Congo: Bas Congo and Southern Congo [19]; Map 88 Gabon and Equatorial Guinea [14]
siri1278,Siri,,10.764,9.66743,siri1278,,5445,language,Afro-Asiatic,languages,"Map 97 North Plateau, Nigeria [76]"
sirm1239,Sirmauri,,31.1,77.17,sirm1239,,5453,language,Indo-European,languages,Map 54 North-West India [45]
siro1249,Siroi,,-5.52893,145.994,siro1249,,5455,language,Nuclear Trans New Guinea,languages,Map 33 Northern Papua New Guinea [26]
siss1243,Sissano,,-3.01976,142.049,siss1243,,5459,language,Austronesian,languages,Map 33 Northern Papua New Guinea [404]
siti1241,Siti,,9.1667,-2.75,siti1241,,5461,language,Atlantic-Congo,languages,Map 103 Ghana [75]; Map 104 Burkina Faso [56]; Map 105 Ivory Coast [37]
sius1254,Siuslaw,,42.5111,-124.379,sius1254,,5462,language,,languages,Map 4 California: Time of Contact [18]
siwa1245,Siwai,,-6.6429,155.452,siwa1245,,5464,language,South Bougainville,languages,Map 29 Solomon Islands and Bougainville [77]
siwi1239,Siwi,,29.200415,25.519627,siwi1239,,5463,language,Afro-Asiatic,languages,Map 71 North-East Africa [51]
siwu1238,Siwu,,7.23811,0.44362,siwu1238,,138,language,Atlantic-Congo,languages,Map 102 Benin and Togo [10]; Map 103 Ghana [25]
skol1241,Skolt Saami,,68.8326,29.7204,skol1241,,5467 5468,language,Uralic,languages,"Map 58 Western Russia, the Baltic States, Belarus, Ukraine and Moldova [21]; Map 64 The Nordic Countries [22]"
slov1268,Slovenian,,46.2543,14.7766,slov1268,,5473,language,Indo-European,languages,"Map 61 Hungary, Romania and the Balkans [5]; Map 65 Germany, Austria, Liechtenstein and Switzerland [14]; Map 67 Italy, Corsica, Sardinia, Sicily and Malta [12]"
slov1269,Slovak,,48.545705,18.78479,slov1269,,5472,language,Indo-European,languages,"Map 58 Western Russia, the Baltic States, Belarus, Ukraine and Moldova [5]; Map 61 Hungary, Romania and the Balkans [3]; Map 62 Poland, the Czech Republic and Slovakia [6]; Map 65 Germany, Austria, Liechtenstein and Switzerland [17]; Map 67 Italy, Corsica, Sardinia, Sicily and Malta [13]"
sobe1238,Sobei,,-1.86998,138.75,sobe1238,,5479,language,Austronesian,languages,Map 34 Irian Jaya [176]
soca1235,So (Cameroon),,3.68257,12.525,soca1235,,5478,language,Atlantic-Congo,languages,Map 87 Northern Congo and Southern Central African Republic [62]
sode1235,So (Democratic Republic of Congo),,1.25037,23.6907,sode1235,,5475,language,Atlantic-Congo,languages,Map 79 Democratic Republic of Congo: Orienta [38]
soga1242,Soga,,0.40456,33.3942,soga1242,,5482,language,Atlantic-Congo,languages,Map 86 Central East Africa [34]
soko1263,Sokoro,,11.4634,17.6423,soko1263,,5483,language,Afro-Asiatic,languages,"Map 89 Central African Republic and South-Eastern Chad [85]; Map 90 Central African Republic, South-Western Chad and Cameroon [60]"
soli1239,Soli,,-15.5213,28.7934,soli1239,,5485,language,Atlantic-Congo,languages,Map 74 Southern Africa [32]; Map 77 Zambia [25]
solo1257,Solos,,-5.41042,154.624,solo1257,,5487,language,Austronesian,languages,Map 29 Solomon Islands and Bougainville [3]
solo1258,Solong,,-5.86129,148.825,solo1258,,289,language,Austronesian,languages,Map 30 New Britain and New Ireland [42]
soma1255,Somali,,4.778704,45.152856,soma1255,,330 677 1192 4494,language,Afro-Asiatic,languages,Map 72 Sudan and the Horn of Africa [55a]; Map 72 Sudan and the Horn of Africa [55c]; Map 72 Sudan and the Horn of Africa [55e]; Map 85 Kenyan Coast [41a]
somm1240,Som,,-6.07366,146.651,somm1240,,5488,language,Nuclear Trans New Guinea,languages,Map 32 Southern Papua New Guinea [68]; Map 33 Northern Papua New Guinea [118]
somr1248,Somrai,,9.65897,16.6784,somr1248,,5491,language,Afro-Asiatic,languages,"Map 90 Central African Republic, South-Western Chad and Cameroon [51]"
somy1238,Somyev,,6.90525,11.4826,somy1238,,5492,language,Atlantic-Congo,languages,Map 95 South-Eastern Nigeria and Mid-Western Cameroon [63]
song1299,Nsong-Mpiin,,-4.55057,18.4978,song1299,,4876,language,Atlantic-Congo,languages,Map 81 Democratic Republic of Congo: Kasai [34]
song1300,Songoora,,-2.21871,26.3477,song1300,,4438,language,Atlantic-Congo,languages,Map 80 Democratic Republic of Congo: Kivu [64a]
song1303,Songe,,-5.71993,25.2765,song1303,,883 4451 5500,language,Atlantic-Congo,languages,Map 78 Democratic Republic of Congo: Katang [18]; Map 78 Democratic Republic of Congo: Katang [18a]; Map 78 Democratic Republic of Congo: Katang [20b]; Map 80 Democratic Republic of Congo: Kivu [63]
song1304,Songa,,-4.01205,26.016,song1304,,5497,language,Bookkeeping,languages,Map 80 Democratic Republic of Congo: Kivu [71h]
soni1259,Soninke,,13.1273,-11.7178,soni1259,,5503,language,Mande,languages,"Map 104 Burkina Faso [79]; Map 107 Guinea and Mali [17]; Map 108 Senegal, Gambia and Guinea Bissau [33]"
soni1260,Sonia,,-6.42736,142.589,soni1260,,5502,language,Bosavi,languages,Map 32 Southern Papua New Guinea [89]
sons1242,Sonsorol,,5.328596,132.221282,sons1242,,5505,language,Austronesian,languages,Map 28 Micronesia [1]
sooo1254,Sô,,16.9081,105.001,sooo1254,,5474,language,Austroasiatic,languages,"Map 47 Northern Thailand, Laos and Vietnam [46]"
sooo1256,Soo,,2.58367,34.7595,sooo1256,,5476,language,Kuliak,languages,Map 86 Central East Africa [56]
sopp1247,Sop,,-5.49605,145.361,sopp1247,,6163,language,Nuclear Trans New Guinea,languages,Map 33 Northern Papua New Guinea [42]
soqo1240,Soqotri,,12.4892,53.9168,soqo1240,,5506,language,Afro-Asiatic,languages,Map 70 The Middle East and Arabian Peninsula [104]
sori1242,Sori-Harengan,,-1.98384,146.642,sori1242,,5508,language,Austronesian,languages,Map 30 New Britain and New Ireland [6]
sout1528,Serbian-Croatian-Bosnian,,44.15,18.81,sout1528,,5312,language,Indo-European,languages,"Map 61 Hungary, Romania and the Balkans [4]; Map 62 Poland, the Czech Republic and Slovakia [9]; Map 65 Germany, Austria, Liechtenstein and Switzerland [13]; Map 66 Albania, Greece, Crete and Cyprus [6]; Map 67 Italy, Corsica, Sardinia, Sicily and Malta [11]"
sout2647,Southern Luri,,30.4669,50.8382,sout2647,,3373,language,Indo-European,languages,"Map 53 Iran, Afghanistan and Pakistan [4c]"
sout2692,Southern Mnong,,12.06354,107.65424,sout2692,,5550,language,Austroasiatic,languages,"Map 48 Southern Thailand, Laos and Vietnam, and Cambodia [72]"
sout2697,South Azerbaijani,,36.5137,48.4302,sout2697,,413,language,Turkic,languages,"Map 53 Iran, Afghanistan and Pakistan [71]; Map 59 The Caucasus [9]"
sout2739,Southern Tujia,,28.2368,110.022,sout2739,,3978,language,Sino-Tibetan,languages,Map 45 China and Mongolia [110]
sout2746,Southern Thai,,6.85668,99.7031,sout2746,,4731,language,Tai-Kadai,languages,"Map 48 Southern Thailand, Laos and Vietnam, and Cambodia [21]"
sout2750,Southern Yukaghir,,64.218,154.375,sout2750,,6697,language,Yukaghir,languages,Map 55 Eastern Siberia [27]
sout2770,Southern Inland Yuin,,-36.30008261,148.7238073,sout2770,,4285,language,Pama-Nyungan,languages,Map 35 Australia: Time of Contact [421]
sout2771,Southern Coastal Yuin,,-37.06227181,149.7169306,sout2771,,5847,language,Pama-Nyungan,languages,Map 35 Australia: Time of Contact [422]
sout2774,Southeast Ijo,,4.44235,6.32192,sout2774,,4232,language,Ijoid,languages,Map 101 South-Western Nigeria [4]
sout2778,Southern Kisi,,8.32448,-10.3377,sout2778,,2749,language,Atlantic-Congo,languages,Map 106 Liberia and Sierra Leone [3]
sout2782,South Fali,,9.51408,13.6164,sout2782,,667 5890,language,Atlantic-Congo,languages,Map 91 Adamawa Region [37a]; Map 91 Adamawa Region [37b]
sout2785,Southwest Gbaya,,4.70037,14.9569,sout2785,,795 796 855 879 907 1726 1728 3746,language,Atlantic-Congo,languages,Map 87 Northern Congo and Southern Central African Republic [83]; Map 87 Northern Congo and Southern Central African Republic [84]; Map 87 Northern Congo and Southern Central African Republic [85]; Map 87 Northern Congo and Southern Central African Republic [88]; Map 87 Northern Congo and Southern Central African Republic [90]; Map 87 Northern Congo and Southern Central African Republic [92]; Map 91 Adamawa Region [39b]; Map 91 Adamawa Region [39c]; Map 91 Adamawa Region [39d]
sout2790,Southern Birifor,,9.2873,-2.72672,sout2790,,750,language,Atlantic-Congo,languages,Map 104 Burkina Faso [17]
sout2795,Southern Nuni,,11.5186,-2.14385,sout2795,,1637,language,Atlantic-Congo,languages,Map 103 Ghana [70]; Map 104 Burkina Faso [45]
sout2807,Southern Sotho,,-28.78,27.89,sout2807,,5528,language,Atlantic-Congo,languages,Map 74 Southern Africa [6]
sout2826,Southern Grebo,,4.47607,-7.56872,sout2826,,689 4556,language,Kru,languages,Map 105 Ivory Coast [28b]; Map 105 Ivory Coast [30]
sout2840,Southern Bobo Madaré,,11.5409,-4.26497,sout2840,,777,language,Mande,languages,Map 104 Burkina Faso [78]; Map 105 Ivory Coast [73]
sout2844,Southern Samo,,12.713,-2.9052,sout2844,,5527,language,Mande,languages,Map 104 Burkina Faso [84b]
sout2856,Nafsan,,-17.7006,168.377,sout2856,,5516,language,Austronesian,languages,Map 27 Vanuatu and New Caledonia [100]
sout2857,Nahavaq,,-16.5116,167.477,sout2857,,5433,language,Austronesian,languages,Map 27 Vanuatu and New Caledonia [67]
sout2859,Southeast Ambrym,,-16.2975,168.211,sout2859,,5534,language,Austronesian,languages,Map 27 Vanuatu and New Caledonia [59]
sout2869,Southwest Tanna,,-19.57953,169.35603,sout2869,,5569,language,Austronesian,languages,Map 27 Vanuatu and New Caledonia [107]
sout2877,South Watut,,-7.03751,146.409,sout2877,,1249 3589,language,Austronesian,languages,Map 32 Southern Papua New Guinea [203]; Map 32 Southern Papua New Guinea [204]
sout2905,Southern Alta,,15.1841,121.054,sout2905,,5539,language,Austronesian,languages,Map 40 The Philippines [24]
sout2918,Southern Sama,,4.755836,119.483887,sout2918,,5559,language,Austronesian,languages,Map 40 The Philippines [119]; Map 41 Borneo and Madagascar [NA]
sout2940,South Muyu,,-6.01385,140.815,sout2940,,5542,language,Nuclear Trans New Guinea,languages,Map 34 Irian Jaya [1]
sout2941,South Awyu,,-7.36301,139.538,sout2941,,5404,language,Nuclear Trans New Guinea,languages,Map 34 Irian Jaya [16]
sout2949,Southern Kiwai,,-8.64889,143.244,sout2949,,5546,language,Kiwaian,languages,Map 32 Southern Papua New Guinea [156]
sout2957,Southern Tutchone,,60.7823,-136.573,sout2957,,5565,language,Athabaskan-Eyak-Tlingit,languages,Map 7 Northern North America: Time of Contact [26]
sout2959,South Slavey,,59.8794,-117.047,sout2959,,5470,language,Athabaskan-Eyak-Tlingit,languages,Map 7 Northern North America: Time of Contact [33]
sout2961,Southern Tiwa,,34.7873,-106.661,sout2961,,2179,language,Kiowa-Tanoan,languages,Map 3 South-Western North America: Time of Contact [41]
sout2982,Southeastern Pomo,,38.9354,-122.599,sout2982,,5536,language,Pomoan,languages,Map 4 California: Time of Contact [52]
sout2984,Southern Pomo,,38.7643,-122.545,sout2984,,5557,language,Pomoan,languages,Map 4 California: Time of Contact [56]
sout2985,Southern Sierra Miwok,,38.2363,-120.507,sout2985,,5562,language,Miwok-Costanoan,languages,Map 4 California: Time of Contact [65]
sout2994,Southern Nambikuára,,-14.3707,-59.5187,sout2994,,5551,language,Nambiquaran,languages,Map 16 Western Brazil: Time of Contact [330]
sout3010,Southern Roglai,,11.3003,108.318,sout3010,,5558,language,Austronesian,languages,"Map 48 Southern Thailand, Laos and Vietnam, and Cambodia [3]"
sout3051,South Giziga,,10.2809,14.1931,sout3051,,1795,language,Afro-Asiatic,languages,Map 94 Northern Cameroon [38b]
sout3241,Southern Tidung,,4.0,117.75,sout3241,,5293,language,Austronesian,languages,Map 41 Borneo and Madagascar [89]
souu1238,Sou,,14.687,106.54,souu1238,,2298,language,Austroasiatic,languages,"Map 47 Northern Thailand, Laos and Vietnam [60]; Map 48 Southern Thailand, Laos and Vietnam, and Cambodia [47]"
sowa1244,Sowa,,-15.82653,168.18653,sowa1244,,5572,language,Austronesian,languages,Map 27 Vanuatu and New Caledonia [52]
sowa1245,Sowanda,,-3.28373,140.92,sowa1245,,6256,language,Border,languages,Map 34 Irian Jaya [99]
spit1240,Spiti Bhoti,,32.526,77.833,spit1240,,5576,language,Sino-Tibetan,languages,Map 54 North-West India [5]
squa1248,Squamish,,49.3231,-123.014,squa1248,,5579,language,Salishan,languages,Map 6 North-Western Pacific America: Time of Contact [21]
stan1288,Spanish,,40.4414,-1.11788,stan1288,,5575,language,Indo-European,languages,"Map 68 The Iberian Peninsula and Atlantic Islands [1]; Map 69 France, Belgium, the Netherlands and Luxembourg [5]; Map 73 North-West Africa [83]"
stan1289,Catalan,,41.453,1.569,stan1289,,993,language,Indo-European,languages,"Map 68 The Iberian Peninsula and Atlantic Islands [3]; Map 69 France, Belgium, the Netherlands and Luxembourg [6]"
stan1290,French,,48.0,2.0,stan1290,,1621,language,Indo-European,languages,"Map 63 The British Isles [6]; Map 65 Germany, Austria, Liechtenstein and Switzerland [7]; Map 67 Italy, Corsica, Sardinia, Sicily and Malta [4]; Map 68 The Iberian Peninsula and Atlantic Islands [5]; Map 69 France, Belgium, the Netherlands and Luxembourg [1]"
stan1293,English,,53.0,-1.0,stan1293,,1546,language,Indo-European,languages,"Map 63 The British Isles [1]; Map 69 France, Belgium, the Netherlands and Luxembourg [11]; Map 74 Southern Africa [E]"
stan1295,German,,48.649,12.4676,stan1295,,1761,language,Indo-European,languages,"Map 58 Western Russia, the Baltic States, Belarus, Ukraine and Moldova [G]; Map 61 Hungary, Romania and the Balkans [12]; Map 62 Poland, the Czech Republic and Slovakia [12]; Map 64 The Nordic Countries [6]; Map 65 Germany, Austria, Liechtenstein and Switzerland [1]; Map 67 Italy, Corsica, Sardinia, Sicily and Malta [9]; Map 69 France, Belgium, the Netherlands and Luxembourg [8]"
stod1241,Stod Bhoti,,32.497,77.116,stod1241,,5923,language,Sino-Tibetan,languages,Map 54 North-West India [6]
ston1242,Stoney,,51.1939,-114.984,ston1242,,5581,language,Siouan,languages,Map 7 Northern North America: Time of Contact [60]
stra1244,Northern Straits Salish,,48.51614,-123.757114,stra1244,,4495,language,Salishan,languages,Map 6 North-Western Pacific America: Time of Contact [24]
suar1238,Asabano,,-4.95072,141.978,suar1238,,1417,language,,languages,Map 33 Northern Papua New Guinea [318]
suau1242,Suau,,-10.6606,150.21,suau1242,,5582,language,Austronesian,languages,Map 31 South-Eastern Papua New Guinea [5]
suba1238,Suba,,-0.95719,34.1033,suba1238,,5583,language,Atlantic-Congo,languages,Map 86 Central East Africa [52]
subi1246,Subiya,,-17.5696,24.8867,subi1246,,5585,language,Atlantic-Congo,languages,Map 74 Southern Africa [39]; Map 77 Zambia [61a]
subt1250,Subtiaba,,12.4667,-86.9166,subt1250,,5623,language,Otomanguean,languages,Map 10 Meso-America: Time of Contact [40]
suda1236,Sudanese Arabic,,17.8021,33.3179,suda1236,,1646 1850 1915 1938 1941 1964 1971 2045 2326 2589 3817 3861 5091 5116 5119 5182 5359 5396,language,Afro-Asiatic,languages,Map 71 North-East Africa [15]; Map 71 North-East Africa [16]; Map 71 North-East Africa [17]; Map 71 North-East Africa [19]; Map 71 North-East Africa [20]; Map 71 North-East Africa [21]; Map 71 North-East Africa [22]; Map 71 North-East Africa [23]; Map 71 North-East Africa [24]; Map 71 North-East Africa [25]; Map 71 North-East Africa [26]; Map 71 North-East Africa [28]; Map 71 North-East Africa [29]; Map 71 North-East Africa [30]; Map 71 North-East Africa [31]; Map 71 North-East Africa [32]; Map 72 Sudan and the Horn of Africa [10]; Map 72 Sudan and the Horn of Africa [11]; Map 72 Sudan and the Horn of Africa [12]; Map 72 Sudan and the Horn of Africa [13]; Map 72 Sudan and the Horn of Africa [14]; Map 72 Sudan and the Horn of Africa [16]; Map 72 Sudan and the Horn of Africa [17]; Map 72 Sudan and the Horn of Africa [18]; Map 72 Sudan and the Horn of Africa [19]; Map 72 Sudan and the Horn of Africa [1]; Map 72 Sudan and the Horn of Africa [2]; Map 72 Sudan and the Horn of Africa [3]; Map 72 Sudan and the Horn of Africa [4]; Map 72 Sudan and the Horn of Africa [5]; Map 72 Sudan and the Horn of Africa [6]; Map 72 Sudan and the Horn of Africa [7]; Map 72 Sudan and the Horn of Africa [8]
sude1239,Sudest,,-11.5229,153.488,sude1239,,5587,language,Austronesian,languages,Map 31 South-Eastern Papua New Guinea [44]
suen1241,Suena,,-7.76339,147.534,suen1241,,5588,language,Nuclear Trans New Guinea,languages,Map 32 Southern Papua New Guinea [140]
suga1248,Nizaa,,7.12906,12.3779,suga1248,,5589,language,Atlantic-Congo,languages,Map 95 South-Eastern Nigeria and Mid-Western Cameroon [69]
suii1243,Sui,,24.0488,106.563,suii1243,,5591,language,Tai-Kadai,languages,Map 45 China and Mongolia [64]
suki1245,Suki,,-8.04783,141.842,suki1245,,5592,language,Suki-Gogodala,languages,Map 32 Southern Papua New Guinea [105]
suku1259,Suku,,-5.76495,17.7736,suku1259,,5593,language,Atlantic-Congo,languages,Map 81 Democratic Republic of Congo: Kasai [57a]; Map 84 Angola [9]
suku1261,Sukuma,,-3.16082,32.8765,suku1261,,5594,language,Atlantic-Congo,languages,Map 86 Central East Africa [17]
suku1264,Sukurum,,-6.28,146.34187,suku1264,,5595,language,Austronesian,languages,Map 32 Southern Papua New Guinea [206]
sula1248,Sula,,-2.30765,125.9656,sula1248,,5596,language,Austronesian,languages,Map 37 The Moluccas [34]
sulk1246,Sulka,,-5.03471,151.891,sulk1246,,5597,language,,languages,Map 30 New Britain and New Ireland [86]
sulu1241,Eastern Puroik,,27.3153778,92.3840919,sulu1241,,5598,language,Sino-Tibetan,languages,"Map 45 China and Mongolia [104]; Map 51 North-East India, Bangladesh, Bhutan and Nepal [89]"
suma1264,Suma,,7.0953,17.0093,suma1264,,5599,language,Atlantic-Congo,languages,"Map 90 Central African Republic, South-Western Chad and Cameroon [31]"
suma1269,Sumariup,,-4.73083,143.239,suma1269,,5601,language,Sepik,languages,Map 33 Northern Papua New Guinea [310]
suma1270,Sumau,,-5.48556,145.474,suma1270,,5603,language,Nuclear Trans New Guinea,languages,Map 33 Northern Papua New Guinea [40]
sumb1241,Sumbawa,,-8.71919,117.472,sumb1241,,5604,language,Austronesian,languages,Map 38 Lesser Sunda Islands and Timor [3]
sumi1235,Sumi Naga,,25.9996,94.4235,sumi1235,,5290,language,Sino-Tibetan,languages,"Map 51 North-East India, Bangladesh, Bhutan and Nepal [130]"
sund1252,Sundanese,,-6.89708,107.106,sund1252,,5608,language,Austronesian,languages,Map 42 Java and Bali [2]
sunw1242,Sunwar,,27.5201,86.2476,sunw1242,,5611 5615,language,Sino-Tibetan,languages,"Map 51 North-East India, Bangladesh, Bhutan and Nepal [57]; Map 51 North-East India, Bangladesh, Bhutan and Nepal [58]"
supy1237,Supyire Senoufo,,11.632,-5.87709,supy1237,,5613,language,Atlantic-Congo,languages,Map 104 Burkina Faso [6]; Map 105 Ivory Coast [62]; Map 107 Guinea and Mali [26]
surg1248,Surgut Khanty,,61.25,73.35,surg1248,,2672,language,Uralic,languages,"Map 55 Eastern Siberia [21]; Map 56 Western Siberia [21]; Map 58 Western Russia, the Baltic States, Belarus, Ukraine and Moldova [29]"
suri1267,Tirma-Chai,,6.03205,35.0823,suri1267,,5901,language,Surmic,languages,Map 72 Sudan and the Horn of Africa [131]
suri1273,Surigaonon,,9.0,126.0,suri1273,,5617,language,Austronesian,languages,Map 40 The Philippines [82]
surr1238,Sur,,9.47958,9.49007,surr1238,,5744,language,Atlantic-Congo,languages,"Map 96 South Plateau, Nigeria [58]; Map 97 North Plateau, Nigeria [67]"
surs1246,Sursurunga,,-3.99078,152.768,surs1246,,5618,language,Austronesian,languages,Map 30 New Britain and New Ireland [59]
suru1258,Vori,,10.2254,8.27136,suru1258,,5619,language,Atlantic-Congo,languages,"Map 97 North Plateau, Nigeria [45]"
susq1241,Susquehannock,,41.169,-76.208,susq1241,,5621,language,Iroquoian,languages,Map 1 East Coast and Great Lakes: Time of Contact [42]
susu1250,Susu,,10.4046,-13.3628,susu1250,,5622,language,Mande,languages,Map 106 Liberia and Sierra Leone [22]; Map 107 Guinea and Mali [20]
suun1239,Suundi,,-4.58488,13.3212,suun1239,,2723 3405 5609,language,Atlantic-Congo,languages,Map 83 Democratic Republic of Congo: Bas Congo and Southern Congo [9]; Map 83 Democratic Republic of Congo: Bas Congo and Southern Congo [9a]; Map 83 Democratic Republic of Congo: Bas Congo and Southern Congo [9b]; Map 84 Angola [1f]; Map 88 Gabon and Equatorial Guinea [53]
suwa1241,Suwawa,,0.4907,123.362,suwa1241,,5624,language,Austronesian,languages,Map 39 Sulawesi [16]
suya1243,Suyá,,-11.5178,-53.0743,suya1243,,5625,language,Nuclear-Macro-Je,languages,Map 18 Brazilian Atlantic Coast: Time of Contact [289]
svan1243,Svan,,42.9134,42.5915,svan1243,,5627,language,Kartvelian,languages,Map 59 The Caucasus [52]
swah1253,Swahili,,-8.25605,37.624,swah1253,,470 1635 2288 3410 3454 3995 4837 5628 6022 6121 6215,language,Atlantic-Congo,languages,Map 72 Sudan and the Horn of Africa [196]; Map 76 Southern Tanzania [1]; Map 76 Southern Tanzania [1a]; Map 76 Southern Tanzania [1b]; Map 76 Southern Tanzania [1c]; Map 76 Southern Tanzania [1d]; Map 76 Southern Tanzania [1e]; Map 76 Southern Tanzania [1f]; Map 85 Kenyan Coast [1a]; Map 85 Kenyan Coast [1f]; Map 85 Kenyan Coast [1g]; Map 85 Kenyan Coast [1h]; Map 85 Kenyan Coast [1i]; Map 85 Kenyan Coast [1j]; Map 85 Kenyan Coast [1k]; Map 85 Kenyan Coast [1m]
swam1239,Swampy Cree,,56.0,-95.0,swam1239,,1488 6436,language,Algic,languages,Map 7 Northern North America: Time of Contact [64]; Map 7 Northern North America: Time of Contact [65]
swat1243,Swati,,-26.0,31.5,swat1243,,5630 5631,language,Atlantic-Congo,languages,Map 74 Southern Africa [2]; Map 75 Mozambique [49a]
swed1254,Swedish,,59.800634,17.389526,swed1254,,5632,language,Indo-European,languages,"Map 62 Poland, the Czech Republic and Slovakia [10]; Map 64 The Nordic Countries [3]"
sydn1236,Sydney,,-33.52925837,150.3490464,sydn1236,,1307,language,Pama-Nyungan,languages,Map 35 Australia: Time of Contact [419]
sylh1242,Sylheti,,24.83724,92.25347,sylh1242,,5634,language,Indo-European,languages,"Map 51 North-East India, Bangladesh, Bhutan and Nepal [179]"
taab1238,Taabwa,,-7.91416,29.5238,taab1238,,5370 5647,language,Atlantic-Congo,languages,Map 77 Zambia [10]; Map 78 Democratic Republic of Congo: Katang [30]; Map 78 Democratic Republic of Congo: Katang [31]
taba1259,Tabasaran,,42.0198,47.8379,taba1259,,5644,language,Nakh-Daghestanian,languages,Map 59 The Caucasus [41]
taba1263,Tabaru,,1.46563,127.633,taba1263,,5919,language,North Halmahera,languages,Map 37 The Moluccas [60]
taba1266,Tabasco Chontal,,18.1713,-92.7367,taba1266,,6679,language,Mayan,languages,Map 10 Meso-America: Time of Contact [7]
tabl1243,Tabla,,-2.45368,140.396,tabl1243,,6798,language,Sentanic,languages,Map 34 Irian Jaya [123]
tabo1241,Tabo,,-8.09387,143.305,tabo1241,,6250,language,,languages,Map 32 Southern Papua New Guinea [168]
tabr1243,Tabriak,,-4.49162,143.593,tabr1243,,2499,language,Lower Sepik,languages,Map 33 Northern Papua New Guinea [353]
taca1256,Tacana,,-13.39249,-68.04056,taca1256,,5677,language,Pano-Tacanan,languages,Map 20 Central Pacific Coast: Time of Contact [238]
tach1242,Tachoni,,0.6079,34.8298,tach1242,,5648,language,Atlantic-Congo,languages,Map 86 Central East Africa [35c]
tach1249,Chaouia of the Aures,,35.1867,6.88901,tach1249,,397,language,Afro-Asiatic,languages,Map 71 North-East Africa [65]; Map 73 North-West Africa [43]
tach1250,Tachelhit,,29.7854,-7.77879,tach1250,,5639 5757,language,Afro-Asiatic,languages,Map 73 North-West Africa [69]; Map 73 North-West Africa [70]
tacu1234,Tacunyape,,-4.562946,-53.750438,tacu1234,,5683,language,Tupian,languages,Map 18 Brazilian Atlantic Coast: Time of Contact [351]
tada1238,Tadaksahak,,16.685,2.32653,tada1238,,5649,language,Songhay,languages,Map 73 North-West Africa [81]
tady1237,Tadyawan,,13.0211,121.305,tady1237,,5650,language,Austronesian,languages,Map 40 The Philippines [51]
taen1234,Taensa,,,,taen1234,,5651,language,Bookkeeping,languages,Map 2 South-Eastern North America: Time of Contact [41]
taga1268,Tagakaulu Kalagan,,6.45338,125.426,taga1268,,5654,language,Austronesian,languages,Map 40 The Philippines [89]
taga1270,Tagalog,,14.06,121.747,taga1270,,5655,language,Austronesian,languages,Map 40 The Philippines [61]
taga1272,Tagabawa,,6.9712,125.175,taga1272,,5653,language,Austronesian,languages,Map 40 The Philippines [110]
taga1273,Tagal Murut,,4.42907,116.177,taga1273,,5600,language,Austronesian,languages,Map 41 Borneo and Madagascar [83]
tagb1258,Tagbanwa,,9.54263,118.497,tagb1258,,51,language,Austronesian,languages,Map 40 The Philippines [58]
tagi1240,Tagish,,60.242,-134.799,tagi1240,,5657,language,Athabaskan-Eyak-Tlingit,languages,Map 7 Northern North America: Time of Contact [27]
tagw1240,Tagwana Senoufo,,8.67053,-5.17372,tagw1240,,5652 5656,language,Atlantic-Congo,languages,Map 104 Burkina Faso [66]; Map 105 Ivory Coast [55]; Map 105 Ivory Coast [56]
taha1241,Tahaggart Tamahaq,,22.5908,8.73169,taha1241,,5971,language,Afro-Asiatic,languages,Map 100 Northern Nigeria and Niger [13]; Map 71 North-East Africa [59]; Map 73 North-West Africa [63]
tahl1239,Tahltan,,58.4498,-130.052,tahl1239,,5659,language,Athabaskan-Eyak-Tlingit,languages,Map 7 Northern North America: Time of Contact [29]
taia1239,Taiap,,-4.05047,144.506,taia1239,,1696,language,,languages,Map 33 Northern Papua New Guinea [357]
taid1247,Tai Dam,,18.9572,102.928,taid1247,,5663 5691,language,Tai-Kadai,languages,"Map 47 Northern Thailand, Laos and Vietnam [19]; Map 48 Southern Thailand, Laos and Vietnam, and Cambodia [14]"
taid1249,Tai Daeng-Meuay,,20.4559,104.625,taid1249,,5662,language,Tai-Kadai,languages,"Map 47 Northern Thailand, Laos and Vietnam [21]"
taid1250,Tai Dón,,21.84898,103.570496667,taid1250,,5664,language,Tai-Kadai,languages,"Map 47 Northern Thailand, Laos and Vietnam [20]"
taik1255,Taikat,,-2.9408,140.7495,taik1255,,5668,language,Border,languages,Map 34 Irian Jaya [101]
tain1252,Tai Nüa,,21.7837,99.722,tain1252,,1230 1231 5666 6685,language,Tai-Kadai,languages,"Map 46 Yunnan Province, China [13]; Map 46 Yunnan Province, China [14]; Map 46 Yunnan Province, China [15]; Map 47 Northern Thailand, Laos and Vietnam [14]"
tain1253,Tainae,,-7.40306,145.682,tain1253,,2201,language,Angan,languages,Map 32 Southern Papua New Guinea [118]
tair1256,Tairuma,,-7.94866,145.732,tair1256,,6079,language,Eleman,languages,Map 32 Southern Papua New Guinea [178]
tait1250,Taita,,-3.79347,38.57254,tait1250,,5411,language,Atlantic-Congo,languages,Map 85 Kenyan Coast [27]
taje1237,Taje,,-0.72583,120.078,taje1237,,4849,language,Austronesian,languages,Map 39 Sulawesi [25]
taji1245,Tajik,,38.8213,68.5549,taji1245,,5673,language,Indo-European,languages,Map 45 China and Mongolia [123]; Map 57 Central Asia [3]
taji1246,Tajio,,-0.31553,120.01,taji1246,,2552,language,Austronesian,languages,Map 39 Sulawesi [24]
taju1238,Tajuasohn,,5.50685,-8.98904,taju1238,,5675,language,Kru,languages,Map 106 Liberia and Sierra Leone [13b]
take1255,Takestani,,36.065077,49.688542,take1255,,5679,language,Indo-European,languages,"Map 53 Iran, Afghanistan and Pakistan [14]"
take1257,Takelma,,42.423,-123.452,take1257,,5678,language,,languages,Map 4 California: Time of Contact [33]
taki1248,Takia,,-4.69057,145.975,taki1248,,3778 5680,language,Austronesian,languages,Map 33 Northern Papua New Guinea [386]; Map 33 Northern Papua New Guinea [387]
taku1257,Takuu,,-4.773094,157.032085,taku1257,,5684,language,Austronesian,languages,Map 26 Polynesia [24]; Map 29 Solomon Islands and Bougainville [65]
tala1295,Tala,,10.233,9.85457,tala1295,,5686,language,Afro-Asiatic,languages,"Map 97 North Plateau, Nigeria [82]; Map 98 North-Eastern Nigeria [91]"
tali1257,Talieng,,16.5287,106.102,tali1257,,2538,language,Austroasiatic,languages,"Map 47 Northern Thailand, Laos and Vietnam [63]; Map 48 Southern Thailand, Laos and Vietnam, and Cambodia [64]"
tali1258,Talinga-Bwisi,,0.676185,29.9494,tali1258,,968 5692,language,Atlantic-Congo,languages,Map 79 Democratic Republic of Congo: Orienta [5]; Map 79 Democratic Republic of Congo: Orienta [8]; Map 80 Democratic Republic of Congo: Kivu [40b]
tali1259,Talise,,-9.76764,160.231,tali1259,,5693,language,Austronesian,languages,Map 29 Solomon Islands and Bougainville [40]
tali1262,Taliabu,,-1.79516,124.869,tali1262,,5690,language,Austronesian,languages,Map 37 The Moluccas [35]
tall1235,Tallán,,-5.330824,-80.651093,tall1235,,2560 2818,language,,languages,Map 14 Northern Pacific Coast: Time of Contact [199]; Map 14 Northern Pacific Coast: Time of Contact [200]
tall1250,Tal,,9.15354,9.50774,tall1250,,5685,language,Afro-Asiatic,languages,"Map 96 South Plateau, Nigeria [66]"
talo1250,Tasomi-Tata,,10.6453,30.4815,talo1250,,5696,language,Narrow Talodi,languages,Map 71 North-East Africa [97]
talu1238,Lavu-Yongsheng-Talu,,26.4,101.0,talu1238,,3155 3275 4182 5658,language,Sino-Tibetan,languages,"Map 46 Yunnan Province, China [73]; Map 46 Yunnan Province, China [76]; Map 46 Yunnan Province, China [77]; Map 46 Yunnan Province, China [78]"
taly1247,North-Central Talysh,,38.4552,48.6349,taly1247,,5689 5694,language,Indo-European,languages,"Map 53 Iran, Afghanistan and Pakistan [12]; Map 59 The Caucasus [4]"
tama1328,Taman (Myanmar),,25.1566,95.1171,tama1328,,5702,language,Sino-Tibetan,languages,Map 49 Burma (Myanmar) [42]
tama1331,Tama (Chad),,14.332,21.9951,tama1331,,5699,language,Tamaic,languages,Map 71 North-East Africa [87]; Map 72 Sudan and the Horn of Africa [145]
tama1336,Tamagario,,-6.64493,138.892,tama1336,,5700,language,Kayagaric,languages,Map 34 Irian Jaya [39]
tamb1253,Tambotalo,,-15.5004,167.139,tamb1253,,5710,language,Austronesian,languages,Map 27 Vanuatu and New Caledonia [31]
tamb1267,Tambas,,9.36039,9.32836,tamb1267,,5708,language,Afro-Asiatic,languages,"Map 96 South Plateau, Nigeria [73b]"
tami1289,Tamil,,10.520219,78.825989,tami1289,,5711,language,Dravidian,languages,Map 52 Southern India and Sri Lanka [32]
tami1290,Tami,,-6.70017,147.732,tami1290,,5698,language,Austronesian,languages,Map 32 Southern Papua New Guinea [224]
tamp1251,Tampuan,,13.56447,107.24544,tamp1251,,5712,language,Austroasiatic,languages,"Map 48 Southern Thailand, Laos and Vietnam, and Cambodia [66]"
tamp1252,Tampulma,,9.75577,-1.35467,tamp1252,,5713,language,Atlantic-Congo,languages,Map 102 Benin and Togo [52]; Map 103 Ghana [72]; Map 104 Burkina Faso [54]
tana1288,Tanahmerah,,-2.5523,133.18,tana1288,,5717,language,,languages,Map 34 Irian Jaya [94]
tana1289,Dena'ina,,60.4712,-150.759,tana1289,,5718,language,Athabaskan-Eyak-Tlingit,languages,Map 7 Northern North America: Time of Contact [21]
tana1290,Tanacross,,63.4046,-143.338,tana1290,,5715,language,Athabaskan-Eyak-Tlingit,languages,Map 7 Northern North America: Time of Contact [19]
tand1253,Tandia,,-2.84228,134.532,tand1253,,5720,language,Austronesian,languages,Map 34 Irian Jaya [189]
tang1347,Movono,,-15.5643,166.958,tang1347,,5726,language,Austronesian,languages,Map 27 Vanuatu and New Caledonia [33]
tang1348,Tangga,,-4.08824,153.611,tang1348,,5722,language,Austronesian,languages,Map 30 New Britain and New Ireland [60]
tang1355,Tanggu,,-4.4621,144.916,tang1355,,5729,language,Ramu,languages,Map 33 Northern Papua New Guinea [342]
tang1356,Tanguat,,-4.57282,144.927,tang1356,,5730,language,Ramu,languages,Map 33 Northern Papua New Guinea [343]
tang1372,Tanglang-Toloza,,26.9,99.9,tang1372,,5724,language,Sino-Tibetan,languages,"Map 46 Yunnan Province, China [81]"
tang1373,Tangwang,,35.803799,103.54273,tang1373,,5731,language,Sino-Tibetan,languages,Map 45 China and Mongolia [127]
tapa1260,Tapachultec,,14.9,-92.28,tapa1260,,5740,language,Mixe-Zoque,languages,Map 10 Meso-America: Time of Contact [28]
tapa1262,Taparita,,7.65,-67.6,tapa1262,,5741,language,Otomaco-Taparita,languages,Map 12 Northern South America: Time of Contact [56]
tapi1254,Tapirapé,,-10.5373,-50.5438,tapi1254,,5742,language,Tupian,languages,Map 18 Brazilian Atlantic Coast: Time of Contact [345]
tari1256,Tariana,,0.440205,-68.9042,tari1256,,5750,language,Arawakan,languages,Map 12 Northern South America: Time of Contact [85]
tari1263,Tarifiyt-Beni-Iznasen-Eastern Middle Atlas Berber,,34.916974,-3.430616,tari1263,,552,language,Afro-Asiatic,languages,Map 73 North-West Africa [65]
taro1263,Tarok,,8.98356,10.0288,taro1263,,5753,language,Atlantic-Congo,languages,"Map 96 South Plateau, Nigeria [43]; Map 98 North-Eastern Nigeria [64]"
taro1264,Seediq,,23.9032,121.358,taro1264,,5274,language,Austronesian,languages,"Map 50 Japan, Korea and Taiwan [6]"
tarp1240,Tarpia,,-2.322279,140.115497,tarp1240,,5754,language,Austronesian,languages,Map 34 Irian Jaya [178]
taru1236,Taruma,,1.666,-58.653,taru1236,,5755,language,,languages,Map 16 Western Brazil: Time of Contact [314]
tasm1246,Tasmate,,-15.0792,166.664,tasm1246,,5759,language,Austronesian,languages,Map 27 Vanuatu and New Caledonia [45]
tasm1247,Tasmanian,,,,tasm1247,,5758,language,Bookkeeping,languages,Map 35 Australia: Time of Contact [455]
tata1255,Tatar,,55.79592,49.11577,tata1255,,5762,language,Turkic,languages,"Map 45 China and Mongolia [43]; Map 55 Eastern Siberia [2]; Map 56 Western Siberia [2]; Map 58 Western Russia, the Baltic States, Belarus, Ukraine and Moldova [13]"
tata1257,Tatana,,5.49808,115.553,tata1257,,5761,language,Austronesian,languages,Map 41 Borneo and Madagascar [104]
taua1242,Tauade,,-8.3486,147.094,taua1242,,5766,language,,languages,Map 32 Southern Papua New Guinea [123]
taul1251,Taulil,,-4.44425,152.095,taul1251,,5767,language,Taulil-Butam,languages,Map 30 New Britain and New Ireland [81]
taun1248,Taungyo,,20.4104,96.7401,taun1248,,5768,language,Sino-Tibetan,languages,Map 49 Burma (Myanmar) [58]
taup1242,Taupota,,-10.2275,150.373,taup1242,,5769,language,Austronesian,languages,Map 31 South-Eastern Papua New Guinea [10]
taus1251,Tausug,,5.12236,118.88,taus1251,,5772 5773,language,Austronesian,languages,Map 40 The Philippines [129]; Map 40 The Philippines [83]
tauy1241,Tauya,,-5.74255,145.366,tauy1241,,5774,language,Nuclear Trans New Guinea,languages,Map 33 Northern Papua New Guinea [43]
tave1240,Taveta,,-3.41822,37.7061,tave1240,,5776,language,Atlantic-Congo,languages,Map 85 Kenyan Coast [24]
tavo1242,Tavoyan,,14.1078,98.194,tavo1242,,5777,language,Sino-Tibetan,languages,"Map 48 Southern Thailand, Laos and Vietnam, and Cambodia [77]"
tawa1270,Tawara,,-16.0167,31.621,tawa1270,,5775,language,Atlantic-Congo,languages,Map 75 Mozambique [42d]
tawa1275,Tawala,,-10.3115,150.644,tawa1275,,5778,language,Austronesian,languages,Map 31 South-Eastern Papua New Guinea [12]
tawo1244,Taworta,,-3.43455,139.061,tawo1244,,1211 5781,language,Lakes Plain,languages,Map 34 Irian Jaya [135]; Map 34 Irian Jaya [136]
tayy1238,Tày,,21.6448,106.167,tayy1238,,5782,language,Tai-Kadai,languages,"Map 47 Northern Thailand, Laos and Vietnam [12]"
tazn1238,Sud Oranais-Gourara,,29.1107,0.01992,tazn1238,,1874,language,Afro-Asiatic,languages,Map 73 North-West Africa [57]
tbol1240,Tboli,,6.20377,124.538,tbol1240,,5786,language,Austronesian,languages,Map 40 The Philippines [122]
tchu1241,Tchumbuli,,8.43449,2.55627,tchu1241,,1159,language,Atlantic-Congo,languages,Map 102 Benin and Togo [15]
teen1242,Téén,,9.84556,-3.71183,teen1242,,3283 5794,language,Atlantic-Congo,languages,Map 103 Ghana [81]; Map 104 Burkina Faso [63a]; Map 105 Ivory Coast [51]; Map 105 Ivory Coast [52]
tega1236,Tegali,,11.9523,31.1112,tega1236,,5792,language,Rashad,languages,Map 71 North-East Africa [96]
tehi1237,Tehit,,-1.51049,131.985,tehi1237,,3040 5795,language,West Bird's Head,languages,Map 34 Irian Jaya [109]; Map 34 Irian Jaya [110]
tehu1242,Tehuelche,,-47.5796,-68.3235,tehu1242,,5836,language,Chonan,languages,Map 22 Southern South America: Time of Contact [245]
teiw1235,Teiwa,,-8.37662,124.174,teiw1235,,5796,language,Timor-Alor-Pantar,languages,Map 38 Lesser Sunda Islands and Timor [80]
teke1274,Teke-Fuumu,,-3.59003,15.5061,teke1274,,1633,language,Atlantic-Congo,languages,"Map 81 Democratic Republic of Congo: Kasai [27]; Map 83 Democratic Republic of Congo: Bas Congo and Southern Congo [26, 26a]"
teke1275,Latege,,-1.61688,14.8664,teke1275,,4397 5790,language,Atlantic-Congo,languages,Map 83 Democratic Republic of Congo: Bas Congo and Southern Congo [28f]; Map 83 Democratic Republic of Congo: Bas Congo and Southern Congo [59a]
teke1276,Teke-Tyee,,-3.50685,13.8668,teke1276,,5793,language,Atlantic-Congo,languages,Map 83 Democratic Republic of Congo: Bas Congo and Southern Congo [28b]
teke1277,Teke-Laali,,-3.34458,13.2703,teke1277,,3131,language,Atlantic-Congo,languages,Map 83 Democratic Republic of Congo: Bas Congo and Southern Congo [28c]
teke1278,Teke-Eboo-Nzikou,,-2.384219,15.623277,teke1278,,1458 1494,language,Atlantic-Congo,languages,Map 81 Democratic Republic of Congo: Kasai [25]; Map 83 Democratic Republic of Congo: Bas Congo and Southern Congo [30]; Map 83 Democratic Republic of Congo: Bas Congo and Southern Congo [34a]
teke1280,Teke-Kukuya,,-2.27122,14.4407,teke1280,,2957,language,Atlantic-Congo,languages,Map 83 Democratic Republic of Congo: Bas Congo and Southern Congo [28e]
tekt1235,Tektiteko,,15.4599,-92.1136,tekt1235,,5799,language,Mayan,languages,Map 10 Meso-America: Time of Contact [14]
tele1256,Telefol,,-5.07444,141.731,tele1256,,5801,language,Nuclear Trans New Guinea,languages,Map 33 Northern Papua New Guinea [173]
telu1262,Telugu,,16.4529,78.7024,telu1262,,5802,language,Dravidian,languages,"Map 51 North-East India, Bangladesh, Bhutan and Nepal [197]; Map 52 Southern India and Sri Lanka [28]"
tema1243,Oued Righ,,33.3489,6.06562,tema1243,,5078,language,Afro-Asiatic,languages,Map 71 North-East Africa [66]; Map 73 North-West Africa [45]
temb1270,Tembo (Kitembo),,-1.91863,28.5778,temb1270,,5804,language,Atlantic-Congo,languages,Map 80 Democratic Republic of Congo: Kivu [10]
temb1272,Motembo-Kunda,,2.0246,20.36849,temb1272,,417 3967 4318 4959,language,Atlantic-Congo,languages,Map 79 Democratic Republic of Congo: Orienta [33]; Map 82 Democratic Republic of Congo: Equate [32]; Map 82 Democratic Republic of Congo: Equate [33]; Map 82 Democratic Republic of Congo: Equate [35]; Map 82 Democratic Republic of Congo: Equate [35a]; Map 87 Northern Congo and Southern Central African Republic [28]; Map 87 Northern Congo and Southern Central African Republic [30]
temb1276,Tenetehara,,-2.6123,-48.2359,temb1276,,5809,language,Tupian,languages,Map 16 Western Brazil: Time of Contact [348]
teme1252,Teme,,8.74437,11.3894,teme1252,,5805,language,Atlantic-Congo,languages,Map 98 North-Eastern Nigeria [30]
temi1246,Temiar,,4.974,101.438,temi1246,,5806,language,Austroasiatic,languages,Map 44 West Malaysia and Singapore [8]
temi1247,Temi,,-2.19303,35.8035,temi1247,,5504,language,Atlantic-Congo,languages,Map 86 Central East Africa [24]
temm1241,Tem,,8.967,1.136,temm1241,,2898,language,Atlantic-Congo,languages,Map 102 Benin and Togo [47]; Map 103 Ghana [65]
temu1239,Temuan,,2.78176,101.906,temu1239,,5807,language,Austronesian,languages,Map 44 West Malaysia and Singapore [19]
tene1248,Tengou-Togo Dogon,,14.0675,-3.37158,tene1248,,5812 5928,language,Dogon,languages,Map 104 Burkina Faso [4o]; Map 104 Burkina Faso [4p]
tenh1241,Tenharim-Parintintin-Diahoi,,-7.92626,-61.936,tenh1241,,4800,language,Tupian,languages,Map 16 Western Brazil: Time of Contact [354]
tenn1245,T'en,,25.6717,107.309,tenn1245,,5808,language,Tai-Kadai,languages,Map 45 China and Mongolia [65]
teop1238,Teop,,-5.67474,154.971,teop1238,,5813,language,Austronesian,languages,Map 29 Solomon Islands and Bougainville [8]
tepe1278,Tepecano,,22.03529,-103.7367,tepe1278,,5815,language,Uto-Aztecan,languages,Map 3 South-Western North America: Time of Contact [27]
tepo1239,Tepo Krumen,,5.16267,-7.66346,tepo1239,,5818,language,Kru,languages,Map 105 Ivory Coast [28c]
tera1251,Tera,,11.0376,11.80953,tera1251,,5819,language,Afro-Asiatic,languages,Map 100 Northern Nigeria and Niger [11a]; Map 98 North-Eastern Nigeria [100]
tere1279,Terena-Kinikinao-Chane,,-20.6614,-56.0329,tere1279,,5821,language,Arawakan,languages,Map 18 Brazilian Atlantic Coast: Time of Contact [115]
teri1244,Terik,,0.6,35.0,teri1244,,5825,language,Nilotic,languages,Map 86 Central East Africa [83]
teri1250,Teribe,,9.067,-82.9631,teri1250,,5823,language,Chibchan,languages,Map 12 Northern South America: Time of Contact [47]
tern1247,Ternate,,0.80562,127.333,tern1247,,5826,language,North Halmahera,languages,Map 37 The Moluccas [58]
tese1238,Tese,,11.3885,29.5803,tese1238,,1298,language,Temeinic,languages,Map 71 North-East Africa [82]; Map 72 Sudan and the Horn of Africa [139]
teso1249,Teso,,1.18321,33.9394,teso1249,,5827,language,Nilotic,languages,Map 72 Sudan and the Horn of Africa [165]; Map 86 Central East Africa [69]
tete1250,Tetela,,-4.29314,24.546,tete1250,,2837 3282 3316 3931 4304 4321 4401 4402 4810 5828,language,Atlantic-Congo,languages,Map 78 Democratic Republic of Congo: Katang [2]; Map 78 Democratic Republic of Congo: Katang [2a]; Map 78 Democratic Republic of Congo: Katang [2b]; Map 78 Democratic Republic of Congo: Katang [4]; Map 80 Democratic Republic of Congo: Kivu [71]; Map 80 Democratic Republic of Congo: Kivu [71a]; Map 80 Democratic Republic of Congo: Kivu [71c]; Map 80 Democratic Republic of Congo: Kivu [71d]; Map 80 Democratic Republic of Congo: Kivu [71f]; Map 80 Democratic Republic of Congo: Kivu [71g]; Map 80 Democratic Republic of Congo: Kivu [71i]; Map 80 Democratic Republic of Congo: Kivu [71j]; Map 80 Democratic Republic of Congo: Kivu [74]; Map 80 Democratic Republic of Congo: Kivu [75]; Map 81 Democratic Republic of Congo: Kasai [3]; Map 81 Democratic Republic of Congo: Kasai [46]; Map 81 Democratic Republic of Congo: Kasai [47]
tetu1245,Tetum,,-9.11217,125.528,tetu1245,,5832,language,Austronesian,languages,Map 38 Lesser Sunda Islands and Timor [38]
teun1241,Te'un,,-6.97086,129.143718,teun1241,,5833,language,Austronesian,languages,Map 38 Lesser Sunda Islands and Timor [54]
tewa1260,Rio Grande Tewa,,35.9053,-106.124,tewa1260,,5835,language,Kiowa-Tanoan,languages,Map 5 The Great Plains: Time of Contact [60]
tewe1238,Tewe,,-18.4459,33.8246,tewe1238,,5834,language,Atlantic-Congo,languages,Map 74 Southern Africa [20]; Map 75 Mozambique [42b]
texi1237,Texistepec Popoluca,,17.8926,-94.8076,texi1237,,2184,language,Mixe-Zoque,languages,Map 10 Meso-America: Time of Contact [24]
thad1238,Thado Chin,,24.096,93.722,thad1238,,4095,language,Sino-Tibetan,languages,"Map 51 North-East India, Bangladesh, Bhutan and Nepal [146]"
thai1261,Thai,,14.192,100.671,thai1261,,2869 5838,language,Tai-Kadai,languages,"Map 47 Northern Thailand, Laos and Vietnam [26]; Map 48 Southern Thailand, Laos and Vietnam, and Cambodia [18]; Map 48 Southern Thailand, Laos and Vietnam, and Cambodia [20]"
thak1245,Thakali,,28.7014,83.6466,thak1245,,5839,language,Sino-Tibetan,languages,"Map 51 North-East India, Bangladesh, Bhutan and Nepal [3]"
than1259,Thangmi,,28.7554,85.7657,than1259,,5841,language,Sino-Tibetan,languages,"Map 51 North-East India, Bangladesh, Bhutan and Nepal [48]"
thao1240,Thao,,23.8333,120.93,thao1240,,5843,language,Austronesian,languages,"Map 50 Japan, Korea and Taiwan [16]"
thar1283,Tharaka,,-0.13221,38.073,thar1283,,5844,language,Atlantic-Congo,languages,Map 72 Sudan and the Horn of Africa [205]; Map 85 Kenyan Coast [30]; Map 86 Central East Africa [13]
thom1243,Thompson,,50.1668,-120.193,thom1243,,5850,language,Salishan,languages,Map 6 North-Western Pacific America: Time of Contact [29]
thul1246,Thulung,,27.5389,87.6063,thul1246,,5852,language,Sino-Tibetan,languages,"Map 51 North-East India, Bangladesh, Bhutan and Nepal [63]"
thur1254,Thurawal,,-34.634,150.721,thur1254,,1306,language,Pama-Nyungan,languages,Map 35 Australia: Time of Contact [425]
tian1237,Tiang,,-2.95505,150.935,tian1237,,5853,language,Austronesian,languages,Map 30 New Britain and New Ireland [70]
tibe1272,Tibetan,,28.3681,90.1872,tibe1272,,1220 1273 1829 3996 5115 5136 5333 5578 5856,language,Sino-Tibetan,languages,"Map 45 China and Mongolia [85]; Map 45 China and Mongolia [86]; Map 45 China and Mongolia [96a]; Map 45 China and Mongolia [96b]; Map 45 China and Mongolia [96c]; Map 45 China and Mongolia [96d]; Map 45 China and Mongolia [96e]; Map 45 China and Mongolia [96f]; Map 49 Burma (Myanmar) [52]; Map 51 North-East India, Bangladesh, Bhutan and Nepal [10]"
tibe1274,Tibea,,5.30535,11.3103,tibe1274,,5855,language,Atlantic-Congo,languages,Map 93 Central South-Western Cameroon [77]
tich1238,Tichurong,,28.9506,83.4672,tich1238,,5857,language,Sino-Tibetan,languages,"Map 51 North-East India, Bangladesh, Bhutan and Nepal [16]"
ticu1245,Ticuna,,-3.66289,-69.8723,ticu1245,,5875,language,Ticuna-Yuri,languages,Map 16 Western Brazil: Time of Contact [162]
tidi1241,Tidikelt-Tuat Tamazight,,27.019,1.86218,tidi1241,,5858,language,Afro-Asiatic,languages,Map 73 North-West Africa [59]
tido1248,Tidore,,0.02461,127.746,tido1248,,5860,language,North Halmahera,languages,Map 37 The Moluccas [57]
tief1244,Tiefo-Nyafogo-Numudara,,10.85,-4.45,tief1244,,5862,language,Atlantic-Congo,languages,Map 104 Burkina Faso [13]
tien1242,Tiene,,-2.84694,16.4765,tien1242,,5861,language,Atlantic-Congo,languages,Map 81 Democratic Republic of Congo: Kasai [37]; Map 83 Democratic Republic of Congo: Bas Congo and Southern Congo [57]
tifa1245,Tifal,,-5.03899,141.293,tifa1245,,5863,language,Nuclear Trans New Guinea,languages,Map 33 Northern Papua New Guinea [174]
tiga1245,Tigak,,-2.70951,150.893,tiga1245,,5864,language,Austronesian,languages,Map 30 New Britain and New Ireland [68]
tigo1236,Tigon Mbembe,,6.983995,10.70849,tigo1236,,3733,language,Atlantic-Congo,languages,Map 95 South-Eastern Nigeria and Mid-Western Cameroon [81]
tigr1270,Tigre,,17.3494,38.2233,tigr1270,,5867,language,Afro-Asiatic,languages,Map 72 Sudan and the Horn of Africa [26]
tigr1271,Tigrinya,,15.3359,38.9266,tigr1271,,5868,language,Afro-Asiatic,languages,Map 72 Sudan and the Horn of Africa [27]
tika1246,Tikar,,5.87004,11.6104,tika1246,,5866 5872 6067,language,Atlantic-Congo,languages,Map 93 Central South-Western Cameroon [20]; Map 95 South-Eastern Nigeria and Mid-Western Cameroon [61]; Map 95 South-Eastern Nigeria and Mid-Western Cameroon [61a]; Map 95 South-Eastern Nigeria and Mid-Western Cameroon [61b]
tiko1237,Tikopia,,-12.2766,168.822,tiko1237,,5873,language,Austronesian,languages,Map 26 Polynesia [16]
tila1239,Tilapa Otomi,,19.4403,-99.5074,tila1239,,5876,language,Otomanguean,languages,Map 10 Meso-America: Time of Contact [36d]
till1254,Tillamook,,45.5,-123.83,till1254,,5877,language,Salishan,languages,Map 4 California: Time of Contact [3]
tilu1238,Tilung,,27.2203,86.4694,tilu1238,,5878,language,Sino-Tibetan,languages,"Map 51 North-East India, Bangladesh, Bhutan and Nepal [61]"
timb1251,Timbe,,-6.06875,147.057,timb1251,,5880,language,Nuclear Trans New Guinea,languages,Map 32 Southern Papua New Guinea [44]; Map 33 Northern Papua New Guinea [112]
timn1235,Timne,,8.90294,-12.3331,timn1235,,816 3007 5204 6392 6686,language,Atlantic-Congo,languages,Map 106 Liberia and Sierra Leone [8a]; Map 106 Liberia and Sierra Leone [8b]; Map 106 Liberia and Sierra Leone [8c]; Map 106 Liberia and Sierra Leone [8d]; Map 106 Liberia and Sierra Leone [8e]
timo1237,Timote-Cuica,,8.848165,-70.975342,timo1237,,4005 5883,language,,languages,Map 12 Northern South America: Time of Contact [2]; Map 12 Northern South America: Time of Contact [3]
timu1245,Timucua,,30.3027,-82.3132,timu1245,,5780 5885,language,,languages,Map 2 South-Eastern North America: Time of Contact [51]; Map 2 South-Eastern North America: Time of Contact [52]
timu1262,Timugon Murut,,5.1796,115.826,timu1262,,644 5886,language,Austronesian,languages,Map 41 Borneo and Madagascar [85]; Map 41 Borneo and Madagascar [86]
tina1246,Tinani,,32.2852,77.9912,tina1246,,5888,language,Sino-Tibetan,languages,Map 54 North-West India [17]
tina1248,Tinà Sambal,,15.5797,120.095,tina1248,,5887,language,Austronesian,languages,Map 40 The Philippines [40]
tind1238,Tindi,,42.3316,45.9227,tind1238,,5889,language,Nakh-Daghestanian,languages,Map 59 The Caucasus [30]
tini1245,Tinigua,,2.716,-73.768,tini1245,,4758 5892,language,,languages,Map 12 Northern South America: Time of Contact [52]; Map 12 Northern South America: Time of Contact [53]
tinp1237,Tinputz,,-5.58358,154.972,tinp1237,,5884,language,Austronesian,languages,Map 29 Solomon Islands and Bougainville [7]
tira1258,Tiranige Diga Dogon,,14.76,-3.7,tira1258,,1402 2867,language,Dogon,languages,Map 104 Burkina Faso [4d]; Map 104 Burkina Faso [4e]
tiri1258,Tiri-Mea,,-21.8147,165.792,tiri1258,,6077,language,Austronesian,languages,Map 27 Vanuatu and New Caledonia [128]
tiru1241,Tiruray,,6.77321,124.127,tiru1241,,5902,language,Austronesian,languages,Map 40 The Philippines [124]
tita1241,Titan,,-2.18168,146.888,tita1241,,5903,language,Austronesian,languages,Map 30 New Britain and New Ireland [20]
tivv1240,Tiv,,6.88039,9.26287,tivv1240,,5904,language,Atlantic-Congo,languages,"Map 95 South-Eastern Nigeria and Mid-Western Cameroon [1]; Map 96 South Plateau, Nigeria [54]"
tiwa1253,Tiwa (India),,26.0667,92.2583,tiwa1253,,3133,language,Sino-Tibetan,languages,"Map 51 North-East India, Bangladesh, Bhutan and Nepal [111]"
tiwi1244,Tiwi,,-11.6308,130.949,tiwi1244,,5905,language,,languages,Map 35 Australia: Time of Contact [1]
tlin1245,Tlingit,,59.4447,-135.29,tlin1245,,5912,language,Athabaskan-Eyak-Tlingit,languages,Map 7 Northern North America: Time of Contact [12]
toab1237,To'abaita,,-8.39233,160.619,toab1237,,4446,language,Austronesian,languages,Map 29 Solomon Islands and Bougainville [45]
toar1246,Toaripi,,-8.07231,146.206,toar1246,,5915,language,Eleman,languages,Map 32 Southern Papua New Guinea [177]
toba1266,Tobati,,-2.56434,140.71,toba1266,,6688,language,Austronesian,languages,Map 34 Irian Jaya [179]
toba1268,Toba-Enenlhet,,-21.5474,-58.0158,toba1268,,3654,language,Lengua-Mascoy,languages,Map 18 Brazilian Atlantic Coast: Time of Contact [272]
toba1269,Toba,,-23.77,-61.96,toba1269,,5917,language,Guaicuruan,languages,Map 20 Central Pacific Coast: Time of Contact [262]
tobe1252,Tobelo,,1.0946,128.154,tobe1252,,5920,language,North Halmahera,languages,Map 37 The Moluccas [63]
tobi1239,Tobilung,,6.56097,116.67,tobi1239,,5788,language,Austronesian,languages,Map 41 Borneo and Madagascar [103]
todr1244,Todrah,,14.5672,108.114,todr1244,,5924,language,Austroasiatic,languages,"Map 48 Southern Thailand, Laos and Vietnam, and Cambodia [55]"
tofa1246,Tofanma,,-3.74322,140.591,tofa1246,,5926,language,Namla-Tofanma,languages,Map 34 Irian Jaya [84]
togb1241,Togbo-Vara Banda,,6.35815,22.7362,togb1241,,5927 6212,language,Atlantic-Congo,languages,Map 82 Democratic Republic of Congo: Equate [57]; Map 82 Democratic Republic of Congo: Equate [58]; Map 89 Central African Republic and South-Eastern Chad [16a]; Map 89 Central African Republic and South-Eastern Chad [16b]
toho1245,Tohono O'odham,,31.7973,-111.995,toho1245,,6132,language,Uto-Aztecan,languages,Map 3 South-Western North America: Time of Contact [23]
tojo1241,Tojolabal,,16.2572,-91.7825,tojo1241,,5929,language,Mayan,languages,Map 10 Meso-America: Time of Contact [10]
tola1247,Tolaki,,-4.03577,121.888,tola1247,,3130 3789,language,Austronesian,languages,Map 39 Sulawesi [38]; Map 39 Sulawesi [39]
toll1241,Tol,,14.6686,-87.0372,toll1241,,1490,language,Jicaquean,languages,Map 10 Meso-America: Time of Contact [33b]
tolo1255,Tolomako,,-15.1569,166.772,tolo1255,,5935,language,Austronesian,languages,Map 27 Vanuatu and New Caledonia [50]
tolo1259,Tolowa-Chetco,,41.9192,-124.1,tolo1259,,5936,language,Athabaskan-Eyak-Tlingit,languages,Map 4 California: Time of Contact [26]
tomb1243,Tombulu,,1.39715,124.754,tomb1243,,5937,language,Austronesian,languages,Map 39 Sulawesi [7]
tomb1244,Tombonuo,,6.2892,117.322,tomb1244,,3263 5707,language,Austronesian,languages,Map 41 Borneo and Madagascar [109]; Map 41 Borneo and Madagascar [111]
tomi1243,Tomini,,0.42569,120.89,tomi1243,,5938,language,Austronesian,languages,Map 39 Sulawesi [20]
tomm1242,Tommo So Dogon,,14.756,-3.28,tomm1242,,5939,language,Dogon,languages,Map 104 Burkina Faso [4k]
tomo1243,Tomo Kan Dogon,,13.6331,-3.82228,tomo1243,,5940,language,Dogon,languages,Map 104 Burkina Faso [4a]
tomo1244,Tomoip,,-5.30721,151.828,tomo1244,,5941,language,Austronesian,languages,Map 30 New Britain and New Ireland [52]
tond1251,Tondano,,1.28024,124.964,tond1251,,5944,language,Austronesian,languages,Map 39 Sulawesi [6]
tong1308,Maniq,,6.88137,100.102,tong1308,,3551 3552,language,Austroasiatic,languages,"Map 44 West Malaysia and Singapore [1]; Map 48 Southern Thailand, Laos and Vietnam, and Cambodia [22]"
tong1318,Tonga (Zambia),,-17.422325,27.103495,tong1318,,5946 6380,language,Atlantic-Congo,languages,Map 74 Southern Africa [25]; Map 74 Southern Africa [34]; Map 75 Mozambique [43]; Map 77 Zambia [24]; Map 77 Zambia [24c]
tong1320,Tongwe,,-6.43051,30.0807,tong1320,,5948 6024,language,Atlantic-Congo,languages,Map 78 Democratic Republic of Congo: Katang [34]; Map 78 Democratic Republic of Congo: Katang [43]; Map 80 Democratic Republic of Congo: Kivu [42]; Map 80 Democratic Republic of Congo: Kivu [52]
tong1321,Tonga (Nyasa),,-12.0816,34.0613,tong1321,,5458,language,Atlantic-Congo,languages,Map 75 Mozambique [36]; Map 76 Southern Tanzania [65]; Map 77 Zambia [43]
tong1329,Tongva,,34.1,-118.11,tong1329,,1821,language,Uto-Aztecan,languages,Map 3 South-Western North America: Time of Contact [18]
tonk1249,Tonkawa,,30.25,-96.75,tonk1249,,5951,language,,languages,Map 3 South-Western North America: Time of Contact [72]
tons1239,Tonsawang,,1.0539,124.652,tons1239,,5952,language,Austronesian,languages,Map 39 Sulawesi [9]
tons1240,Tonsea,,1.51393,125.052,tons1240,,5953,language,Austronesian,languages,Map 39 Sulawesi [5]
tont1239,Tontemboan,,1.24813,124.654,tont1239,,5954,language,Austronesian,languages,Map 39 Sulawesi [8]
toor1238,Tooro,,0.57291,30.6389,toor1238,,5959,language,Atlantic-Congo,languages,Map 79 Democratic Republic of Congo: Orienta [4]; Map 80 Democratic Republic of Congo: Kivu [19]
topo1242,Toposa,,5.15904,34.2159,topo1242,,2284,language,Nilotic,languages,Map 72 Sudan and the Horn of Africa [166]
tora1259,Torau,,-6.19922,155.496,tora1259,,5956,language,Austronesian,languages,Map 29 Solomon Islands and Bougainville [14]
tora1261,Toraja-Sa'dan,,-2.97144,119.829,tora1261,,5146,language,Austronesian,languages,Map 39 Sulawesi [47]
tora1263,Torá,,-6.19532,-61.7416,tora1263,,5965,language,Chapacuran,languages,Map 16 Western Brazil: Time of Contact [67]
tora1267,Toram,,11.2027,19.5254,tora1267,,5955,language,Afro-Asiatic,languages,Map 89 Central African Republic and South-Eastern Chad [83c]
toro1249,Toro,,9.09143,8.58194,toro1249,,6045,language,Atlantic-Congo,languages,"Map 96 South Plateau, Nigeria [44]"
toro1252,Toro So Dogon,,14.40749,-3.10006,toro1252,,5960,language,Dogon,languages,Map 104 Burkina Faso [4q]
toro1253,Toro Tegu Dogon,,15.0644,-2.22427,toro1253,,5961,language,Dogon,languages,Map 104 Burkina Faso [4s]
toro1255,Toromono,,-13.3028,-67.3931,toro1255,,5962,language,Pano-Tacanan,languages,Map 16 Western Brazil: Time of Contact [243]
torr1259,Aro-Mukweym-Orok,,-3.45292,142.622,torr1259,,3320,language,Nuclear Torricelli,languages,Map 33 Northern Papua New Guinea [253]
torw1241,Torwali,,35.3101,72.5316,torw1241,,5964,language,Indo-European,languages,"Map 53 Iran, Afghanistan and Pakistan [46]"
tote1238,Totela,,-16.9575,24.3751,tote1238,,5966,language,Atlantic-Congo,languages,Map 74 Southern Africa [40]; Map 77 Zambia [61b]
toto1302,Toto,,26.67,88.975,toto1302,,5967,language,Sino-Tibetan,languages,"Map 51 North-East India, Bangladesh, Bhutan and Nepal [104]"
toto1304,Totoli,,1.14995,120.875,toto1304,,5934,language,Austronesian,languages,Map 39 Sulawesi [19]
toto1306,Totoro,,2.55149,-76.6379,toto1306,,5970,language,Barbacoan,languages,Map 12 Northern South America: Time of Contact [18]
touo1238,Touo,,-8.58405,157.296,touo1238,,537,language,,languages,Map 29 Solomon Islands and Bougainville [81]
tour1242,Toura (Côte d'Ivoire),,7.76747,-7.33105,tour1242,,6037,language,Mande,languages,Map 106 Liberia and Sierra Leone [30]
tour1243,Toura (Papua New Guinea),,-9.10008,146.988,tour1243,,1388,language,Austronesian,languages,Map 32 Southern Papua New Guinea [231]
towe1240,Towei,,-3.87428,140.803,towe1240,,5972,language,Pauwasi,languages,Map 34 Irian Jaya [81]
treg1243,Tregami,,34.998117,71.099792,treg1243,,5973,language,Indo-European,languages,"Map 53 Iran, Afghanistan and Pakistan [64]"
trio1238,Trió,,2.53616,-55.7599,trio1238,,5899,language,Cariban,languages,Map 12 Northern South America: Time of Contact [386]
trum1247,Trumai,,-11.8119,-53.5717,trum1247,,5980,language,,languages,Map 18 Brazilian Atlantic Coast: Time of Contact [57]
tsaa1242,Tsaangi,,-2.29245,12.7581,tsaa1242,,5987,language,Atlantic-Congo,languages,Map 83 Democratic Republic of Congo: Bas Congo and Southern Congo [41]; Map 88 Gabon and Equatorial Guinea [46]
tsak1249,Tsakhur,,41.5916,46.8858,tsak1249,,5985,language,Nakh-Daghestanian,languages,Map 59 The Caucasus [45]
tsak1250,Tsaukambo,,-5.39076,140.186,tsak1250,,2894,language,Nuclear Trans New Guinea,languages,Map 34 Irian Jaya [12]
tsat1238,Tsat,,18.3192,109.336,tsat1238,,5988,language,Austronesian,languages,Map 45 China and Mongolia [60]
tset1236,Tsetsaut,,55.5,-130.08,tset1236,,5989,language,Athabaskan-Eyak-Tlingit,languages,Map 7 Northern North America: Time of Contact [36]
tsha1245,Tshangla,,27.3694,91.7741,tsha1245,,5991,language,Sino-Tibetan,languages,"Map 51 North-East India, Bangladesh, Bhutan and Nepal [43]"
tsis1238,Salka-Tsishingini,,10.2882,5.11073,tsis1238,,2076 5183,language,Atlantic-Congo,languages,Map 100 Northern Nigeria and Niger [22]; Map 100 Northern Nigeria and Niger [22a]; Map 101 South-Western Nigeria [38a]; Map 101 South-Western Nigeria [38b]
tsix1234,Ts'ixa,,-19.180953,23.998153,tsix1234,,5983,language,Khoe-Kwadi,languages,Map 74 Southern Africa [49]
tsoa1238,Northern Tshwa,,-19.7974,26.9638,tsoa1238,,5393,language,Khoe-Kwadi,languages,Map 74 Southern Africa [48]; Map 77 Zambia [76]
tsog1243,Tsogo,,-1.55469,11.1359,tsog1243,,4960 5993,language,Atlantic-Congo,languages,Map 83 Democratic Republic of Congo: Bas Congo and Southern Congo [53]; Map 83 Democratic Republic of Congo: Bas Congo and Southern Congo [54]; Map 88 Gabon and Equatorial Guinea [18]; Map 88 Gabon and Equatorial Guinea [23]
tson1249,Tsonga,,-23.5754,31.8105,tson1249,,5344 5994,language,Atlantic-Congo,languages,Map 74 Southern Africa [12]; Map 75 Mozambique [47]
tsoo1241,Tso,,9.53256,11.4972,tsoo1241,,3317,language,Atlantic-Congo,languages,Map 98 North-Eastern Nigeria [7]
tsot1241,Tsotso,,0.2975,34.6961,tsot1241,,5995,language,Atlantic-Congo,languages,Map 86 Central East Africa [35g]
tsou1248,Tsou,,23.216,120.787,tsou1248,,5996,language,Austronesian,languages,"Map 50 Japan, Korea and Taiwan [12]"
tsum1240,Tsum,,28.4719,85.0817,tsum1240,,5997,language,Sino-Tibetan,languages,"Map 51 North-East India, Bangladesh, Bhutan and Nepal [22]"
tsuv1239,Tsuvadi,,10.8421,5.22095,tsuv1239,,2371,language,Atlantic-Congo,languages,Map 100 Northern Nigeria and Niger [22b]; Map 101 South-Western Nigeria [38c]
tsuv1243,Tsuvan,,10.1551,13.628,tsuv1243,,5998,language,Afro-Asiatic,languages,Map 94 Northern Cameroon [53]
tswa1253,Tswana,,-24.368,24.7587,tswa1253,,2057 2659 3078 4342 4345 5095 5779 5870 5911 6000,language,Atlantic-Congo,languages,Map 74 Southern Africa [7]; Map 74 Southern Africa [7a]; Map 74 Southern Africa [7b]; Map 74 Southern Africa [7c]; Map 74 Southern Africa [7d]; Map 74 Southern Africa [7e]; Map 74 Southern Africa [7f]; Map 74 Southern Africa [7g]; Map 74 Southern Africa [7h]; Map 74 Southern Africa [7i]; Map 84 Angola [48]
tswa1255,Tswa,,-22.9891,32.4287,tswa1255,,2010 5999,language,Atlantic-Congo,languages,Map 74 Southern Africa [10]; Map 75 Mozambique [45]; Map 75 Mozambique [46]
tual1242,Tualatin-Yamhill,,45.327,-122.955,tual1242,,6004,language,Kalapuyan,languages,Map 4 California: Time of Contact [13]
tuba1278,Tübatulabal,,35.327,-117.163,tuba1278,,5645,language,Uto-Aztecan,languages,Map 4 California: Time of Contact [100]
tuba1279,Tubar,,27.00003,-107.98934,tuba1279,,6005,language,Uto-Aztecan,languages,Map 3 South-Western North America: Time of Contact [32]
tuca1252,Tucano,,0.579755,-69.5763,tuca1252,,6010,language,Tucanoan,languages,Map 12 Northern South America: Time of Contact [160]
tuge1241,Tugen,,0.66573,35.8499,tuge1241,,6012,language,Nilotic,languages,Map 72 Sudan and the Horn of Africa [150]; Map 86 Central East Africa [86]
tuki1240,Tuki,,4.64348,11.5353,tuki1240,,4070 5922 5949 5950 6013 6014 6029 6057,language,Atlantic-Congo,languages,Map 87 Northern Congo and Southern Central African Republic [70i]; Map 92 South-Western Cameroon [40j]; Map 92 South-Western Cameroon [7]; Map 93 Central South-Western Cameroon [70]; Map 93 Central South-Western Cameroon [70a]; Map 93 Central South-Western Cameroon [70b]; Map 93 Central South-Western Cameroon [70c]; Map 93 Central South-Western Cameroon [70d]; Map 93 Central South-Western Cameroon [70e]; Map 93 Central South-Western Cameroon [70f]; Map 93 Central South-Western Cameroon [98d]
tuku1254,Tukudede,,-8.6788,125.283,tuku1254,,6015,language,Austronesian,languages,Map 38 Lesser Sunda Islands and Timor [40]
tula1252,Tula,,9.84629,11.52551,tula1252,,6016,language,Atlantic-Congo,languages,Map 98 North-Eastern Nigeria [4]
tule1245,Tule-Kaweah Yokuts,,36.05354,-118.768616,tule1245,,6017,language,Yokutsan,languages,Map 4 California: Time of Contact [77]
tuli1249,Tulishi,,11.4507,29.108,tuli1249,,2424,language,Kadugli-Krongo,languages,Map 71 North-East Africa [94]; Map 72 Sudan and the Horn of Africa [190]
tulu1258,Tulu,,12.8114,75.2651,tulu1258,,6019,language,Dravidian,languages,Map 52 Southern India and Sri Lanka [33]
tulu1259,Tulu-Bohuai,,-2.14155,146.934,tulu1259,,789,language,Austronesian,languages,Map 30 New Britain and New Ireland [9]
tuma1248,Tumari Kanuri,,14.2584,13.1571,tuma1248,,5590,language,Saharan,languages,Map 99 Lake Chad Region [24]
tuma1250,Tuma-Irumu,,-6.29221,146.609,tuma1250,,2169,language,Nuclear Trans New Guinea,languages,Map 32 Southern Papua New Guinea [63]
tuma1260,Tumak,,9.43747,17.4216,tuma1260,,6021,language,Afro-Asiatic,languages,"Map 89 Central African Republic and South-Eastern Chad [81c]; Map 90 Central African Republic, South-Western Chad and Cameroon [48]"
tumb1250,Tumbuka,,-11.3297,33.3738,tumb1250,,4323 6023,language,Atlantic-Congo,languages,Map 75 Mozambique [26]; Map 75 Mozambique [40]; Map 76 Southern Tanzania [58]; Map 76 Southern Tanzania [67]; Map 77 Zambia [19]; Map 77 Zambia [45]
tumi1238,Tumi,,10.5113,8.10378,tumi1238,,2753 2754,language,Unattested,languages,"Map 101 South-Western Nigeria [48]; Map 97 North Plateau, Nigeria [40]"
tuml1238,Tumleo,,-3.14955,142.346,tuml1238,,6025,language,Austronesian,languages,Map 33 Northern Papua New Guinea [406]
tumz1238,Tumzabt,,32.5014,3.85035,tumz1238,,4087,language,Afro-Asiatic,languages,Map 73 North-West Africa [48]
tund1254,Tundra Enets,,70.36,84.08,tund1254,,1540,language,Uralic,languages,Map 55 Eastern Siberia [18]; Map 56 Western Siberia [13]
tune1261,Tunen,,4.75,10.67,tune1261,,3814 5646 6018 6028,language,Atlantic-Congo,languages,Map 92 South-Western Cameroon [4]; Map 92 South-Western Cameroon [4a]; Map 93 Central South-Western Cameroon [66]; Map 93 Central South-Western Cameroon [66a]; Map 93 Central South-Western Cameroon [66b]; Map 93 Central South-Western Cameroon [66c]
tung1290,Tungag,,-2.52188,150.198,tung1290,,3183,language,Austronesian,languages,Map 30 New Britain and New Ireland [67]
tung1293,Tunggare,,-3.37462,135.551,tung1293,,5756,language,Geelvink Bay,languages,Map 34 Irian Jaya [129]
tuni1251,Tunia,,9.42506,18.2059,tuni1251,,6030,language,Atlantic-Congo,languages,"Map 89 Central African Republic and South-Eastern Chad [54]; Map 90 Central African Republic, South-Western Chad and Cameroon [4]"
tuni1252,Tunica,,30.9888,-92.5403,tuni1252,,6031,language,,languages,Map 2 South-Eastern North America: Time of Contact [34]
tuni1259,Tunisian Arabic,,33.7966,9.56156,tuni1259,,5163,language,Afro-Asiatic,languages,Map 73 North-West Africa [6]
tuni1262,Tunisian-Zuwara Berber,,32.863859,11.299621,tuni1262,,2231,language,Afro-Asiatic,languages,Map 71 North-East Africa [62]; Map 73 North-West Africa [41]
tunu1234,Tunumiisiut,,65.613611,-37.631111,tunu1234,,1449,language,Eskimo-Aleut,languages,Map 7 Northern North America: Time of Contact [10]
tunz1235,Tunzu,,9.115793,10.029445,tunz1235,,1398,language,Atlantic-Congo,languages,"Map 96 South Plateau, Nigeria [6]; Map 97 North Plateau, Nigeria [49]"
tuot1238,Tuotomb,,4.65626,10.6592,tuot1238,,6032,language,Atlantic-Congo,languages,Map 93 Central South-Western Cameroon [68]
tupa1250,Tuparí,,-11.8884,-62.2544,tupa1250,,6033,language,Tupian,languages,Map 16 Western Brazil: Time of Contact [369]
tupi1273,Tupinambá,,-22.807778,-42.106389,tupi1273,,6036,language,Tupian,languages,Map 12 Northern South America: Time of Contact [341]
tupu1244,Tupuri,,10.0144,14.8697,tupu1244,,6035,language,Atlantic-Congo,languages,"Map 90 Central African Republic, South-Western Chad and Cameroon [13]; Map 91 Adamawa Region [33d]; Map 94 Northern Cameroon [2c]"
tura1265,Turaka,,-9.83576,149.567,tura1265,,6038,language,Dagan,languages,Map 31 South-Eastern Papua New Guinea [69]
turk1303,Khalaj Turkic,,34.42237,50.32223,turk1303,,2662,language,Turkic,languages,"Map 53 Iran, Afghanistan and Pakistan [72]"
turk1304,Turkmen,,37.08719,59.17574,turk1304,,6043,language,Turkic,languages,"Map 53 Iran, Afghanistan and Pakistan [73]; Map 57 Central Asia [12]; Map 58 Western Russia, the Baltic States, Belarus, Ukraine and Moldova [12]; Map 59 The Caucasus [10]"
turk1306,Turka,,10.7114,-4.92082,turk1306,,6039,language,Atlantic-Congo,languages,Map 104 Burkina Faso [61b]
turk1308,Turkana,,4.30688,35.7101,turk1308,,6040,language,Nilotic,languages,Map 72 Sudan and the Horn of Africa [167]; Map 86 Central East Africa [73]
turo1239,Turoyo,,37.2275,42.1451,turo1239,,6047,language,Afro-Asiatic,languages,Map 70 The Middle East and Arabian Peninsula [2]
tusc1257,Tuscarora,,35.75362,-77.60117,tusc1257,,6048,language,Iroquoian,languages,Map 1 East Coast and Great Lakes: Time of Contact [46]
tute1247,Tutelo,,37.67,-78.75,tute1247,,6053,language,Siouan,languages,Map 1 East Coast and Great Lakes: Time of Contact [53]
tuto1241,Tutong,,4.74327,114.638,tuto1241,,6056,language,Austronesian,languages,Map 41 Borneo and Madagascar [40]
tutu1241,Tutuba,,-15.580667,167.268889,tutu1241,,6058,language,Austronesian,languages,Map 27 Vanuatu and New Caledonia [28]
tutu1242,Tututni,,42.5563,-124.293,tutu1242,,6059,language,Athabaskan-Eyak-Tlingit,languages,Map 4 California: Time of Contact [25]
tuva1244,Tuvalu,,-8.520813,179.198088,tuva1244,,6060,language,Austronesian,languages,Map 26 Polynesia [9]
tuvi1240,Tuvinian,,51.7,94.36667,tuvi1240,,2661 6061 6149,language,Turkic,languages,Map 45 China and Mongolia [44]; Map 45 China and Mongolia [45]; Map 55 Eastern Siberia [3]
tuwu1238,Tuwuli,,7.31095,0.38008,tuwu1238,,859,language,Atlantic-Congo,languages,Map 102 Benin and Togo [4a]; Map 103 Ghana [28]
tuxa1239,Tuxá,,-8.953642,-38.2742287,tuxa1239,,6050,language,,languages,Map 18 Brazilian Atlantic Coast: Time of Contact [316]
tuxi1238,Tuxináwa,,-9.74999,-69.0167,tuxi1238,,6049,language,Pano-Tacanan,languages,Map 14 Northern Pacific Coast: Time of Contact [223]
tuyu1244,Tuyuca,,0.39441,-70.043515,tuyu1244,,591,language,Tucanoan,languages,Map 12 Northern South America: Time of Contact [158]
twan1247,Twana,,47.48952,-123.21227,twan1247,,6066,language,Salishan,languages,Map 6 North-Western Pacific America: Time of Contact [26]
tyap1238,Tyap,,9.75568,8.3082,tyap1238,,346 2330 2341 2347 2559 2933 5388,language,Atlantic-Congo,languages,"Map 96 South Plateau, Nigeria [34a]; Map 96 South Plateau, Nigeria [34b]; Map 96 South Plateau, Nigeria [34c]; Map 96 South Plateau, Nigeria [34d]; Map 96 South Plateau, Nigeria [34e]; Map 96 South Plateau, Nigeria [34f]; Map 97 North Plateau, Nigeria [18]; Map 97 North Plateau, Nigeria [21]; Map 97 North Plateau, Nigeria [22]; Map 97 North Plateau, Nigeria [23]"
tzel1254,Tzeltal,,16.6384,-92.2786,tzel1254,,6071,language,Mayan,languages,Map 10 Meso-America: Time of Contact [9]
tzot1259,Tzotzil,,16.6362,-92.7388,tzot1259,,6073,language,Mayan,languages,Map 10 Meso-America: Time of Contact [8]
tzut1248,Tz'utujil,,14.6351,-91.2012,tzut1248,,6075,language,Mayan,languages,Map 10 Meso-America: Time of Contact [19d]
uabm1237,Uab Meto,,-9.77284,124.144,uabm1237,,6078,language,Austronesian,languages,Map 38 Lesser Sunda Islands and Timor [37]
uain1239,Uainuma-Mariate,,-1.676121,-71.149307,uain1239,,6257,language,Arawakan,languages,Map 16 Western Brazil: Time of Contact [72]
uamu1236,Uamué,,-8.49999,-38.75,uamu1236,,6283,language,Unclassifiable,languages,Map 18 Brazilian Atlantic Coast: Time of Contact [321]
uare1241,Uare,,-9.69571,147.687,uare1241,,6789,language,Kwalean,languages,Map 32 Southern Papua New Guinea [137]
ubag1245,Ubaghara,,5.72343,7.96439,ubag1245,,1573 6080,language,Atlantic-Congo,languages,Map 101 South-Western Nigeria [29f]; Map 101 South-Western Nigeria [31]
uban1243,Ubang,,6.40906,9.2616,uban1243,,6081,language,Atlantic-Congo,languages,Map 95 South-Eastern Nigeria and Mid-Western Cameroon [73f]
ubir1237,Ubir,,-9.59044,149.396,ubir1237,,6083,language,Austronesian,languages,Map 31 South-Eastern Papua New Guinea [14]
udih1248,Udihe,,46.63086,135.67762,udih1248,,6085,language,Tungusic,languages,Map 55 Eastern Siberia [15]
udmu1245,Udmurt,,56.12921,52.63548,udmu1245,,6086,language,Uralic,languages,"Map 56 Western Siberia [20]; Map 58 Western Russia, the Baltic States, Belarus, Ukraine and Moldova [27]"
uduk1239,Uduk,,9.16012,34.2293,uduk1239,,6065,language,Koman,languages,Map 72 Sudan and the Horn of Africa [184]
ughe1237,Ughele,,-8.45725,157.341,ughe1237,,6088,language,Austronesian,languages,Map 29 Solomon Islands and Bougainville [24]
ugon1239,Ugong,,14.93951,99.32287,ugon1239,,6781,language,Sino-Tibetan,languages,"Map 48 Southern Thailand, Laos and Vietnam, and Cambodia [76]"
uham1238,Uhami,,7.38143,5.68537,uham1238,,6089,language,Atlantic-Congo,languages,Map 101 South-Western Nigeria [76]
uigh1240,Uighur,,43.88,87.38,uigh1240,,6177,language,Turkic,languages,Map 45 China and Mongolia [37]; Map 57 Central Asia [16]
uiri1238,Uirina,,0.487142,-64.265915,uiri1238,,6468,language,Arawakan,languages,Map 12 Northern South America: Time of Contact [98]
ujir1237,Ujir,,-5.69329,134.257,ujir1237,,6092,language,Austronesian,languages,Map 34 Irian Jaya [227]
ukaa1243,Ukaan,,7.59722,6.03933,ukaa1243,,6093,language,Atlantic-Congo,languages,Map 101 South-Western Nigeria [49]
ukpe1247,Ukpe-Bayobiri,,6.52883,9.02603,ukpe1247,,6094,language,Atlantic-Congo,languages,Map 95 South-Eastern Nigeria and Mid-Western Cameroon [73i]
ukra1253,Ukrainian,,49.796,29.945,ukra1253,,6095,language,Indo-European,languages,"Map 58 Western Russia, the Baltic States, Belarus, Ukraine and Moldova [3]; Map 59 The Caucasus [2]; Map 61 Hungary, Romania and the Balkans [2]; Map 62 Poland, the Czech Republic and Slovakia [3]"
ukur1240,Ukuriguma,,-4.94407,145.514,ukur1240,,6097,language,Nuclear Trans New Guinea,languages,Map 33 Northern Papua New Guinea [73]
ukwu1241,Ukwuani-Aboh-Ndoni,,5.78892,6.48559,ukwu1241,,6098 6099,language,Atlantic-Congo,languages,Map 101 South-Western Nigeria [78d]; Map 101 South-Western Nigeria [81b]
ulau1237,Ulau-Suain,,-3.32876,142.845,ulau1237,,6100,language,Austronesian,languages,Map 33 Northern Papua New Guinea [407]
ulch1241,Ulch,,51.85209,140.29045,ulch1241,,6101,language,Tungusic,languages,Map 55 Eastern Siberia [13]
ulit1238,Ulithian,,9.961388,139.603611,ulit1238,,6103,language,Austronesian,languages,Map 28 Micronesia [2]
uluk1257,Ulukwumi,,6.4974,6.59202,uluk1257,,6105,language,Atlantic-Congo,languages,Map 101 South-Western Nigeria [92]
ulwa1239,Ulwa,,12.932292,-83.581467,ulwa1239,,5607,language,Misumalpan,languages,Map 12 Northern South America: Time of Contact [49]
umaa1242,Uma,,-1.70416,119.968,umaa1242,,4896,language,Austronesian,languages,Map 39 Sulawesi [29]
umbu1235,Umbugarla,,-12.9325,131.825,umbu1235,,890,language,,languages,Map 35 Australia: Time of Contact [6]; Map 35 Australia: Time of Contact [7]; Map 35 Australia: Time of Contact [8]; Map 35 Australia: Time of Contact [9]
umbu1257,Umbundu,,-12.4763,14.4148,umbu1257,,462 714 1956 3447 3756 5195 5605,language,Atlantic-Congo,languages,Map 84 Angola [26b]; Map 84 Angola [26d]; Map 84 Angola [26e]; Map 84 Angola [26f]; Map 84 Angola [26g]; Map 84 Angola [26h]; Map 84 Angola [27]
umir1236,Umiray Dumaget Agta,,14.8757,121.508,umir1236,,6109,language,Austronesian,languages,Map 40 The Philippines [8]
umon1238,Umon,,5.37438,8.10335,umon1238,,6110,language,Atlantic-Congo,languages,Map 101 South-Western Nigeria [30]
unaa1239,Una,,-4.69676,140.1,unaa1239,,1809 2732,language,Nuclear Trans New Guinea,languages,Map 34 Irian Jaya [63]; Map 34 Irian Jaya [67]
unam1242,Unami,,40.4,-74.3,unam1242,,6115,language,Algic,languages,Map 1 East Coast and Great Lakes: Time of Contact [31]
unem1238,Uneme,,6.97237,6.13427,unem1238,,6116,language,Atlantic-Congo,languages,Map 101 South-Western Nigeria [67]
unua1237,Unua,,-16.2638,167.599,unua1237,,6122,language,Austronesian,languages,Map 27 Vanuatu and New Caledonia [78]
uppe1415,Upper Riverland,,-34.098823177692,140.99932761004,uppe1415,,6722,language,Pama-Nyungan,languages,Map 35 Australia: Time of Contact [440]
uppe1427,Upper Kinabatangan,,5.31911,116.901,uppe1427,,6128,language,Austronesian,languages,Map 41 Borneo and Madagascar [112]
uppe1436,Upper Umpqua,,43.22,-123.36,uppe1436,,6136,language,Athabaskan-Eyak-Tlingit,languages,Map 4 California: Time of Contact [23]
uppe1437,Upper Tanana,,62.6867,-141.37,uppe1437,,6134,language,Athabaskan-Eyak-Tlingit,languages,Map 7 Northern North America: Time of Contact [20]
uppe1438,Upper Kuskokwim,,62.2976,-155.951,uppe1438,,6129,language,Athabaskan-Eyak-Tlingit,languages,Map 7 Northern North America: Time of Contact [17]
uppe1439,Upper Chehalis,,46.7981,-123.169,uppe1439,,6125,language,Salishan,languages,Map 6 North-Western Pacific America: Time of Contact [37]
uppe1455,Upper Guinea Crioulo,,13.2335066667,-15.33254,uppe1455,,1201,language,Indo-European,languages,"Map 108 Senegal, Gambia and Guinea Bissau [C]"
urak1238,Urak Lawoi',,7.5258,99.0768,urak1238,,6141 6142,language,Austronesian,languages,"Map 44 West Malaysia and Singapore [17]; Map 48 Southern Thailand, Laos and Vietnam, and Cambodia [11]"
urar1246,Urarina,,-4.44006,-75.4211,urar1246,,6143,language,,languages,Map 14 Northern Pacific Coast: Time of Contact [171]
urat1244,Urat,,-3.60065,142.79,urat1244,,6140,language,Nuclear Torricelli,languages,Map 33 Northern Papua New Guinea [244]
urav1235,Ura (Vanuatu),,-18.6747,169.084,urav1235,,6138,language,Austronesian,languages,Map 27 Vanuatu and New Caledonia [102]
urdu1245,Urdu,,25.0,67.0,urdu1245,,6145,language,Indo-European,languages,"Map 51 North-East India, Bangladesh, Bhutan and Nepal [166]; Map 52 Southern India and Sri Lanka [13]; Map 53 Iran, Afghanistan and Pakistan [36]; Map 54 North-West India [55]"
urho1239,Urhobo,,5.31155,5.86148,urho1239,,6146,language,Atlantic-Congo,languages,Map 101 South-Western Nigeria [63c]
urig1240,Urigina,,-5.58982,145.507,urig1240,,6150,language,Nuclear Trans New Guinea,languages,Map 33 Northern Papua New Guinea [39]
urii1240,Uri,,-6.41993,146.608,urii1240,,6147,language,Nuclear Trans New Guinea,languages,Map 32 Southern Papua New Guinea [60]
urim1251,Urimo,,-3.86066,143.701,urim1251,,6152,language,Nuclear Torricelli,languages,Map 33 Northern Papua New Guinea [263]
urim1252,Urim,,-3.58018,142.653,urim1252,,6151,language,Nuclear Torricelli,languages,Map 33 Northern Papua New Guinea [245]
urip1239,Uripiv-Wala-Rano-Atchin,,-16.00951,167.34643,urip1239,,6153,language,Austronesian,languages,Map 27 Vanuatu and New Caledonia [86]
urua1242,Uruava,,-6.23314,155.573,urua1242,,6157,language,Austronesian,languages,Map 29 Solomon Islands and Bougainville [13]
uruu1244,Uru,,-16.72547,-68.97119,uruu1244,,6155,language,Uru-Chipaya,languages,Map 20 Central Pacific Coast: Time of Contact [210a]
usag1244,Usaghade,,4.78581,8.53463,usag1244,,6160,language,Atlantic-Congo,languages,Map 93 Central South-Western Cameroon [6]
usan1239,Usan,,-4.84265,145.362,usan1239,,6316,language,Nuclear Trans New Guinea,languages,Map 33 Northern Papua New Guinea [70]
usho1238,Ushojo,,35.1584,72.643,usho1238,,6162,language,Indo-European,languages,"Map 53 Iran, Afghanistan and Pakistan [45]"
usku1243,Usku,,-3.63853,140.502,usku1243,,6164,language,,languages,Map 34 Irian Jaya [83]
uspa1245,Uspanteco,,15.3648,-90.8893,uspa1245,,6166,language,Mayan,languages,Map 10 Meso-America: Time of Contact [18]
utar1238,Utarmbung,,-4.82756,144.924,utar1238,,4690,language,Nuclear Trans New Guinea,languages,Map 33 Northern Papua New Guinea [3]
utes1238,Ute-Southern Paiute,,40.0965,-110.305,utes1238,,1082 5555 6169,language,Uto-Aztecan,languages,Map 3 South-Western North America: Time of Contact [14]; Map 4 California: Time of Contact [96]; Map 5 The Great Plains: Time of Contact [47]
utuu1240,Utu,,-5.16422,145.544,utuu1240,,6171,language,Nuclear Trans New Guinea,languages,Map 33 Northern Papua New Guinea [104]
uuuu1243,U,,22.6767,101.772,uuuu1243,,4865,language,Austroasiatic,languages,"Map 46 Yunnan Province, China [6]"
uvbi1238,Uvbie,,5.44263,5.77303,uvbi1238,,6174,language,Atlantic-Congo,languages,Map 101 South-Western Nigeria [63d]
uyaa1238,Uya,,-5.32246,145.47,uyaa1238,,6167,language,Nuclear Trans New Guinea,languages,Map 33 Northern Papua New Guinea [33]
uzek1238,Uzekwe,,6.58841,8.31399,uzek1238,,6179,language,Atlantic-Congo,languages,Map 95 South-Eastern Nigeria and Mid-Western Cameroon [78b]
vafs1240,Vafsi,,34.5309,50.0013,vafs1240,,6180,language,Indo-European,languages,"Map 53 Iran, Afghanistan and Pakistan [20]"
vagh1249,Vaghua,,-6.68712,156.542,vagh1249,,6182,language,Austronesian,languages,Map 29 Solomon Islands and Bougainville [15]
vagl1239,Vagla,,9.33848,-2.31333,vagl1239,,6183,language,Atlantic-Congo,languages,Map 103 Ghana [73]; Map 104 Burkina Faso [55]
vaii1241,Vai,,7.05085,-11.3262,vaii1241,,6184,language,Mande,languages,"Map 106 Liberia and Sierra Leone [21, V]"
vale1250,Vale,,7.49943,18.55852,vale1250,,6185,language,Central Sudanic,languages,"Map 89 Central African Republic and South-Eastern Chad [70]; Map 90 Central African Republic, South-Western Chad and Cameroon [43b]"
valm1241,Walman,,-3.24963,142.499,valm1241,,6187,language,Nuclear Torricelli,languages,Map 33 Northern Papua New Guinea [234]
vame1236,Vame,,10.9481,14.2131,vame1236,,4836,language,Afro-Asiatic,languages,Map 94 Northern Cameroon [27]
vang1243,Vangunu,,-8.66826,157.997,vang1243,,6188,language,Austronesian,languages,Map 29 Solomon Islands and Bougainville [28]
vani1248,Vanimo,,-2.68501,141.258,vani1248,,6189,language,Sko,languages,Map 33 Northern Papua New Guinea [194]
vaoo1237,Vao-Vovo,,-15.898299,167.309973,vaoo1237,,6190,language,Austronesian,languages,Map 27 Vanuatu and New Caledonia [88]
vari1239,Varisi,,-6.83443,156.655,vari1239,,6192,language,Austronesian,languages,Map 29 Solomon Islands and Bougainville [16]
varl1238,Dungar Varli,,20.5635,73.2975,varl1238,,6193,language,Indo-European,languages,Map 54 North-West India [76]
vase1234,Northern Ju,,-18.2675,18.1864,vase1234,,1,language,Kxa,languages,Map 74 Southern Africa [60]; Map 84 Angola [49]
vehe1237,Vehes,,-6.92151,146.895,vehe1237,,6195,language,Austronesian,languages,Map 32 Southern Papua New Guinea [216]
vemg1240,Vemgo-Mabas,,10.8301,13.6633,vemg1240,,3392,language,Afro-Asiatic,languages,Map 94 Northern Cameroon [24]
vend1245,Venda,,-22.188,29.9523,vend1245,,6196,language,Atlantic-Congo,languages,Map 74 Southern Africa [9]; Map 75 Mozambique [51]
veng1238,Vengo,,6.11403,10.4137,veng1238,,6197,language,Atlantic-Congo,languages,Map 93 Central South-Western Cameroon [45]; Map 95 South-Eastern Nigeria and Mid-Western Cameroon [44d]
vent1242,Ventureño,,34.1761,-119.035,vent1242,,6198,language,Chumashan,languages,Map 3 South-Western North America: Time of Contact [64]
vera1241,Vera'a,,-13.892528,167.428701,vera1241,,6199,language,Austronesian,languages,Map 27 Vanuatu and New Caledonia [7]
vere1252,Vere Kaadam,,9.006331,12.416214,vere1252,,6200,language,Atlantic-Congo,languages,Map 91 Adamawa Region [13]; Map 98 North-Eastern Nigeria [25a]
vidu1238,Vidunda,,-7.52674,36.9316,vidu1238,,6201,language,Atlantic-Congo,languages,Map 76 Southern Tanzania [12]
viem1243,Viemo,,10.8429,-3.84128,viem1243,,6202,language,Atlantic-Congo,languages,Map 104 Burkina Faso [12]; Map 105 Ivory Coast [54]
viet1252,Vietnamese,,20.681188,105.774071,viet1252,,6203,language,Austroasiatic,languages,"Map 47 Northern Thailand, Laos and Vietnam [67]; Map 48 Southern Thailand, Laos and Vietnam, and Cambodia [74]"
vile1241,Vilela,,-24.9161,-62.52232,vile1241,,6204,language,,languages,Map 20 Central Pacific Coast: Time of Contact [274]
vili1238,Vili,,-4.06716,11.3804,vili1238,,6205,language,Atlantic-Congo,languages,Map 83 Democratic Republic of Congo: Bas Congo and Southern Congo [6]; Map 88 Gabon and Equatorial Guinea [52]
vinm1237,Neve'ei,,-16.2253,167.427,vinm1237,,4242,language,Austronesian,languages,Map 27 Vanuatu and New Caledonia [81]
vinz1238,Vinza,,-4.99312,30.5699,vinz1238,,6207,language,Atlantic-Congo,languages,Map 78 Democratic Republic of Congo: Katang [46]; Map 80 Democratic Republic of Congo: Kivu [32]
vumb1238,Vumbu,,-2.17673,10.6498,vumb1238,,6217,language,Atlantic-Congo,languages,Map 83 Democratic Republic of Congo: Bas Congo and Southern Congo [21]; Map 88 Gabon and Equatorial Guinea [11]
vuna1239,Vunapu,,-14.8477,166.691,vuna1239,,6216,language,Austronesian,languages,Map 27 Vanuatu and New Caledonia [48]
vunj1238,Vunjo,,-3.42531,37.5847,vunj1238,,2758,language,Atlantic-Congo,languages,Map 86 Central East Africa [6e]
vure1239,Vurës,,-13.905677,167.451412,vure1239,,4091 6218,language,Austronesian,languages,Map 27 Vanuatu and New Caledonia [8]; Map 27 Vanuatu and New Caledonia [9]
vute1244,Vute,,6.13603,11.8839,vute1244,,512 3035 3719 4003 4223 4324 4529 4530 6219,language,Atlantic-Congo,languages,Map 87 Northern Congo and Southern Central African Republic [71]; Map 91 Adamawa Region [41]; Map 91 Adamawa Region [41b]; Map 91 Adamawa Region [41c]; Map 91 Adamawa Region [41d]; Map 92 South-Western Cameroon [2]; Map 92 South-Western Cameroon [2a]; Map 92 South-Western Cameroon [2b]; Map 93 Central South-Western Cameroon [19]; Map 93 Central South-Western Cameroon [19a]; Map 93 Central South-Western Cameroon [19b]; Map 93 Central South-Western Cameroon [19c]; Map 93 Central South-Western Cameroon [19d]; Map 93 Central South-Western Cameroon [62h]; Map 95 South-Eastern Nigeria and Mid-Western Cameroon [68]; Map 95 South-Eastern Nigeria and Mid-Western Cameroon [70]
vwan1235,Vwanji,,-9.00683,34.0757,vwan1235,,6310,language,Atlantic-Congo,languages,Map 76 Southern Tanzania [47]; Map 77 Zambia [33b]
waam1244,Waama,,10.5956,1.65318,waam1244,,6274,language,Atlantic-Congo,languages,Map 102 Benin and Togo [73]; Map 104 Burkina Faso [38]
waat1238,Waata,,-3.25406,40.03761,waat1238,,6224,language,Afro-Asiatic,languages,Map 72 Sudan and the Horn of Africa [53n]; Map 85 Kenyan Coast [43h]
wabb1237,Wab,,-5.61216,146.461,wabb1237,,6225,language,Austronesian,languages,Map 33 Northern Papua New Guinea [389]
wabo1240,Wabo,,-1.77297,136.757,wabo1240,,6226,language,Austronesian,languages,Map 34 Irian Jaya [207]
wabo1241,Waboda,,-8.41651,143.501,wabo1241,,6227,language,Kiwaian,languages,Map 32 Southern Papua New Guinea [157]
wada1263,Wadaginam,,-4.52754,144.972,wada1263,,6232,language,Nuclear Trans New Guinea,languages,Map 33 Northern Papua New Guinea [7]
wadj1254,Wadjiginy,,-12.8596,130.737,wadj1254,,622,language,,languages,Map 35 Australia: Time of Contact [20]; Map 35 Australia: Time of Contact [21]
waer1237,Kolor,,-8.78645,120.70299,waer1237,,6239,language,Austronesian,languages,Map 38 Lesser Sunda Islands and Timor [16]
waff1241,Waffa,,-6.55783,146.09,waff1241,,6240,language,Nuclear Trans New Guinea,languages,Map 32 Southern Papua New Guinea [4]
waga1260,Wagaya,,-20.329,137.623,waga1260,,6266,language,Pama-Nyungan,languages,Map 35 Australia: Time of Contact [218]
waga1268,Wagawaga,,-10.41792,150.37814,waga1268,,6241,language,Austronesian,languages,Map 31 South-Eastern Papua New Guinea [3]
wagd1238,Wagdi,,23.6888,73.9022,wagd1238,,6181,language,Indo-European,languages,Map 54 North-West India [68a]
wage1238,Wageman,,-13.8627,131.893,wage1238,,6242,language,,languages,Map 35 Australia: Time of Contact [48]
wagi1249,Wagi (Papua New Guinea),,-5.17834,145.726,wagi1249,,2416,language,Nuclear Trans New Guinea,languages,Map 33 Northern Papua New Guinea [90]
waha1238,Eastern Lowland Kenyah,,1.56635,116.655,waha1238,,6244,language,Austronesian,languages,Map 41 Borneo and Madagascar [74]
waha1239,Wahau Kayan,,1.42088,116.6795,waha1239,,6243,language,Bookkeeping,languages,Map 41 Borneo and Madagascar [54]
waig1243,Nuristani Kalasha,,35.191171,70.993533,waig1243,,6253,language,Indo-European,languages,"Map 53 Iran, Afghanistan and Pakistan [63]"
wail1242,Ale,,-15.5656,166.902,wail1242,,6254,language,Austronesian,languages,Map 27 Vanuatu and New Caledonia [35]
wail1244,Eel River Athabaskan,,39.1513,-123.284,wail1244,,1500,language,Athabaskan-Eyak-Tlingit,languages,Map 4 California: Time of Contact [29]
waim1251,Waima,,-8.67145,146.544,waim1251,,5108,language,Austronesian,languages,Map 32 Southern Papua New Guinea [229]
waim1252,Waima'a,,-8.53416,126.317,waim1252,,6255,language,Austronesian,languages,Map 38 Lesser Sunda Islands and Timor [57]
waim1253,Waimiri-Atroari,,-0.61832,-60.4259,waim1253,,6628,language,Cariban,languages,Map 12 Northern South America: Time of Contact [395]
waiw1244,Waiwai,,1.50881,-59.1417,waiw1244,,6259,language,Cariban,languages,Map 12 Northern South America: Time of Contact [392]
waja1259,Waja,,9.91175,11.7206,waja1259,,6261,language,Atlantic-Congo,languages,Map 91 Adamawa Region [W]; Map 98 North-Eastern Nigeria [1]
waka1274,Wakawaka,,-26.248,151.868,waka1274,,1716 588,language,Pama-Nyungan,languages,Map 35 Australia: Time of Contact [401]; Map 35 Australia: Time of Contact [402]; Map 35 Australia: Time of Contact [403]
waka1275,Waka,,8.79968,11.4932,waka1275,,6264,language,Atlantic-Congo,languages,Map 98 North-Eastern Nigeria [28]
wakh1245,Wakhi,,37.1768,73.9777,wakh1245,,6267,language,Indo-European,languages,"Map 53 Iran, Afghanistan and Pakistan [33]; Map 57 Central Asia [11]"
wala1266,Wala,,-8.81936,160.741,wala1266,,3157,language,Austronesian,languages,Map 29 Solomon Islands and Bougainville [47]
wali1263,Wali (Ghana),,10.0212,-2.31263,wali1263,,6271,language,Atlantic-Congo,languages,Map 103 Ghana [39]; Map 104 Burkina Faso [19]
walm1241,Walmajarri-Juwaliny,,-19.7229,126.113,walm1241,,2308 6273,language,Pama-Nyungan,languages,Map 35 Australia: Time of Contact [115]; Map 35 Australia: Time of Contact [116]
walu1241,Walungge,,27.695,87.2374,walu1241,,1936,language,Sino-Tibetan,languages,"Map 51 North-East India, Bangladesh, Bhutan and Nepal [26]"
wama1247,Wamas,,-4.97757,145.541,wama1247,,6277,language,Nuclear Trans New Guinea,languages,Map 33 Northern Papua New Guinea [99]
wamb1258,Wambayan,,-17.496,135.683,wamb1258,,736 6278,language,Mirndi,languages,Map 35 Australia: Time of Contact [44]; Map 35 Australia: Time of Contact [45]; Map 35 Australia: Time of Contact [46]; Map 35 Australia: Time of Contact [47]
wamb1259,Wambon,,-5.44334,140.48,wamb1259,,6280,language,Nuclear Trans New Guinea,languages,Map 34 Irian Jaya [10]
wame1240,Wamey,,12.5421,-13.177,wame1240,,2857,language,Atlantic-Congo,languages,"Map 107 Guinea and Mali [7]; Map 108 Senegal, Gambia and Guinea Bissau [24]"
wamp1247,Wampar,,-6.67364,146.662,wamp1247,,6285,language,Austronesian,languages,Map 32 Southern Papua New Guinea [209]
wamp1248,Wampur,,-6.33644,146.126,wamp1248,,6286,language,Austronesian,languages,Map 32 Southern Papua New Guinea [207]
wamp1250,Wampano,,41.2021,-73.3798,wamp1250,,5030,language,Algic,languages,Map 1 East Coast and Great Lakes: Time of Contact [28]
wana1268,Wanap,,-3.59639,142.5,wana1268,,2603,language,Nuclear Torricelli,languages,Map 33 Northern Papua New Guinea [239]
wana1269,Mokati,,-4.78822,145.419,wana1269,,6287,language,Nuclear Trans New Guinea,languages,Map 33 Northern Papua New Guinea [66]
wanc1238,Wancho Naga,,26.8873,95.3203,wanc1238,,6291,language,Sino-Tibetan,languages,"Map 49 Burma (Myanmar) [35]; Map 51 North-East India, Bangladesh, Bhutan and Nepal [120]"
wand1263,Wandarang,,-14.2996,135.705,wand1263,,6341,language,Mangarrayi-Maran,languages,Map 35 Australia: Time of Contact [68]
wand1264,Wanda,,-8.34522,32.4375,wand1264,,6292,language,Atlantic-Congo,languages,Map 75 Mozambique [39]; Map 76 Southern Tanzania [50]; Map 77 Zambia [15]
wand1267,Wandamen,,-2.25622,133.996,wand1267,,107 6296,language,Austronesian,languages,Map 34 Irian Jaya [192]; Map 34 Irian Jaya [199]
wand1278,Wandala,,11.3169,13.8996,wand1278,,1675 6294,language,Afro-Asiatic,languages,Map 94 Northern Cameroon [19]; Map 94 Northern Cameroon [19a]; Map 95 South-Eastern Nigeria and Mid-Western Cameroon [102]; Map 99 Lake Chad Region [2]; Map 99 Lake Chad Region [2a]
wane1241,Waneci,,30.0501,67.8327,wane1241,,6297,language,Indo-European,languages,"Map 53 Iran, Afghanistan and Pakistan [27]"
wang1290,Wangganguru,,-25.8148,135.941,wang1290,,6305,language,Pama-Nyungan,languages,Map 35 Australia: Time of Contact [363]
wang1291,Ngiyambaa,,-30.6481,146.18,wang1291,,4251,language,Pama-Nyungan,languages,Map 35 Australia: Time of Contact [391]
wang1294,Wanga,,0.343,34.477,wang1294,,6299,language,Atlantic-Congo,languages,Map 86 Central East Africa [35e]
wang1299,Wanggom,,-5.60094,140.194,wang1299,,6301,language,Nuclear Trans New Guinea,languages,Map 34 Irian Jaya [9]
wann1241,Wannu,,7.83859,8.96594,wann1241,,47,language,Atlantic-Congo,languages,"Map 95 South-Eastern Nigeria and Mid-Western Cameroon [80]; Map 96 South Plateau, Nigeria [41]"
wann1242,Wan,,7.88773,-5.82092,wann1242,,4555,language,Mande,languages,Map 105 Ivory Coast [79]
wano1243,Wano,,-3.47858,137.678,wano1243,,6313,language,Nuclear Trans New Guinea,languages,"Map 34 Irian Jaya [47, C]"
want1252,Wantoat,,-6.15216,146.513,want1252,,506 6314 6541,language,Nuclear Trans New Guinea,languages,Map 32 Southern Papua New Guinea [61]; Map 32 Southern Papua New Guinea [62]; Map 32 Southern Papua New Guinea [64]; Map 33 Northern Papua New Guinea [398]
wanu1241,Wanukaka,,-9.69834,119.468,wanu1241,,6315,language,Austronesian,languages,Map 38 Lesser Sunda Islands and Timor [8]
wany1246,Wanyam,,-12.1,-63.1,wany1246,,6317,language,Chapacuran,languages,Map 16 Western Brazil: Time of Contact [59]
wany1247,Wanyi,,-18.6529,137.608,wany1247,,6223,language,Garrwan,languages,Map 35 Australia: Time of Contact [73]
wapa1235,Wapan,,7.97862,9.83299,wapa1235,,6499,language,Atlantic-Congo,languages,"Map 95 South-Eastern Nigeria and Mid-Western Cameroon [79a]; Map 96 South Plateau, Nigeria [40a]; Map 98 North-Eastern Nigeria [58]"
waph1238,Wãpha,,9.10829,9.90381,waph1238,,6350,language,Atlantic-Congo,languages,"Map 96 South Plateau, Nigeria [40b]; Map 98 North-Eastern Nigeria [59]"
wapi1253,Wapishana,,2.58744,-59.8021,wapi1253,,6320,language,Arawakan,languages,Map 12 Northern South America: Time of Contact [101]
wapp1239,Wappo,,38.25,-122.5,wapp1239,,6322,language,Yuki-Wappo,languages,Map 4 California: Time of Contact [50]
wara1290,Warray,,-13.0941,131.236,wara1290,,6328,language,Gunwinyguan,languages,Map 35 Australia: Time of Contact [57]
wara1292,Samue,,10.7283,-5.37515,wara1292,,5201,language,Atlantic-Congo,languages,Map 104 Burkina Faso [11]; Map 105 Ivory Coast [66]
wara1294,Anta-Komnzo-Wára-Wérè-Kémä,,-8.64917,141.52,wara1294,,6131,language,Yam,languages,Map 32 Southern Papua New Guinea [187]
wara1299,Waray Sorsogon,,12.6795,124.015,wara1299,,5510,language,Austronesian,languages,Map 40 The Philippines [76]
wara1300,Waray (Philippines),,11.4911,125.012,wara1300,,5190,language,Austronesian,languages,Map 40 The Philippines [71]
wara1302,Bauni,,-3.07263,142.012,wara1302,,6327,language,Sko,languages,Map 33 Northern Papua New Guinea [198]
wara1303,Warao,,7.50851,-59.3528,wara1303,,6325,language,,languages,Map 12 Northern South America: Time of Contact [27]
ward1246,Wardaman,,-15.4155,132.604,ward1246,,6329,language,Yangmanic,languages,Map 35 Australia: Time of Contact [51]
ware1253,Warembori,,-1.65941,137.566,ware1253,,6332,language,Austronesian,languages,Map 34 Irian Jaya [182]
ware1254,Wares,,-2.47357,139.337,ware1254,,6298,language,Unattested,languages,Map 34 Irian Jaya [151]
wari1264,Waritai,,-3.23021,138.456,wari1264,,6390,language,Lakes Plain,languages,Map 34 Irian Jaya [139]
wari1266,Waris,,-3.139,140.931,wari1266,,6333,language,Border,languages,Map 33 Northern Papua New Guinea [202]; Map 34 Irian Jaya [97]
warj1242,War-Jaintia,,25.1154,91.6266,warj1242,,6323,language,Austroasiatic,languages,"Map 51 North-East India, Bangladesh, Bhutan and Nepal [198a]"
warj1253,Warji-Gala,,11.1718,9.56925,warj1253,,6336,language,Afro-Asiatic,languages,"Map 97 North Plateau, Nigeria [75]"
wark1247,Warkay-Bipim,,-5.7716,138.638,wark1247,,6337,language,Anim,languages,Map 34 Irian Jaya [38]
warl1254,Warlpiri,,-20.1008,131.05,warl1254,,6339,language,Pama-Nyungan,languages,Map 35 Australia: Time of Contact [122]
warl1255,Warlmanpa,,-18.949,133.862,warl1255,,6338,language,Pama-Nyungan,languages,Map 35 Australia: Time of Contact [121]
waro1242,Waropen,,-2.31142,136.633,waro1242,,6343,language,Austronesian,languages,Map 34 Irian Jaya [184]
warr1255,Warrgamay,,-18.5468,146.179,warr1255,,6344,language,Pama-Nyungan,languages,Map 35 Australia: Time of Contact [302]
warr1257,Warrnambool,,-38.155612905976,141.53965852318,warr1257,,3036 6514,language,Pama-Nyungan,languages,Map 35 Australia: Time of Contact [447]; Map 35 Australia: Time of Contact [449]
warr1258,Warrwa,,-17.0965,123.971,warr1258,,6348,language,Nyulnyulan,languages,Map 35 Australia: Time of Contact [96]
waru1265,Warumungu,,-20.6479,134.375,waru1265,,6347,language,Pama-Nyungan,languages,Map 35 Australia: Time of Contact [209]
wasc1239,Upper Chinook,,45.0278,-121.509,wasc1239,,2711,language,Chinookan,languages,Map 4 California: Time of Contact [7]
wase1252,Wasembo,,-6.01318,145.969,wase1252,,6351,language,Nuclear Trans New Guinea,languages,Map 32 Southern Papua New Guinea [152]
wash1253,Washo,,38.8184,-119.64,wash1253,,6353,language,,languages,Map 4 California: Time of Contact [58]
wask1241,Waskia,,-4.57978,145.979,wask1241,,6354,language,Nuclear Trans New Guinea,languages,Map 33 Northern Papua New Guinea [15]
wata1251,Watakataui,,-4.58965,143.005,wata1251,,6358,language,Sepik,languages,Map 33 Northern Papua New Guinea [308]
wata1253,Watam,,-4.02591,144.583,wata1253,,6360,language,Ramu,languages,Map 33 Northern Papua New Guinea [332]
wath1238,Wathawurrung,,-37.68777565,144.1013148,wath1238,,6361,language,Pama-Nyungan,languages,Map 35 Australia: Time of Contact [445]
watu1247,Watubela,,-4.47294,131.641,watu1247,,6364,language,Austronesian,languages,Map 34 Irian Jaya [224]; Map 37 The Moluccas [31]
waxi1236,Waxianghua,,28.644,110.362,waxi1236,,6370,language,Sino-Tibetan,languages,Map 45 China and Mongolia [15]
waya1269,Wayana,,2.77537,-54.4429,waya1269,,6373,language,Cariban,languages,Map 12 Northern South America: Time of Contact [406]
waya1270,Wayampi,,1.73817,-52.6887,waya1270,,6371,language,Tupian,languages,Map 12 Northern South America: Time of Contact [350]
wayo1238,Wayoró,,-12.6945,-61.3064,wayo1238,,6378,language,Tupian,languages,Map 16 Western Brazil: Time of Contact [371]
wayu1242,Wayumara,,3.133111,-61.210785,wayu1242,,6263,language,Cariban,languages,Map 12 Northern South America: Time of Contact [411]
wayu1243,Wayuu,,11.395566,-72.199791,wayu1243,,6246,language,Arawakan,languages,Map 12 Northern South America: Time of Contact [103]
weda1241,Wedau,,-10.1246,150.172,weda1241,,6382,language,Austronesian,languages,Map 31 South-Eastern Papua New Guinea [9]
weje1237,Wewewa,,-9.55099,119.349,weje1237,,6440,language,Austronesian,languages,Map 38 Lesser Sunda Islands and Timor [6]
weli1239,Weliki,,-5.98588,147.137,weli1239,,6384,language,Nuclear Trans New Guinea,languages,Map 32 Southern Papua New Guinea [65]; Map 33 Northern Papua New Guinea [115]
wels1247,Welsh,,52.0,-4.0,wels1247,,6385,language,Indo-European,languages,"Map 63 The British Isles [2]; Map 69 France, Belgium, the Netherlands and Luxembourg [13]"
weno1238,Wobe-Wè Northern,,7.40391,-7.24617,weno1238,,6474,language,Kru,languages,Map 105 Ivory Coast [31a]
wenr1236,Wenro,,43.14,-78.475563,wenr1236,,6388,language,Unclassifiable,languages,Map 1 East Coast and Great Lakes: Time of Contact [43]
weri1253,Weri,,-7.71834,146.914,weri1253,,6391,language,Kunimaipan,languages,Map 32 Southern Papua New Guinea [121]
wers1238,Wersing,,-8.33936,124.932,wers1238,,2810,language,Timor-Alor-Pantar,languages,Map 38 Lesser Sunda Islands and Timor [67]
weso1238,Wè Southern,,6.50013,-7.63427,weso1238,,6383,language,Kru,languages,Map 105 Ivory Coast [31]; Map 106 Liberia and Sierra Leone [10]
west1510,Western Ojibwa,,50.5664,-102.525,west1510,,5249,language,Algic,languages,Map 7 Northern North America: Time of Contact [74]
west2354,Western Frisian,,53.143,5.86091,west2354,,6395,language,Indo-European,languages,"Map 65 Germany, Austria, Liechtenstein and Switzerland [4]; Map 69 France, Belgium, the Netherlands and Luxembourg [12]"
west2369,Western Farsi,,32.9,53.3,west2369,,5460,language,Indo-European,languages,"Map 53 Iran, Afghanistan and Pakistan [28]"
west2402,West Yugur,,39.0548,99.3112,west2402,,6438,language,Turkic,languages,Map 45 China and Mongolia [42]
west2418,Western Magar,,28.2462,83.511,west2418,,3414,language,Sino-Tibetan,languages,"Map 51 North-East India, Bangladesh, Bhutan and Nepal [50]; Map 54 North-West India [21]"
west2441,Western Arrarnta,,-24.05052,133.24621,west2441,,6412,language,Pama-Nyungan,languages,Map 35 Australia: Time of Contact [215]
west2443,Western Victoria,,-34.13829932,143.6694397,west2443,,4158 6387,language,Pama-Nyungan,languages,Map 35 Australia: Time of Contact [443]; Map 35 Australia: Time of Contact [444]
west2454,Western Niger Fulfulde,,14.2471,-0.52004,west2454,,569 1626 2248 3270,language,Atlantic-Congo,languages,Map 102 Benin and Togo [F]; Map 102 Benin and Togo [L]; Map 104 Burkina Faso [B]; Map 104 Burkina Faso [J]; Map 104 Burkina Faso [L]; Map 73 North-West Africa [74]
west2488,Western Krahn,,6.14415,-8.40954,west2488,,2917,language,Kru,languages,Map 105 Ivory Coast [31c]; Map 106 Liberia and Sierra Leone [11]
west2500,Western Maninkakan,,13.5677,-12.8009,west2500,,3548,language,Mande,languages,Map 107 Guinea and Mali [21e]
west2513,West Ambae,,-15.4281,167.807,west2513,,4219,language,Austronesian,languages,Map 27 Vanuatu and New Caledonia [20]
west2516,West Uvean,,-20.4145,166.589,west2516,,1591,language,Austronesian,languages,Map 27 Vanuatu and New Caledonia [139]
west2519,Western Viti Levu-Yasawas Fijian,,-17.8355,177.657,west2519,,6420,language,Austronesian,languages,Map 26 Polynesia [2]
west2548,West Damar,,-7.12065,128.585,west2548,,1241,language,Austronesian,languages,Map 38 Lesser Sunda Islands and Timor [53]
west2555,Western Bukidnon Manobo,,7.6682,124.825,west2555,,6393,language,Austronesian,languages,Map 40 The Philippines [106]
west2557,Western Subanon,,7.79964,122.341,west2557,,6435,language,Austronesian,languages,Map 40 The Philippines [92]
west2563,Western Penan,,3.4667,114.523,west2563,,4988,language,Austronesian,languages,Map 41 Borneo and Madagascar [64]
west2594,Western Dani,,-3.77127,138.217,west2594,,6418,language,Nuclear Trans New Guinea,languages,Map 34 Irian Jaya [46]
west2600,West Makian,,0.45332,127.63,west2600,,6402,language,North Halmahera,languages,Map 37 The Moluccas [56]
west2615,Western Apache,,33.8574,-110.123,west2615,,6410,language,Athabaskan-Eyak-Tlingit,languages,Map 3 South-Western North America: Time of Contact [9]
west2618,Western Canadian Inuktitut,,64.3486,-96.148,west2618,,6415,language,Eskimo-Aleut,languages,Map 7 Northern North America: Time of Contact [7]
west2630,Western Abenaki,,46.1381,-72.6511,west2630,,6409,language,Algic,languages,Map 1 East Coast and Great Lakes: Time of Contact [23]
west2632,Western Keres,,34.9733,-107.517,west2632,,70 3108,language,Keresan,languages,Map 3 South-Western North America: Time of Contact [35]; Map 3 South-Western North America: Time of Contact [36]; Map 5 The Great Plains: Time of Contact [51]
west2721,West Central Oromo,,8.81391,36.7365,west2721,,3887,language,Afro-Asiatic,languages,Map 72 Sudan and the Horn of Africa [93]
west2777,Western Jicaque,,15.427,-88.04,west2777,,6437,language,Jicaquean,languages,Map 10 Meso-America: Time of Contact [33a]
west2861,West Nyala,,0.08,33.99,west2861,,6405,language,Atlantic-Congo,languages,Map 86 Central East Africa [35o]
whit1267,Duoluo Gelao,,23.0196,105.07,whit1267,,1751,language,Tai-Kadai,languages,"Map 45 China and Mongolia [74]; Map 47 Northern Thailand, Laos and Vietnam [6]"
whit1269,Whitesands,,-19.5019,169.381,whit1269,,6441,language,Austronesian,languages,Map 27 Vanuatu and New Caledonia [104]
wiar1238,Wiarumus,,-3.63409,143.756,wiar1238,,3525,language,Nuclear Torricelli,languages,Map 33 Northern Papua New Guinea [261]
wich1260,Wichita,,35.0665,-98.1831,wich1260,,6444,language,Caddoan,languages,Map 2 South-Eastern North America: Time of Contact [17]
wint1259,Wintu,,39.7176,-122.445,wint1259,,4426 6464,language,Wintuan,languages,Map 4 California: Time of Contact [43]; Map 4 California: Time of Contact [44]
winy1241,Winyé,,11.8239,-2.97518,winy1241,,2764,language,Atlantic-Congo,languages,Map 104 Burkina Faso [52]
wipi1242,Wipi,,-8.79741,143.064,wipi1242,,1774,language,Eastern Trans-Fly,languages,Map 32 Southern Papua New Guinea [193]
wira1262,Wiradhuri,,-34.0742,145.994,wira1262,,6466,language,Pama-Nyungan,languages,Map 35 Australia: Time of Contact [392]
wira1265,Wirangu,,-32.0,134.0,wira1265,,6467,language,Pama-Nyungan,languages,Map 35 Australia: Time of Contact [208]
wiru1244,Wiru,,-6.35863,144.214,wiru1244,,6471,language,,languages,Map 32 Southern Papua New Guinea [27]
wiyo1248,Wiyot,,39.2492,-122.952,wiyo1248,,6472,language,Algic,languages,Map 4 California: Time of Contact [32]
wocc1242,Woccon,,35.379075,-77.985987,wocc1242,,6475,language,Siouan,languages,Map 1 East Coast and Great Lakes: Time of Contact [54]
woga1249,Wogamusin,,-4.22936,142.401,woga1249,,6477,language,Sepik,languages,Map 33 Northern Papua New Guinea [275]
woge1237,Wogeo,,-3.20238,144.089,woge1237,,6478,language,Austronesian,languages,Map 33 Northern Papua New Guinea [399]
woii1237,Woi,,-1.62746,135.484,woii1237,,6473,language,Austronesian,languages,Map 34 Irian Jaya [197]
woje1238,Wojenaka,,9.72582,-7.6104,woje1238,,6479,language,Mande,languages,Map 105 Ivory Coast [69a]
wola1242,Wolaytta,,6.32668,37.7537,wola1242,,6483,language,Ta-Ne-Omotic,languages,Map 72 Sudan and the Horn of Africa [73]
wola1243,Wolani,,-3.41642,136.703,wola1243,,6476,language,Nuclear Trans New Guinea,languages,Map 34 Irian Jaya [52]
wola1253,Wolane,,8.23,38.14,wola1253,,6517,language,Afro-Asiatic,languages,Map 72 Sudan and the Horn of Africa [33]
wole1240,Woleaian,,7.37957,143.916,wole1240,,6481,language,Austronesian,languages,Map 28 Micronesia [3]
woli1241,Wolio,,-5.33,122.67,woli1241,,6482,language,Austronesian,languages,Map 39 Sulawesi [53]
womn1235,Wom (Nigeria),,8.92708,12.4533,womn1235,,6487,language,Atlantic-Congo,languages,Map 91 Adamawa Region [18]; Map 98 North-Eastern Nigeria [24]
womp1235,Wom (Papua New Guinea),,-3.5332,142.87,womp1235,,6488,language,Nuclear Torricelli,languages,Map 33 Northern Papua New Guinea [260]
wong1247,Wongo,,-5.73837,20.5054,wong1247,,6489,language,Atlantic-Congo,languages,Map 81 Democratic Republic of Congo: Kasai [54]
wood1236,Woods Cree,,57.0,-99.0,wood1236,,6491,language,Algic,languages,Map 7 Northern North America: Time of Contact [63]
wori1245,Worimi,,-32.4806,152.107,wori1245,,2564,language,Pama-Nyungan,languages,Map 35 Australia: Time of Contact [416]
woro1256,Worodougou,,8.23453,-6.72244,woro1256,,6492,language,Mande,languages,Map 105 Ivory Coast [69b]
wota1240,Wotapuri-Katarqalai,,34.958246,71.090876,wota1240,,6494,language,Indo-European,languages,"Map 53 Iran, Afghanistan and Pakistan [52]"
wotu1240,Wotu,,-2.59593,120.9,wotu1240,,6495,language,Austronesian,languages,Map 39 Sulawesi [62]
woun1238,Woun Meu,,8.5,-78.0,woun1238,,4416,language,Chocoan,languages,Map 12 Northern South America: Time of Contact [7]
wuch1236,Wu Chinese,,29.8621,119.682,wuch1236,,1161 5672 6515,language,Sino-Tibetan,languages,Map 45 China and Mongolia [7c]; Map 45 China and Mongolia [7d]; Map 45 China and Mongolia [7e]
wudi1238,Wuding-Luquan Yi,,25.48,102.48,wudi1238,,4113 4163 5785,language,Sino-Tibetan,languages,"Map 46 Yunnan Province, China [52]; Map 46 Yunnan Province, China [53]; Map 46 Yunnan Province, China [74]"
wuln1239,Wulna,,-12.3022,131.261,wuln1239,,6502,language,Limilngan-Wulna,languages,Map 35 Australia: Time of Contact [3]
wumb1241,Wumboko-Bubia,,4.24717,9.08026,wumb1241,,6504,language,Atlantic-Congo,languages,Map 92 South-Western Cameroon [18]; Map 93 Central South-Western Cameroon [92]
wumb1242,Wumbvu,,-2.39234,12.264,wumb1242,,4075 6503 6505,language,Atlantic-Congo,languages,Map 81 Democratic Republic of Congo: Kasai [61]; Map 83 Democratic Republic of Congo: Bas Congo and Southern Congo [17a]; Map 83 Democratic Republic of Congo: Bas Congo and Southern Congo [29]; Map 83 Democratic Republic of Congo: Bas Congo and Southern Congo [49]; Map 88 Gabon and Equatorial Guinea [31]
wush1238,Wushi,,6.07415,10.6035,wush1238,,6510,language,Atlantic-Congo,languages,Map 93 Central South-Western Cameroon [44]; Map 95 South-Eastern Nigeria and Mid-Western Cameroon [44b]
wusi1237,Kula (Vanuatu),,-15.2786,166.696,wusi1237,,6511,language,Austronesian,languages,Map 27 Vanuatu and New Caledonia [44]
wutu1241,Wutunhua,,35.269,101.957,wutu1241,,6512,language,Sino-Tibetan,languages,Map 45 China and Mongolia [126]
wutu1244,Wutung,,-2.64636,141.104,wutu1244,,5213 6513,language,Sko,languages,Map 33 Northern Papua New Guinea [192]; Map 33 Northern Papua New Guinea [193]; Map 34 Irian Jaya [161]
wuum1239,Wuumu-Mpuono,,-4.27,15.72,wuum1239,,6506,language,Atlantic-Congo,languages,Map 81 Democratic Republic of Congo: Kasai [28]; Map 83 Democratic Republic of Congo: Bas Congo and Southern Congo [27]
wuzl1236,Wuzlam,,10.955,14.1378,wuzl1236,,6516,language,Afro-Asiatic,languages,Map 94 Northern Cameroon [33]
wyan1247,Huron-Wyandot,,44.33,-77.5,wyan1247,,2056,language,Iroquoian,languages,Map 7 Northern North America: Time of Contact [82]
xaas1235,Xaasongaxango,,14.1,-10.95,xaas1235,,6519,language,Mande,languages,Map 107 Guinea and Mali [21c]
xakr1238,Xakriabá,,-19.0,-47.0,xakr1238,,5337,language,Nuclear-Macro-Je,languages,Map 18 Brazilian Atlantic Coast: Time of Contact [293]
xamt1239,Xamtanga,,12.4479,38.8352,xamt1239,,2667,language,Afro-Asiatic,languages,Map 72 Sudan and the Horn of Africa [47]
xara1243,Xaragure,,-21.8223,166.376,xara1243,,6525,language,Austronesian,languages,Map 27 Vanuatu and New Caledonia [130]
xara1244,Xârâcùù,,-21.7034,165.996,xara1244,,6524,language,Austronesian,languages,Map 27 Vanuatu and New Caledonia [129]
xava1240,Xavánte,,-14.3017,-52.4367,xava1240,,5356,language,Nuclear-Macro-Je,languages,Map 18 Brazilian Atlantic Coast: Time of Contact [290]
xere1240,Xerénte,,-9.59426,-48.2629,xere1240,,5367,language,Nuclear-Macro-Je,languages,Map 18 Brazilian Atlantic Coast: Time of Contact [292]
xhos1239,Xhosa,,-31.0389,28.0769,xhos1239,,1740 3987 4325 6520,language,Atlantic-Congo,languages,Map 74 Southern Africa [4]; Map 74 Southern Africa [4a]; Map 74 Southern Africa [4b]; Map 74 Southern Africa [4c]
xian1251,Xiang Chinese,,27.66847,111.47112,xian1251,,4246 4634,language,Sino-Tibetan,languages,Map 45 China and Mongolia [5a]; Map 45 China and Mongolia [5b]
xibe1242,Xibe,,43.5854,81.0034,xibe1242,,6521,language,Tungusic,languages,Map 45 China and Mongolia [47]
xipi1238,Xipináwa,,-8.22,-72.39,xipi1238,,5378,language,Unattested,languages,Map 14 Northern Pacific Coast: Time of Contact [231]
xiri1242,Xiri,,-32.72545,18.63332,xiri1242,,2682,language,Khoe-Kwadi,languages,Map 74 Southern Africa [45]
xoco1235,Xoco,,-7.633768,-38.6336387,xoco1235,,5386,language,Unclassifiable,languages,Map 18 Brazilian Atlantic Coast: Time of Contact [323]
xokl1240,Xokleng,,-26.9217,-49.5886,xokl1240,,5384,language,Nuclear-Macro-Je,languages,Map 18 Brazilian Atlantic Coast: Time of Contact [295]
xooo1239,West !Xoon,,-23.59,19.15,xooo1239,,2,language,Tuu,languages,Map 74 Southern Africa [56]
xuku1239,Xukurú,,-8.6606156,-37.0869089,xuku1239,,5398,language,,languages,Map 18 Brazilian Atlantic Coast: Time of Contact [319]
yaba1249,Yabaâna-Mainatari,,0.58332,-65.5,yaba1249,,6528,language,Arawakan,languages,Map 12 Northern South America: Time of Contact [97]
yabe1254,Yabem,,-6.67052,147.81,yabe1254,,6530,language,Austronesian,languages,Map 32 Southern Papua New Guinea [196]
yabe1255,Yaben,,-4.90868,145.361,yabe1255,,6531,language,Nuclear Trans New Guinea,languages,Map 33 Northern Papua New Guinea [71]
yabo1240,Yabong,,-5.61718,146.2065,yabo1240,,6534,language,Nuclear Trans New Guinea,languages,Map 33 Northern Papua New Guinea [17]
yace1238,Yace,,6.84259,8.84077,yace1238,,6612,language,Atlantic-Congo,languages,Map 95 South-Eastern Nigeria and Mid-Western Cameroon [90]
yafi1240,Yafi,,-3.39765,140.897,yafi1240,,6538,language,Pauwasi,languages,Map 33 Northern Papua New Guinea [189]; Map 34 Irian Jaya [78]
yaga1256,Yagara-Jandai,,-27.87647555,152.4602773,yaga1256,,6540,language,Pama-Nyungan,languages,Map 35 Australia: Time of Contact [404]
yago1240,Tanda-Yagomi,,-5.74049,146.603,yago1240,,6544,language,Nuclear Trans New Guinea,languages,Map 33 Northern Papua New Guinea [129]
yagu1244,Yagua,,-3.42913,-72.2186,yagu1244,,6624,language,Peba-Yagua,languages,Map 12 Northern South America: Time of Contact [176]
yagw1240,Yagwoia,,-7.14042,145.854,yagw1240,,6545,language,Angan,languages,Map 32 Southern Papua New Guinea [114]
yaha1247,Yahang,,-3.73035,142.4,yaha1247,,6548,language,Nuclear Torricelli,languages,Map 33 Northern Papua New Guinea [250]
yaha1248,Yahadian,,-1.94317,132.096,yaha1248,,6546,language,Konda-Yahadian,languages,Map 34 Irian Jaya [76]
yahu1241,Yahuna,,-0.505365,-70.478211,yahu1241,,2241,language,Tucanoan,languages,Map 12 Northern South America: Time of Contact [152]
yaka1269,Yaka-Pelende-Lonzo,,-5.984,16.775,yaka1269,,1634 3311 4524 6549,language,Atlantic-Congo,languages,Map 81 Democratic Republic of Congo: Kasai [57]; Map 81 Democratic Republic of Congo: Kasai [59]; Map 81 Democratic Republic of Congo: Kasai [62]; Map 83 Democratic Republic of Congo: Bas Congo and Southern Congo [17]; Map 83 Democratic Republic of Congo: Bas Congo and Southern Congo [17b]; Map 84 Angola [6]; Map 84 Angola [7]
yaka1272,Yaka (Central African Republic),,3.6515,17.2713,yaka1272,,421,language,Atlantic-Congo,languages,Map 87 Northern Congo and Southern Central African Republic [35]
yaka1277,Yakan,,6.531023,122.021729,yaka1277,,6550,language,Austronesian,languages,Map 40 The Philippines [113]
yakk1236,Yakkha,,27.3714,87.9306,yakk1236,,6551,language,Sino-Tibetan,languages,"Map 51 North-East India, Bangladesh, Bhutan and Nepal [83]"
yako1252,Yakoma,,4.1651,22.1702,yako1252,,6553,language,Atlantic-Congo,languages,Map 82 Democratic Republic of Congo: Equate [47]; Map 89 Central African Republic and South-Eastern Chad [44]
yaku1245,Sakha,,61.69744,133.98031,yaku1245,,6555,language,Turkic,languages,Map 55 Eastern Siberia [5]; Map 56 Western Siberia [7]
yala1262,Yalarnnga,,-21.731,139.511,yala1262,,6557,language,Pama-Nyungan,languages,Map 35 Australia: Time of Contact [224]
yala1263,Yala,,6.73852,8.60748,yala1263,,6556,language,Atlantic-Congo,languages,Map 93 Central South-Western Cameroon [99]; Map 95 South-Eastern Nigeria and Mid-Western Cameroon [91]
yala1266,Yalahatan-Haruru-Awaiya,,-3.3619,129.315,yala1266,,347,language,Austronesian,languages,Map 37 The Moluccas [19]
yale1246,Yale,,-3.79762,141.566,yale1246,,4105,language,,languages,Map 33 Northern Papua New Guinea [373]
yalu1240,Yalunka,,9.97186,-11.2836,yalu1240,,6559,language,Mande,languages,"Map 106 Liberia and Sierra Leone [23]; Map 107 Guinea and Mali [19]; Map 108 Senegal, Gambia and Guinea Bissau [34]"
yama1264,Yámana,,-55.2748,-68.2648,yama1264,,6723,language,,languages,Map 22 Southern South America: Time of Contact [247]
yamb1251,Yamba,,6.535505,11.07711,yamb1251,,6561,language,Atlantic-Congo,languages,Map 95 South-Eastern Nigeria and Mid-Western Cameroon [48]
yamb1252,Yambeta,,4.83615,10.9369,yamb1252,,4361,language,Atlantic-Congo,languages,Map 93 Central South-Western Cameroon [72]
yamb1254,Yambes,,-3.50624,142.763,yamb1254,,6563,language,Nuclear Torricelli,languages,Map 33 Northern Papua New Guinea [256]
yamd1240,Yamdena,,-7.73722,131.44,yamd1240,,6566,language,Austronesian,languages,"Map 38 Lesser Sunda Islands and Timor [61, B]"
yame1242,Yameo,,-4.16666,-73.6667,yame1242,,6572,language,Peba-Yagua,languages,Map 14 Northern Pacific Coast: Time of Contact [178]
yami1254,Yami,,22.055,121.544,yami1254,,6567,language,Austronesian,languages,"Map 50 Japan, Korea and Taiwan [19]"
yami1256,Yaminahua,,-9.8846,-71.5964,yami1256,,6568,language,Pano-Tacanan,languages,Map 14 Northern Pacific Coast: Time of Contact [227]
yamp1242,Yamphu,,27.6322,87.0441,yamp1242,,6571,language,Sino-Tibetan,languages,"Map 51 North-East India, Bangladesh, Bhutan and Nepal [82]"
yamp1243,Yamphe,,27.6069,87.1309,yamp1243,,6570,language,Bookkeeping,languages,"Map 51 North-East India, Bangladesh, Bhutan and Nepal [81]"
yana1271,Yana,,39.2769,-121.608,yana1271,,6573,language,,languages,Map 4 California: Time of Contact [41]
yand1251,Yanda,,-21.23270508,140.5134756,yand1251,,6574,language,Pama-Nyungan,languages,Map 35 Australia: Time of Contact [340]
yand1253,Yandruwandha,,-28.4744,140.583,yand1253,,6576,language,Pama-Nyungan,languages,Map 35 Australia: Time of Contact [371]
yane1238,Yanesha',,-10.5454,-75.315,yane1238,,211,language,Arawakan,languages,Map 14 Northern Pacific Coast: Time of Contact [108]
yang1290,Yangkam,,9.44956,10.2881,yang1290,,602,language,Atlantic-Congo,languages,Map 98 North-Eastern Nigeria [64a]
yang1293,Nuasue,,4.41971,11.0277,yang1293,,6562,language,Atlantic-Congo,languages,Map 92 South-Western Cameroon [5]; Map 93 Central South-Western Cameroon [69a]
yang1298,Yangulam,,-5.52697,145.858,yang1298,,6581,language,Nuclear Trans New Guinea,languages,Map 33 Northern Papua New Guinea [30]
yans1239,Yansi,,-3.8231,18.2341,yans1239,,6586,language,Atlantic-Congo,languages,Map 81 Democratic Republic of Congo: Kasai [31]; Map 83 Democratic Republic of Congo: Bas Congo and Southern Congo [60]
yany1243,Yanyuwa,,-15.7621,136.055,yany1243,,6587,language,Pama-Nyungan,languages,Map 35 Australia: Time of Contact [220]
yaoa1239,Yaio,,10.125673,-61.810199,yaoa1239,,6588,language,Cariban,languages,Map 12 Northern South America: Time of Contact [405]
yaoo1241,Yao,,-13.6119,35.2387,yaoo1241,,6590,language,Atlantic-Congo,languages,Map 75 Mozambique [11]
yaou1238,Yaouré,,6.95282,-5.57851,yaou1238,,6618,language,Mande,languages,Map 105 Ivory Coast [77]
yape1248,Yapese,,9.55811,138.125,yape1248,,6592,language,Austronesian,languages,Map 28 Micronesia [12]
yapu1240,Yeri,,-3.47256,142.436,yapu1240,,6594,language,Nuclear Torricelli,languages,Map 33 Northern Papua New Guinea [236]
yaqa1246,Yaqay,,-6.66632,139.249,yaqa1246,,6595,language,Anim,languages,Map 34 Irian Jaya [37]
yaqu1251,Yaqui,,29.9446,-110.681,yaqu1251,,6596,language,Uto-Aztecan,languages,Map 3 South-Western North America: Time of Contact [33]
yara1250,Yarawata,,-4.93943,145.454,yara1250,,6599,language,Nuclear Trans New Guinea,languages,Map 33 Northern Papua New Guinea [72]
yare1248,Yareba,,-9.50651,148.605,yare1248,,6602,language,Yareban,languages,Map 31 South-Eastern Papua New Guinea [59]; Map 32 Southern Papua New Guinea [134]
yarl1236,Yarli,,-29.49049805,140.9591946,yarl1236,,6601 3490,language,Pama-Nyungan,languages,Map 35 Australia: Time of Contact [386]; Map 35 Australia: Time of Contact [387]; Map 35 Australia: Time of Contact [388]
yaru1255,Yarumá,,-11.6333,-52.8,yaru1255,,6605,language,Cariban,languages,Map 18 Brazilian Atlantic Coast: Time of Contact [417]
yasa1242,Yasa,,2.06043,10.678,yasa1242,,779 966 3603 6606,language,Atlantic-Congo,languages,Map 88 Gabon and Equatorial Guinea [2]; Map 88 Gabon and Equatorial Guinea [3b]; Map 88 Gabon and Equatorial Guinea [3c]; Map 88 Gabon and Equatorial Guinea [3d]; Map 92 South-Western Cameroon [21]
yaul1241,Ulwa (Papua New Guinea),,-4.39912,143.993,yaul1241,,6615,language,Keram,languages,Map 33 Northern Papua New Guinea [321]
yaum1237,Yau-Nungon,,-6.08274,146.841,yaum1237,,6613,language,Nuclear Trans New Guinea,languages,Map 32 Southern Papua New Guinea [67]; Map 33 Northern Papua New Guinea [227]
yaum1238,Yauma,,-15.821495,21.881345,yaum1238,,6616,language,Bookkeeping,languages,Map 84 Angola [46a]
yaur1239,Yaur,,-3.32519,134.879,yaur1239,,6617,language,Austronesian,languages,Map 34 Irian Jaya [187]
yaus1235,Yau (Sandaun Province),,-3.52064,142.04228,yaus1235,,6614,language,Nuclear Torricelli,languages,Map 33 Northern Papua New Guinea [227]
yauy1235,Yauyos Quechua,,-12.62,-75.7,yauy1235,,6619,language,Quechuan,languages,Map 20 Central Pacific Coast: Time of Contact [207]
yawa1258,Yawarawarga,,-26.7334,140.871,yawa1258,,6630,language,Pama-Nyungan,languages,Map 35 Australia: Time of Contact [370]
yawa1261,Yawalapití,,-12.5104,-53.4236,yawa1261,,6626,language,Arawakan,languages,Map 18 Brazilian Atlantic Coast: Time of Contact [113]
yawe1241,Yaweyuha,,-6.1868,145.359,yawe1241,,6533,language,Nuclear Trans New Guinea,languages,Map 32 Southern Papua New Guinea [9]
yawi1238,Yawiyo,,-4.58133,142.112,yawi1238,,6532,language,Walioic,languages,Map 33 Northern Papua New Guinea [315]
yawu1244,Yawuru,,-18.004,122.693,yawu1244,,6631,language,Nyulnyulan,languages,Map 35 Australia: Time of Contact [95]
yayg1236,Yaygir,,-29.686722970453,153.18784362556,yayg1236,,6633,language,Pama-Nyungan,languages,Map 35 Australia: Time of Contact [410]
yazg1240,Yazgulyam,,38.2801,71.565,yazg1240,,6634,language,Indo-European,languages,Map 57 Central Asia [9]
yeii1239,Yei,,-7.87489,140.863,yeii1239,,6651,language,Yam,languages,Map 32 Southern Papua New Guinea [183]; Map 34 Irian Jaya [169]
yekh1238,Yekhee,,7.10204,6.44919,yekh1238,,1574 2078,language,Atlantic-Congo,languages,Map 101 South-Western Nigeria [66]; Map 101 South-Western Nigeria [71]
yeko1240,Yekora,,-7.86248,147.463,yeko1240,,6640,language,Nuclear Trans New Guinea,languages,Map 32 Southern Papua New Guinea [141]
yela1238,Yela-Kela,,-2.46204,22.5891,yela1238,,2377 2620 6641,language,Atlantic-Congo,languages,Map 80 Democratic Republic of Congo: Kivu [4b]; Map 80 Democratic Republic of Congo: Kivu [4c]; Map 81 Democratic Republic of Congo: Kasai [1h]; Map 81 Democratic Republic of Congo: Kasai [1s]; Map 81 Democratic Republic of Congo: Kasai [1t]
yele1255,Yele,,-11.3796,154.127,yele1255,,6642,language,,languages,Map 31 South-Eastern Papua New Guinea [88]
yelm1242,Southern Yelmek,,-7.93,139.32,yelm1242,,6643,language,Bulaka River,languages,Map 34 Irian Jaya [171]
yelo1243,Yalaku,,-4.09907,142.808,yelo1243,,2576,language,Ndu,languages,Map 33 Northern Papua New Guinea [291]
yemb1246,Yemba,,5.47421,10.0214,yemb1246,,6644,language,Atlantic-Congo,languages,Map 93 Central South-Western Cameroon [60]
yems1235,Yemsa,,7.79821,37.4412,yems1235,,6647,language,Ta-Ne-Omotic,languages,Map 72 Sudan and the Horn of Africa [91]
yend1241,Yendang,,9.0,11.8,yend1241,,6575,language,Atlantic-Congo,languages,Map 98 North-Eastern Nigeria [32]
yera1243,Yerakai,,-4.28828,142.947,yera1243,,6648,language,,languages,Map 33 Northern Papua New Guinea [289]
yere1243,Yeretuar,,-3.01713,134.656,yere1243,,6649,language,Austronesian,languages,Map 34 Irian Jaya [188]
yesk1239,Nyankpa,,9.05454,7.97913,yesk1239,,6650,language,Atlantic-Congo,languages,"Map 96 South Plateau, Nigeria [17]; Map 97 North Plateau, Nigeria [9a]"
yess1239,Yessan-Mayo,,-4.15721,142.574,yess1239,,3700,language,Sepik,languages,Map 33 Northern Papua New Guinea [283]
yetf1238,Yetfa,,-4.05884,140.653,yetf1238,,722,language,,languages,Map 33 Northern Papua New Guinea [270]; Map 34 Irian Jaya [165]
yeyi1239,Yeyi,,-18.9178,23.6088,yeyi1239,,6638,language,Atlantic-Congo,languages,Map 74 Southern Africa [41]; Map 77 Zambia [72]
yidg1240,Yidgha,,36.014,71.5077,yidg1240,,6652,language,Indo-European,languages,"Map 53 Iran, Afghanistan and Pakistan [34]"
yidi1250,Yidiñ,,-17.1332,145.876,yidi1250,,6653,language,Pama-Nyungan,languages,Map 35 Australia: Time of Contact [299]
yill1241,Yil,,-3.46501,142.178,yill1241,,6654,language,Nuclear Torricelli,languages,Map 33 Northern Papua New Guinea [230]
yima1243,Yimas,,-4.71731,143.572,yima1243,,6658,language,Lower Sepik,languages,Map 33 Northern Papua New Guinea [352]
yimc1240,Yimchungru Naga,,25.7675,94.8087,yimc1240,,6659,language,Sino-Tibetan,languages,"Map 49 Burma (Myanmar) [44]; Map 51 North-East India, Bangladesh, Bhutan and Nepal [128]"
yine1238,Yine,,-11.1086,-73.3087,yine1238,,4902,language,Arawakan,languages,Map 14 Northern Pacific Coast: Time of Contact [119]
yira1239,Yirandhali,,-20.65810118,143.9625916,yira1239,,6668,language,Pama-Nyungan,languages,Map 35 Australia: Time of Contact [341]
yiss1240,Yis,,-3.57371,141.88,yiss1240,,6670,language,Nuclear Torricelli,languages,Map 33 Northern Papua New Guinea [225]
yiwo1237,Yiwom,,8.97395,9.78757,yiwo1237,,1760,language,Afro-Asiatic,languages,"Map 96 South Plateau, Nigeria [72]"
yoba1237,Yoba,,-10.2167,149.283,yoba1237,,6674,language,Austronesian,languages,Map 31 South-Eastern Papua New Guinea [38]
yoco1235,Yocoboué Dida,,5.40126,-5.12242,yoco1235,,3333,language,Kru,languages,Map 105 Ivory Coast [23c]
yoga1237,Yogad,,16.7015,121.718,yoga1237,,6675,language,Austronesian,languages,Map 40 The Philippines [20]
yoid1240,Yoidik,,-4.94044,145.758,yoid1240,,6677,language,Nuclear Trans New Guinea,languages,Map 33 Northern Papua New Guinea [86]
yoku1256,Northern Yokuts,,36.3167,-119.721,yoku1256,,1711 2731 6186,language,Yokutsan,languages,Map 4 California: Time of Contact [74]; Map 4 California: Time of Contact [75]; Map 4 California: Time of Contact [76]
yomb1244,Yombe,,-5.1263,12.9657,yomb1244,,3566 4202 6681 6682 6758,language,Atlantic-Congo,languages,Map 81 Democratic Republic of Congo: Kasai [53]; Map 81 Democratic Republic of Congo: Kasai [60]; Map 83 Democratic Republic of Congo: Bas Congo and Southern Congo [17c]; Map 83 Democratic Republic of Congo: Bas Congo and Southern Congo [5]; Map 84 Angola [1b]; Map 84 Angola [1d]; Map 84 Angola [1e]; Map 84 Angola [5]; Map 88 Gabon and Equatorial Guinea [51]
yomm1242,Yom,,9.87186,1.81099,yomm1242,,6680,language,Atlantic-Congo,languages,Map 102 Benin and Togo [62a]; Map 104 Burkina Faso [28]
yonc1234,Yoncalla,,43.568,-123.466,yonc1234,,6683,language,Kalapuyan,languages,Map 4 California: Time of Contact [15]
yong1280,Yonggom,,-6.42956,141.213,yong1280,,6684,language,Nuclear Trans New Guinea,languages,Map 32 Southern Papua New Guinea [80]; Map 33 Northern Papua New Guinea [170]; Map 34 Irian Jaya [3]
yopn1238,Yopno,,-5.94085,146.661,yopn1238,,2171 2657 4422 6293,language,Nuclear Trans New Guinea,languages,Map 32 Southern Papua New Guinea [70]; Map 32 Southern Papua New Guinea [71]; Map 32 Southern Papua New Guinea [72]; Map 32 Southern Papua New Guinea [73]; Map 33 Northern Papua New Guinea [123]; Map 33 Northern Papua New Guinea [124]
yort1237,Yorta Yorta,,-35.9,145.01,yort1237,,6535 6687,language,Pama-Nyungan,languages,Map 35 Australia: Time of Contact [450]; Map 35 Australia: Time of Contact [451]
yoru1245,Yoruba,,7.15345,3.67225,yoru1245,,1029 1733 2111 2117 4705 5535 6408 6542,language,Atlantic-Congo,languages,Map 101 South-Western Nigeria [88]; Map 101 South-Western Nigeria [88b]; Map 101 South-Western Nigeria [89a]; Map 101 South-Western Nigeria [89b]; Map 101 South-Western Nigeria [91]; Map 101 South-Western Nigeria [91b]; Map 102 Benin and Togo [30]; Map 102 Benin and Togo [30b]; Map 102 Benin and Togo [31]; Map 102 Benin and Togo [32]; Map 102 Benin and Togo [33a]
yoyy1238,Yoy,,17.6215,104.785,yoyy1238,,6672,language,Tai-Kadai,languages,"Map 47 Northern Thailand, Laos and Vietnam [23]; Map 48 Southern Thailand, Laos and Vietnam, and Cambodia [16]"
yuag1237,Yuaga,,-20.5664,164.51,yuag1237,,6689,language,Austronesian,languages,Map 27 Vanuatu and New Caledonia [112]
yuca1254,Yucatec Maya,,18.7757,-88.9567,yuca1254,,6698,language,Mayan,languages,Map 10 Meso-America: Time of Contact [3a]
yuch1247,Yuchi,,35.75,-86.75,yuch1247,,6691,language,,languages,Map 2 South-Eastern North America: Time of Contact [14]
yuec1235,Yue Chinese,,23.0,113.0,yuec1235,,6692,language,Sino-Tibetan,languages,Map 45 China and Mongolia [8]
yuga1244,Yugambal,,-29.54832,151.08455,yuga1244,,6693,language,Pama-Nyungan,languages,Map 35 Australia: Time of Contact [411]
yuki1243,Northern Yukian,,39.8389,-123.296,yuki1243,,6699,language,Yuki-Wappo,languages,Map 4 California: Time of Contact [49]
yuku1243,Yukuben,,6.9183,9.9777,yuku1243,,6091 6702,language,Atlantic-Congo,languages,Map 95 South-Eastern Nigeria and Mid-Western Cameroon [83]; Map 95 South-Eastern Nigeria and Mid-Western Cameroon [84a]
yulu1243,Yulu-Binga,,8.04124,23.6166,yulu1243,,6705 6706 6707,language,Central Sudanic,languages,Map 72 Sudan and the Horn of Africa [177]; Map 79 Democratic Republic of Congo: Orienta [66]; Map 89 Central African Republic and South-Eastern Chad [75]
yura1255,Yuracaré,,-16.7479,-65.1224,yura1255,,6714,language,,languages,Map 20 Central Pacific Coast: Time of Contact [212]
yuro1248,Yurok,,41.3262,-123.824,yuro1248,,6718,language,Algic,languages,Map 4 California: Time of Contact [31]
yuwa1244,Hoti,,5.63879,-65.4267,yuwa1244,,2026,language,,languages,Map 12 Northern South America: Time of Contact [427]
zaba1237,Zabana,,-7.74311,158.753,zaba1237,,2699,language,Austronesian,languages,Map 29 Solomon Islands and Bougainville [29]
zagh1240,Beria,,17.4842,23.4626,zagh1240,,6727,language,Saharan,languages,Map 71 North-East Africa [68]; Map 72 Sudan and the Horn of Africa [109]; Map 73 North-West Africa [77]
zaiw1241,Zaiwa,,24.1726,98.3643,zaiw1241,,360 361,language,Sino-Tibetan,languages,"Map 46 Yunnan Province, China [42]; Map 49 Burma (Myanmar) [63]"
zakh1243,Zakhring,,28.129,97.022,zakh1243,,6728,language,Sino-Tibetan,languages,"Map 45 China and Mongolia [108]; Map 51 North-East India, Bangladesh, Bhutan and Nepal [102]"
zamb1245,Zamba,,1.25,18.3,zamb1245,,6733,language,Atlantic-Congo,languages,Map 82 Democratic Republic of Congo: Equate [7]; Map 87 Northern Congo and Southern Central African Republic [8]
zana1238,Zanaki,,-2.26367,34.0542,zana1238,,6735,language,Atlantic-Congo,languages,Map 86 Central East Africa [46]
zand1248,Zande,,4.62047,26.7157,zand1248,,6736,language,Atlantic-Congo,languages,Map 79 Democratic Republic of Congo: Orienta [42]; Map 82 Democratic Republic of Congo: Equate [70]; Map 89 Central African Republic and South-Eastern Chad [4]
zang1248,Zangskari,,33.2397,77.4013,zang1248,,6737,language,Sino-Tibetan,languages,Map 54 North-West India [4]
zang1249,Zan Gula,,10.5885,19.1416,zang1249,,6734,language,Atlantic-Congo,languages,Map 89 Central African Republic and South-Eastern Chad [50]
zang1255,Zangwal,,10.2284,9.74694,zang1255,,6738,language,Afro-Asiatic,languages,"Map 97 North Plateau, Nigeria [84]; Map 98 North-Eastern Nigeria [93]"
zara1247,Zaramo,,-6.87705,38.9258,zara1247,,6740,language,Atlantic-Congo,languages,Map 76 Southern Tanzania [8]; Map 85 Kenyan Coast [19]
zari1242,Zari,,9.71269,9.40332,zari1242,,19 6739,language,Afro-Asiatic,languages,"Map 96 South Plateau, Nigeria [31]; Map 97 North Plateau, Nigeria [90]"
zarm1239,Zarma-Kaado,,12.8554,2.41173,zarm1239,,2310 5495 6741 6742,language,Songhay,languages,Map 102 Benin and Togo [81]; Map 102 Benin and Togo [82]; Map 102 Benin and Togo [Z]; Map 104 Burkina Faso [1]; Map 104 Burkina Faso [1c]; Map 104 Burkina Faso [3]; Map 73 North-West Africa [80]; Map 73 North-West Africa [82]
zauz1238,Zauzou,,26.4572,98.8634,zauz1238,,5050,language,Sino-Tibetan,languages,"Map 46 Yunnan Province, China [46]"
zays1235,Zayse-Zergulla,,5.83747,37.3409,zays1235,,6743,language,Ta-Ne-Omotic,languages,Map 72 Sudan and the Horn of Africa [84]
zaza1245,Zazao,,-8.18719,159.255,zaza1245,,6744,language,Austronesian,languages,Map 29 Solomon Islands and Bougainville [32]
zeem1242,Zeem,,10.1464,9.2826,zeem1242,,6745,language,Afro-Asiatic,languages,"Map 96 South Plateau, Nigeria [84]; Map 97 North Plateau, Nigeria [91]"
zemb1238,Zemba,,-17.2958,13.4424,zemb1238,,1105 1329,language,Atlantic-Congo,languages,Map 74 Southern Africa [44a]; Map 84 Angola [32]
zeme1240,Zeme Naga,,25.3499,93.6463,zeme1240,,6748,language,Sino-Tibetan,languages,"Map 51 North-East India, Bangladesh, Bhutan and Nepal [136]"
zena1248,Zenaga,,16.82,-16.1711,zena1248,,6749,language,Afro-Asiatic,languages,Map 73 North-West Africa [71]
zhab1238,Zhaba,,30.7416,100.983,zhab1238,,6726,language,Sino-Tibetan,languages,Map 45 China and Mongolia [115]
zhoa1238,Zhoa,,6.53614,10.16651,zhoa1238,,6760,language,Atlantic-Congo,languages,Map 93 Central South-Western Cameroon [64e]
ziaa1250,Zia,,-7.95814,147.579,ziaa1250,,3678 6752,language,Nuclear Trans New Guinea,languages,Map 31 South-Eastern Papua New Guinea [76]; Map 32 Southern Papua New Guinea [142]; Map 32 Southern Papua New Guinea [143]
zigu1244,Zigula-Mushungulu,,-5.61864,38.41138,zigu1244,,6753,language,Atlantic-Congo,languages,Map 76 Southern Tanzania [5]; Map 85 Kenyan Coast [16]; Map 86 Central East Africa [1]
zima1244,Zimakani,,-7.3701,141.452,zima1244,,6755,language,Anim,languages,Map 32 Southern Papua New Guinea [101]
zimb1251,Zimba,,-4.013,26.6083,zimb1251,,3495 5513,language,Atlantic-Congo,languages,Map 78 Democratic Republic of Congo: Katang [35b]; Map 80 Democratic Republic of Congo: Kivu [17a]; Map 80 Democratic Republic of Congo: Kivu [64b]
zinz1238,Zinza,,-2.64132,32.1755,zinz1238,,2277 5584,language,Atlantic-Congo,languages,Map 80 Democratic Republic of Congo: Kivu [39]; Map 86 Central East Africa [25]
zire1240,Zire,,-21.6544,165.482,zire1240,,4238,language,Austronesian,languages,Map 27 Vanuatu and New Caledonia [127]
zizi1238,Zizilivakan,,10.4689,13.5233,zizi1238,,6757,language,Afro-Asiatic,languages,Map 94 Northern Cameroon [50]
zula1235,Zula,,-4.584,26.74,zula1235,,3067 6763,language,Atlantic-Congo,languages,Map 78 Democratic Republic of Congo: Katang [11]; Map 80 Democratic Republic of Congo: Kivu [56]; Map 80 Democratic Republic of Congo: Kivu [64c]
zulg1242,Zulgo-Gemzek,,10.827,14.0578,zulg1242,,6747,language,Afro-Asiatic,languages,Map 94 Northern Cameroon [35]
zulu1248,Zulu,,-28.9,30.2,zulu1248,,6764,language,Atlantic-Congo,languages,Map 74 Southern Africa [3]; Map 75 Mozambique [49b]
zuma1239,Zumaya,,10.55798,14.44451,zuma1239,,6765,language,Afro-Asiatic,languages,Map 94 Northern Cameroon [66]
zumb1240,Zumbun,,10.827,9.9683,zumb1240,,2268,language,Afro-Asiatic,languages,"Map 97 North Plateau, Nigeria [80]"
zuni1245,Zuni,,35.0056,-108.782,zuni1245,,6766,language,,languages,Map 5 The Great Plains: Time of Contact [67]
abkh1242,Abkhaz-Adyge,,,,abkh1242,,50 83 2315,family,,families,Map 59 The Caucasus [16]; Map 59 The Caucasus [18]; Map 59 The Caucasus [19]
afro1255,Afro-Asiatic,,,,afro1255,,5 6 7 9 10 12 14 15 19 86 87 88 150 151 152 157 170 206 235 275 278 295 316 325 330 343 396 397 427 430 441 458 491 505 516 550 551 552 553 554 555 556 557 558 559 560 573 612 639 649 651 653 654 655 657 662 677 694 727 787 797 806 835 845 860 862 882 928 933 938 956 1005 1037 1060 1113 1170 1192 1207 1210 1213 1223 1234 1265 1266 1272 1295 1299 1301 1340 1355 1404 1423 1466 1467 1479 1588 1602 1609 1644 1646 1647 1651 1653 1659 1666 1675 1704 1705 1713 1738 1739 1746 1747 1753 1759 1760 1762 1771 1772 1782 1794 1795 1802 1806 1820 1830 1845 1846 1850 1857 1865 1874 1882 1899 1908 1915 1917 1919 1920 1938 1941 1961 1964 1966 1971 1993 2032 2045 2058 2059 2062 2063 2144 2149 2151 2162 2183 2212 2227 2229 2231 2258 2268 2269 2270 2271 2273 2279 2289 2290 2292 2294 2297 2309 2314 2324 2326 2367 2419 2500 2503 2506 2518 2589 2630 2644 2667 2675 2698 2712 2740 2744 2777 2780 2781 2897 2926 2932 2960 2991 3000 3021 3042 3063 3065 3092 3109 3136 3137 3143 3203 3238 3240 3370 3384 3392 3409 3418 3423 3480 3486 3536 3569 3601 3602 3605 3606 3637 3655 3661 3664 3687 3690 3728 3757 3776 3781 3809 3810 3816 3817 3819 3843 3861 3870 3887 3894 3895 3914 3920 3936 3940 3979 3994 4019 4032 4035 4052 4053 4063 4064 4067 4087 4088 4187 4272 4311 4344 4349 4445 4455 4494 4598 4645 4671 4709 4713 4796 4836 4847 4850 4913 4934 4965 5004 5010 5013 5017 5018 5057 5065 5078 5091 5116 5119 5140 5148 5163 5164 5182 5220 5221 5239 5241 5261 5264 5265 5327 5335 5336 5342 5351 5352 5359 5382 5396 5397 5409 5424 5445 5456 5463 5480 5483 5491 5506 5522 5530 5614 5639 5642 5685 5686 5705 5708 5721 5735 5757 5784 5819 5831 5858 5867 5868 5879 5896 5955 5971 5998 6021 6047 6206 6224 6294 6336 6419 6458 6459 6484 6490 6516 6517 6536 6738 6739 6745 6747 6749 6756 6757 6762 6765 6773 6774 6775 6776 6777 6778,family,,families,"Map 100 Northern Nigeria and Niger [10]; Map 100 Northern Nigeria and Niger [11]; Map 100 Northern Nigeria and Niger [11a]; Map 100 Northern Nigeria and Niger [13]; Map 100 Northern Nigeria and Niger [1]; Map 100 Northern Nigeria and Niger [2]; Map 100 Northern Nigeria and Niger [3]; Map 100 Northern Nigeria and Niger [4]; Map 100 Northern Nigeria and Niger [5]; Map 100 Northern Nigeria and Niger [6]; Map 100 Northern Nigeria and Niger [7]; Map 100 Northern Nigeria and Niger [8]; Map 100 Northern Nigeria and Niger [9]; Map 101 South-Western Nigeria [95]; Map 101 South-Western Nigeria [96]; Map 102 Benin and Togo [79]; Map 53 Iran, Afghanistan and Pakistan [66]; Map 53 Iran, Afghanistan and Pakistan [67]; Map 59 The Caucasus [53]; Map 59 The Caucasus [54]; Map 60 Turkey [6]; Map 60 Turkey [7]; Map 67 Italy, Corsica, Sardinia, Sicily and Malta [16a]; Map 67 Italy, Corsica, Sardinia, Sicily and Malta [16b]; Map 70 The Middle East and Arabian Peninsula [100]; Map 70 The Middle East and Arabian Peninsula [101]; Map 70 The Middle East and Arabian Peninsula [102]; Map 70 The Middle East and Arabian Peninsula [103]; Map 70 The Middle East and Arabian Peninsula [104]; Map 70 The Middle East and Arabian Peninsula [105]; Map 70 The Middle East and Arabian Peninsula [13]; Map 70 The Middle East and Arabian Peninsula [14]; Map 70 The Middle East and Arabian Peninsula [15]; Map 70 The Middle East and Arabian Peninsula [16]; Map 70 The Middle East and Arabian Peninsula [17]; Map 70 The Middle East and Arabian Peninsula [18]; Map 70 The Middle East and Arabian Peninsula [19]; Map 70 The Middle East and Arabian Peninsula [20]; Map 70 The Middle East and Arabian Peninsula [21]; Map 70 The Middle East and Arabian Peninsula [22]; Map 70 The Middle East and Arabian Peninsula [24]; Map 70 The Middle East and Arabian Peninsula [25]; Map 70 The Middle East and Arabian Peninsula [26]; Map 70 The Middle East and Arabian Peninsula [27]; Map 70 The Middle East and Arabian Peninsula [28]; Map 70 The Middle East and Arabian Peninsula [29]; Map 70 The Middle East and Arabian Peninsula [2]; Map 70 The Middle East and Arabian Peninsula [30]; Map 70 The Middle East and Arabian Peninsula [31]; Map 70 The Middle East and Arabian Peninsula [32]; Map 70 The Middle East and Arabian Peninsula [33]; Map 70 The Middle East and Arabian Peninsula [34]; Map 70 The Middle East and Arabian Peninsula [35]; Map 70 The Middle East and Arabian Peninsula [36]; Map 70 The Middle East and Arabian Peninsula [37]; Map 70 The Middle East and Arabian Peninsula [38]; Map 70 The Middle East and Arabian Peninsula [39]; Map 70 The Middle East and Arabian Peninsula [41]; Map 70 The Middle East and Arabian Peninsula [42]; Map 70 The Middle East and Arabian Peninsula [43]; Map 70 The Middle East and Arabian Peninsula [44]; Map 70 The Middle East and Arabian Peninsula [45]; Map 70 The Middle East and Arabian Peninsula [46]; Map 70 The Middle East and Arabian Peninsula [47]; Map 70 The Middle East and Arabian Peninsula [48]; Map 70 The Middle East and Arabian Peninsula [49]; Map 70 The Middle East and Arabian Peninsula [50]; Map 70 The Middle East and Arabian Peninsula [56]; Map 70 The Middle East and Arabian Peninsula [57]; Map 70 The Middle East and Arabian Peninsula [58]; Map 70 The Middle East and Arabian Peninsula [59]; Map 70 The Middle East and Arabian Peninsula [64]; Map 70 The Middle East and Arabian Peninsula [65]; Map 70 The Middle East and Arabian Peninsula [66]; Map 70 The Middle East and Arabian Peninsula [67]; Map 70 The Middle East and Arabian Peninsula [68]; Map 70 The Middle East and Arabian Peninsula [69]; Map 70 The Middle East and Arabian Peninsula [70]; Map 70 The Middle East and Arabian Peninsula [71]; Map 70 The Middle East and Arabian Peninsula [75]; Map 70 The Middle East and Arabian Peninsula [76]; Map 70 The Middle East and Arabian Peninsula [77]; Map 70 The Middle East and Arabian Peninsula [80]; Map 70 The Middle East and Arabian Peninsula [85]; Map 70 The Middle East and Arabian Peninsula [86]; Map 70 The Middle East and Arabian Peninsula [87]; Map 70 The Middle East and Arabian Peninsula [88]; Map 70 The Middle East and Arabian Peninsula [91]; Map 70 The Middle East and Arabian Peninsula [92]; Map 70 The Middle East and Arabian Peninsula [93]; Map 70 The Middle East and Arabian Peninsula [99]; Map 71 North-East Africa [10]; Map 71 North-East Africa [11]; Map 71 North-East Africa [13]; Map 71 North-East Africa [15]; Map 71 North-East Africa [16]; Map 71 North-East Africa [17]; Map 71 North-East Africa [19]; Map 71 North-East Africa [1]; Map 71 North-East Africa [20]; Map 71 North-East Africa [21]; Map 71 North-East Africa [22]; Map 71 North-East Africa [23]; Map 71 North-East Africa [24]; Map 71 North-East Africa [25]; Map 71 North-East Africa [26]; Map 71 North-East Africa [28]; Map 71 North-East Africa [29]; Map 71 North-East Africa [2]; Map 71 North-East Africa [30]; Map 71 North-East Africa [31]; Map 71 North-East Africa [32]; Map 71 North-East Africa [34]; Map 71 North-East Africa [37]; Map 71 North-East Africa [39]; Map 71 North-East Africa [3]; Map 71 North-East Africa [46]; Map 71 North-East Africa [47]; Map 71 North-East Africa [48]; Map 71 North-East Africa [49]; Map 71 North-East Africa [4]; Map 71 North-East Africa [50]; Map 71 North-East Africa [51]; Map 71 North-East Africa [54]; Map 71 North-East Africa [59]; Map 71 North-East Africa [5]; Map 71 North-East Africa [62]; Map 71 North-East Africa [65]; Map 71 North-East Africa [66]; Map 71 North-East Africa [6]; Map 71 North-East Africa [7]; Map 71 North-East Africa [8]; Map 72 Sudan and the Horn of Africa [10]; Map 72 Sudan and the Horn of Africa [111]; Map 72 Sudan and the Horn of Africa [11]; Map 72 Sudan and the Horn of Africa [12]; Map 72 Sudan and the Horn of Africa [13]; Map 72 Sudan and the Horn of Africa [14]; Map 72 Sudan and the Horn of Africa [16]; Map 72 Sudan and the Horn of Africa [17]; Map 72 Sudan and the Horn of Africa [18]; Map 72 Sudan and the Horn of Africa [19]; Map 72 Sudan and the Horn of Africa [1]; Map 72 Sudan and the Horn of Africa [22]; Map 72 Sudan and the Horn of Africa [23]; Map 72 Sudan and the Horn of Africa [26]; Map 72 Sudan and the Horn of Africa [27]; Map 72 Sudan and the Horn of Africa [28]; Map 72 Sudan and the Horn of Africa [2]; Map 72 Sudan and the Horn of Africa [32]; Map 72 Sudan and the Horn of Africa [33]; Map 72 Sudan and the Horn of Africa [34]; Map 72 Sudan and the Horn of Africa [35]; Map 72 Sudan and the Horn of Africa [36]; Map 72 Sudan and the Horn of Africa [37]; Map 72 Sudan and the Horn of Africa [38]; Map 72 Sudan and the Horn of Africa [39]; Map 72 Sudan and the Horn of Africa [3]; Map 72 Sudan and the Horn of Africa [40]; Map 72 Sudan and the Horn of Africa [41]; Map 72 Sudan and the Horn of Africa [42]; Map 72 Sudan and the Horn of Africa [43]; Map 72 Sudan and the Horn of Africa [44]; Map 72 Sudan and the Horn of Africa [45]; Map 72 Sudan and the Horn of Africa [46]; Map 72 Sudan and the Horn of Africa [47]; Map 72 Sudan and the Horn of Africa [48]; Map 72 Sudan and the Horn of Africa [49]; Map 72 Sudan and the Horn of Africa [4]; Map 72 Sudan and the Horn of Africa [50]; Map 72 Sudan and the Horn of Africa [51]; Map 72 Sudan and the Horn of Africa [52]; Map 72 Sudan and the Horn of Africa [53a]; Map 72 Sudan and the Horn of Africa [53b]; Map 72 Sudan and the Horn of Africa [53d]; Map 72 Sudan and the Horn of Africa [53e]; Map 72 Sudan and the Horn of Africa [53f]; Map 72 Sudan and the Horn of Africa [53g]; Map 72 Sudan and the Horn of Africa [53h]; Map 72 Sudan and the Horn of Africa [53i]; Map 72 Sudan and the Horn of Africa [53k]; Map 72 Sudan and the Horn of Africa [53m]; Map 72 Sudan and the Horn of Africa [53n]; Map 72 Sudan and the Horn of Africa [54]; Map 72 Sudan and the Horn of Africa [55a]; Map 72 Sudan and the Horn of Africa [55c]; Map 72 Sudan and the Horn of Africa [55d]; Map 72 Sudan and the Horn of Africa [55e]; Map 72 Sudan and the Horn of Africa [55f]; Map 72 Sudan and the Horn of Africa [56]; Map 72 Sudan and the Horn of Africa [57]; Map 72 Sudan and the Horn of Africa [59]; Map 72 Sudan and the Horn of Africa [5]; Map 72 Sudan and the Horn of Africa [60]; Map 72 Sudan and the Horn of Africa [62]; Map 72 Sudan and the Horn of Africa [63]; Map 72 Sudan and the Horn of Africa [64]; Map 72 Sudan and the Horn of Africa [65]; Map 72 Sudan and the Horn of Africa [66]; Map 72 Sudan and the Horn of Africa [67]; Map 72 Sudan and the Horn of Africa [68]; Map 72 Sudan and the Horn of Africa [69]; Map 72 Sudan and the Horn of Africa [6]; Map 72 Sudan and the Horn of Africa [70]; Map 72 Sudan and the Horn of Africa [72]; Map 72 Sudan and the Horn of Africa [7]; Map 72 Sudan and the Horn of Africa [7a]; Map 72 Sudan and the Horn of Africa [8]; Map 72 Sudan and the Horn of Africa [93]; Map 73 North-West Africa [12]; Map 73 North-West Africa [15]; Map 73 North-West Africa [16]; Map 73 North-West Africa [17]; Map 73 North-West Africa [18]; Map 73 North-West Africa [19]; Map 73 North-West Africa [1]; Map 73 North-West Africa [20]; Map 73 North-West Africa [24]; Map 73 North-West Africa [25]; Map 73 North-West Africa [26]; Map 73 North-West Africa [27]; Map 73 North-West Africa [29]; Map 73 North-West Africa [30]; Map 73 North-West Africa [31]; Map 73 North-West Africa [32]; Map 73 North-West Africa [37]; Map 73 North-West Africa [41]; Map 73 North-West Africa [43]; Map 73 North-West Africa [44]; Map 73 North-West Africa [45]; Map 73 North-West Africa [48]; Map 73 North-West Africa [49]; Map 73 North-West Africa [50]; Map 73 North-West Africa [52]; Map 73 North-West Africa [54]; Map 73 North-West Africa [57]; Map 73 North-West Africa [59]; Map 73 North-West Africa [63]; Map 73 North-West Africa [65]; Map 73 North-West Africa [66]; Map 73 North-West Africa [67]; Map 73 North-West Africa [68]; Map 73 North-West Africa [69]; Map 73 North-West Africa [6]; Map 73 North-West Africa [70]; Map 73 North-West Africa [71]; Map 73 North-West Africa [8]; Map 76 Southern Tanzania [69]; Map 76 Southern Tanzania [70]; Map 85 Kenyan Coast [38]; Map 85 Kenyan Coast [39]; Map 85 Kenyan Coast [40]; Map 85 Kenyan Coast [41a]; Map 85 Kenyan Coast [42]; Map 85 Kenyan Coast [43b]; Map 85 Kenyan Coast [43d]; Map 85 Kenyan Coast [43f]; Map 85 Kenyan Coast [43g]; Map 85 Kenyan Coast [43h]; Map 86 Central East Africa [90]; Map 86 Central East Africa [91]; Map 86 Central East Africa [92]; Map 86 Central East Africa [94]; Map 86 Central East Africa [95]; Map 86 Central East Africa [96b]; Map 86 Central East Africa [97]; Map 86 Central East Africa [98]; Map 89 Central African Republic and South-Eastern Chad [81a]; Map 89 Central African Republic and South-Eastern Chad [81b]; Map 89 Central African Republic and South-Eastern Chad [81c]; Map 89 Central African Republic and South-Eastern Chad [82a]; Map 89 Central African Republic and South-Eastern Chad [82b]; Map 89 Central African Republic and South-Eastern Chad [83c]; Map 89 Central African Republic and South-Eastern Chad [84]; Map 89 Central African Republic and South-Eastern Chad [85]; Map 89 Central African Republic and South-Eastern Chad [86]; Map 89 Central African Republic and South-Eastern Chad [87]; Map 89 Central African Republic and South-Eastern Chad [88]; Map 90 Central African Republic, South-Western Chad and Cameroon [46]; Map 90 Central African Republic, South-Western Chad and Cameroon [47]; Map 90 Central African Republic, South-Western Chad and Cameroon [48]; Map 90 Central African Republic, South-Western Chad and Cameroon [49]; Map 90 Central African Republic, South-Western Chad and Cameroon [50]; Map 90 Central African Republic, South-Western Chad and Cameroon [51]; Map 90 Central African Republic, South-Western Chad and Cameroon [52]; Map 90 Central African Republic, South-Western Chad and Cameroon [53]; Map 90 Central African Republic, South-Western Chad and Cameroon [54]; Map 90 Central African Republic, South-Western Chad and Cameroon [55]; Map 90 Central African Republic, South-Western Chad and Cameroon [56]; Map 90 Central African Republic, South-Western Chad and Cameroon [58]; Map 90 Central African Republic, South-Western Chad and Cameroon [59]; Map 90 Central African Republic, South-Western Chad and Cameroon [60]; Map 90 Central African Republic, South-Western Chad and Cameroon [61]; Map 90 Central African Republic, South-Western Chad and Cameroon [61a]; Map 90 Central African Republic, South-Western Chad and Cameroon [62]; Map 90 Central African Republic, South-Western Chad and Cameroon [63]; Map 90 Central African Republic, South-Western Chad and Cameroon [64]; Map 90 Central African Republic, South-Western Chad and Cameroon [65]; Map 90 Central African Republic, South-Western Chad and Cameroon [66]; Map 90 Central African Republic, South-Western Chad and Cameroon [68]; Map 90 Central African Republic, South-Western Chad and Cameroon [69]; Map 90 Central African Republic, South-Western Chad and Cameroon [70b]; Map 90 Central African Republic, South-Western Chad and Cameroon [70c]; Map 90 Central African Republic, South-Western Chad and Cameroon [70d]; Map 90 Central African Republic, South-Western Chad and Cameroon [70e]; Map 90 Central African Republic, South-Western Chad and Cameroon [71]; Map 90 Central African Republic, South-Western Chad and Cameroon [72]; Map 90 Central African Republic, South-Western Chad and Cameroon [73c]; Map 91 Adamawa Region [36a]; Map 91 Adamawa Region [61]; Map 91 Adamawa Region [62]; Map 91 Adamawa Region [62a]; Map 91 Adamawa Region [62b]; Map 91 Adamawa Region [63]; Map 91 Adamawa Region [64]; Map 91 Adamawa Region [65]; Map 91 Adamawa Region [66]; Map 91 Adamawa Region [68]; Map 91 Adamawa Region [69]; Map 91 Adamawa Region [71]; Map 94 Northern Cameroon [10]; Map 94 Northern Cameroon [10a]; Map 94 Northern Cameroon [11]; Map 94 Northern Cameroon [11a]; Map 94 Northern Cameroon [11b]; Map 94 Northern Cameroon [12]; Map 94 Northern Cameroon [13]; Map 94 Northern Cameroon [14]; Map 94 Northern Cameroon [15]; Map 94 Northern Cameroon [16]; Map 94 Northern Cameroon [17]; Map 94 Northern Cameroon [18]; Map 94 Northern Cameroon [19]; Map 94 Northern Cameroon [19a]; Map 94 Northern Cameroon [20]; Map 94 Northern Cameroon [21]; Map 94 Northern Cameroon [22]; Map 94 Northern Cameroon [23]; Map 94 Northern Cameroon [24]; Map 94 Northern Cameroon [25a]; Map 94 Northern Cameroon [25b]; Map 94 Northern Cameroon [26]; Map 94 Northern Cameroon [27]; Map 94 Northern Cameroon [28]; Map 94 Northern Cameroon [29]; Map 94 Northern Cameroon [30]; Map 94 Northern Cameroon [31]; Map 94 Northern Cameroon [32]; Map 94 Northern Cameroon [33]; Map 94 Northern Cameroon [34]; Map 94 Northern Cameroon [35]; Map 94 Northern Cameroon [36]; Map 94 Northern Cameroon [37]; Map 94 Northern Cameroon [38a]; Map 94 Northern Cameroon [38b]; Map 94 Northern Cameroon [39a]; Map 94 Northern Cameroon [39b]; Map 94 Northern Cameroon [40]; Map 94 Northern Cameroon [41]; Map 94 Northern Cameroon [42]; Map 94 Northern Cameroon [43]; Map 94 Northern Cameroon [44]; Map 94 Northern Cameroon [45]; Map 94 Northern Cameroon [46]; Map 94 Northern Cameroon [47]; Map 94 Northern Cameroon [48]; Map 94 Northern Cameroon [49]; Map 94 Northern Cameroon [50]; Map 94 Northern Cameroon [51]; Map 94 Northern Cameroon [52]; Map 94 Northern Cameroon [53]; Map 94 Northern Cameroon [54]; Map 94 Northern Cameroon [56a]; Map 94 Northern Cameroon [56b]; Map 94 Northern Cameroon [57]; Map 94 Northern Cameroon [58]; Map 94 Northern Cameroon [59]; Map 94 Northern Cameroon [60]; Map 94 Northern Cameroon [61]; Map 94 Northern Cameroon [62]; Map 94 Northern Cameroon [63]; Map 94 Northern Cameroon [64]; Map 94 Northern Cameroon [65]; Map 94 Northern Cameroon [66]; Map 94 Northern Cameroon [67]; Map 94 Northern Cameroon [9]; Map 95 South-Eastern Nigeria and Mid-Western Cameroon [101]; Map 95 South-Eastern Nigeria and Mid-Western Cameroon [102]; Map 96 South Plateau, Nigeria [31]; Map 96 South Plateau, Nigeria [59]; Map 96 South Plateau, Nigeria [60]; Map 96 South Plateau, Nigeria [61]; Map 96 South Plateau, Nigeria [62]; Map 96 South Plateau, Nigeria [63]; Map 96 South Plateau, Nigeria [64]; Map 96 South Plateau, Nigeria [65a]; Map 96 South Plateau, Nigeria [65b]; Map 96 South Plateau, Nigeria [65c]; Map 96 South Plateau, Nigeria [65d]; Map 96 South Plateau, Nigeria [65e]; Map 96 South Plateau, Nigeria [65f]; Map 96 South Plateau, Nigeria [66]; Map 96 South Plateau, Nigeria [67]; Map 96 South Plateau, Nigeria [68]; Map 96 South Plateau, Nigeria [69]; Map 96 South Plateau, Nigeria [70]; Map 96 South Plateau, Nigeria [71]; Map 96 South Plateau, Nigeria [72]; Map 96 South Plateau, Nigeria [73a]; Map 96 South Plateau, Nigeria [73b]; Map 96 South Plateau, Nigeria [74]; Map 96 South Plateau, Nigeria [75]; Map 96 South Plateau, Nigeria [76]; Map 96 South Plateau, Nigeria [77]; Map 96 South Plateau, Nigeria [78]; Map 96 South Plateau, Nigeria [79]; Map 96 South Plateau, Nigeria [80]; Map 96 South Plateau, Nigeria [81]; Map 96 South Plateau, Nigeria [82]; Map 96 South Plateau, Nigeria [84]; Map 96 South Plateau, Nigeria [85]; Map 96 South Plateau, Nigeria [86]; Map 97 North Plateau, Nigeria [68]; Map 97 North Plateau, Nigeria [69]; Map 97 North Plateau, Nigeria [70]; Map 97 North Plateau, Nigeria [71]; Map 97 North Plateau, Nigeria [72]; Map 97 North Plateau, Nigeria [73]; Map 97 North Plateau, Nigeria [73a]; Map 97 North Plateau, Nigeria [74]; Map 97 North Plateau, Nigeria [75]; Map 97 North Plateau, Nigeria [76]; Map 97 North Plateau, Nigeria [77]; Map 97 North Plateau, Nigeria [78]; Map 97 North Plateau, Nigeria [79]; Map 97 North Plateau, Nigeria [80]; Map 97 North Plateau, Nigeria [81]; Map 97 North Plateau, Nigeria [82]; Map 97 North Plateau, Nigeria [83]; Map 97 North Plateau, Nigeria [84]; Map 97 North Plateau, Nigeria [85]; Map 97 North Plateau, Nigeria [86]; Map 97 North Plateau, Nigeria [87]; Map 97 North Plateau, Nigeria [88]; Map 97 North Plateau, Nigeria [89]; Map 97 North Plateau, Nigeria [90]; Map 97 North Plateau, Nigeria [91]; Map 97 North Plateau, Nigeria [92]; Map 97 North Plateau, Nigeria [93]; Map 97 North Plateau, Nigeria [94]; Map 97 North Plateau, Nigeria [95]; Map 97 North Plateau, Nigeria [96]; Map 98 North-Eastern Nigeria [100]; Map 98 North-Eastern Nigeria [101]; Map 98 North-Eastern Nigeria [102]; Map 98 North-Eastern Nigeria [103]; Map 98 North-Eastern Nigeria [104]; Map 98 North-Eastern Nigeria [104a]; Map 98 North-Eastern Nigeria [105]; Map 98 North-Eastern Nigeria [106]; Map 98 North-Eastern Nigeria [107]; Map 98 North-Eastern Nigeria [108]; Map 98 North-Eastern Nigeria [108a]; Map 98 North-Eastern Nigeria [66]; Map 98 North-Eastern Nigeria [68]; Map 98 North-Eastern Nigeria [69]; Map 98 North-Eastern Nigeria [70]; Map 98 North-Eastern Nigeria [72]; Map 98 North-Eastern Nigeria [73]; Map 98 North-Eastern Nigeria [74]; Map 98 North-Eastern Nigeria [75]; Map 98 North-Eastern Nigeria [77]; Map 98 North-Eastern Nigeria [78]; Map 98 North-Eastern Nigeria [79]; Map 98 North-Eastern Nigeria [80]; Map 98 North-Eastern Nigeria [81]; Map 98 North-Eastern Nigeria [82]; Map 98 North-Eastern Nigeria [83]; Map 98 North-Eastern Nigeria [84]; Map 98 North-Eastern Nigeria [85]; Map 98 North-Eastern Nigeria [86]; Map 98 North-Eastern Nigeria [88]; Map 98 North-Eastern Nigeria [90]; Map 98 North-Eastern Nigeria [91]; Map 98 North-Eastern Nigeria [92]; Map 98 North-Eastern Nigeria [93]; Map 98 North-Eastern Nigeria [94]; Map 98 North-Eastern Nigeria [95]; Map 98 North-Eastern Nigeria [96]; Map 98 North-Eastern Nigeria [97]; Map 98 North-Eastern Nigeria [97a]; Map 98 North-Eastern Nigeria [99]; Map 99 Lake Chad Region [10]; Map 99 Lake Chad Region [11]; Map 99 Lake Chad Region [12]; Map 99 Lake Chad Region [12a]; Map 99 Lake Chad Region [13]; Map 99 Lake Chad Region [17]; Map 99 Lake Chad Region [19]; Map 99 Lake Chad Region [1]; Map 99 Lake Chad Region [2]; Map 99 Lake Chad Region [2a]; Map 99 Lake Chad Region [3]; Map 99 Lake Chad Region [4]; Map 99 Lake Chad Region [5]; Map 99 Lake Chad Region [6]; Map 99 Lake Chad Region [7]; Map 99 Lake Chad Region [9]"
ainu1252,Ainu,,,,ainu1252,,118,family,,families,"Map 50 Japan, Korea and Taiwan [25]"
algi1248,Algic,,,,algi1248,,284 363 692 768 988 1025 1091 1446 1461 1477 1488 1827 2134 2709 3322 3421 3483 3648 3657 3800 3827 3832 3901 3939 4034 4146 4162 4178 4465 4632 4696 4914 4957 5030 5248 5249 5328 5358 6115 6209 6409 6436 6472 6491 6718,family,,families,Map 1 East Coast and Great Lakes: Time of Contact [12]; Map 1 East Coast and Great Lakes: Time of Contact [13]; Map 1 East Coast and Great Lakes: Time of Contact [14]; Map 1 East Coast and Great Lakes: Time of Contact [15]; Map 1 East Coast and Great Lakes: Time of Contact [16]; Map 1 East Coast and Great Lakes: Time of Contact [17]; Map 1 East Coast and Great Lakes: Time of Contact [18]; Map 1 East Coast and Great Lakes: Time of Contact [19]; Map 1 East Coast and Great Lakes: Time of Contact [20]; Map 1 East Coast and Great Lakes: Time of Contact [21]; Map 1 East Coast and Great Lakes: Time of Contact [22]; Map 1 East Coast and Great Lakes: Time of Contact [23]; Map 1 East Coast and Great Lakes: Time of Contact [25]; Map 1 East Coast and Great Lakes: Time of Contact [26]; Map 1 East Coast and Great Lakes: Time of Contact [27]; Map 1 East Coast and Great Lakes: Time of Contact [28]; Map 1 East Coast and Great Lakes: Time of Contact [29]; Map 1 East Coast and Great Lakes: Time of Contact [30]; Map 1 East Coast and Great Lakes: Time of Contact [31]; Map 1 East Coast and Great Lakes: Time of Contact [32]; Map 1 East Coast and Great Lakes: Time of Contact [33]; Map 1 East Coast and Great Lakes: Time of Contact [34]; Map 4 California: Time of Contact [31]; Map 4 California: Time of Contact [32]; Map 5 The Great Plains: Time of Contact [10]; Map 5 The Great Plains: Time of Contact [11]; Map 5 The Great Plains: Time of Contact [12]; Map 5 The Great Plains: Time of Contact [7]; Map 5 The Great Plains: Time of Contact [9]; Map 7 Northern North America: Time of Contact [62]; Map 7 Northern North America: Time of Contact [63]; Map 7 Northern North America: Time of Contact [64]; Map 7 Northern North America: Time of Contact [65]; Map 7 Northern North America: Time of Contact [66]; Map 7 Northern North America: Time of Contact [67]; Map 7 Northern North America: Time of Contact [68]; Map 7 Northern North America: Time of Contact [69]; Map 7 Northern North America: Time of Contact [71]; Map 7 Northern North America: Time of Contact [72]; Map 7 Northern North America: Time of Contact [73]; Map 7 Northern North America: Time of Contact [74]; Map 7 Northern North America: Time of Contact [75]; Map 7 Northern North America: Time of Contact [76]; Map 7 Northern North America: Time of Contact [77]; Map 7 Northern North America: Time of Contact [78]
amto1249,Amto-Musan,,,,amto1249,,216 4054,family,,families,Map 33 Northern Papua New Guinea [369]; Map 33 Northern Papua New Guinea [370]
anga1289,Angan,,,,anga1289,,233 244 589 1942 2201 2410 2586 3286 3803 5158 5426 6545,family,,families,"Map 32 Southern Papua New Guinea [108, G]; Map 32 Southern Papua New Guinea [109]; Map 32 Southern Papua New Guinea [110]; Map 32 Southern Papua New Guinea [111]; Map 32 Southern Papua New Guinea [112]; Map 32 Southern Papua New Guinea [113]; Map 32 Southern Papua New Guinea [114]; Map 32 Southern Papua New Guinea [115]; Map 32 Southern Papua New Guinea [116]; Map 32 Southern Papua New Guinea [117]; Map 32 Southern Papua New Guinea [118]; Map 32 Southern Papua New Guinea [119]"
anim1240,Anim,,,,anim1240,,364 709 775 2156 3227 3613 3847 4059 5898 6003 6337 6595 6755,family,,families,Map 32 Southern Papua New Guinea [101]; Map 32 Southern Papua New Guinea [102]; Map 32 Southern Papua New Guinea [103]; Map 32 Southern Papua New Guinea [104]; Map 32 Southern Papua New Guinea [164]; Map 32 Southern Papua New Guinea [165]; Map 32 Southern Papua New Guinea [166]; Map 32 Southern Papua New Guinea [167]; Map 32 Southern Papua New Guinea [169]; Map 32 Southern Papua New Guinea [170]; Map 32 Southern Papua New Guinea [171]; Map 34 Irian Jaya [34]; Map 34 Irian Jaya [35]; Map 34 Irian Jaya [36]; Map 34 Irian Jaya [37]; Map 34 Irian Jaya [38]
araf1243,Arafundi,,,,araf1243,,169 3770,family,,families,Map 33 Northern Papua New Guinea [327]; Map 33 Northern Papua New Guinea [328]
arau1255,Araucanian,,,,arau1255,,3582,family,,families,Map 22 Southern South America: Time of Contact [249]
araw1281,Arawakan,,,,araw1281,,64 189 211 270 293 324 538 626 1783 2299 2364 2429 2440 2510 2531 3167 3425 3512 3520 3902 4486 4746 4791 4798 4809 4820 4871 4902 5361 5750 5821 6246 6257 6320 6324 6330 6366 6468 6528 6626,family,,families,Map 12 Northern South America: Time of Contact [100]; Map 12 Northern South America: Time of Contact [101]; Map 12 Northern South America: Time of Contact [103]; Map 12 Northern South America: Time of Contact [104]; Map 12 Northern South America: Time of Contact [105]; Map 12 Northern South America: Time of Contact [107a]; Map 12 Northern South America: Time of Contact [124]; Map 12 Northern South America: Time of Contact [75]; Map 12 Northern South America: Time of Contact [76]; Map 12 Northern South America: Time of Contact [77]; Map 12 Northern South America: Time of Contact [79]; Map 12 Northern South America: Time of Contact [80]; Map 12 Northern South America: Time of Contact [85]; Map 12 Northern South America: Time of Contact [86]; Map 12 Northern South America: Time of Contact [87]; Map 12 Northern South America: Time of Contact [90]; Map 12 Northern South America: Time of Contact [92]; Map 12 Northern South America: Time of Contact [93]; Map 12 Northern South America: Time of Contact [94]; Map 12 Northern South America: Time of Contact [95]; Map 12 Northern South America: Time of Contact [97]; Map 12 Northern South America: Time of Contact [98]; Map 14 Northern Pacific Coast: Time of Contact [108]; Map 14 Northern Pacific Coast: Time of Contact [119]; Map 14 Northern Pacific Coast: Time of Contact [96]; Map 16 Western Brazil: Time of Contact [117]; Map 16 Western Brazil: Time of Contact [121]; Map 16 Western Brazil: Time of Contact [122]; Map 16 Western Brazil: Time of Contact [123]; Map 16 Western Brazil: Time of Contact [72]; Map 16 Western Brazil: Time of Contact [81]; Map 16 Western Brazil: Time of Contact [82]; Map 16 Western Brazil: Time of Contact [83]; Map 18 Brazilian Atlantic Coast: Time of Contact [110]; Map 18 Brazilian Atlantic Coast: Time of Contact [112]; Map 18 Brazilian Atlantic Coast: Time of Contact [113]; Map 18 Brazilian Atlantic Coast: Time of Contact [115]; Map 20 Central Pacific Coast: Time of Contact [116]; Map 20 Central Pacific Coast: Time of Contact [118]; Map 20 Central Pacific Coast: Time of Contact [125]
araw1282,Arawan,,,,araw1282,,292 2223 2963 4818,family,,families,Map 16 Western Brazil: Time of Contact [127]; Map 16 Western Brazil: Time of Contact [128]; Map 16 Western Brazil: Time of Contact [130a]; Map 16 Western Brazil: Time of Contact [131]
atha1245,Athabaskan-Eyak-Tlingit,,,,atha1245,,105 422 643 645 979 989 1100 1116 1118 1178 1362 1500 1585 1670 1943 1959 2016 2053 2146 2260 2553 2737 2909 3023 3057 3268 3329 3674 3812 3972 4173 4358 4499 5236 5279 5470 5565 5657 5659 5715 5718 5912 5936 5989 6059 6129 6134 6136 6410,family,,families,Map 3 South-Western North America: Time of Contact [5]; Map 3 South-Western North America: Time of Contact [6]; Map 3 South-Western North America: Time of Contact [7]; Map 3 South-Western North America: Time of Contact [8]; Map 3 South-Western North America: Time of Contact [9]; Map 4 California: Time of Contact [22]; Map 4 California: Time of Contact [23]; Map 4 California: Time of Contact [24]; Map 4 California: Time of Contact [25]; Map 4 California: Time of Contact [26]; Map 4 California: Time of Contact [27]; Map 4 California: Time of Contact [28]; Map 4 California: Time of Contact [29]; Map 4 California: Time of Contact [30]; Map 5 The Great Plains: Time of Contact [36]; Map 5 The Great Plains: Time of Contact [39]; Map 6 North-Western Pacific America: Time of Contact [10]; Map 6 North-Western Pacific America: Time of Contact [11]; Map 6 North-Western Pacific America: Time of Contact [7]; Map 6 North-Western Pacific America: Time of Contact [8]; Map 6 North-Western Pacific America: Time of Contact [9]; Map 7 Northern North America: Time of Contact [12]; Map 7 Northern North America: Time of Contact [13]; Map 7 Northern North America: Time of Contact [14]; Map 7 Northern North America: Time of Contact [15]; Map 7 Northern North America: Time of Contact [16]; Map 7 Northern North America: Time of Contact [17]; Map 7 Northern North America: Time of Contact [18]; Map 7 Northern North America: Time of Contact [19]; Map 7 Northern North America: Time of Contact [20]; Map 7 Northern North America: Time of Contact [21]; Map 7 Northern North America: Time of Contact [22]; Map 7 Northern North America: Time of Contact [23]; Map 7 Northern North America: Time of Contact [24]; Map 7 Northern North America: Time of Contact [25]; Map 7 Northern North America: Time of Contact [26]; Map 7 Northern North America: Time of Contact [27]; Map 7 Northern North America: Time of Contact [28]; Map 7 Northern North America: Time of Contact [29]; Map 7 Northern North America: Time of Contact [30]; Map 7 Northern North America: Time of Contact [31]; Map 7 Northern North America: Time of Contact [32]; Map 7 Northern North America: Time of Contact [33]; Map 7 Northern North America: Time of Contact [34]; Map 7 Northern North America: Time of Contact [35]; Map 7 Northern North America: Time of Contact [36]; Map 7 Northern North America: Time of Contact [37]; Map 7 Northern North America: Time of Contact [38]; Map 7 Northern North America: Time of Contact [41]
atla1278,Atlantic-Congo,,,,atla1278,,2433 11 16 17 18 21 25 26 40 43 45 46 47 52 53 54 55 58 66 73 75 78 79 80 93 99 102 104 126 130 136 137 138 139 140 147 148 149 155 156 165 172 183 193 196 198 201 210 221 224 237 243 253 254 259 261 326 336 346 352 354 357 358 368 373 375 383 395 399 411 417 418 419 420 421 424 429 433 434 435 436 437 438 440 444 449 462 470 471 472 477 478 479 480 481 482 483 486 489 494 495 496 497 500 507 509 510 511 512 514 515 520 521 525 526 527 529 530 532 533 535 536 540 544 549 563 568 569 576 590 596 597 598 600 601 602 607 608 615 618 619 620 621 625 629 632 634 637 638 641 646 647 659 660 663 664 665 667 670 673 674 676 680 681 682 691 695 706 714 716 720 724 731 738 744 746 748 750 751 754 758 762 763 772 776 779 781 782 784 785 786 788 794 795 796 798 807 808 810 811 814 815 816 817 818 819 820 821 822 823 824 825 831 836 839 851 852 855 859 870 873 874 877 879 880 883 884 894 895 900 902 905 907 909 910 911 921 929 932 944 947 951 953 954 955 957 958 960 962 963 964 965 966 967 968 969 972 973 974 983 1006 1007 1010 1017 1029 1035 1039 1040 1044 1048 1072 1085 1089 1090 1105 1129 1130 1135 1139 1140 1154 1159 1160 1166 1167 1173 1174 1175 1216 1219 1226 1228 1236 1240 1246 1279 1281 1282 1286 1290 1318 1320 1324 1325 1329 1330 1331 1334 1337 1339 1354 1360 1364 1366 1367 1370 1371 1375 1376 1380 1390 1397 1398 1399 1401 1403 1406 1407 1418 1419 1422 1430 1434 1435 1441 1448 1451 1453 1454 1455 1456 1458 1493 1494 1495 1496 1498 1499 1502 1503 1504 1505 1506 1507 1508 1510 1515 1518 1520 1522 1523 1524 1525 1526 1529 1530 1532 1533 1539 1542 1543 1549 1551 1552 1553 1562 1563 1566 1567 1568 1572 1573 1574 1575 1577 1578 1579 1582 1584 1587 1589 1597 1598 1599 1600 1601 1607 1612 1616 1625 1626 1627 1628 1630 1633 1634 1635 1637 1639 1642 1643 1645 1655 1674 1682 1686 1687 1691 1721 1722 1724 1725 1726 1727 1728 1729 1730 1732 1733 1735 1736 1737 1740 1741 1742 1754 1770 1773 1775 1780 1781 1784 1789 1790 1798 1804 1807 1808 1814 1815 1842 1869 1875 1877 1878 1884 1885 1886 1896 1897 1898 1900 1901 1904 1905 1906 1910 1912 1913 1914 1939 1946 1947 1950 1951 1956 1969 1973 1976 1980 1981 1994 1997 2001 2010 2018 2019 2020 2021 2024 2040 2046 2048 2050 2057 2069 2072 2076 2077 2078 2079 2080 2083 2084 2086 2087 2091 2096 2099 2101 2102 2105 2109 2110 2111 2114 2117 2120 2123 2124 2125 2126 2127 2129 2130 2137 2138 2140 2142 2158 2166 2168 2172 2181 2182 2185 2186 2197 2202 2209 2210 2211 2248 2250 2252 2255 2257 2259 2262 2265 2277 2281 2282 2288 2295 2302 2311 2316 2317 2321 2322 2330 2332 2341 2346 2347 2348 2349 2366 2369 2371 2372 2377 2387 2388 2391 2394 2404 2415 2417 2418 2421 2425 2426 2434 2437 2439 2444 2453 2460 2461 2466 2481 2482 2507 2526 2535 2536 2539 2557 2559 2575 2581 2609 2611 2613 2620 2622 2623 2627 2634 2635 2636 2639 2640 2641 2647 2652 2654 2659 2679 2685 2702 2710 2718 2722 2723 2724 2728 2729 2734 2735 2745 2747 2749 2750 2756 2758 2764 2769 2770 2790 2800 2820 2821 2823 2832 2834 2837 2838 2841 2842 2843 2844 2846 2848 2850 2853 2857 2861 2873 2879 2883 2886 2889 2890 2891 2898 2899 2905 2912 2913 2916 2921 2924 2928 2933 2935 2938 2939 2957 2958 2970 2975 2980 2986 2989 2990 2997 2998 3002 3006 3007 3015 3018 3019 3026 3029 3030 3031 3035 3037 3047 3048 3049 3050 3055 3056 3058 3060 3061 3066 3067 3068 3070 3075 3077 3078 3080 3083 3088 3096 3129 3131 3138 3139 3142 3144 3147 3149 3153 3154 3156 3174 3175 3188 3189 3192 3193 3196 3197 3198 3200 3202 3204 3207 3210 3212 3213 3214 3217 3218 3223 3229 3236 3239 3241 3243 3246 3247 3249 3253 3254 3256 3259 3262 3266 3267 3270 3277 3278 3279 3280 3282 3283 3291 3292 3295 3298 3300 3301 3302 3303 3306 3307 3308 3311 3312 3313 3315 3316 3317 3332 3334 3336 3337 3338 3339 3340 3341 3342 3343 3345 3347 3348 3350 3354 3357 3358 3359 3360 3365 3366 3367 3376 3377 3378 3379 3380 3382 3387 3391 3393 3394 3396 3397 3399 3405 3410 3420 3422 3439 3443 3447 3448 3451 3454 3462 3466 3482 3492 3495 3498 3499 3501 3502 3503 3515 3530 3532 3537 3553 3555 3556 3559 3566 3567 3568 3573 3576 3586 3603 3619 3638 3639 3642 3652 3656 3668 3676 3681 3683 3701 3704 3705 3706 3708 3710 3711 3712 3713 3715 3716 3717 3718 3719 3720 3721 3724 3725 3726 3727 3729 3730 3731 3732 3733 3734 3735 3737 3739 3740 3741 3742 3743 3744 3745 3746 3747 3748 3749 3750 3751 3752 3753 3754 3755 3756 3758 3759 3760 3761 3762 3763 3765 3766 3767 3775 3777 3784 3785 3786 3791 3799 3805 3811 3814 3818 3823 3824 3825 3826 3836 3840 3842 3853 3854 3855 3856 3862 3866 3867 3873 3874 3877 3878 3879 3880 3881 3883 3890 3896 3908 3912 3917 3927 3931 3933 3934 3942 3943 3958 3960 3965 3967 3975 3976 3977 3981 3982 3984 3985 3986 3987 3988 3989 3990 3995 4003 4006 4011 4013 4014 4016 4017 4020 4021 4024 4025 4039 4056 4061 4062 4065 4068 4069 4070 4074 4075 4076 4077 4078 4079 4083 4084 4085 4093 4101 4103 4104 4108 4110 4120 4126 4138 4140 4143 4147 4153 4165 4167 4170 4180 4183 4184 4185 4186 4188 4190 4192 4193 4194 4195 4196 4197 4198 4199 4200 4201 4202 4203 4204 4206 4207 4208 4209 4211 4213 4214 4215 4216 4221 4222 4223 4225 4252 4255 4261 4268 4275 4276 4277 4278 4279 4281 4282 4284 4293 4297 4298 4299 4300 4301 4302 4303 4304 4305 4307 4308 4309 4313 4314 4315 4316 4317 4318 4319 4321 4322 4323 4324 4325 4326 4328 4330 4333 4334 4338 4341 4342 4343 4345 4346 4347 4348 4350 4351 4352 4355 4359 4360 4361 4364 4368 4376 4380 4391 4394 4395 4396 4397 4398 4399 4400 4401 4402 4403 4404 4405 4406 4407 4408 4409 4410 4411 4412 4413 4414 4415 4428 4429 4438 4441 4443 4444 4448 4449 4451 4452 4501 4510 4511 4512 4514 4515 4516 4517 4518 4519 4520 4521 4523 4524 4525 4529 4530 4535 4536 4544 4545 4546 4547 4548 4550 4553 4554 4559 4561 4562 4565 4566 4567 4568 4569 4575 4576 4577 4579 4581 4582 4584 4586 4587 4590 4591 4592 4593 4595 4596 4597 4599 4600 4601 4602 4603 4604 4606 4608 4609 4610 4611 4616 4617 4618 4622 4625 4626 4627 4628 4635 4639 4644 4648 4650 4657 4664 4674 4686 4687 4688 4691 4700 4702 4705 4706 4710 4718 4724 4729 4739 4750 4755 4756 4762 4763 4767 4770 4777 4782 4795 4810 4834 4835 4837 4841 4845 4868 4876 4883 4891 4892 4906 4923 4925 4929 4930 4931 4932 4938 4942 4943 4949 4959 4960 4970 4976 4977 4990 4994 5031 5034 5045 5067 5069 5076 5079 5081 5082 5087 5092 5095 5099 5102 5103 5118 5122 5123 5125 5128 5130 5131 5133 5139 5141 5142 5144 5149 5156 5157 5159 5160 5170 5175 5176 5178 5183 5186 5194 5195 5198 5201 5204 5208 5209 5215 5218 5219 5226 5227 5243 5266 5275 5277 5281 5283 5300 5301 5302 5305 5313 5314 5322 5339 5340 5341 5344 5345 5346 5347 5353 5355 5365 5370 5372 5373 5379 5380 5388 5389 5392 5411 5412 5413 5419 5437 5457 5458 5461 5465 5475 5478 5482 5485 5486 5492 5498 5500 5504 5513 5519 5520 5521 5525 5526 5528 5531 5535 5573 5583 5584 5585 5589 5593 5594 5599 5605 5606 5609 5610 5613 5619 5628 5629 5630 5631 5646 5647 5648 5652 5656 5682 5687 5688 5692 5695 5706 5709 5713 5744 5747 5753 5775 5776 5779 5783 5787 5790 5791 5793 5794 5803 5804 5805 5828 5834 5844 5854 5855 5861 5862 5865 5866 5870 5872 5890 5891 5897 5904 5911 5922 5927 5931 5945 5946 5948 5949 5950 5959 5966 5984 5986 5987 5993 5994 5995 5999 6000 6013 6014 6016 6018 6022 6023 6024 6028 6029 6030 6032 6035 6039 6045 6052 6057 6062 6063 6064 6067 6068 6080 6081 6084 6087 6089 6091 6093 6094 6096 6098 6099 6104 6105 6110 6114 6116 6118 6121 6137 6146 6160 6161 6168 6172 6174 6179 6183 6191 6196 6197 6200 6201 6202 6205 6207 6208 6210 6212 6214 6215 6217 6219 6231 6261 6264 6271 6274 6292 6299 6310 6349 6350 6363 6380 6392 6399 6400 6401 6403 6404 6405 6406 6407 6408 6442 6460 6485 6487 6489 6496 6499 6503 6504 6505 6506 6508 6510 6520 6526 6527 6542 6543 6549 6553 6554 6556 6561 6562 6564 6575 6577 6578 6586 6590 6593 6606 6607 6608 6609 6610 6612 6635 6636 6638 6641 6644 6645 6650 6667 6676 6680 6681 6682 6686 6696 6702 6711 6729 6731 6732 6733 6734 6735 6736 6740 6746 6750 6753 6758 6759 6760 6761 6763 6764 6790 6792 6800,family,,families,"Map 100 Northern Nigeria and Niger [18]; Map 100 Northern Nigeria and Niger [19]; Map 100 Northern Nigeria and Niger [20]; Map 100 Northern Nigeria and Niger [20a]; Map 100 Northern Nigeria and Niger [20b]; Map 100 Northern Nigeria and Niger [21]; Map 100 Northern Nigeria and Niger [22]; Map 100 Northern Nigeria and Niger [22a]; Map 100 Northern Nigeria and Niger [22b]; Map 100 Northern Nigeria and Niger [23]; Map 100 Northern Nigeria and Niger [24]; Map 100 Northern Nigeria and Niger [25]; Map 100 Northern Nigeria and Niger [26]; Map 100 Northern Nigeria and Niger [27]; Map 100 Northern Nigeria and Niger [28]; Map 100 Northern Nigeria and Niger [29]; Map 100 Northern Nigeria and Niger [F]; Map 101 South-Western Nigeria [10b]; Map 101 South-Western Nigeria [10c]; Map 101 South-Western Nigeria [11]; Map 101 South-Western Nigeria [12]; Map 101 South-Western Nigeria [13]; Map 101 South-Western Nigeria [14]; Map 101 South-Western Nigeria [15]; Map 101 South-Western Nigeria [16a]; Map 101 South-Western Nigeria [16b]; Map 101 South-Western Nigeria [17]; Map 101 South-Western Nigeria [18]; Map 101 South-Western Nigeria [19]; Map 101 South-Western Nigeria [20]; Map 101 South-Western Nigeria [21]; Map 101 South-Western Nigeria [22]; Map 101 South-Western Nigeria [23]; Map 101 South-Western Nigeria [24]; Map 101 South-Western Nigeria [25]; Map 101 South-Western Nigeria [26]; Map 101 South-Western Nigeria [28]; Map 101 South-Western Nigeria [29a]; Map 101 South-Western Nigeria [29b]; Map 101 South-Western Nigeria [29c]; Map 101 South-Western Nigeria [29d]; Map 101 South-Western Nigeria [29e]; Map 101 South-Western Nigeria [29f]; Map 101 South-Western Nigeria [30]; Map 101 South-Western Nigeria [31]; Map 101 South-Western Nigeria [32a]; Map 101 South-Western Nigeria [33]; Map 101 South-Western Nigeria [35]; Map 101 South-Western Nigeria [36]; Map 101 South-Western Nigeria [37]; Map 101 South-Western Nigeria [38a]; Map 101 South-Western Nigeria [38b]; Map 101 South-Western Nigeria [38c]; Map 101 South-Western Nigeria [41]; Map 101 South-Western Nigeria [42]; Map 101 South-Western Nigeria [43]; Map 101 South-Western Nigeria [44]; Map 101 South-Western Nigeria [45]; Map 101 South-Western Nigeria [46]; Map 101 South-Western Nigeria [47a]; Map 101 South-Western Nigeria [47b]; Map 101 South-Western Nigeria [47c]; Map 101 South-Western Nigeria [49]; Map 101 South-Western Nigeria [50]; Map 101 South-Western Nigeria [51]; Map 101 South-Western Nigeria [52]; Map 101 South-Western Nigeria [53]; Map 101 South-Western Nigeria [54]; Map 101 South-Western Nigeria [55]; Map 101 South-Western Nigeria [56]; Map 101 South-Western Nigeria [57]; Map 101 South-Western Nigeria [58]; Map 101 South-Western Nigeria [59]; Map 101 South-Western Nigeria [60a]; Map 101 South-Western Nigeria [60b, 60c, 60d]; Map 101 South-Western Nigeria [61]; Map 101 South-Western Nigeria [62a]; Map 101 South-Western Nigeria [62b]; Map 101 South-Western Nigeria [62c]; Map 101 South-Western Nigeria [63a]; Map 101 South-Western Nigeria [63b]; Map 101 South-Western Nigeria [63c]; Map 101 South-Western Nigeria [63d]; Map 101 South-Western Nigeria [63e]; Map 101 South-Western Nigeria [64]; Map 101 South-Western Nigeria [65]; Map 101 South-Western Nigeria [66]; Map 101 South-Western Nigeria [67]; Map 101 South-Western Nigeria [68]; Map 101 South-Western Nigeria [69]; Map 101 South-Western Nigeria [70]; Map 101 South-Western Nigeria [71]; Map 101 South-Western Nigeria [72]; Map 101 South-Western Nigeria [73]; Map 101 South-Western Nigeria [74]; Map 101 South-Western Nigeria [75]; Map 101 South-Western Nigeria [76]; Map 101 South-Western Nigeria [77]; Map 101 South-Western Nigeria [78b]; Map 101 South-Western Nigeria [78c]; Map 101 South-Western Nigeria [78d]; Map 101 South-Western Nigeria [79]; Map 101 South-Western Nigeria [80]; Map 101 South-Western Nigeria [81]; Map 101 South-Western Nigeria [81a]; Map 101 South-Western Nigeria [81b]; Map 101 South-Western Nigeria [82b]; Map 101 South-Western Nigeria [83]; Map 101 South-Western Nigeria [83a]; Map 101 South-Western Nigeria [83b]; Map 101 South-Western Nigeria [83c]; Map 101 South-Western Nigeria [85a]; Map 101 South-Western Nigeria [85b]; Map 101 South-Western Nigeria [85c]; Map 101 South-Western Nigeria [87]; Map 101 South-Western Nigeria [88]; Map 101 South-Western Nigeria [88a]; Map 101 South-Western Nigeria [88b]; Map 101 South-Western Nigeria [89a]; Map 101 South-Western Nigeria [89b]; Map 101 South-Western Nigeria [8a]; Map 101 South-Western Nigeria [8b]; Map 101 South-Western Nigeria [91]; Map 101 South-Western Nigeria [91a]; Map 101 South-Western Nigeria [91b]; Map 101 South-Western Nigeria [92]; Map 101 South-Western Nigeria [93]; Map 101 South-Western Nigeria [9]; Map 101 South-Western Nigeria [F]; Map 102 Benin and Togo [10]; Map 102 Benin and Togo [11]; Map 102 Benin and Togo [12]; Map 102 Benin and Togo [13]; Map 102 Benin and Togo [14]; Map 102 Benin and Togo [15]; Map 102 Benin and Togo [16]; Map 102 Benin and Togo [17]; Map 102 Benin and Togo [18]; Map 102 Benin and Togo [18a]; Map 102 Benin and Togo [19]; Map 102 Benin and Togo [1]; Map 102 Benin and Togo [1a]; Map 102 Benin and Togo [20]; Map 102 Benin and Togo [22]; Map 102 Benin and Togo [23]; Map 102 Benin and Togo [24]; Map 102 Benin and Togo [25]; Map 102 Benin and Togo [26]; Map 102 Benin and Togo [27]; Map 102 Benin and Togo [28]; Map 102 Benin and Togo [29]; Map 102 Benin and Togo [29a]; Map 102 Benin and Togo [2]; Map 102 Benin and Togo [2a]; Map 102 Benin and Togo [2b]; Map 102 Benin and Togo [30]; Map 102 Benin and Togo [30a]; Map 102 Benin and Togo [30b]; Map 102 Benin and Togo [30c]; Map 102 Benin and Togo [31]; Map 102 Benin and Togo [31a]; Map 102 Benin and Togo [31b]; Map 102 Benin and Togo [32]; Map 102 Benin and Togo [32a]; Map 102 Benin and Togo [33a]; Map 102 Benin and Togo [33b]; Map 102 Benin and Togo [35]; Map 102 Benin and Togo [37]; Map 102 Benin and Togo [38]; Map 102 Benin and Togo [39a]; Map 102 Benin and Togo [39b]; Map 102 Benin and Togo [3]; Map 102 Benin and Togo [40]; Map 102 Benin and Togo [41]; Map 102 Benin and Togo [42]; Map 102 Benin and Togo [43]; Map 102 Benin and Togo [44]; Map 102 Benin and Togo [45]; Map 102 Benin and Togo [46]; Map 102 Benin and Togo [47]; Map 102 Benin and Togo [48]; Map 102 Benin and Togo [49]; Map 102 Benin and Togo [4]; Map 102 Benin and Togo [4a]; Map 102 Benin and Togo [50]; Map 102 Benin and Togo [51]; Map 102 Benin and Togo [52]; Map 102 Benin and Togo [53]; Map 102 Benin and Togo [55]; Map 102 Benin and Togo [56]; Map 102 Benin and Togo [58]; Map 102 Benin and Togo [59]; Map 102 Benin and Togo [5]; Map 102 Benin and Togo [60]; Map 102 Benin and Togo [61]; Map 102 Benin and Togo [62a]; Map 102 Benin and Togo [62b]; Map 102 Benin and Togo [63]; Map 102 Benin and Togo [65]; Map 102 Benin and Togo [66]; Map 102 Benin and Togo [67]; Map 102 Benin and Togo [68]; Map 102 Benin and Togo [69]; Map 102 Benin and Togo [6]; Map 102 Benin and Togo [71]; Map 102 Benin and Togo [71a]; Map 102 Benin and Togo [72]; Map 102 Benin and Togo [73]; Map 102 Benin and Togo [74]; Map 102 Benin and Togo [7O]; Map 102 Benin and Togo [7a]; Map 102 Benin and Togo [8]; Map 102 Benin and Togo [9]; Map 102 Benin and Togo [D]; Map 102 Benin and Togo [F]; Map 102 Benin and Togo [L]; Map 103 Ghana [10]; Map 103 Ghana [11]; Map 103 Ghana [12]; Map 103 Ghana [13]; Map 103 Ghana [14]; Map 103 Ghana [15]; Map 103 Ghana [16]; Map 103 Ghana [17]; Map 103 Ghana [18]; Map 103 Ghana [19]; Map 103 Ghana [1]; Map 103 Ghana [20]; Map 103 Ghana [21]; Map 103 Ghana [22]; Map 103 Ghana [23]; Map 103 Ghana [25]; Map 103 Ghana [27]; Map 103 Ghana [28]; Map 103 Ghana [29]; Map 103 Ghana [29a]; Map 103 Ghana [2]; Map 103 Ghana [33]; Map 103 Ghana [34]; Map 103 Ghana [35]; Map 103 Ghana [36]; Map 103 Ghana [37]; Map 103 Ghana [39]; Map 103 Ghana [3]; Map 103 Ghana [40]; Map 103 Ghana [42]; Map 103 Ghana [43]; Map 103 Ghana [45]; Map 103 Ghana [47]; Map 103 Ghana [48]; Map 103 Ghana [49]; Map 103 Ghana [4]; Map 103 Ghana [50]; Map 103 Ghana [51]; Map 103 Ghana [52]; Map 103 Ghana [54]; Map 103 Ghana [55]; Map 103 Ghana [56]; Map 103 Ghana [57]; Map 103 Ghana [58]; Map 103 Ghana [59]; Map 103 Ghana [5]; Map 103 Ghana [61]; Map 103 Ghana [62]; Map 103 Ghana [63]; Map 103 Ghana [64]; Map 103 Ghana [65]; Map 103 Ghana [66]; Map 103 Ghana [67]; Map 103 Ghana [68]; Map 103 Ghana [69]; Map 103 Ghana [6a]; Map 103 Ghana [6b]; Map 103 Ghana [70]; Map 103 Ghana [71]; Map 103 Ghana [72]; Map 103 Ghana [73]; Map 103 Ghana [74]; Map 103 Ghana [75]; Map 103 Ghana [76]; Map 103 Ghana [77]; Map 103 Ghana [79]; Map 103 Ghana [7]; Map 103 Ghana [81]; Map 103 Ghana [82]; Map 103 Ghana [8]; Map 103 Ghana [9]; Map 104 Burkina Faso [10]; Map 104 Burkina Faso [11]; Map 104 Burkina Faso [12]; Map 104 Burkina Faso [13]; Map 104 Burkina Faso [14]; Map 104 Burkina Faso [15]; Map 104 Burkina Faso [16]; Map 104 Burkina Faso [17]; Map 104 Burkina Faso [18]; Map 104 Burkina Faso [19]; Map 104 Burkina Faso [20]; Map 104 Burkina Faso [21]; Map 104 Burkina Faso [22]; Map 104 Burkina Faso [23]; Map 104 Burkina Faso [24]; Map 104 Burkina Faso [25]; Map 104 Burkina Faso [26]; Map 104 Burkina Faso [27]; Map 104 Burkina Faso [28]; Map 104 Burkina Faso [29]; Map 104 Burkina Faso [31]; Map 104 Burkina Faso [33]; Map 104 Burkina Faso [34]; Map 104 Burkina Faso [35]; Map 104 Burkina Faso [37]; Map 104 Burkina Faso [38]; Map 104 Burkina Faso [39a]; Map 104 Burkina Faso [39b]; Map 104 Burkina Faso [40a]; Map 104 Burkina Faso [40b]; Map 104 Burkina Faso [41]; Map 104 Burkina Faso [42]; Map 104 Burkina Faso [43]; Map 104 Burkina Faso [44]; Map 104 Burkina Faso [45]; Map 104 Burkina Faso [46]; Map 104 Burkina Faso [50]; Map 104 Burkina Faso [51]; Map 104 Burkina Faso [52]; Map 104 Burkina Faso [53]; Map 104 Burkina Faso [54]; Map 104 Burkina Faso [55]; Map 104 Burkina Faso [56]; Map 104 Burkina Faso [57]; Map 104 Burkina Faso [58]; Map 104 Burkina Faso [59]; Map 104 Burkina Faso [5]; Map 104 Burkina Faso [60]; Map 104 Burkina Faso [61a]; Map 104 Burkina Faso [61b]; Map 104 Burkina Faso [62a]; Map 104 Burkina Faso [62b]; Map 104 Burkina Faso [63a]; Map 104 Burkina Faso [64]; Map 104 Burkina Faso [66]; Map 104 Burkina Faso [67]; Map 104 Burkina Faso [69]; Map 104 Burkina Faso [6]; Map 104 Burkina Faso [70]; Map 104 Burkina Faso [71]; Map 104 Burkina Faso [72]; Map 104 Burkina Faso [7]; Map 104 Burkina Faso [8]; Map 104 Burkina Faso [8a]; Map 104 Burkina Faso [8b]; Map 104 Burkina Faso [9]; Map 104 Burkina Faso [B]; Map 104 Burkina Faso [E]; Map 104 Burkina Faso [J]; Map 104 Burkina Faso [L]; Map 104 Burkina Faso [W]; Map 105 Ivory Coast [10]; Map 105 Ivory Coast [11]; Map 105 Ivory Coast [12]; Map 105 Ivory Coast [13]; Map 105 Ivory Coast [14]; Map 105 Ivory Coast [15]; Map 105 Ivory Coast [16]; Map 105 Ivory Coast [17]; Map 105 Ivory Coast [18]; Map 105 Ivory Coast [19]; Map 105 Ivory Coast [1]; Map 105 Ivory Coast [20]; Map 105 Ivory Coast [2]; Map 105 Ivory Coast [33]; Map 105 Ivory Coast [35]; Map 105 Ivory Coast [36]; Map 105 Ivory Coast [37]; Map 105 Ivory Coast [39]; Map 105 Ivory Coast [3]; Map 105 Ivory Coast [40]; Map 105 Ivory Coast [41]; Map 105 Ivory Coast [42]; Map 105 Ivory Coast [44]; Map 105 Ivory Coast [45]; Map 105 Ivory Coast [46]; Map 105 Ivory Coast [47a]; Map 105 Ivory Coast [48]; Map 105 Ivory Coast [49]; Map 105 Ivory Coast [4]; Map 105 Ivory Coast [51]; Map 105 Ivory Coast [52]; Map 105 Ivory Coast [53]; Map 105 Ivory Coast [54]; Map 105 Ivory Coast [55]; Map 105 Ivory Coast [56]; Map 105 Ivory Coast [57]; Map 105 Ivory Coast [58]; Map 105 Ivory Coast [59]; Map 105 Ivory Coast [5]; Map 105 Ivory Coast [60]; Map 105 Ivory Coast [60a]; Map 105 Ivory Coast [60b]; Map 105 Ivory Coast [61b]; Map 105 Ivory Coast [62]; Map 105 Ivory Coast [63]; Map 105 Ivory Coast [64]; Map 105 Ivory Coast [65]; Map 105 Ivory Coast [66]; Map 105 Ivory Coast [6]; Map 105 Ivory Coast [7]; Map 105 Ivory Coast [8]; Map 105 Ivory Coast [9]; Map 106 Liberia and Sierra Leone [1]; Map 106 Liberia and Sierra Leone [3]; Map 106 Liberia and Sierra Leone [4]; Map 106 Liberia and Sierra Leone [5]; Map 106 Liberia and Sierra Leone [6]; Map 106 Liberia and Sierra Leone [6a]; Map 106 Liberia and Sierra Leone [6b]; Map 106 Liberia and Sierra Leone [7]; Map 106 Liberia and Sierra Leone [8a]; Map 106 Liberia and Sierra Leone [8b]; Map 106 Liberia and Sierra Leone [8c]; Map 106 Liberia and Sierra Leone [8d]; Map 106 Liberia and Sierra Leone [8e]; Map 106 Liberia and Sierra Leone [F, 9]; Map 106 Liberia and Sierra Leone [G, 2]; Map 107 Guinea and Mali [10b]; Map 107 Guinea and Mali [11]; Map 107 Guinea and Mali [13]; Map 107 Guinea and Mali [14]; Map 107 Guinea and Mali [15]; Map 107 Guinea and Mali [16]; Map 107 Guinea and Mali [1a]; Map 107 Guinea and Mali [1b]; Map 107 Guinea and Mali [1c]; Map 107 Guinea and Mali [25]; Map 107 Guinea and Mali [26]; Map 107 Guinea and Mali [27]; Map 107 Guinea and Mali [2]; Map 107 Guinea and Mali [3]; Map 107 Guinea and Mali [4a]; Map 107 Guinea and Mali [4b]; Map 107 Guinea and Mali [5]; Map 107 Guinea and Mali [6]; Map 107 Guinea and Mali [7]; Map 107 Guinea and Mali [8a]; Map 108 Senegal, Gambia and Guinea Bissau [1, F]; Map 108 Senegal, Gambia and Guinea Bissau [10]; Map 108 Senegal, Gambia and Guinea Bissau [11]; Map 108 Senegal, Gambia and Guinea Bissau [12]; Map 108 Senegal, Gambia and Guinea Bissau [13]; Map 108 Senegal, Gambia and Guinea Bissau [15]; Map 108 Senegal, Gambia and Guinea Bissau [16]; Map 108 Senegal, Gambia and Guinea Bissau [17]; Map 108 Senegal, Gambia and Guinea Bissau [18]; Map 108 Senegal, Gambia and Guinea Bissau [19]; Map 108 Senegal, Gambia and Guinea Bissau [1a]; Map 108 Senegal, Gambia and Guinea Bissau [1b]; Map 108 Senegal, Gambia and Guinea Bissau [20]; Map 108 Senegal, Gambia and Guinea Bissau [21]; Map 108 Senegal, Gambia and Guinea Bissau [21a]; Map 108 Senegal, Gambia and Guinea Bissau [22]; Map 108 Senegal, Gambia and Guinea Bissau [24]; Map 108 Senegal, Gambia and Guinea Bissau [25]; Map 108 Senegal, Gambia and Guinea Bissau [26]; Map 108 Senegal, Gambia and Guinea Bissau [27]; Map 108 Senegal, Gambia and Guinea Bissau [28]; Map 108 Senegal, Gambia and Guinea Bissau [29]; Map 108 Senegal, Gambia and Guinea Bissau [2]; Map 108 Senegal, Gambia and Guinea Bissau [30]; Map 108 Senegal, Gambia and Guinea Bissau [32]; Map 108 Senegal, Gambia and Guinea Bissau [3]; Map 108 Senegal, Gambia and Guinea Bissau [4]; Map 108 Senegal, Gambia and Guinea Bissau [5]; Map 108 Senegal, Gambia and Guinea Bissau [6]; Map 108 Senegal, Gambia and Guinea Bissau [7]; Map 108 Senegal, Gambia and Guinea Bissau [8]; Map 108 Senegal, Gambia and Guinea Bissau [9]; Map 35 Australia: Time of Contact [34]; Map 35 Australia: Time of Contact [35]; Map 35 Australia: Time of Contact [36]; Map 35 Australia: Time of Contact [37]; Map 35 Australia: Time of Contact [38]; Map 72 Sudan and the Horn of Africa [140]; Map 72 Sudan and the Horn of Africa [196]; Map 72 Sudan and the Horn of Africa [197]; Map 72 Sudan and the Horn of Africa [198]; Map 72 Sudan and the Horn of Africa [199]; Map 72 Sudan and the Horn of Africa [200]; Map 72 Sudan and the Horn of Africa [201]; Map 72 Sudan and the Horn of Africa [202]; Map 72 Sudan and the Horn of Africa [203]; Map 72 Sudan and the Horn of Africa [204]; Map 72 Sudan and the Horn of Africa [205]; Map 72 Sudan and the Horn of Africa [206]; Map 72 Sudan and the Horn of Africa [207]; Map 72 Sudan and the Horn of Africa [208]; Map 73 North-West Africa [73]; Map 73 North-West Africa [74]; Map 74 Southern Africa [10]; Map 74 Southern Africa [11]; Map 74 Southern Africa [12]; Map 74 Southern Africa [13]; Map 74 Southern Africa [15]; Map 74 Southern Africa [16]; Map 74 Southern Africa [17]; Map 74 Southern Africa [18]; Map 74 Southern Africa [19]; Map 74 Southern Africa [1]; Map 74 Southern Africa [20]; Map 74 Southern Africa [22]; Map 74 Southern Africa [23]; Map 74 Southern Africa [24]; Map 74 Southern Africa [25]; Map 74 Southern Africa [26]; Map 74 Southern Africa [27]; Map 74 Southern Africa [29]; Map 74 Southern Africa [2]; Map 74 Southern Africa [30]; Map 74 Southern Africa [31]; Map 74 Southern Africa [32]; Map 74 Southern Africa [33]; Map 74 Southern Africa [34]; Map 74 Southern Africa [35]; Map 74 Southern Africa [36]; Map 74 Southern Africa [37a]; Map 74 Southern Africa [38]; Map 74 Southern Africa [39]; Map 74 Southern Africa [3]; Map 74 Southern Africa [40]; Map 74 Southern Africa [41]; Map 74 Southern Africa [42]; Map 74 Southern Africa [44]; Map 74 Southern Africa [44a]; Map 74 Southern Africa [4]; Map 74 Southern Africa [4a]; Map 74 Southern Africa [4b]; Map 74 Southern Africa [4c]; Map 74 Southern Africa [5]; Map 74 Southern Africa [5a]; Map 74 Southern Africa [5b]; Map 74 Southern Africa [5c]; Map 74 Southern Africa [5d]; Map 74 Southern Africa [5e]; Map 74 Southern Africa [6]; Map 74 Southern Africa [6a]; Map 74 Southern Africa [7X]; Map 74 Southern Africa [7]; Map 74 Southern Africa [7a]; Map 74 Southern Africa [7b]; Map 74 Southern Africa [7c]; Map 74 Southern Africa [7d]; Map 74 Southern Africa [7e]; Map 74 Southern Africa [7f]; Map 74 Southern Africa [7g]; Map 74 Southern Africa [7h]; Map 74 Southern Africa [7i]; Map 74 Southern Africa [8]; Map 74 Southern Africa [9]; Map 75 Mozambique [11]; Map 75 Mozambique [12]; Map 75 Mozambique [13]; Map 75 Mozambique [14]; Map 75 Mozambique [15]; Map 75 Mozambique [16]; Map 75 Mozambique [17]; Map 75 Mozambique [18]; Map 75 Mozambique [1]; Map 75 Mozambique [20]; Map 75 Mozambique [22]; Map 75 Mozambique [22a]; Map 75 Mozambique [23]; Map 75 Mozambique [24]; Map 75 Mozambique [25]; Map 75 Mozambique [26]; Map 75 Mozambique [27]; Map 75 Mozambique [28]; Map 75 Mozambique [29]; Map 75 Mozambique [2]; Map 75 Mozambique [30]; Map 75 Mozambique [32]; Map 75 Mozambique [33]; Map 75 Mozambique [34]; Map 75 Mozambique [35]; Map 75 Mozambique [36]; Map 75 Mozambique [37]; Map 75 Mozambique [38]; Map 75 Mozambique [39]; Map 75 Mozambique [3]; Map 75 Mozambique [40]; Map 75 Mozambique [41]; Map 75 Mozambique [42a]; Map 75 Mozambique [42b]; Map 75 Mozambique [42c]; Map 75 Mozambique [42d]; Map 75 Mozambique [42e]; Map 75 Mozambique [42f]; Map 75 Mozambique [42h]; Map 75 Mozambique [43]; Map 75 Mozambique [44]; Map 75 Mozambique [45]; Map 75 Mozambique [46]; Map 75 Mozambique [47]; Map 75 Mozambique [48]; Map 75 Mozambique [49a]; Map 75 Mozambique [49b]; Map 75 Mozambique [4]; Map 75 Mozambique [50]; Map 75 Mozambique [50a]; Map 75 Mozambique [51]; Map 75 Mozambique [5]; Map 75 Mozambique [6]; Map 75 Mozambique [7]; Map 75 Mozambique [8]; Map 75 Mozambique [9]; Map 75 Mozambique [9a]; Map 75 Mozambique [9b]; Map 76 Southern Tanzania [10]; Map 76 Southern Tanzania [11]; Map 76 Southern Tanzania [12]; Map 76 Southern Tanzania [13]; Map 76 Southern Tanzania [14]; Map 76 Southern Tanzania [15]; Map 76 Southern Tanzania [16]; Map 76 Southern Tanzania [17]; Map 76 Southern Tanzania [18]; Map 76 Southern Tanzania [19]; Map 76 Southern Tanzania [1]; Map 76 Southern Tanzania [1a]; Map 76 Southern Tanzania [1b]; Map 76 Southern Tanzania [1c]; Map 76 Southern Tanzania [1d]; Map 76 Southern Tanzania [1e]; Map 76 Southern Tanzania [1f]; Map 76 Southern Tanzania [1g]; Map 76 Southern Tanzania [20]; Map 76 Southern Tanzania [21]; Map 76 Southern Tanzania [22]; Map 76 Southern Tanzania [23]; Map 76 Southern Tanzania [24]; Map 76 Southern Tanzania [25]; Map 76 Southern Tanzania [26]; Map 76 Southern Tanzania [27]; Map 76 Southern Tanzania [28]; Map 76 Southern Tanzania [2]; Map 76 Southern Tanzania [2a]; Map 76 Southern Tanzania [30]; Map 76 Southern Tanzania [31]; Map 76 Southern Tanzania [32]; Map 76 Southern Tanzania [33]; Map 76 Southern Tanzania [34]; Map 76 Southern Tanzania [35]; Map 76 Southern Tanzania [36]; Map 76 Southern Tanzania [37]; Map 76 Southern Tanzania [38]; Map 76 Southern Tanzania [38a]; Map 76 Southern Tanzania [38b]; Map 76 Southern Tanzania [3]; Map 76 Southern Tanzania [41]; Map 76 Southern Tanzania [42]; Map 76 Southern Tanzania [43]; Map 76 Southern Tanzania [44]; Map 76 Southern Tanzania [45]; Map 76 Southern Tanzania [46]; Map 76 Southern Tanzania [47]; Map 76 Southern Tanzania [48]; Map 76 Southern Tanzania [49]; Map 76 Southern Tanzania [50]; Map 76 Southern Tanzania [51]; Map 76 Southern Tanzania [52]; Map 76 Southern Tanzania [53]; Map 76 Southern Tanzania [54]; Map 76 Southern Tanzania [55]; Map 76 Southern Tanzania [56]; Map 76 Southern Tanzania [57]; Map 76 Southern Tanzania [58]; Map 76 Southern Tanzania [59a]; Map 76 Southern Tanzania [59b]; Map 76 Southern Tanzania [5]; Map 76 Southern Tanzania [60]; Map 76 Southern Tanzania [61]; Map 76 Southern Tanzania [62]; Map 76 Southern Tanzania [63]; Map 76 Southern Tanzania [64]; Map 76 Southern Tanzania [65]; Map 76 Southern Tanzania [66]; Map 76 Southern Tanzania [67]; Map 76 Southern Tanzania [68]; Map 76 Southern Tanzania [6]; Map 76 Southern Tanzania [7]; Map 76 Southern Tanzania [8]; Map 76 Southern Tanzania [9]; Map 77 Zambia [10]; Map 77 Zambia [11]; Map 77 Zambia [12]; Map 77 Zambia [13]; Map 77 Zambia [14]; Map 77 Zambia [15]; Map 77 Zambia [16]; Map 77 Zambia [17]; Map 77 Zambia [18]; Map 77 Zambia [19]; Map 77 Zambia [1]; Map 77 Zambia [1a]; Map 77 Zambia [1b]; Map 77 Zambia [20a]; Map 77 Zambia [20b]; Map 77 Zambia [21]; Map 77 Zambia [22]; Map 77 Zambia [24]; Map 77 Zambia [24a]; Map 77 Zambia [24b]; Map 77 Zambia [24c]; Map 77 Zambia [24d]; Map 77 Zambia [25]; Map 77 Zambia [26]; Map 77 Zambia [27]; Map 77 Zambia [28]; Map 77 Zambia [29]; Map 77 Zambia [2]; Map 77 Zambia [30]; Map 77 Zambia [31]; Map 77 Zambia [33a]; Map 77 Zambia [33b]; Map 77 Zambia [34]; Map 77 Zambia [35]; Map 77 Zambia [36]; Map 77 Zambia [37]; Map 77 Zambia [38]; Map 77 Zambia [39]; Map 77 Zambia [3]; Map 77 Zambia [40]; Map 77 Zambia [41]; Map 77 Zambia [42]; Map 77 Zambia [43]; Map 77 Zambia [44]; Map 77 Zambia [45]; Map 77 Zambia [46]; Map 77 Zambia [46a]; Map 77 Zambia [48a]; Map 77 Zambia [49]; Map 77 Zambia [4]; Map 77 Zambia [52]; Map 77 Zambia [53]; Map 77 Zambia [54]; Map 77 Zambia [55]; Map 77 Zambia [56]; Map 77 Zambia [57]; Map 77 Zambia [57a]; Map 77 Zambia [58]; Map 77 Zambia [59]; Map 77 Zambia [5]; Map 77 Zambia [60]; Map 77 Zambia [61a]; Map 77 Zambia [61b]; Map 77 Zambia [62]; Map 77 Zambia [63]; Map 77 Zambia [64]; Map 77 Zambia [64a]; Map 77 Zambia [65]; Map 77 Zambia [66]; Map 77 Zambia [67]; Map 77 Zambia [68]; Map 77 Zambia [69]; Map 77 Zambia [70]; Map 77 Zambia [71]; Map 77 Zambia [72]; Map 77 Zambia [73a]; Map 77 Zambia [73b]; Map 77 Zambia [73c]; Map 77 Zambia [74]; Map 77 Zambia [7]; Map 77 Zambia [8]; Map 77 Zambia [9]; Map 78 Democratic Republic of Congo: Katang [10]; Map 78 Democratic Republic of Congo: Katang [11]; Map 78 Democratic Republic of Congo: Katang [12]; Map 78 Democratic Republic of Congo: Katang [13]; Map 78 Democratic Republic of Congo: Katang [13a]; Map 78 Democratic Republic of Congo: Katang [14a]; Map 78 Democratic Republic of Congo: Katang [14b]; Map 78 Democratic Republic of Congo: Katang [15a]; Map 78 Democratic Republic of Congo: Katang [15b]; Map 78 Democratic Republic of Congo: Katang [16]; Map 78 Democratic Republic of Congo: Katang [17]; Map 78 Democratic Republic of Congo: Katang [18]; Map 78 Democratic Republic of Congo: Katang [18a]; Map 78 Democratic Republic of Congo: Katang [20b]; Map 78 Democratic Republic of Congo: Katang [21]; Map 78 Democratic Republic of Congo: Katang [21a]; Map 78 Democratic Republic of Congo: Katang [23]; Map 78 Democratic Republic of Congo: Katang [24a]; Map 78 Democratic Republic of Congo: Katang [24b]; Map 78 Democratic Republic of Congo: Katang [24c]; Map 78 Democratic Republic of Congo: Katang [25]; Map 78 Democratic Republic of Congo: Katang [26]; Map 78 Democratic Republic of Congo: Katang [27]; Map 78 Democratic Republic of Congo: Katang [29]; Map 78 Democratic Republic of Congo: Katang [2]; Map 78 Democratic Republic of Congo: Katang [2a]; Map 78 Democratic Republic of Congo: Katang [2b]; Map 78 Democratic Republic of Congo: Katang [30]; Map 78 Democratic Republic of Congo: Katang [31]; Map 78 Democratic Republic of Congo: Katang [31a]; Map 78 Democratic Republic of Congo: Katang [32]; Map 78 Democratic Republic of Congo: Katang [33]; Map 78 Democratic Republic of Congo: Katang [34]; Map 78 Democratic Republic of Congo: Katang [35]; Map 78 Democratic Republic of Congo: Katang [35a]; Map 78 Democratic Republic of Congo: Katang [35b]; Map 78 Democratic Republic of Congo: Katang [36]; Map 78 Democratic Republic of Congo: Katang [37]; Map 78 Democratic Republic of Congo: Katang [38]; Map 78 Democratic Republic of Congo: Katang [39]; Map 78 Democratic Republic of Congo: Katang [3]; Map 78 Democratic Republic of Congo: Katang [40]; Map 78 Democratic Republic of Congo: Katang [41]; Map 78 Democratic Republic of Congo: Katang [42]; Map 78 Democratic Republic of Congo: Katang [43]; Map 78 Democratic Republic of Congo: Katang [44]; Map 78 Democratic Republic of Congo: Katang [45]; Map 78 Democratic Republic of Congo: Katang [46]; Map 78 Democratic Republic of Congo: Katang [4]; Map 78 Democratic Republic of Congo: Katang [5]; Map 78 Democratic Republic of Congo: Katang [6]; Map 78 Democratic Republic of Congo: Katang [8]; Map 78 Democratic Republic of Congo: Katang [9]; Map 79 Democratic Republic of Congo: Orienta [10]; Map 79 Democratic Republic of Congo: Orienta [11]; Map 79 Democratic Republic of Congo: Orienta [12]; Map 79 Democratic Republic of Congo: Orienta [13]; Map 79 Democratic Republic of Congo: Orienta [14]; Map 79 Democratic Republic of Congo: Orienta [15]; Map 79 Democratic Republic of Congo: Orienta [16]; Map 79 Democratic Republic of Congo: Orienta [17]; Map 79 Democratic Republic of Congo: Orienta [18]; Map 79 Democratic Republic of Congo: Orienta [19]; Map 79 Democratic Republic of Congo: Orienta [1]; Map 79 Democratic Republic of Congo: Orienta [1a]; Map 79 Democratic Republic of Congo: Orienta [20]; Map 79 Democratic Republic of Congo: Orienta [22]; Map 79 Democratic Republic of Congo: Orienta [23b]; Map 79 Democratic Republic of Congo: Orienta [23c]; Map 79 Democratic Republic of Congo: Orienta [25]; Map 79 Democratic Republic of Congo: Orienta [26]; Map 79 Democratic Republic of Congo: Orienta [28]; Map 79 Democratic Republic of Congo: Orienta [29]; Map 79 Democratic Republic of Congo: Orienta [2]; Map 79 Democratic Republic of Congo: Orienta [30]; Map 79 Democratic Republic of Congo: Orienta [31]; Map 79 Democratic Republic of Congo: Orienta [32]; Map 79 Democratic Republic of Congo: Orienta [33]; Map 79 Democratic Republic of Congo: Orienta [36]; Map 79 Democratic Republic of Congo: Orienta [37]; Map 79 Democratic Republic of Congo: Orienta [37a]; Map 79 Democratic Republic of Congo: Orienta [37b]; Map 79 Democratic Republic of Congo: Orienta [38]; Map 79 Democratic Republic of Congo: Orienta [39]; Map 79 Democratic Republic of Congo: Orienta [3]; Map 79 Democratic Republic of Congo: Orienta [3a]; Map 79 Democratic Republic of Congo: Orienta [40]; Map 79 Democratic Republic of Congo: Orienta [41]; Map 79 Democratic Republic of Congo: Orienta [41a]; Map 79 Democratic Republic of Congo: Orienta [41b]; Map 79 Democratic Republic of Congo: Orienta [41c]; Map 79 Democratic Republic of Congo: Orienta [41d]; Map 79 Democratic Republic of Congo: Orienta [42]; Map 79 Democratic Republic of Congo: Orienta [44]; Map 79 Democratic Republic of Congo: Orienta [45]; Map 79 Democratic Republic of Congo: Orienta [46]; Map 79 Democratic Republic of Congo: Orienta [47]; Map 79 Democratic Republic of Congo: Orienta [48]; Map 79 Democratic Republic of Congo: Orienta [49]; Map 79 Democratic Republic of Congo: Orienta [4]; Map 79 Democratic Republic of Congo: Orienta [4a]; Map 79 Democratic Republic of Congo: Orienta [50]; Map 79 Democratic Republic of Congo: Orienta [51]; Map 79 Democratic Republic of Congo: Orienta [52]; Map 79 Democratic Republic of Congo: Orienta [53]; Map 79 Democratic Republic of Congo: Orienta [54]; Map 79 Democratic Republic of Congo: Orienta [55a]; Map 79 Democratic Republic of Congo: Orienta [55b]; Map 79 Democratic Republic of Congo: Orienta [55c]; Map 79 Democratic Republic of Congo: Orienta [55d]; Map 79 Democratic Republic of Congo: Orienta [55e]; Map 79 Democratic Republic of Congo: Orienta [55f]; Map 79 Democratic Republic of Congo: Orienta [56b]; Map 79 Democratic Republic of Congo: Orienta [57]; Map 79 Democratic Republic of Congo: Orienta [5]; Map 79 Democratic Republic of Congo: Orienta [6]; Map 79 Democratic Republic of Congo: Orienta [7]; Map 79 Democratic Republic of Congo: Orienta [8]; Map 79 Democratic Republic of Congo: Orienta [9]; Map 80 Democratic Republic of Congo: Kivu [10]; Map 80 Democratic Republic of Congo: Kivu [11]; Map 80 Democratic Republic of Congo: Kivu [13]; Map 80 Democratic Republic of Congo: Kivu [14]; Map 80 Democratic Republic of Congo: Kivu [15]; Map 80 Democratic Republic of Congo: Kivu [16]; Map 80 Democratic Republic of Congo: Kivu [17]; Map 80 Democratic Republic of Congo: Kivu [17a]; Map 80 Democratic Republic of Congo: Kivu [18]; Map 80 Democratic Republic of Congo: Kivu [19]; Map 80 Democratic Republic of Congo: Kivu [1]; Map 80 Democratic Republic of Congo: Kivu [21]; Map 80 Democratic Republic of Congo: Kivu [22]; Map 80 Democratic Republic of Congo: Kivu [23]; Map 80 Democratic Republic of Congo: Kivu [23a]; Map 80 Democratic Republic of Congo: Kivu [25a]; Map 80 Democratic Republic of Congo: Kivu [25b]; Map 80 Democratic Republic of Congo: Kivu [26]; Map 80 Democratic Republic of Congo: Kivu [27]; Map 80 Democratic Republic of Congo: Kivu [28]; Map 80 Democratic Republic of Congo: Kivu [29]; Map 80 Democratic Republic of Congo: Kivu [2]; Map 80 Democratic Republic of Congo: Kivu [30]; Map 80 Democratic Republic of Congo: Kivu [31]; Map 80 Democratic Republic of Congo: Kivu [32]; Map 80 Democratic Republic of Congo: Kivu [33]; Map 80 Democratic Republic of Congo: Kivu [34]; Map 80 Democratic Republic of Congo: Kivu [34a]; Map 80 Democratic Republic of Congo: Kivu [34b]; Map 80 Democratic Republic of Congo: Kivu [34c]; Map 80 Democratic Republic of Congo: Kivu [36]; Map 80 Democratic Republic of Congo: Kivu [38]; Map 80 Democratic Republic of Congo: Kivu [39]; Map 80 Democratic Republic of Congo: Kivu [3]; Map 80 Democratic Republic of Congo: Kivu [40a]; Map 80 Democratic Republic of Congo: Kivu [40b]; Map 80 Democratic Republic of Congo: Kivu [40c]; Map 80 Democratic Republic of Congo: Kivu [40d]; Map 80 Democratic Republic of Congo: Kivu [42]; Map 80 Democratic Republic of Congo: Kivu [43]; Map 80 Democratic Republic of Congo: Kivu [44]; Map 80 Democratic Republic of Congo: Kivu [45]; Map 80 Democratic Republic of Congo: Kivu [45b]; Map 80 Democratic Republic of Congo: Kivu [46]; Map 80 Democratic Republic of Congo: Kivu [46a]; Map 80 Democratic Republic of Congo: Kivu [46b]; Map 80 Democratic Republic of Congo: Kivu [46c]; Map 80 Democratic Republic of Congo: Kivu [46d]; Map 80 Democratic Republic of Congo: Kivu [47]; Map 80 Democratic Republic of Congo: Kivu [48]; Map 80 Democratic Republic of Congo: Kivu [49]; Map 80 Democratic Republic of Congo: Kivu [4]; Map 80 Democratic Republic of Congo: Kivu [4a]; Map 80 Democratic Republic of Congo: Kivu [4b]; Map 80 Democratic Republic of Congo: Kivu [4c]; Map 80 Democratic Republic of Congo: Kivu [4d]; Map 80 Democratic Republic of Congo: Kivu [4h]; Map 80 Democratic Republic of Congo: Kivu [4i]; Map 80 Democratic Republic of Congo: Kivu [4j]; Map 80 Democratic Republic of Congo: Kivu [4k]; Map 80 Democratic Republic of Congo: Kivu [50]; Map 80 Democratic Republic of Congo: Kivu [51]; Map 80 Democratic Republic of Congo: Kivu [52]; Map 80 Democratic Republic of Congo: Kivu [53]; Map 80 Democratic Republic of Congo: Kivu [55]; Map 80 Democratic Republic of Congo: Kivu [56]; Map 80 Democratic Republic of Congo: Kivu [57]; Map 80 Democratic Republic of Congo: Kivu [58]; Map 80 Democratic Republic of Congo: Kivu [59]; Map 80 Democratic Republic of Congo: Kivu [5]; Map 80 Democratic Republic of Congo: Kivu [61]; Map 80 Democratic Republic of Congo: Kivu [61a]; Map 80 Democratic Republic of Congo: Kivu [62]; Map 80 Democratic Republic of Congo: Kivu [63]; Map 80 Democratic Republic of Congo: Kivu [64a]; Map 80 Democratic Republic of Congo: Kivu [64b]; Map 80 Democratic Republic of Congo: Kivu [64c]; Map 80 Democratic Republic of Congo: Kivu [66]; Map 80 Democratic Republic of Congo: Kivu [68]; Map 80 Democratic Republic of Congo: Kivu [6]; Map 80 Democratic Republic of Congo: Kivu [70]; Map 80 Democratic Republic of Congo: Kivu [71]; Map 80 Democratic Republic of Congo: Kivu [71a]; Map 80 Democratic Republic of Congo: Kivu [71b]; Map 80 Democratic Republic of Congo: Kivu [71c]; Map 80 Democratic Republic of Congo: Kivu [71d]; Map 80 Democratic Republic of Congo: Kivu [71e]; Map 80 Democratic Republic of Congo: Kivu [71f]; Map 80 Democratic Republic of Congo: Kivu [71g]; Map 80 Democratic Republic of Congo: Kivu [71i]; Map 80 Democratic Republic of Congo: Kivu [71j]; Map 80 Democratic Republic of Congo: Kivu [72]; Map 80 Democratic Republic of Congo: Kivu [73]; Map 80 Democratic Republic of Congo: Kivu [74]; Map 80 Democratic Republic of Congo: Kivu [75]; Map 80 Democratic Republic of Congo: Kivu [7]; Map 80 Democratic Republic of Congo: Kivu [8]; Map 81 Democratic Republic of Congo: Kasai [10]; Map 81 Democratic Republic of Congo: Kasai [11]; Map 81 Democratic Republic of Congo: Kasai [11a]; Map 81 Democratic Republic of Congo: Kasai [11b]; Map 81 Democratic Republic of Congo: Kasai [11c]; Map 81 Democratic Republic of Congo: Kasai [12]; Map 81 Democratic Republic of Congo: Kasai [13]; Map 81 Democratic Republic of Congo: Kasai [14]; Map 81 Democratic Republic of Congo: Kasai [15]; Map 81 Democratic Republic of Congo: Kasai [16]; Map 81 Democratic Republic of Congo: Kasai [17]; Map 81 Democratic Republic of Congo: Kasai [18]; Map 81 Democratic Republic of Congo: Kasai [19]; Map 81 Democratic Republic of Congo: Kasai [1]; Map 81 Democratic Republic of Congo: Kasai [1a]; Map 81 Democratic Republic of Congo: Kasai [1b]; Map 81 Democratic Republic of Congo: Kasai [1c]; Map 81 Democratic Republic of Congo: Kasai [1d]; Map 81 Democratic Republic of Congo: Kasai [1e]; Map 81 Democratic Republic of Congo: Kasai [1f]; Map 81 Democratic Republic of Congo: Kasai [1g]; Map 81 Democratic Republic of Congo: Kasai [1h]; Map 81 Democratic Republic of Congo: Kasai [1j]; Map 81 Democratic Republic of Congo: Kasai [1k]; Map 81 Democratic Republic of Congo: Kasai [1l]; Map 81 Democratic Republic of Congo: Kasai [1m]; Map 81 Democratic Republic of Congo: Kasai [1n]; Map 81 Democratic Republic of Congo: Kasai [1o]; Map 81 Democratic Republic of Congo: Kasai [1p]; Map 81 Democratic Republic of Congo: Kasai [1q]; Map 81 Democratic Republic of Congo: Kasai [1r]; Map 81 Democratic Republic of Congo: Kasai [1s]; Map 81 Democratic Republic of Congo: Kasai [1t]; Map 81 Democratic Republic of Congo: Kasai [1v]; Map 81 Democratic Republic of Congo: Kasai [1w]; Map 81 Democratic Republic of Congo: Kasai [1x]; Map 81 Democratic Republic of Congo: Kasai [1y]; Map 81 Democratic Republic of Congo: Kasai [20]; Map 81 Democratic Republic of Congo: Kasai [22]; Map 81 Democratic Republic of Congo: Kasai [23]; Map 81 Democratic Republic of Congo: Kasai [24]; Map 81 Democratic Republic of Congo: Kasai [25]; Map 81 Democratic Republic of Congo: Kasai [26]; Map 81 Democratic Republic of Congo: Kasai [27]; Map 81 Democratic Republic of Congo: Kasai [28]; Map 81 Democratic Republic of Congo: Kasai [29]; Map 81 Democratic Republic of Congo: Kasai [2]; Map 81 Democratic Republic of Congo: Kasai [30]; Map 81 Democratic Republic of Congo: Kasai [31]; Map 81 Democratic Republic of Congo: Kasai [32]; Map 81 Democratic Republic of Congo: Kasai [32b]; Map 81 Democratic Republic of Congo: Kasai [34]; Map 81 Democratic Republic of Congo: Kasai [36]; Map 81 Democratic Republic of Congo: Kasai [37]; Map 81 Democratic Republic of Congo: Kasai [38]; Map 81 Democratic Republic of Congo: Kasai [39]; Map 81 Democratic Republic of Congo: Kasai [3]; Map 81 Democratic Republic of Congo: Kasai [40]; Map 81 Democratic Republic of Congo: Kasai [41]; Map 81 Democratic Republic of Congo: Kasai [42]; Map 81 Democratic Republic of Congo: Kasai [44]; Map 81 Democratic Republic of Congo: Kasai [46]; Map 81 Democratic Republic of Congo: Kasai [47]; Map 81 Democratic Republic of Congo: Kasai [48]; Map 81 Democratic Republic of Congo: Kasai [49]; Map 81 Democratic Republic of Congo: Kasai [49a]; Map 81 Democratic Republic of Congo: Kasai [4]; Map 81 Democratic Republic of Congo: Kasai [4a]; Map 81 Democratic Republic of Congo: Kasai [50]; Map 81 Democratic Republic of Congo: Kasai [51]; Map 81 Democratic Republic of Congo: Kasai [52]; Map 81 Democratic Republic of Congo: Kasai [53]; Map 81 Democratic Republic of Congo: Kasai [54]; Map 81 Democratic Republic of Congo: Kasai [55]; Map 81 Democratic Republic of Congo: Kasai [56]; Map 81 Democratic Republic of Congo: Kasai [57]; Map 81 Democratic Republic of Congo: Kasai [57a]; Map 81 Democratic Republic of Congo: Kasai [58]; Map 81 Democratic Republic of Congo: Kasai [59]; Map 81 Democratic Republic of Congo: Kasai [5]; Map 81 Democratic Republic of Congo: Kasai [60]; Map 81 Democratic Republic of Congo: Kasai [61]; Map 81 Democratic Republic of Congo: Kasai [62]; Map 81 Democratic Republic of Congo: Kasai [63]; Map 81 Democratic Republic of Congo: Kasai [64]; Map 81 Democratic Republic of Congo: Kasai [65]; Map 81 Democratic Republic of Congo: Kasai [66]; Map 81 Democratic Republic of Congo: Kasai [67]; Map 81 Democratic Republic of Congo: Kasai [68]; Map 81 Democratic Republic of Congo: Kasai [69]; Map 81 Democratic Republic of Congo: Kasai [6]; Map 81 Democratic Republic of Congo: Kasai [70]; Map 81 Democratic Republic of Congo: Kasai [72]; Map 81 Democratic Republic of Congo: Kasai [73]; Map 81 Democratic Republic of Congo: Kasai [75]; Map 81 Democratic Republic of Congo: Kasai [77]; Map 81 Democratic Republic of Congo: Kasai [7a]; Map 81 Democratic Republic of Congo: Kasai [7b]; Map 81 Democratic Republic of Congo: Kasai [7c]; Map 81 Democratic Republic of Congo: Kasai [8]; Map 81 Democratic Republic of Congo: Kasai [9]; Map 82 Democratic Republic of Congo: Equate [10]; Map 82 Democratic Republic of Congo: Equate [11]; Map 82 Democratic Republic of Congo: Equate [12]; Map 82 Democratic Republic of Congo: Equate [13]; Map 82 Democratic Republic of Congo: Equate [14]; Map 82 Democratic Republic of Congo: Equate [15]; Map 82 Democratic Republic of Congo: Equate [16]; Map 82 Democratic Republic of Congo: Equate [17]; Map 82 Democratic Republic of Congo: Equate [18]; Map 82 Democratic Republic of Congo: Equate [1]; Map 82 Democratic Republic of Congo: Equate [21]; Map 82 Democratic Republic of Congo: Equate [24]; Map 82 Democratic Republic of Congo: Equate [25]; Map 82 Democratic Republic of Congo: Equate [27]; Map 82 Democratic Republic of Congo: Equate [28]; Map 82 Democratic Republic of Congo: Equate [28a]; Map 82 Democratic Republic of Congo: Equate [28b]; Map 82 Democratic Republic of Congo: Equate [2]; Map 82 Democratic Republic of Congo: Equate [30]; Map 82 Democratic Republic of Congo: Equate [32]; Map 82 Democratic Republic of Congo: Equate [33]; Map 82 Democratic Republic of Congo: Equate [34]; Map 82 Democratic Republic of Congo: Equate [34a]; Map 82 Democratic Republic of Congo: Equate [34b]; Map 82 Democratic Republic of Congo: Equate [34c]; Map 82 Democratic Republic of Congo: Equate [34d]; Map 82 Democratic Republic of Congo: Equate [35]; Map 82 Democratic Republic of Congo: Equate [35a]; Map 82 Democratic Republic of Congo: Equate [35b]; Map 82 Democratic Republic of Congo: Equate [36]; Map 82 Democratic Republic of Congo: Equate [37]; Map 82 Democratic Republic of Congo: Equate [3]; Map 82 Democratic Republic of Congo: Equate [40]; Map 82 Democratic Republic of Congo: Equate [41]; Map 82 Democratic Republic of Congo: Equate [42]; Map 82 Democratic Republic of Congo: Equate [42a]; Map 82 Democratic Republic of Congo: Equate [42b]; Map 82 Democratic Republic of Congo: Equate [42c]; Map 82 Democratic Republic of Congo: Equate [42d]; Map 82 Democratic Republic of Congo: Equate [43]; Map 82 Democratic Republic of Congo: Equate [44]; Map 82 Democratic Republic of Congo: Equate [45]; Map 82 Democratic Republic of Congo: Equate [46]; Map 82 Democratic Republic of Congo: Equate [47]; Map 82 Democratic Republic of Congo: Equate [48]; Map 82 Democratic Republic of Congo: Equate [49, A]; Map 82 Democratic Republic of Congo: Equate [4]; Map 82 Democratic Republic of Congo: Equate [50]; Map 82 Democratic Republic of Congo: Equate [51]; Map 82 Democratic Republic of Congo: Equate [52]; Map 82 Democratic Republic of Congo: Equate [53]; Map 82 Democratic Republic of Congo: Equate [54]; Map 82 Democratic Republic of Congo: Equate [55]; Map 82 Democratic Republic of Congo: Equate [56]; Map 82 Democratic Republic of Congo: Equate [57]; Map 82 Democratic Republic of Congo: Equate [58]; Map 82 Democratic Republic of Congo: Equate [59, A]; Map 82 Democratic Republic of Congo: Equate [5]; Map 82 Democratic Republic of Congo: Equate [60]; Map 82 Democratic Republic of Congo: Equate [62]; Map 82 Democratic Republic of Congo: Equate [63]; Map 82 Democratic Republic of Congo: Equate [65]; Map 82 Democratic Republic of Congo: Equate [66]; Map 82 Democratic Republic of Congo: Equate [67]; Map 82 Democratic Republic of Congo: Equate [68]; Map 82 Democratic Republic of Congo: Equate [70]; Map 82 Democratic Republic of Congo: Equate [7]; Map 82 Democratic Republic of Congo: Equate [8]; Map 82 Democratic Republic of Congo: Equate [9]; Map 83 Democratic Republic of Congo: Bas Congo and Southern Congo [10]; Map 83 Democratic Republic of Congo: Bas Congo and Southern Congo [11]; Map 83 Democratic Republic of Congo: Bas Congo and Southern Congo [12]; Map 83 Democratic Republic of Congo: Bas Congo and Southern Congo [13a]; Map 83 Democratic Republic of Congo: Bas Congo and Southern Congo [13b]; Map 83 Democratic Republic of Congo: Bas Congo and Southern Congo [13c]; Map 83 Democratic Republic of Congo: Bas Congo and Southern Congo [13d]; Map 83 Democratic Republic of Congo: Bas Congo and Southern Congo [14]; Map 83 Democratic Republic of Congo: Bas Congo and Southern Congo [14a, 15a]; Map 83 Democratic Republic of Congo: Bas Congo and Southern Congo [15]; Map 83 Democratic Republic of Congo: Bas Congo and Southern Congo [15c]; Map 83 Democratic Republic of Congo: Bas Congo and Southern Congo [17]; Map 83 Democratic Republic of Congo: Bas Congo and Southern Congo [17a]; Map 83 Democratic Republic of Congo: Bas Congo and Southern Congo [17b]; Map 83 Democratic Republic of Congo: Bas Congo and Southern Congo [17c]; Map 83 Democratic Republic of Congo: Bas Congo and Southern Congo [18]; Map 83 Democratic Republic of Congo: Bas Congo and Southern Congo [19]; Map 83 Democratic Republic of Congo: Bas Congo and Southern Congo [1]; Map 83 Democratic Republic of Congo: Bas Congo and Southern Congo [20]; Map 83 Democratic Republic of Congo: Bas Congo and Southern Congo [21]; Map 83 Democratic Republic of Congo: Bas Congo and Southern Congo [22]; Map 83 Democratic Republic of Congo: Bas Congo and Southern Congo [23]; Map 83 Democratic Republic of Congo: Bas Congo and Southern Congo [24]; Map 83 Democratic Republic of Congo: Bas Congo and Southern Congo [25]; Map 83 Democratic Republic of Congo: Bas Congo and Southern Congo [26, 26a]; Map 83 Democratic Republic of Congo: Bas Congo and Southern Congo [27]; Map 83 Democratic Republic of Congo: Bas Congo and Southern Congo [28]; Map 83 Democratic Republic of Congo: Bas Congo and Southern Congo [28b]; Map 83 Democratic Republic of Congo: Bas Congo and Southern Congo [28c]; Map 83 Democratic Republic of Congo: Bas Congo and Southern Congo [28d]; Map 83 Democratic Republic of Congo: Bas Congo and Southern Congo [28e]; Map 83 Democratic Republic of Congo: Bas Congo and Southern Congo [28f]; Map 83 Democratic Republic of Congo: Bas Congo and Southern Congo [29]; Map 83 Democratic Republic of Congo: Bas Congo and Southern Congo [29a]; Map 83 Democratic Republic of Congo: Bas Congo and Southern Congo [2]; Map 83 Democratic Republic of Congo: Bas Congo and Southern Congo [30]; Map 83 Democratic Republic of Congo: Bas Congo and Southern Congo [31]; Map 83 Democratic Republic of Congo: Bas Congo and Southern Congo [32]; Map 83 Democratic Republic of Congo: Bas Congo and Southern Congo [33]; Map 83 Democratic Republic of Congo: Bas Congo and Southern Congo [34]; Map 83 Democratic Republic of Congo: Bas Congo and Southern Congo [34a]; Map 83 Democratic Republic of Congo: Bas Congo and Southern Congo [34b]; Map 83 Democratic Republic of Congo: Bas Congo and Southern Congo [34c]; Map 83 Democratic Republic of Congo: Bas Congo and Southern Congo [34d]; Map 83 Democratic Republic of Congo: Bas Congo and Southern Congo [35]; Map 83 Democratic Republic of Congo: Bas Congo and Southern Congo [36]; Map 83 Democratic Republic of Congo: Bas Congo and Southern Congo [37]; Map 83 Democratic Republic of Congo: Bas Congo and Southern Congo [38]; Map 83 Democratic Republic of Congo: Bas Congo and Southern Congo [39]; Map 83 Democratic Republic of Congo: Bas Congo and Southern Congo [39a]; Map 83 Democratic Republic of Congo: Bas Congo and Southern Congo [3]; Map 83 Democratic Republic of Congo: Bas Congo and Southern Congo [40]; Map 83 Democratic Republic of Congo: Bas Congo and Southern Congo [40a]; Map 83 Democratic Republic of Congo: Bas Congo and Southern Congo [41]; Map 83 Democratic Republic of Congo: Bas Congo and Southern Congo [42]; Map 83 Democratic Republic of Congo: Bas Congo and Southern Congo [43]; Map 83 Democratic Republic of Congo: Bas Congo and Southern Congo [44]; Map 83 Democratic Republic of Congo: Bas Congo and Southern Congo [45]; Map 83 Democratic Republic of Congo: Bas Congo and Southern Congo [46]; Map 83 Democratic Republic of Congo: Bas Congo and Southern Congo [47]; Map 83 Democratic Republic of Congo: Bas Congo and Southern Congo [49]; Map 83 Democratic Republic of Congo: Bas Congo and Southern Congo [4]; Map 83 Democratic Republic of Congo: Bas Congo and Southern Congo [50]; Map 83 Democratic Republic of Congo: Bas Congo and Southern Congo [53]; Map 83 Democratic Republic of Congo: Bas Congo and Southern Congo [54]; Map 83 Democratic Republic of Congo: Bas Congo and Southern Congo [56]; Map 83 Democratic Republic of Congo: Bas Congo and Southern Congo [57]; Map 83 Democratic Republic of Congo: Bas Congo and Southern Congo [58]; Map 83 Democratic Republic of Congo: Bas Congo and Southern Congo [59]; Map 83 Democratic Republic of Congo: Bas Congo and Southern Congo [59a]; Map 83 Democratic Republic of Congo: Bas Congo and Southern Congo [59b]; Map 83 Democratic Republic of Congo: Bas Congo and Southern Congo [59c]; Map 83 Democratic Republic of Congo: Bas Congo and Southern Congo [5]; Map 83 Democratic Republic of Congo: Bas Congo and Southern Congo [60]; Map 83 Democratic Republic of Congo: Bas Congo and Southern Congo [61]; Map 83 Democratic Republic of Congo: Bas Congo and Southern Congo [62]; Map 83 Democratic Republic of Congo: Bas Congo and Southern Congo [64]; Map 83 Democratic Republic of Congo: Bas Congo and Southern Congo [65]; Map 83 Democratic Republic of Congo: Bas Congo and Southern Congo [66]; Map 83 Democratic Republic of Congo: Bas Congo and Southern Congo [67]; Map 83 Democratic Republic of Congo: Bas Congo and Southern Congo [68]; Map 83 Democratic Republic of Congo: Bas Congo and Southern Congo [6]; Map 83 Democratic Republic of Congo: Bas Congo and Southern Congo [70]; Map 83 Democratic Republic of Congo: Bas Congo and Southern Congo [7]; Map 83 Democratic Republic of Congo: Bas Congo and Southern Congo [8]; Map 83 Democratic Republic of Congo: Bas Congo and Southern Congo [9]; Map 83 Democratic Republic of Congo: Bas Congo and Southern Congo [9a]; Map 83 Democratic Republic of Congo: Bas Congo and Southern Congo [9b]; Map 84 Angola [10]; Map 84 Angola [11]; Map 84 Angola [12]; Map 84 Angola [13]; Map 84 Angola [14]; Map 84 Angola [15]; Map 84 Angola [16]; Map 84 Angola [17]; Map 84 Angola [18]; Map 84 Angola [19]; Map 84 Angola [1]; Map 84 Angola [1b]; Map 84 Angola [1c]; Map 84 Angola [1d]; Map 84 Angola [1e]; Map 84 Angola [1f]; Map 84 Angola [1g]; Map 84 Angola [20]; Map 84 Angola [21]; Map 84 Angola [24]; Map 84 Angola [25a]; Map 84 Angola [25b]; Map 84 Angola [26b]; Map 84 Angola [26c]; Map 84 Angola [26d]; Map 84 Angola [26e]; Map 84 Angola [26f]; Map 84 Angola [26g]; Map 84 Angola [26h]; Map 84 Angola [27]; Map 84 Angola [28]; Map 84 Angola [29a]; Map 84 Angola [29b]; Map 84 Angola [29c]; Map 84 Angola [29d]; Map 84 Angola [29e]; Map 84 Angola [29f]; Map 84 Angola [29g]; Map 84 Angola [2]; Map 84 Angola [2a]; Map 84 Angola [31]; Map 84 Angola [32]; Map 84 Angola [36]; Map 84 Angola [36a]; Map 84 Angola [36b]; Map 84 Angola [36d]; Map 84 Angola [36e]; Map 84 Angola [36f]; Map 84 Angola [36g]; Map 84 Angola [36h]; Map 84 Angola [36i]; Map 84 Angola [36j]; Map 84 Angola [36k]; Map 84 Angola [36l]; Map 84 Angola [37]; Map 84 Angola [38]; Map 84 Angola [39]; Map 84 Angola [3]; Map 84 Angola [40]; Map 84 Angola [41]; Map 84 Angola [41a]; Map 84 Angola [42]; Map 84 Angola [43]; Map 84 Angola [44]; Map 84 Angola [45]; Map 84 Angola [46]; Map 84 Angola [47]; Map 84 Angola [48]; Map 84 Angola [4]; Map 84 Angola [5]; Map 84 Angola [6]; Map 84 Angola [7]; Map 84 Angola [8]; Map 84 Angola [9]; Map 85 Kenyan Coast [10]; Map 85 Kenyan Coast [11]; Map 85 Kenyan Coast [12]; Map 85 Kenyan Coast [12a]; Map 85 Kenyan Coast [13]; Map 85 Kenyan Coast [14]; Map 85 Kenyan Coast [15]; Map 85 Kenyan Coast [16]; Map 85 Kenyan Coast [17]; Map 85 Kenyan Coast [18]; Map 85 Kenyan Coast [19]; Map 85 Kenyan Coast [1a]; Map 85 Kenyan Coast [1f]; Map 85 Kenyan Coast [1g]; Map 85 Kenyan Coast [1h]; Map 85 Kenyan Coast [1i]; Map 85 Kenyan Coast [1j]; Map 85 Kenyan Coast [1k]; Map 85 Kenyan Coast [1m]; Map 85 Kenyan Coast [20]; Map 85 Kenyan Coast [21]; Map 85 Kenyan Coast [22]; Map 85 Kenyan Coast [23]; Map 85 Kenyan Coast [24]; Map 85 Kenyan Coast [27]; Map 85 Kenyan Coast [29]; Map 85 Kenyan Coast [29a]; Map 85 Kenyan Coast [29b]; Map 85 Kenyan Coast [29c]; Map 85 Kenyan Coast [2a]; Map 85 Kenyan Coast [2b]; Map 85 Kenyan Coast [2c]; Map 85 Kenyan Coast [30]; Map 85 Kenyan Coast [31]; Map 85 Kenyan Coast [32]; Map 85 Kenyan Coast [33]; Map 85 Kenyan Coast [34]; Map 85 Kenyan Coast [34a]; Map 85 Kenyan Coast [34b]; Map 85 Kenyan Coast [34c]; Map 85 Kenyan Coast [34d]; Map 85 Kenyan Coast [35]; Map 85 Kenyan Coast [36]; Map 85 Kenyan Coast [36a]; Map 85 Kenyan Coast [36b]; Map 85 Kenyan Coast [37]; Map 85 Kenyan Coast [3a]; Map 85 Kenyan Coast [3b]; Map 85 Kenyan Coast [3c]; Map 85 Kenyan Coast [3d]; Map 85 Kenyan Coast [3e]; Map 85 Kenyan Coast [3f]; Map 85 Kenyan Coast [3g]; Map 85 Kenyan Coast [3h]; Map 85 Kenyan Coast [3j]; Map 85 Kenyan Coast [3k]; Map 85 Kenyan Coast [3m]; Map 85 Kenyan Coast [3n]; Map 85 Kenyan Coast [4]; Map 85 Kenyan Coast [5]; Map 85 Kenyan Coast [6]; Map 85 Kenyan Coast [7]; Map 85 Kenyan Coast [8]; Map 85 Kenyan Coast [9]; Map 86 Central East Africa [10]; Map 86 Central East Africa [11]; Map 86 Central East Africa [13]; Map 86 Central East Africa [14]; Map 86 Central East Africa [15]; Map 86 Central East Africa [16]; Map 86 Central East Africa [17]; Map 86 Central East Africa [18]; Map 86 Central East Africa [19]; Map 86 Central East Africa [1]; Map 86 Central East Africa [20]; Map 86 Central East Africa [21]; Map 86 Central East Africa [22]; Map 86 Central East Africa [23]; Map 86 Central East Africa [24]; Map 86 Central East Africa [25]; Map 86 Central East Africa [26]; Map 86 Central East Africa [28]; Map 86 Central East Africa [29]; Map 86 Central East Africa [2]; Map 86 Central East Africa [30]; Map 86 Central East Africa [30b]; Map 86 Central East Africa [31]; Map 86 Central East Africa [32]; Map 86 Central East Africa [33]; Map 86 Central East Africa [34]; Map 86 Central East Africa [35a]; Map 86 Central East Africa [35b]; Map 86 Central East Africa [35c]; Map 86 Central East Africa [35d]; Map 86 Central East Africa [35e]; Map 86 Central East Africa [35f]; Map 86 Central East Africa [35g]; Map 86 Central East Africa [35h]; Map 86 Central East Africa [35i]; Map 86 Central East Africa [35j]; Map 86 Central East Africa [35k]; Map 86 Central East Africa [35l]; Map 86 Central East Africa [35m]; Map 86 Central East Africa [35n]; Map 86 Central East Africa [35o]; Map 86 Central East Africa [35p]; Map 86 Central East Africa [35q]; Map 86 Central East Africa [36]; Map 86 Central East Africa [37]; Map 86 Central East Africa [38]; Map 86 Central East Africa [39]; Map 86 Central East Africa [3a]; Map 86 Central East Africa [41]; Map 86 Central East Africa [42]; Map 86 Central East Africa [43]; Map 86 Central East Africa [44]; Map 86 Central East Africa [45]; Map 86 Central East Africa [46]; Map 86 Central East Africa [47]; Map 86 Central East Africa [48]; Map 86 Central East Africa [49]; Map 86 Central East Africa [50]; Map 86 Central East Africa [51]; Map 86 Central East Africa [52]; Map 86 Central East Africa [53]; Map 86 Central East Africa [54]; Map 86 Central East Africa [5]; Map 86 Central East Africa [6a]; Map 86 Central East Africa [6b]; Map 86 Central East Africa [6c]; Map 86 Central East Africa [6d]; Map 86 Central East Africa [6e]; Map 86 Central East Africa [6f]; Map 86 Central East Africa [6g]; Map 86 Central East Africa [6h]; Map 86 Central East Africa [6i]; Map 86 Central East Africa [6j]; Map 86 Central East Africa [6k]; Map 86 Central East Africa [7]; Map 86 Central East Africa [8]; Map 86 Central East Africa [9]; Map 86 Central East Africa [9d]; Map 86 Central East Africa [9e]; Map 86 Central East Africa [9f]; Map 87 Northern Congo and Southern Central African Republic [10]; Map 87 Northern Congo and Southern Central African Republic [11]; Map 87 Northern Congo and Southern Central African Republic [12]; Map 87 Northern Congo and Southern Central African Republic [13]; Map 87 Northern Congo and Southern Central African Republic [14]; Map 87 Northern Congo and Southern Central African Republic [15]; Map 87 Northern Congo and Southern Central African Republic [16]; Map 87 Northern Congo and Southern Central African Republic [18]; Map 87 Northern Congo and Southern Central African Republic [1]; Map 87 Northern Congo and Southern Central African Republic [27]; Map 87 Northern Congo and Southern Central African Republic [28]; Map 87 Northern Congo and Southern Central African Republic [29]; Map 87 Northern Congo and Southern Central African Republic [2]; Map 87 Northern Congo and Southern Central African Republic [30]; Map 87 Northern Congo and Southern Central African Republic [31]; Map 87 Northern Congo and Southern Central African Republic [31a]; Map 87 Northern Congo and Southern Central African Republic [32]; Map 87 Northern Congo and Southern Central African Republic [33]; Map 87 Northern Congo and Southern Central African Republic [33a]; Map 87 Northern Congo and Southern Central African Republic [34]; Map 87 Northern Congo and Southern Central African Republic [35]; Map 87 Northern Congo and Southern Central African Republic [36]; Map 87 Northern Congo and Southern Central African Republic [37]; Map 87 Northern Congo and Southern Central African Republic [38]; Map 87 Northern Congo and Southern Central African Republic [39]; Map 87 Northern Congo and Southern Central African Republic [3]; Map 87 Northern Congo and Southern Central African Republic [40]; Map 87 Northern Congo and Southern Central African Republic [42]; Map 87 Northern Congo and Southern Central African Republic [43]; Map 87 Northern Congo and Southern Central African Republic [44]; Map 87 Northern Congo and Southern Central African Republic [45]; Map 87 Northern Congo and Southern Central African Republic [46]; Map 87 Northern Congo and Southern Central African Republic [47]; Map 87 Northern Congo and Southern Central African Republic [48]; Map 87 Northern Congo and Southern Central African Republic [48a]; Map 87 Northern Congo and Southern Central African Republic [48b]; Map 87 Northern Congo and Southern Central African Republic [49]; Map 87 Northern Congo and Southern Central African Republic [4]; Map 87 Northern Congo and Southern Central African Republic [50]; Map 87 Northern Congo and Southern Central African Republic [51]; Map 87 Northern Congo and Southern Central African Republic [52a]; Map 87 Northern Congo and Southern Central African Republic [53]; Map 87 Northern Congo and Southern Central African Republic [53a]; Map 87 Northern Congo and Southern Central African Republic [53b]; Map 87 Northern Congo and Southern Central African Republic [53c]; Map 87 Northern Congo and Southern Central African Republic [53d]; Map 87 Northern Congo and Southern Central African Republic [53e]; Map 87 Northern Congo and Southern Central African Republic [53f]; Map 87 Northern Congo and Southern Central African Republic [53g]; Map 87 Northern Congo and Southern Central African Republic [53h]; Map 87 Northern Congo and Southern Central African Republic [53i]; Map 87 Northern Congo and Southern Central African Republic [53j]; Map 87 Northern Congo and Southern Central African Republic [53l]; Map 87 Northern Congo and Southern Central African Republic [53m]; Map 87 Northern Congo and Southern Central African Republic [54]; Map 87 Northern Congo and Southern Central African Republic [55]; Map 87 Northern Congo and Southern Central African Republic [56]; Map 87 Northern Congo and Southern Central African Republic [56a]; Map 87 Northern Congo and Southern Central African Republic [56b]; Map 87 Northern Congo and Southern Central African Republic [56c]; Map 87 Northern Congo and Southern Central African Republic [56d]; Map 87 Northern Congo and Southern Central African Republic [57]; Map 87 Northern Congo and Southern Central African Republic [57a]; Map 87 Northern Congo and Southern Central African Republic [57b]; Map 87 Northern Congo and Southern Central African Republic [57c]; Map 87 Northern Congo and Southern Central African Republic [57d]; Map 87 Northern Congo and Southern Central African Republic [57e]; Map 87 Northern Congo and Southern Central African Republic [58]; Map 87 Northern Congo and Southern Central African Republic [59]; Map 87 Northern Congo and Southern Central African Republic [5]; Map 87 Northern Congo and Southern Central African Republic [60]; Map 87 Northern Congo and Southern Central African Republic [61]; Map 87 Northern Congo and Southern Central African Republic [62]; Map 87 Northern Congo and Southern Central African Republic [63]; Map 87 Northern Congo and Southern Central African Republic [64]; Map 87 Northern Congo and Southern Central African Republic [65]; Map 87 Northern Congo and Southern Central African Republic [66]; Map 87 Northern Congo and Southern Central African Republic [67]; Map 87 Northern Congo and Southern Central African Republic [69]; Map 87 Northern Congo and Southern Central African Republic [6]; Map 87 Northern Congo and Southern Central African Republic [70]; Map 87 Northern Congo and Southern Central African Republic [70a]; Map 87 Northern Congo and Southern Central African Republic [70b]; Map 87 Northern Congo and Southern Central African Republic [70d]; Map 87 Northern Congo and Southern Central African Republic [70e]; Map 87 Northern Congo and Southern Central African Republic [70f]; Map 87 Northern Congo and Southern Central African Republic [70g]; Map 87 Northern Congo and Southern Central African Republic [70i]; Map 87 Northern Congo and Southern Central African Republic [71]; Map 87 Northern Congo and Southern Central African Republic [72]; Map 87 Northern Congo and Southern Central African Republic [73]; Map 87 Northern Congo and Southern Central African Republic [74]; Map 87 Northern Congo and Southern Central African Republic [75]; Map 87 Northern Congo and Southern Central African Republic [76]; Map 87 Northern Congo and Southern Central African Republic [77]; Map 87 Northern Congo and Southern Central African Republic [78]; Map 87 Northern Congo and Southern Central African Republic [7]; Map 87 Northern Congo and Southern Central African Republic [80a]; Map 87 Northern Congo and Southern Central African Republic [81]; Map 87 Northern Congo and Southern Central African Republic [82]; Map 87 Northern Congo and Southern Central African Republic [83]; Map 87 Northern Congo and Southern Central African Republic [84]; Map 87 Northern Congo and Southern Central African Republic [85]; Map 87 Northern Congo and Southern Central African Republic [86]; Map 87 Northern Congo and Southern Central African Republic [87]; Map 87 Northern Congo and Southern Central African Republic [88]; Map 87 Northern Congo and Southern Central African Republic [89]; Map 87 Northern Congo and Southern Central African Republic [8]; Map 87 Northern Congo and Southern Central African Republic [90]; Map 87 Northern Congo and Southern Central African Republic [91]; Map 87 Northern Congo and Southern Central African Republic [92]; Map 87 Northern Congo and Southern Central African Republic [93]; Map 87 Northern Congo and Southern Central African Republic [94]; Map 87 Northern Congo and Southern Central African Republic [95]; Map 87 Northern Congo and Southern Central African Republic [96]; Map 87 Northern Congo and Southern Central African Republic [97]; Map 87 Northern Congo and Southern Central African Republic [9]; Map 88 Gabon and Equatorial Guinea [10]; Map 88 Gabon and Equatorial Guinea [11]; Map 88 Gabon and Equatorial Guinea [12]; Map 88 Gabon and Equatorial Guinea [13]; Map 88 Gabon and Equatorial Guinea [14]; Map 88 Gabon and Equatorial Guinea [15]; Map 88 Gabon and Equatorial Guinea [16]; Map 88 Gabon and Equatorial Guinea [17]; Map 88 Gabon and Equatorial Guinea [18]; Map 88 Gabon and Equatorial Guinea [19]; Map 88 Gabon and Equatorial Guinea [1]; Map 88 Gabon and Equatorial Guinea [20]; Map 88 Gabon and Equatorial Guinea [21]; Map 88 Gabon and Equatorial Guinea [22]; Map 88 Gabon and Equatorial Guinea [23]; Map 88 Gabon and Equatorial Guinea [24]; Map 88 Gabon and Equatorial Guinea [25]; Map 88 Gabon and Equatorial Guinea [26]; Map 88 Gabon and Equatorial Guinea [27]; Map 88 Gabon and Equatorial Guinea [28]; Map 88 Gabon and Equatorial Guinea [29]; Map 88 Gabon and Equatorial Guinea [2]; Map 88 Gabon and Equatorial Guinea [31]; Map 88 Gabon and Equatorial Guinea [32]; Map 88 Gabon and Equatorial Guinea [33]; Map 88 Gabon and Equatorial Guinea [34]; Map 88 Gabon and Equatorial Guinea [35]; Map 88 Gabon and Equatorial Guinea [36]; Map 88 Gabon and Equatorial Guinea [37]; Map 88 Gabon and Equatorial Guinea [38]; Map 88 Gabon and Equatorial Guinea [3]; Map 88 Gabon and Equatorial Guinea [3a]; Map 88 Gabon and Equatorial Guinea [3b]; Map 88 Gabon and Equatorial Guinea [3c]; Map 88 Gabon and Equatorial Guinea [3d]; Map 88 Gabon and Equatorial Guinea [40]; Map 88 Gabon and Equatorial Guinea [40a]; Map 88 Gabon and Equatorial Guinea [41]; Map 88 Gabon and Equatorial Guinea [42]; Map 88 Gabon and Equatorial Guinea [43]; Map 88 Gabon and Equatorial Guinea [43b]; Map 88 Gabon and Equatorial Guinea [43c]; Map 88 Gabon and Equatorial Guinea [43d]; Map 88 Gabon and Equatorial Guinea [43e]; Map 88 Gabon and Equatorial Guinea [43f]; Map 88 Gabon and Equatorial Guinea [43g]; Map 88 Gabon and Equatorial Guinea [44]; Map 88 Gabon and Equatorial Guinea [45]; Map 88 Gabon and Equatorial Guinea [46]; Map 88 Gabon and Equatorial Guinea [47]; Map 88 Gabon and Equatorial Guinea [49]; Map 88 Gabon and Equatorial Guinea [4]; Map 88 Gabon and Equatorial Guinea [51]; Map 88 Gabon and Equatorial Guinea [52]; Map 88 Gabon and Equatorial Guinea [53]; Map 88 Gabon and Equatorial Guinea [55]; Map 88 Gabon and Equatorial Guinea [56]; Map 88 Gabon and Equatorial Guinea [5]; Map 88 Gabon and Equatorial Guinea [6]; Map 88 Gabon and Equatorial Guinea [7]; Map 88 Gabon and Equatorial Guinea [8]; Map 88 Gabon and Equatorial Guinea [9]; Map 89 Central African Republic and South-Eastern Chad [10]; Map 89 Central African Republic and South-Eastern Chad [11]; Map 89 Central African Republic and South-Eastern Chad [12]; Map 89 Central African Republic and South-Eastern Chad [13]; Map 89 Central African Republic and South-Eastern Chad [15]; Map 89 Central African Republic and South-Eastern Chad [16a]; Map 89 Central African Republic and South-Eastern Chad [16b]; Map 89 Central African Republic and South-Eastern Chad [17]; Map 89 Central African Republic and South-Eastern Chad [18]; Map 89 Central African Republic and South-Eastern Chad [19]; Map 89 Central African Republic and South-Eastern Chad [1]; Map 89 Central African Republic and South-Eastern Chad [20]; Map 89 Central African Republic and South-Eastern Chad [21]; Map 89 Central African Republic and South-Eastern Chad [22]; Map 89 Central African Republic and South-Eastern Chad [23]; Map 89 Central African Republic and South-Eastern Chad [23a]; Map 89 Central African Republic and South-Eastern Chad [24]; Map 89 Central African Republic and South-Eastern Chad [25]; Map 89 Central African Republic and South-Eastern Chad [26]; Map 89 Central African Republic and South-Eastern Chad [27]; Map 89 Central African Republic and South-Eastern Chad [28]; Map 89 Central African Republic and South-Eastern Chad [29]; Map 89 Central African Republic and South-Eastern Chad [2]; Map 89 Central African Republic and South-Eastern Chad [31]; Map 89 Central African Republic and South-Eastern Chad [32]; Map 89 Central African Republic and South-Eastern Chad [33]; Map 89 Central African Republic and South-Eastern Chad [34]; Map 89 Central African Republic and South-Eastern Chad [35]; Map 89 Central African Republic and South-Eastern Chad [36]; Map 89 Central African Republic and South-Eastern Chad [37a]; Map 89 Central African Republic and South-Eastern Chad [37b]; Map 89 Central African Republic and South-Eastern Chad [38]; Map 89 Central African Republic and South-Eastern Chad [39]; Map 89 Central African Republic and South-Eastern Chad [3]; Map 89 Central African Republic and South-Eastern Chad [40]; Map 89 Central African Republic and South-Eastern Chad [41]; Map 89 Central African Republic and South-Eastern Chad [42]; Map 89 Central African Republic and South-Eastern Chad [43]; Map 89 Central African Republic and South-Eastern Chad [44]; Map 89 Central African Republic and South-Eastern Chad [45]; Map 89 Central African Republic and South-Eastern Chad [46]; Map 89 Central African Republic and South-Eastern Chad [47]; Map 89 Central African Republic and South-Eastern Chad [48]; Map 89 Central African Republic and South-Eastern Chad [49]; Map 89 Central African Republic and South-Eastern Chad [4]; Map 89 Central African Republic and South-Eastern Chad [50]; Map 89 Central African Republic and South-Eastern Chad [51]; Map 89 Central African Republic and South-Eastern Chad [52]; Map 89 Central African Republic and South-Eastern Chad [53]; Map 89 Central African Republic and South-Eastern Chad [54]; Map 89 Central African Republic and South-Eastern Chad [55]; Map 89 Central African Republic and South-Eastern Chad [57]; Map 89 Central African Republic and South-Eastern Chad [58]; Map 89 Central African Republic and South-Eastern Chad [5]; Map 89 Central African Republic and South-Eastern Chad [60, F]; Map 89 Central African Republic and South-Eastern Chad [60,F]; Map 89 Central African Republic and South-Eastern Chad [7]; Map 89 Central African Republic and South-Eastern Chad [8]; Map 89 Central African Republic and South-Eastern Chad [9]; Map 90 Central African Republic, South-Western Chad and Cameroon [11]; Map 90 Central African Republic, South-Western Chad and Cameroon [12a]; Map 90 Central African Republic, South-Western Chad and Cameroon [12b]; Map 90 Central African Republic, South-Western Chad and Cameroon [13]; Map 90 Central African Republic, South-Western Chad and Cameroon [14]; Map 90 Central African Republic, South-Western Chad and Cameroon [15]; Map 90 Central African Republic, South-Western Chad and Cameroon [16]; Map 90 Central African Republic, South-Western Chad and Cameroon [17]; Map 90 Central African Republic, South-Western Chad and Cameroon [18]; Map 90 Central African Republic, South-Western Chad and Cameroon [19]; Map 90 Central African Republic, South-Western Chad and Cameroon [20]; Map 90 Central African Republic, South-Western Chad and Cameroon [21]; Map 90 Central African Republic, South-Western Chad and Cameroon [22]; Map 90 Central African Republic, South-Western Chad and Cameroon [23]; Map 90 Central African Republic, South-Western Chad and Cameroon [24]; Map 90 Central African Republic, South-Western Chad and Cameroon [25]; Map 90 Central African Republic, South-Western Chad and Cameroon [26]; Map 90 Central African Republic, South-Western Chad and Cameroon [27]; Map 90 Central African Republic, South-Western Chad and Cameroon [28]; Map 90 Central African Republic, South-Western Chad and Cameroon [29]; Map 90 Central African Republic, South-Western Chad and Cameroon [2]; Map 90 Central African Republic, South-Western Chad and Cameroon [30]; Map 90 Central African Republic, South-Western Chad and Cameroon [31]; Map 90 Central African Republic, South-Western Chad and Cameroon [32]; Map 90 Central African Republic, South-Western Chad and Cameroon [33]; Map 90 Central African Republic, South-Western Chad and Cameroon [34]; Map 90 Central African Republic, South-Western Chad and Cameroon [36]; Map 90 Central African Republic, South-Western Chad and Cameroon [38]; Map 90 Central African Republic, South-Western Chad and Cameroon [39]; Map 90 Central African Republic, South-Western Chad and Cameroon [3]; Map 90 Central African Republic, South-Western Chad and Cameroon [4]; Map 90 Central African Republic, South-Western Chad and Cameroon [5]; Map 90 Central African Republic, South-Western Chad and Cameroon [7]; Map 90 Central African Republic, South-Western Chad and Cameroon [8]; Map 90 Central African Republic, South-Western Chad and Cameroon [9]; Map 91 Adamawa Region [10]; Map 91 Adamawa Region [11]; Map 91 Adamawa Region [13]; Map 91 Adamawa Region [14]; Map 91 Adamawa Region [15]; Map 91 Adamawa Region [17]; Map 91 Adamawa Region [18]; Map 91 Adamawa Region [19]; Map 91 Adamawa Region [1]; Map 91 Adamawa Region [20]; Map 91 Adamawa Region [21]; Map 91 Adamawa Region [22]; Map 91 Adamawa Region [23]; Map 91 Adamawa Region [24]; Map 91 Adamawa Region [25]; Map 91 Adamawa Region [26]; Map 91 Adamawa Region [27]; Map 91 Adamawa Region [28]; Map 91 Adamawa Region [29]; Map 91 Adamawa Region [2]; Map 91 Adamawa Region [30]; Map 91 Adamawa Region [31]; Map 91 Adamawa Region [33a]; Map 91 Adamawa Region [33b]; Map 91 Adamawa Region [33c]; Map 91 Adamawa Region [33d]; Map 91 Adamawa Region [35]; Map 91 Adamawa Region [36b]; Map 91 Adamawa Region [36c]; Map 91 Adamawa Region [37a]; Map 91 Adamawa Region [37b]; Map 91 Adamawa Region [37c]; Map 91 Adamawa Region [38a]; Map 91 Adamawa Region [38b]; Map 91 Adamawa Region [39b]; Map 91 Adamawa Region [39c]; Map 91 Adamawa Region [39d]; Map 91 Adamawa Region [3]; Map 91 Adamawa Region [40]; Map 91 Adamawa Region [41]; Map 91 Adamawa Region [41a]; Map 91 Adamawa Region [41b]; Map 91 Adamawa Region [41c]; Map 91 Adamawa Region [41d]; Map 91 Adamawa Region [43]; Map 91 Adamawa Region [44]; Map 91 Adamawa Region [45]; Map 91 Adamawa Region [46]; Map 91 Adamawa Region [47]; Map 91 Adamawa Region [48]; Map 91 Adamawa Region [49]; Map 91 Adamawa Region [4]; Map 91 Adamawa Region [50]; Map 91 Adamawa Region [51]; Map 91 Adamawa Region [53]; Map 91 Adamawa Region [55]; Map 91 Adamawa Region [56]; Map 91 Adamawa Region [58]; Map 91 Adamawa Region [59]; Map 91 Adamawa Region [5]; Map 91 Adamawa Region [5a]; Map 91 Adamawa Region [5b]; Map 91 Adamawa Region [60/F]; Map 91 Adamawa Region [6]; Map 91 Adamawa Region [7]; Map 91 Adamawa Region [8]; Map 91 Adamawa Region [8a]; Map 91 Adamawa Region [8b]; Map 91 Adamawa Region [9]; Map 91 Adamawa Region [W]; Map 92 South-Western Cameroon [10]; Map 92 South-Western Cameroon [12]; Map 92 South-Western Cameroon [13]; Map 92 South-Western Cameroon [14]; Map 92 South-Western Cameroon [14a]; Map 92 South-Western Cameroon [14b]; Map 92 South-Western Cameroon [14c]; Map 92 South-Western Cameroon [15]; Map 92 South-Western Cameroon [17]; Map 92 South-Western Cameroon [18]; Map 92 South-Western Cameroon [19]; Map 92 South-Western Cameroon [1]; Map 92 South-Western Cameroon [20]; Map 92 South-Western Cameroon [21]; Map 92 South-Western Cameroon [22]; Map 92 South-Western Cameroon [23]; Map 92 South-Western Cameroon [24]; Map 92 South-Western Cameroon [24a]; Map 92 South-Western Cameroon [25]; Map 92 South-Western Cameroon [26]; Map 92 South-Western Cameroon [26a]; Map 92 South-Western Cameroon [27]; Map 92 South-Western Cameroon [28]; Map 92 South-Western Cameroon [2]; Map 92 South-Western Cameroon [2a]; Map 92 South-Western Cameroon [2b]; Map 92 South-Western Cameroon [3, F]; Map 92 South-Western Cameroon [30]; Map 92 South-Western Cameroon [31]; Map 92 South-Western Cameroon [31a]; Map 92 South-Western Cameroon [31b]; Map 92 South-Western Cameroon [32]; Map 92 South-Western Cameroon [33]; Map 92 South-Western Cameroon [34]; Map 92 South-Western Cameroon [35]; Map 92 South-Western Cameroon [35a]; Map 92 South-Western Cameroon [35b]; Map 92 South-Western Cameroon [35c]; Map 92 South-Western Cameroon [36]; Map 92 South-Western Cameroon [37]; Map 92 South-Western Cameroon [37a]; Map 92 South-Western Cameroon [37b]; Map 92 South-Western Cameroon [38]; Map 92 South-Western Cameroon [39]; Map 92 South-Western Cameroon [40a]; Map 92 South-Western Cameroon [40c]; Map 92 South-Western Cameroon [40d]; Map 92 South-Western Cameroon [40e]; Map 92 South-Western Cameroon [40f]; Map 92 South-Western Cameroon [40g]; Map 92 South-Western Cameroon [40h]; Map 92 South-Western Cameroon [40j]; Map 92 South-Western Cameroon [4]; Map 92 South-Western Cameroon [4a]; Map 92 South-Western Cameroon [5]; Map 92 South-Western Cameroon [5a]; Map 92 South-Western Cameroon [5b]; Map 92 South-Western Cameroon [5c]; Map 92 South-Western Cameroon [6]; Map 92 South-Western Cameroon [7]; Map 92 South-Western Cameroon [9]; Map 93 Central South-Western Cameroon [10]; Map 93 Central South-Western Cameroon [10a]; Map 93 Central South-Western Cameroon [10b]; Map 93 Central South-Western Cameroon [11]; Map 93 Central South-Western Cameroon [13a]; Map 93 Central South-Western Cameroon [13b]; Map 93 Central South-Western Cameroon [14, A]; Map 93 Central South-Western Cameroon [15a]; Map 93 Central South-Western Cameroon [16]; Map 93 Central South-Western Cameroon [19]; Map 93 Central South-Western Cameroon [19a]; Map 93 Central South-Western Cameroon [19b]; Map 93 Central South-Western Cameroon [19c]; Map 93 Central South-Western Cameroon [19d]; Map 93 Central South-Western Cameroon [1]; Map 93 Central South-Western Cameroon [20]; Map 93 Central South-Western Cameroon [21]; Map 93 Central South-Western Cameroon [22]; Map 93 Central South-Western Cameroon [22a]; Map 93 Central South-Western Cameroon [22b]; Map 93 Central South-Western Cameroon [22c]; Map 93 Central South-Western Cameroon [22d]; Map 93 Central South-Western Cameroon [22e]; Map 93 Central South-Western Cameroon [23a]; Map 93 Central South-Western Cameroon [23b]; Map 93 Central South-Western Cameroon [24]; Map 93 Central South-Western Cameroon [25]; Map 93 Central South-Western Cameroon [26]; Map 93 Central South-Western Cameroon [27]; Map 93 Central South-Western Cameroon [28]; Map 93 Central South-Western Cameroon [28a]; Map 93 Central South-Western Cameroon [29]; Map 93 Central South-Western Cameroon [29a]; Map 93 Central South-Western Cameroon [29b]; Map 93 Central South-Western Cameroon [2]; Map 93 Central South-Western Cameroon [30]; Map 93 Central South-Western Cameroon [31]; Map 93 Central South-Western Cameroon [32]; Map 93 Central South-Western Cameroon [33]; Map 93 Central South-Western Cameroon [34, D]; Map 93 Central South-Western Cameroon [35]; Map 93 Central South-Western Cameroon [36]; Map 93 Central South-Western Cameroon [37]; Map 93 Central South-Western Cameroon [38]; Map 93 Central South-Western Cameroon [39]; Map 93 Central South-Western Cameroon [39a]; Map 93 Central South-Western Cameroon [3]; Map 93 Central South-Western Cameroon [40]; Map 93 Central South-Western Cameroon [41]; Map 93 Central South-Western Cameroon [43]; Map 93 Central South-Western Cameroon [44]; Map 93 Central South-Western Cameroon [45]; Map 93 Central South-Western Cameroon [46]; Map 93 Central South-Western Cameroon [46a]; Map 93 Central South-Western Cameroon [47]; Map 93 Central South-Western Cameroon [48]; Map 93 Central South-Western Cameroon [49]; Map 93 Central South-Western Cameroon [4]; Map 93 Central South-Western Cameroon [50]; Map 93 Central South-Western Cameroon [51]; Map 93 Central South-Western Cameroon [53]; Map 93 Central South-Western Cameroon [54]; Map 93 Central South-Western Cameroon [55]; Map 93 Central South-Western Cameroon [56]; Map 93 Central South-Western Cameroon [57]; Map 93 Central South-Western Cameroon [58]; Map 93 Central South-Western Cameroon [59]; Map 93 Central South-Western Cameroon [5]; Map 93 Central South-Western Cameroon [60]; Map 93 Central South-Western Cameroon [61]; Map 93 Central South-Western Cameroon [62a]; Map 93 Central South-Western Cameroon [62c]; Map 93 Central South-Western Cameroon [62d]; Map 93 Central South-Western Cameroon [62f]; Map 93 Central South-Western Cameroon [62g]; Map 93 Central South-Western Cameroon [62h]; Map 93 Central South-Western Cameroon [63]; Map 93 Central South-Western Cameroon [63a]; Map 93 Central South-Western Cameroon [63b]; Map 93 Central South-Western Cameroon [63c]; Map 93 Central South-Western Cameroon [64a]; Map 93 Central South-Western Cameroon [64b]; Map 93 Central South-Western Cameroon [64d]; Map 93 Central South-Western Cameroon [64e]; Map 93 Central South-Western Cameroon [64f]; Map 93 Central South-Western Cameroon [64g]; Map 93 Central South-Western Cameroon [65]; Map 93 Central South-Western Cameroon [66]; Map 93 Central South-Western Cameroon [66a]; Map 93 Central South-Western Cameroon [66b]; Map 93 Central South-Western Cameroon [66c]; Map 93 Central South-Western Cameroon [67]; Map 93 Central South-Western Cameroon [68]; Map 93 Central South-Western Cameroon [69a]; Map 93 Central South-Western Cameroon [69b]; Map 93 Central South-Western Cameroon [6]; Map 93 Central South-Western Cameroon [70]; Map 93 Central South-Western Cameroon [70a]; Map 93 Central South-Western Cameroon [70b]; Map 93 Central South-Western Cameroon [70c]; Map 93 Central South-Western Cameroon [70d]; Map 93 Central South-Western Cameroon [70e]; Map 93 Central South-Western Cameroon [70f]; Map 93 Central South-Western Cameroon [71]; Map 93 Central South-Western Cameroon [72]; Map 93 Central South-Western Cameroon [73]; Map 93 Central South-Western Cameroon [74]; Map 93 Central South-Western Cameroon [75]; Map 93 Central South-Western Cameroon [76]; Map 93 Central South-Western Cameroon [77]; Map 93 Central South-Western Cameroon [78]; Map 93 Central South-Western Cameroon [78a]; Map 93 Central South-Western Cameroon [78b]; Map 93 Central South-Western Cameroon [79]; Map 93 Central South-Western Cameroon [7]; Map 93 Central South-Western Cameroon [80]; Map 93 Central South-Western Cameroon [81]; Map 93 Central South-Western Cameroon [82]; Map 93 Central South-Western Cameroon [82a]; Map 93 Central South-Western Cameroon [82b]; Map 93 Central South-Western Cameroon [83]; Map 93 Central South-Western Cameroon [83a]; Map 93 Central South-Western Cameroon [83b]; Map 93 Central South-Western Cameroon [83c]; Map 93 Central South-Western Cameroon [83d]; Map 93 Central South-Western Cameroon [84]; Map 93 Central South-Western Cameroon [84a]; Map 93 Central South-Western Cameroon [84b]; Map 93 Central South-Western Cameroon [85]; Map 93 Central South-Western Cameroon [85a]; Map 93 Central South-Western Cameroon [86]; Map 93 Central South-Western Cameroon [87]; Map 93 Central South-Western Cameroon [88a]; Map 93 Central South-Western Cameroon [88b]; Map 93 Central South-Western Cameroon [88c]; Map 93 Central South-Western Cameroon [88f]; Map 93 Central South-Western Cameroon [88g]; Map 93 Central South-Western Cameroon [88h]; Map 93 Central South-Western Cameroon [88k]; Map 93 Central South-Western Cameroon [89]; Map 93 Central South-Western Cameroon [90]; Map 93 Central South-Western Cameroon [91]; Map 93 Central South-Western Cameroon [92]; Map 93 Central South-Western Cameroon [93]; Map 93 Central South-Western Cameroon [95]; Map 93 Central South-Western Cameroon [95a]; Map 93 Central South-Western Cameroon [96]; Map 93 Central South-Western Cameroon [97]; Map 93 Central South-Western Cameroon [98a]; Map 93 Central South-Western Cameroon [98b]; Map 93 Central South-Western Cameroon [98c]; Map 93 Central South-Western Cameroon [98d]; Map 93 Central South-Western Cameroon [99]; Map 93 Central South-Western Cameroon [9]; Map 94 Northern Cameroon [1]; Map 94 Northern Cameroon [2a]; Map 94 Northern Cameroon [2b]; Map 94 Northern Cameroon [2c]; Map 94 Northern Cameroon [2d]; Map 94 Northern Cameroon [4]; Map 94 Northern Cameroon [6a]; Map 94 Northern Cameroon [6c]; Map 95 South-Eastern Nigeria and Mid-Western Cameroon [10]; Map 95 South-Eastern Nigeria and Mid-Western Cameroon [11]; Map 95 South-Eastern Nigeria and Mid-Western Cameroon [12]; Map 95 South-Eastern Nigeria and Mid-Western Cameroon [13]; Map 95 South-Eastern Nigeria and Mid-Western Cameroon [14]; Map 95 South-Eastern Nigeria and Mid-Western Cameroon [15]; Map 95 South-Eastern Nigeria and Mid-Western Cameroon [16]; Map 95 South-Eastern Nigeria and Mid-Western Cameroon [17]; Map 95 South-Eastern Nigeria and Mid-Western Cameroon [18]; Map 95 South-Eastern Nigeria and Mid-Western Cameroon [19]; Map 95 South-Eastern Nigeria and Mid-Western Cameroon [1]; Map 95 South-Eastern Nigeria and Mid-Western Cameroon [20]; Map 95 South-Eastern Nigeria and Mid-Western Cameroon [21]; Map 95 South-Eastern Nigeria and Mid-Western Cameroon [22]; Map 95 South-Eastern Nigeria and Mid-Western Cameroon [23]; Map 95 South-Eastern Nigeria and Mid-Western Cameroon [24]; Map 95 South-Eastern Nigeria and Mid-Western Cameroon [25]; Map 95 South-Eastern Nigeria and Mid-Western Cameroon [27]; Map 95 South-Eastern Nigeria and Mid-Western Cameroon [28]; Map 95 South-Eastern Nigeria and Mid-Western Cameroon [29a]; Map 95 South-Eastern Nigeria and Mid-Western Cameroon [29b]; Map 95 South-Eastern Nigeria and Mid-Western Cameroon [29c]; Map 95 South-Eastern Nigeria and Mid-Western Cameroon [2]; Map 95 South-Eastern Nigeria and Mid-Western Cameroon [30]; Map 95 South-Eastern Nigeria and Mid-Western Cameroon [31]; Map 95 South-Eastern Nigeria and Mid-Western Cameroon [32a]; Map 95 South-Eastern Nigeria and Mid-Western Cameroon [32b]; Map 95 South-Eastern Nigeria and Mid-Western Cameroon [33]; Map 95 South-Eastern Nigeria and Mid-Western Cameroon [34]; Map 95 South-Eastern Nigeria and Mid-Western Cameroon [35]; Map 95 South-Eastern Nigeria and Mid-Western Cameroon [35a]; Map 95 South-Eastern Nigeria and Mid-Western Cameroon [35b]; Map 95 South-Eastern Nigeria and Mid-Western Cameroon [36]; Map 95 South-Eastern Nigeria and Mid-Western Cameroon [38]; Map 95 South-Eastern Nigeria and Mid-Western Cameroon [39a]; Map 95 South-Eastern Nigeria and Mid-Western Cameroon [39b]; Map 95 South-Eastern Nigeria and Mid-Western Cameroon [3]; Map 95 South-Eastern Nigeria and Mid-Western Cameroon [40a]; Map 95 South-Eastern Nigeria and Mid-Western Cameroon [40b]; Map 95 South-Eastern Nigeria and Mid-Western Cameroon [40c]; Map 95 South-Eastern Nigeria and Mid-Western Cameroon [40d]; Map 95 South-Eastern Nigeria and Mid-Western Cameroon [40e]; Map 95 South-Eastern Nigeria and Mid-Western Cameroon [40f]; Map 95 South-Eastern Nigeria and Mid-Western Cameroon [40g]; Map 95 South-Eastern Nigeria and Mid-Western Cameroon [40h]; Map 95 South-Eastern Nigeria and Mid-Western Cameroon [40j]; Map 95 South-Eastern Nigeria and Mid-Western Cameroon [41]; Map 95 South-Eastern Nigeria and Mid-Western Cameroon [41a]; Map 95 South-Eastern Nigeria and Mid-Western Cameroon [42a]; Map 95 South-Eastern Nigeria and Mid-Western Cameroon [42b]; Map 95 South-Eastern Nigeria and Mid-Western Cameroon [42c]; Map 95 South-Eastern Nigeria and Mid-Western Cameroon [42d]; Map 95 South-Eastern Nigeria and Mid-Western Cameroon [42e]; Map 95 South-Eastern Nigeria and Mid-Western Cameroon [43]; Map 95 South-Eastern Nigeria and Mid-Western Cameroon [44a]; Map 95 South-Eastern Nigeria and Mid-Western Cameroon [44b]; Map 95 South-Eastern Nigeria and Mid-Western Cameroon [44c]; Map 95 South-Eastern Nigeria and Mid-Western Cameroon [44d]; Map 95 South-Eastern Nigeria and Mid-Western Cameroon [45]; Map 95 South-Eastern Nigeria and Mid-Western Cameroon [46]; Map 95 South-Eastern Nigeria and Mid-Western Cameroon [47]; Map 95 South-Eastern Nigeria and Mid-Western Cameroon [48]; Map 95 South-Eastern Nigeria and Mid-Western Cameroon [49]; Map 95 South-Eastern Nigeria and Mid-Western Cameroon [4]; Map 95 South-Eastern Nigeria and Mid-Western Cameroon [50]; Map 95 South-Eastern Nigeria and Mid-Western Cameroon [51]; Map 95 South-Eastern Nigeria and Mid-Western Cameroon [53]; Map 95 South-Eastern Nigeria and Mid-Western Cameroon [54]; Map 95 South-Eastern Nigeria and Mid-Western Cameroon [55]; Map 95 South-Eastern Nigeria and Mid-Western Cameroon [55a]; Map 95 South-Eastern Nigeria and Mid-Western Cameroon [56]; Map 95 South-Eastern Nigeria and Mid-Western Cameroon [57]; Map 95 South-Eastern Nigeria and Mid-Western Cameroon [58]; Map 95 South-Eastern Nigeria and Mid-Western Cameroon [59]; Map 95 South-Eastern Nigeria and Mid-Western Cameroon [5]; Map 95 South-Eastern Nigeria and Mid-Western Cameroon [60]; Map 95 South-Eastern Nigeria and Mid-Western Cameroon [61]; Map 95 South-Eastern Nigeria and Mid-Western Cameroon [61a]; Map 95 South-Eastern Nigeria and Mid-Western Cameroon [61b]; Map 95 South-Eastern Nigeria and Mid-Western Cameroon [62]; Map 95 South-Eastern Nigeria and Mid-Western Cameroon [63]; Map 95 South-Eastern Nigeria and Mid-Western Cameroon [65]; Map 95 South-Eastern Nigeria and Mid-Western Cameroon [66]; Map 95 South-Eastern Nigeria and Mid-Western Cameroon [67]; Map 95 South-Eastern Nigeria and Mid-Western Cameroon [68]; Map 95 South-Eastern Nigeria and Mid-Western Cameroon [69]; Map 95 South-Eastern Nigeria and Mid-Western Cameroon [6]; Map 95 South-Eastern Nigeria and Mid-Western Cameroon [70]; Map 95 South-Eastern Nigeria and Mid-Western Cameroon [71]; Map 95 South-Eastern Nigeria and Mid-Western Cameroon [72a]; Map 95 South-Eastern Nigeria and Mid-Western Cameroon [72b]; Map 95 South-Eastern Nigeria and Mid-Western Cameroon [72c]; Map 95 South-Eastern Nigeria and Mid-Western Cameroon [73a]; Map 95 South-Eastern Nigeria and Mid-Western Cameroon [73b]; Map 95 South-Eastern Nigeria and Mid-Western Cameroon [73c]; Map 95 South-Eastern Nigeria and Mid-Western Cameroon [73d]; Map 95 South-Eastern Nigeria and Mid-Western Cameroon [73e]; Map 95 South-Eastern Nigeria and Mid-Western Cameroon [73f]; Map 95 South-Eastern Nigeria and Mid-Western Cameroon [73g]; Map 95 South-Eastern Nigeria and Mid-Western Cameroon [73h]; Map 95 South-Eastern Nigeria and Mid-Western Cameroon [73i]; Map 95 South-Eastern Nigeria and Mid-Western Cameroon [75d]; Map 95 South-Eastern Nigeria and Mid-Western Cameroon [76b]; Map 95 South-Eastern Nigeria and Mid-Western Cameroon [78a]; Map 95 South-Eastern Nigeria and Mid-Western Cameroon [78b]; Map 95 South-Eastern Nigeria and Mid-Western Cameroon [79a]; Map 95 South-Eastern Nigeria and Mid-Western Cameroon [79b]; Map 95 South-Eastern Nigeria and Mid-Western Cameroon [79c]; Map 95 South-Eastern Nigeria and Mid-Western Cameroon [7]; Map 95 South-Eastern Nigeria and Mid-Western Cameroon [80]; Map 95 South-Eastern Nigeria and Mid-Western Cameroon [81]; Map 95 South-Eastern Nigeria and Mid-Western Cameroon [82a]; Map 95 South-Eastern Nigeria and Mid-Western Cameroon [82b]; Map 95 South-Eastern Nigeria and Mid-Western Cameroon [82c]; Map 95 South-Eastern Nigeria and Mid-Western Cameroon [83]; Map 95 South-Eastern Nigeria and Mid-Western Cameroon [84]; Map 95 South-Eastern Nigeria and Mid-Western Cameroon [84a]; Map 95 South-Eastern Nigeria and Mid-Western Cameroon [85]; Map 95 South-Eastern Nigeria and Mid-Western Cameroon [86]; Map 95 South-Eastern Nigeria and Mid-Western Cameroon [87]; Map 95 South-Eastern Nigeria and Mid-Western Cameroon [88]; Map 95 South-Eastern Nigeria and Mid-Western Cameroon [89]; Map 95 South-Eastern Nigeria and Mid-Western Cameroon [8]; Map 95 South-Eastern Nigeria and Mid-Western Cameroon [90]; Map 95 South-Eastern Nigeria and Mid-Western Cameroon [91]; Map 95 South-Eastern Nigeria and Mid-Western Cameroon [92]; Map 95 South-Eastern Nigeria and Mid-Western Cameroon [93]; Map 95 South-Eastern Nigeria and Mid-Western Cameroon [96]; Map 95 South-Eastern Nigeria and Mid-Western Cameroon [97a]; Map 95 South-Eastern Nigeria and Mid-Western Cameroon [97b]; Map 95 South-Eastern Nigeria and Mid-Western Cameroon [98]; Map 95 South-Eastern Nigeria and Mid-Western Cameroon [99]; Map 95 South-Eastern Nigeria and Mid-Western Cameroon [9]; Map 95 South-Eastern Nigeria and Mid-Western Cameroon [F]; Map 96 South Plateau, Nigeria [10]; Map 96 South Plateau, Nigeria [11]; Map 96 South Plateau, Nigeria [12]; Map 96 South Plateau, Nigeria [13]; Map 96 South Plateau, Nigeria [14]; Map 96 South Plateau, Nigeria [17]; Map 96 South Plateau, Nigeria [18]; Map 96 South Plateau, Nigeria [19]; Map 96 South Plateau, Nigeria [1]; Map 96 South Plateau, Nigeria [20]; Map 96 South Plateau, Nigeria [21a]; Map 96 South Plateau, Nigeria [21b]; Map 96 South Plateau, Nigeria [21c]; Map 96 South Plateau, Nigeria [22]; Map 96 South Plateau, Nigeria [23]; Map 96 South Plateau, Nigeria [24]; Map 96 South Plateau, Nigeria [25]; Map 96 South Plateau, Nigeria [26]; Map 96 South Plateau, Nigeria [27]; Map 96 South Plateau, Nigeria [28]; Map 96 South Plateau, Nigeria [29]; Map 96 South Plateau, Nigeria [2]; Map 96 South Plateau, Nigeria [30]; Map 96 South Plateau, Nigeria [32]; Map 96 South Plateau, Nigeria [33]; Map 96 South Plateau, Nigeria [34a]; Map 96 South Plateau, Nigeria [34b]; Map 96 South Plateau, Nigeria [34c]; Map 96 South Plateau, Nigeria [34d]; Map 96 South Plateau, Nigeria [34e]; Map 96 South Plateau, Nigeria [34f]; Map 96 South Plateau, Nigeria [35, A]; Map 96 South Plateau, Nigeria [36a]; Map 96 South Plateau, Nigeria [36b]; Map 96 South Plateau, Nigeria [37]; Map 96 South Plateau, Nigeria [38]; Map 96 South Plateau, Nigeria [38a]; Map 96 South Plateau, Nigeria [39]; Map 96 South Plateau, Nigeria [40a]; Map 96 South Plateau, Nigeria [40b]; Map 96 South Plateau, Nigeria [41]; Map 96 South Plateau, Nigeria [43]; Map 96 South Plateau, Nigeria [44]; Map 96 South Plateau, Nigeria [45]; Map 96 South Plateau, Nigeria [46]; Map 96 South Plateau, Nigeria [47]; Map 96 South Plateau, Nigeria [47b]; Map 96 South Plateau, Nigeria [48]; Map 96 South Plateau, Nigeria [49]; Map 96 South Plateau, Nigeria [4]; Map 96 South Plateau, Nigeria [50]; Map 96 South Plateau, Nigeria [52]; Map 96 South Plateau, Nigeria [53]; Map 96 South Plateau, Nigeria [54]; Map 96 South Plateau, Nigeria [55a]; Map 96 South Plateau, Nigeria [55b]; Map 96 South Plateau, Nigeria [55c]; Map 96 South Plateau, Nigeria [56]; Map 96 South Plateau, Nigeria [57]; Map 96 South Plateau, Nigeria [58]; Map 96 South Plateau, Nigeria [5]; Map 96 South Plateau, Nigeria [6]; Map 96 South Plateau, Nigeria [8]; Map 96 South Plateau, Nigeria [9]; Map 97 North Plateau, Nigeria [11a]; Map 97 North Plateau, Nigeria [11b]; Map 97 North Plateau, Nigeria [11c]; Map 97 North Plateau, Nigeria [11d]; Map 97 North Plateau, Nigeria [12]; Map 97 North Plateau, Nigeria [13]; Map 97 North Plateau, Nigeria [13a]; Map 97 North Plateau, Nigeria [14]; Map 97 North Plateau, Nigeria [15]; Map 97 North Plateau, Nigeria [16a]; Map 97 North Plateau, Nigeria [16b]; Map 97 North Plateau, Nigeria [16c]; Map 97 North Plateau, Nigeria [18]; Map 97 North Plateau, Nigeria [1]; Map 97 North Plateau, Nigeria [21]; Map 97 North Plateau, Nigeria [22]; Map 97 North Plateau, Nigeria [23]; Map 97 North Plateau, Nigeria [24]; Map 97 North Plateau, Nigeria [25a]; Map 97 North Plateau, Nigeria [25b]; Map 97 North Plateau, Nigeria [26]; Map 97 North Plateau, Nigeria [27]; Map 97 North Plateau, Nigeria [28]; Map 97 North Plateau, Nigeria [29]; Map 97 North Plateau, Nigeria [2]; Map 97 North Plateau, Nigeria [30]; Map 97 North Plateau, Nigeria [31]; Map 97 North Plateau, Nigeria [32]; Map 97 North Plateau, Nigeria [33]; Map 97 North Plateau, Nigeria [34]; Map 97 North Plateau, Nigeria [35]; Map 97 North Plateau, Nigeria [37]; Map 97 North Plateau, Nigeria [38]; Map 97 North Plateau, Nigeria [3]; Map 97 North Plateau, Nigeria [42]; Map 97 North Plateau, Nigeria [43]; Map 97 North Plateau, Nigeria [44]; Map 97 North Plateau, Nigeria [45]; Map 97 North Plateau, Nigeria [46]; Map 97 North Plateau, Nigeria [46a]; Map 97 North Plateau, Nigeria [46b]; Map 97 North Plateau, Nigeria [46c]; Map 97 North Plateau, Nigeria [47]; Map 97 North Plateau, Nigeria [48]; Map 97 North Plateau, Nigeria [49]; Map 97 North Plateau, Nigeria [4]; Map 97 North Plateau, Nigeria [51]; Map 97 North Plateau, Nigeria [52]; Map 97 North Plateau, Nigeria [54]; Map 97 North Plateau, Nigeria [55]; Map 97 North Plateau, Nigeria [56]; Map 97 North Plateau, Nigeria [57]; Map 97 North Plateau, Nigeria [58]; Map 97 North Plateau, Nigeria [5]; Map 97 North Plateau, Nigeria [61]; Map 97 North Plateau, Nigeria [62]; Map 97 North Plateau, Nigeria [65]; Map 97 North Plateau, Nigeria [66]; Map 97 North Plateau, Nigeria [67]; Map 97 North Plateau, Nigeria [6]; Map 97 North Plateau, Nigeria [9a]; Map 97 North Plateau, Nigeria [F]; Map 98 North-Eastern Nigeria [10]; Map 98 North-Eastern Nigeria [11]; Map 98 North-Eastern Nigeria [12]; Map 98 North-Eastern Nigeria [13]; Map 98 North-Eastern Nigeria [15]; Map 98 North-Eastern Nigeria [16]; Map 98 North-Eastern Nigeria [17]; Map 98 North-Eastern Nigeria [19]; Map 98 North-Eastern Nigeria [1]; Map 98 North-Eastern Nigeria [20]; Map 98 North-Eastern Nigeria [21]; Map 98 North-Eastern Nigeria [23]; Map 98 North-Eastern Nigeria [24]; Map 98 North-Eastern Nigeria [25a]; Map 98 North-Eastern Nigeria [25b]; Map 98 North-Eastern Nigeria [25c]; Map 98 North-Eastern Nigeria [25e]; Map 98 North-Eastern Nigeria [26b]; Map 98 North-Eastern Nigeria [27]; Map 98 North-Eastern Nigeria [28]; Map 98 North-Eastern Nigeria [29]; Map 98 North-Eastern Nigeria [2]; Map 98 North-Eastern Nigeria [30]; Map 98 North-Eastern Nigeria [32]; Map 98 North-Eastern Nigeria [33]; Map 98 North-Eastern Nigeria [34]; Map 98 North-Eastern Nigeria [35]; Map 98 North-Eastern Nigeria [36]; Map 98 North-Eastern Nigeria [37]; Map 98 North-Eastern Nigeria [3]; Map 98 North-Eastern Nigeria [40]; Map 98 North-Eastern Nigeria [41]; Map 98 North-Eastern Nigeria [42]; Map 98 North-Eastern Nigeria [43]; Map 98 North-Eastern Nigeria [44]; Map 98 North-Eastern Nigeria [45]; Map 98 North-Eastern Nigeria [46]; Map 98 North-Eastern Nigeria [47]; Map 98 North-Eastern Nigeria [48]; Map 98 North-Eastern Nigeria [49]; Map 98 North-Eastern Nigeria [4]; Map 98 North-Eastern Nigeria [50]; Map 98 North-Eastern Nigeria [51]; Map 98 North-Eastern Nigeria [52]; Map 98 North-Eastern Nigeria [53]; Map 98 North-Eastern Nigeria [54]; Map 98 North-Eastern Nigeria [55]; Map 98 North-Eastern Nigeria [56]; Map 98 North-Eastern Nigeria [57]; Map 98 North-Eastern Nigeria [58]; Map 98 North-Eastern Nigeria [59]; Map 98 North-Eastern Nigeria [5]; Map 98 North-Eastern Nigeria [60]; Map 98 North-Eastern Nigeria [61]; Map 98 North-Eastern Nigeria [62]; Map 98 North-Eastern Nigeria [63]; Map 98 North-Eastern Nigeria [64]; Map 98 North-Eastern Nigeria [64a]; Map 98 North-Eastern Nigeria [6]; Map 98 North-Eastern Nigeria [7]; Map 98 North-Eastern Nigeria [8]; Map 98 North-Eastern Nigeria [9a]; Map 98 North-Eastern Nigeria [9b]; Map 98 North-Eastern Nigeria [9c]; Map 99 Lake Chad Region [F]"
aust1305,Austroasiatic,,,,aust1305,,103 158 299 341 380 457 617 693 705 749 865 872 901 1013 1065 1077 1136 1147 1149 1235 1248 1473 1764 1887 2013 2047 2093 2217 2245 2246 2296 2298 2331 2538 2561 2638 2671 2676 2677 2683 2684 2763 2774 2789 2874 2881 3043 3145 3163 3184 3323 3461 3477 3531 3544 3551 3552 3689 3876 3904 3924 3937 4018 4036 4335 4526 4558 4655 4656 4716 4734 4742 4744 4754 4790 4797 4806 4832 4852 4855 4860 4861 4862 4865 4866 4918 4920 5063 5074 5117 5152 5224 5272 5291 5292 5296 5364 5474 5550 5633 5641 5712 5806 5846 5924 5974 5978 6020 6203 6222 6323 6522 6537 6690,family,,families,"Map 44 West Malaysia and Singapore [10]; Map 44 West Malaysia and Singapore [11]; Map 44 West Malaysia and Singapore [12]; Map 44 West Malaysia and Singapore [13]; Map 44 West Malaysia and Singapore [1]; Map 44 West Malaysia and Singapore [2]; Map 44 West Malaysia and Singapore [3]; Map 44 West Malaysia and Singapore [4]; Map 44 West Malaysia and Singapore [5]; Map 44 West Malaysia and Singapore [6]; Map 44 West Malaysia and Singapore [7]; Map 44 West Malaysia and Singapore [8]; Map 44 West Malaysia and Singapore [9]; Map 45 China and Mongolia [81]; Map 45 China and Mongolia [82]; Map 46 Yunnan Province, China [10]; Map 46 Yunnan Province, China [11]; Map 46 Yunnan Province, China [5]; Map 46 Yunnan Province, China [6]; Map 46 Yunnan Province, China [7]; Map 46 Yunnan Province, China [8]; Map 46 Yunnan Province, China [9]; Map 47 Northern Thailand, Laos and Vietnam [17]; Map 47 Northern Thailand, Laos and Vietnam [27]; Map 47 Northern Thailand, Laos and Vietnam [28]; Map 47 Northern Thailand, Laos and Vietnam [29]; Map 47 Northern Thailand, Laos and Vietnam [31]; Map 47 Northern Thailand, Laos and Vietnam [32]; Map 47 Northern Thailand, Laos and Vietnam [33]; Map 47 Northern Thailand, Laos and Vietnam [34]; Map 47 Northern Thailand, Laos and Vietnam [35]; Map 47 Northern Thailand, Laos and Vietnam [36]; Map 47 Northern Thailand, Laos and Vietnam [37]; Map 47 Northern Thailand, Laos and Vietnam [38]; Map 47 Northern Thailand, Laos and Vietnam [40]; Map 47 Northern Thailand, Laos and Vietnam [41]; Map 47 Northern Thailand, Laos and Vietnam [42]; Map 47 Northern Thailand, Laos and Vietnam [43]; Map 47 Northern Thailand, Laos and Vietnam [44]; Map 47 Northern Thailand, Laos and Vietnam [45]; Map 47 Northern Thailand, Laos and Vietnam [46]; Map 47 Northern Thailand, Laos and Vietnam [47]; Map 47 Northern Thailand, Laos and Vietnam [47a]; Map 47 Northern Thailand, Laos and Vietnam [47c]; Map 47 Northern Thailand, Laos and Vietnam [48]; Map 47 Northern Thailand, Laos and Vietnam [49]; Map 47 Northern Thailand, Laos and Vietnam [50]; Map 47 Northern Thailand, Laos and Vietnam [51]; Map 47 Northern Thailand, Laos and Vietnam [52]; Map 47 Northern Thailand, Laos and Vietnam [53]; Map 47 Northern Thailand, Laos and Vietnam [55]; Map 47 Northern Thailand, Laos and Vietnam [56]; Map 47 Northern Thailand, Laos and Vietnam [57]; Map 47 Northern Thailand, Laos and Vietnam [58]; Map 47 Northern Thailand, Laos and Vietnam [60]; Map 47 Northern Thailand, Laos and Vietnam [62]; Map 47 Northern Thailand, Laos and Vietnam [63]; Map 47 Northern Thailand, Laos and Vietnam [64]; Map 47 Northern Thailand, Laos and Vietnam [65]; Map 47 Northern Thailand, Laos and Vietnam [67]; Map 47 Northern Thailand, Laos and Vietnam [68]; Map 47 Northern Thailand, Laos and Vietnam [69]; Map 47 Northern Thailand, Laos and Vietnam [70]; Map 47 Northern Thailand, Laos and Vietnam [71]; Map 47 Northern Thailand, Laos and Vietnam [72]; Map 47 Northern Thailand, Laos and Vietnam [73]; Map 47 Northern Thailand, Laos and Vietnam [74]; Map 47 Northern Thailand, Laos and Vietnam [75]; Map 47 Northern Thailand, Laos and Vietnam [76]; Map 47 Northern Thailand, Laos and Vietnam [77]; Map 47 Northern Thailand, Laos and Vietnam [78]; Map 47 Northern Thailand, Laos and Vietnam [79]; Map 47 Northern Thailand, Laos and Vietnam [80]; Map 48 Southern Thailand, Laos and Vietnam, and Cambodia [22]; Map 48 Southern Thailand, Laos and Vietnam, and Cambodia [23]; Map 48 Southern Thailand, Laos and Vietnam, and Cambodia [24]; Map 48 Southern Thailand, Laos and Vietnam, and Cambodia [25]; Map 48 Southern Thailand, Laos and Vietnam, and Cambodia [26]; Map 48 Southern Thailand, Laos and Vietnam, and Cambodia [27]; Map 48 Southern Thailand, Laos and Vietnam, and Cambodia [28]; Map 48 Southern Thailand, Laos and Vietnam, and Cambodia [32]; Map 48 Southern Thailand, Laos and Vietnam, and Cambodia [33]; Map 48 Southern Thailand, Laos and Vietnam, and Cambodia [36]; Map 48 Southern Thailand, Laos and Vietnam, and Cambodia [37]; Map 48 Southern Thailand, Laos and Vietnam, and Cambodia [38]; Map 48 Southern Thailand, Laos and Vietnam, and Cambodia [40]; Map 48 Southern Thailand, Laos and Vietnam, and Cambodia [43]; Map 48 Southern Thailand, Laos and Vietnam, and Cambodia [45]; Map 48 Southern Thailand, Laos and Vietnam, and Cambodia [47]; Map 48 Southern Thailand, Laos and Vietnam, and Cambodia [48]; Map 48 Southern Thailand, Laos and Vietnam, and Cambodia [49]; Map 48 Southern Thailand, Laos and Vietnam, and Cambodia [50]; Map 48 Southern Thailand, Laos and Vietnam, and Cambodia [53]; Map 48 Southern Thailand, Laos and Vietnam, and Cambodia [55]; Map 48 Southern Thailand, Laos and Vietnam, and Cambodia [56]; Map 48 Southern Thailand, Laos and Vietnam, and Cambodia [63]; Map 48 Southern Thailand, Laos and Vietnam, and Cambodia [64]; Map 48 Southern Thailand, Laos and Vietnam, and Cambodia [65]; Map 48 Southern Thailand, Laos and Vietnam, and Cambodia [66]; Map 48 Southern Thailand, Laos and Vietnam, and Cambodia [67]; Map 48 Southern Thailand, Laos and Vietnam, and Cambodia [68]; Map 48 Southern Thailand, Laos and Vietnam, and Cambodia [69]; Map 48 Southern Thailand, Laos and Vietnam, and Cambodia [70]; Map 48 Southern Thailand, Laos and Vietnam, and Cambodia [71]; Map 48 Southern Thailand, Laos and Vietnam, and Cambodia [72]; Map 48 Southern Thailand, Laos and Vietnam, and Cambodia [73]; Map 48 Southern Thailand, Laos and Vietnam, and Cambodia [74]; Map 49 Burma (Myanmar) [10]; Map 49 Burma (Myanmar) [11]; Map 49 Burma (Myanmar) [6]; Map 49 Burma (Myanmar) [7]; Map 49 Burma (Myanmar) [8]; Map 51 North-East India, Bangladesh, Bhutan and Nepal [198]; Map 51 North-East India, Bangladesh, Bhutan and Nepal [198a]; Map 51 North-East India, Bangladesh, Bhutan and Nepal [199]; Map 51 North-East India, Bangladesh, Bhutan and Nepal [200, C]; Map 51 North-East India, Bangladesh, Bhutan and Nepal [201]; Map 51 North-East India, Bangladesh, Bhutan and Nepal [202]; Map 51 North-East India, Bangladesh, Bhutan and Nepal [203]; Map 51 North-East India, Bangladesh, Bhutan and Nepal [204]; Map 51 North-East India, Bangladesh, Bhutan and Nepal [205]; Map 51 North-East India, Bangladesh, Bhutan and Nepal [206]; Map 51 North-East India, Bangladesh, Bhutan and Nepal [207]; Map 51 North-East India, Bangladesh, Bhutan and Nepal [208]; Map 51 North-East India, Bangladesh, Bhutan and Nepal [209]; Map 51 North-East India, Bangladesh, Bhutan and Nepal [210]; Map 51 North-East India, Bangladesh, Bhutan and Nepal [212]; Map 51 North-East India, Bangladesh, Bhutan and Nepal [213]; Map 51 North-East India, Bangladesh, Bhutan and Nepal [214]; Map 52 Southern India and Sri Lanka [35]; Map 52 Southern India and Sri Lanka [37]; Map 54 North-West India [77]"
aust1307,Austronesian,,,,aust1307,,8 36 37 42 51 61 74 84 97 98 107 125 131 135 160 161 164 171 177 184 194 195 197 200 207 222 228 231 241 247 251 257 258 269 289 297 301 302 303 315 317 335 345 347 350 355 367 374 401 426 428 432 445 452 453 468 469 476 484 487 488 490 498 499 502 517 519 531 543 546 547 548 566 567 575 578 582 599 613 614 616 624 628 644 648 687 707 712 715 717 718 725 726 730 733 740 741 742 747 767 774 778 789 791 792 801 803 804 805 809 827 830 838 853 857 887 888 891 896 897 898 899 906 908 919 925 926 927 935 940 945 946 949 950 952 961 975 986 987 991 998 999 1003 1011 1020 1027 1030 1043 1053 1148 1197 1227 1233 1241 1243 1249 1269 1270 1271 1319 1336 1338 1350 1351 1356 1363 1374 1382 1388 1389 1391 1392 1393 1400 1409 1420 1424 1445 1452 1457 1468 1470 1531 1535 1538 1544 1559 1591 1592 1593 1594 1641 1648 1649 1654 1669 1672 1684 1695 1708 1719 1744 1745 1749 1763 1767 1777 1778 1792 1817 1862 1903 1916 1924 1933 1937 1955 1960 1962 1979 1990 1995 2008 2009 2014 2025 2028 2039 2067 2068 2073 2074 2085 2088 2090 2094 2097 2098 2132 2133 2135 2136 2148 2159 2163 2164 2176 2180 2188 2192 2216 2218 2222 2237 2239 2334 2344 2350 2352 2353 2354 2356 2360 2361 2362 2363 2365 2368 2380 2383 2386 2389 2395 2398 2400 2409 2412 2438 2443 2455 2458 2467 2470 2471 2475 2480 2497 2524 2551 2552 2580 2587 2594 2595 2596 2601 2610 2612 2614 2616 2619 2621 2624 2625 2628 2637 2643 2646 2699 2701 2713 2714 2715 2720 2726 2727 2739 2746 2748 2762 2776 2804 2806 2812 2815 2826 2831 2851 2876 2877 2878 2888 2901 2947 2956 2972 2978 2993 3001 3014 3016 3020 3046 3053 3062 3072 3098 3102 3105 3106 3111 3123 3126 3128 3130 3135 3140 3150 3151 3157 3168 3169 3172 3173 3179 3182 3183 3186 3190 3191 3199 3208 3209 3215 3216 3220 3224 3226 3228 3244 3248 3260 3261 3263 3271 3281 3285 3296 3304 3305 3309 3310 3314 3318 3321 3335 3349 3352 3356 3361 3388 3400 3401 3407 3411 3412 3416 3417 3419 3427 3441 3463 3468 3469 3471 3472 3473 3478 3481 3484 3488 3494 3496 3500 3504 3506 3507 3509 3519 3522 3533 3542 3543 3545 3549 3564 3578 3579 3587 3589 3592 3597 3598 3608 3616 3617 3620 3628 3647 3649 3653 3658 3667 3675 3691 3714 3774 3778 3787 3789 3792 3794 3798 3802 3806 3807 3808 3846 3848 3863 3889 3893 3905 3906 3907 3909 3916 3918 3925 3935 3953 3955 3956 3968 3969 3991 4012 4015 4026 4041 4055 4058 4066 4080 4090 4091 4097 4100 4106 4109 4114 4117 4118 4124 4125 4129 4130 4134 4141 4150 4156 4159 4160 4164 4171 4172 4175 4176 4189 4191 4219 4220 4227 4231 4233 4234 4236 4238 4242 4243 4256 4357 4365 4372 4375 4381 4390 4423 4436 4446 4454 4456 4457 4460 4466 4467 4468 4471 4488 4489 4496 4507 4527 4532 4534 4538 4539 4540 4551 4607 4658 4665 4666 4667 4668 4672 4676 4683 4692 4699 4712 4725 4728 4732 4740 4741 4743 4752 4753 4760 4761 4768 4769 4779 4780 4784 4785 4788 4805 4811 4815 4817 4822 4831 4840 4849 4869 4877 4881 4896 4909 4911 4912 4936 4937 4939 4944 4950 4952 4956 4968 4978 4980 4983 4984 4985 4987 4988 5007 5008 5009 5033 5035 5038 5043 5052 5054 5058 5059 5061 5072 5077 5083 5088 5090 5094 5096 5098 5101 5105 5107 5108 5110 5112 5113 5121 5132 5143 5145 5146 5147 5166 5167 5168 5172 5181 5184 5189 5190 5210 5211 5212 5228 5231 5234 5235 5242 5257 5258 5269 5273 5274 5276 5280 5282 5284 5288 5289 5293 5308 5309 5311 5320 5321 5326 5329 5350 5407 5408 5410 5415 5416 5418 5422 5425 5427 5428 5431 5433 5434 5441 5447 5448 5459 5466 5477 5479 5487 5505 5508 5509 5510 5514 5516 5523 5532 5533 5534 5539 5541 5558 5559 5569 5572 5580 5582 5587 5595 5596 5600 5602 5604 5608 5617 5618 5624 5643 5650 5653 5654 5655 5680 5684 5690 5693 5698 5701 5707 5710 5720 5722 5726 5733 5754 5759 5761 5769 5772 5773 5778 5786 5788 5807 5813 5814 5832 5833 5843 5853 5859 5864 5869 5873 5884 5886 5887 5902 5903 5918 5932 5934 5935 5937 5938 5941 5944 5952 5953 5954 5956 5979 5988 5996 6006 6009 6015 6025 6054 6055 6056 6058 6060 6077 6078 6083 6088 6092 6100 6103 6109 6117 6122 6124 6128 6138 6141 6142 6153 6157 6175 6182 6188 6190 6192 6195 6199 6211 6213 6216 6218 6225 6226 6233 6239 6241 6244 6254 6255 6285 6286 6296 6315 6332 6343 6359 6364 6381 6382 6386 6393 6394 6398 6417 6420 6421 6429 6435 6439 6440 6441 6473 6478 6480 6481 6482 6495 6511 6518 6524 6525 6530 6550 6558 6560 6566 6567 6592 6617 6649 6674 6675 6688 6689 6724 6744 6791 6799,family,,families,"Map 26 Polynesia [14]; Map 26 Polynesia [16]; Map 26 Polynesia [18]; Map 26 Polynesia [1]; Map 26 Polynesia [21]; Map 26 Polynesia [22]; Map 26 Polynesia [23]; Map 26 Polynesia [24]; Map 26 Polynesia [26]; Map 26 Polynesia [27]; Map 26 Polynesia [2]; Map 26 Polynesia [36]; Map 26 Polynesia [3]; Map 26 Polynesia [9]; Map 27 Vanuatu and New Caledonia [100]; Map 27 Vanuatu and New Caledonia [101]; Map 27 Vanuatu and New Caledonia [102]; Map 27 Vanuatu and New Caledonia [103]; Map 27 Vanuatu and New Caledonia [104]; Map 27 Vanuatu and New Caledonia [105]; Map 27 Vanuatu and New Caledonia [106]; Map 27 Vanuatu and New Caledonia [107]; Map 27 Vanuatu and New Caledonia [108]; Map 27 Vanuatu and New Caledonia [109]; Map 27 Vanuatu and New Caledonia [10]; Map 27 Vanuatu and New Caledonia [110]; Map 27 Vanuatu and New Caledonia [111]; Map 27 Vanuatu and New Caledonia [112]; Map 27 Vanuatu and New Caledonia [113]; Map 27 Vanuatu and New Caledonia [114]; Map 27 Vanuatu and New Caledonia [115]; Map 27 Vanuatu and New Caledonia [116]; Map 27 Vanuatu and New Caledonia [117]; Map 27 Vanuatu and New Caledonia [118]; Map 27 Vanuatu and New Caledonia [119]; Map 27 Vanuatu and New Caledonia [11]; Map 27 Vanuatu and New Caledonia [120]; Map 27 Vanuatu and New Caledonia [121]; Map 27 Vanuatu and New Caledonia [122]; Map 27 Vanuatu and New Caledonia [123]; Map 27 Vanuatu and New Caledonia [124]; Map 27 Vanuatu and New Caledonia [125]; Map 27 Vanuatu and New Caledonia [126]; Map 27 Vanuatu and New Caledonia [127]; Map 27 Vanuatu and New Caledonia [128]; Map 27 Vanuatu and New Caledonia [129]; Map 27 Vanuatu and New Caledonia [12]; Map 27 Vanuatu and New Caledonia [130]; Map 27 Vanuatu and New Caledonia [131]; Map 27 Vanuatu and New Caledonia [132]; Map 27 Vanuatu and New Caledonia [133]; Map 27 Vanuatu and New Caledonia [134]; Map 27 Vanuatu and New Caledonia [135]; Map 27 Vanuatu and New Caledonia [136]; Map 27 Vanuatu and New Caledonia [137]; Map 27 Vanuatu and New Caledonia [139]; Map 27 Vanuatu and New Caledonia [14]; Map 27 Vanuatu and New Caledonia [16]; Map 27 Vanuatu and New Caledonia [17]; Map 27 Vanuatu and New Caledonia [18]; Map 27 Vanuatu and New Caledonia [19]; Map 27 Vanuatu and New Caledonia [1]; Map 27 Vanuatu and New Caledonia [20]; Map 27 Vanuatu and New Caledonia [21]; Map 27 Vanuatu and New Caledonia [22]; Map 27 Vanuatu and New Caledonia [23]; Map 27 Vanuatu and New Caledonia [24]; Map 27 Vanuatu and New Caledonia [25]; Map 27 Vanuatu and New Caledonia [26]; Map 27 Vanuatu and New Caledonia [28]; Map 27 Vanuatu and New Caledonia [29]; Map 27 Vanuatu and New Caledonia [2]; Map 27 Vanuatu and New Caledonia [30]; Map 27 Vanuatu and New Caledonia [31]; Map 27 Vanuatu and New Caledonia [32]; Map 27 Vanuatu and New Caledonia [33]; Map 27 Vanuatu and New Caledonia [35]; Map 27 Vanuatu and New Caledonia [36]; Map 27 Vanuatu and New Caledonia [37]; Map 27 Vanuatu and New Caledonia [38]; Map 27 Vanuatu and New Caledonia [39]; Map 27 Vanuatu and New Caledonia [3]; Map 27 Vanuatu and New Caledonia [40]; Map 27 Vanuatu and New Caledonia [41]; Map 27 Vanuatu and New Caledonia [42]; Map 27 Vanuatu and New Caledonia [43]; Map 27 Vanuatu and New Caledonia [44]; Map 27 Vanuatu and New Caledonia [45]; Map 27 Vanuatu and New Caledonia [46]; Map 27 Vanuatu and New Caledonia [47]; Map 27 Vanuatu and New Caledonia [48]; Map 27 Vanuatu and New Caledonia [49]; Map 27 Vanuatu and New Caledonia [4]; Map 27 Vanuatu and New Caledonia [50]; Map 27 Vanuatu and New Caledonia [51]; Map 27 Vanuatu and New Caledonia [52]; Map 27 Vanuatu and New Caledonia [53]; Map 27 Vanuatu and New Caledonia [54]; Map 27 Vanuatu and New Caledonia [55]; Map 27 Vanuatu and New Caledonia [56]; Map 27 Vanuatu and New Caledonia [57]; Map 27 Vanuatu and New Caledonia [58]; Map 27 Vanuatu and New Caledonia [59]; Map 27 Vanuatu and New Caledonia [5]; Map 27 Vanuatu and New Caledonia [60]; Map 27 Vanuatu and New Caledonia [61]; Map 27 Vanuatu and New Caledonia [62]; Map 27 Vanuatu and New Caledonia [63]; Map 27 Vanuatu and New Caledonia [64]; Map 27 Vanuatu and New Caledonia [65]; Map 27 Vanuatu and New Caledonia [66]; Map 27 Vanuatu and New Caledonia [67]; Map 27 Vanuatu and New Caledonia [68]; Map 27 Vanuatu and New Caledonia [69]; Map 27 Vanuatu and New Caledonia [70]; Map 27 Vanuatu and New Caledonia [73]; Map 27 Vanuatu and New Caledonia [74]; Map 27 Vanuatu and New Caledonia [75]; Map 27 Vanuatu and New Caledonia [76]; Map 27 Vanuatu and New Caledonia [77]; Map 27 Vanuatu and New Caledonia [78]; Map 27 Vanuatu and New Caledonia [79]; Map 27 Vanuatu and New Caledonia [7]; Map 27 Vanuatu and New Caledonia [80]; Map 27 Vanuatu and New Caledonia [81]; Map 27 Vanuatu and New Caledonia [82]; Map 27 Vanuatu and New Caledonia [83]; Map 27 Vanuatu and New Caledonia [84]; Map 27 Vanuatu and New Caledonia [85]; Map 27 Vanuatu and New Caledonia [86]; Map 27 Vanuatu and New Caledonia [87]; Map 27 Vanuatu and New Caledonia [88]; Map 27 Vanuatu and New Caledonia [89]; Map 27 Vanuatu and New Caledonia [8]; Map 27 Vanuatu and New Caledonia [90]; Map 27 Vanuatu and New Caledonia [91]; Map 27 Vanuatu and New Caledonia [93]; Map 27 Vanuatu and New Caledonia [94]; Map 27 Vanuatu and New Caledonia [95]; Map 27 Vanuatu and New Caledonia [96]; Map 27 Vanuatu and New Caledonia [97]; Map 27 Vanuatu and New Caledonia [98]; Map 27 Vanuatu and New Caledonia [99]; Map 27 Vanuatu and New Caledonia [9]; Map 28 Micronesia [10]; Map 28 Micronesia [12]; Map 28 Micronesia [13]; Map 28 Micronesia [16]; Map 28 Micronesia [17]; Map 28 Micronesia [18]; Map 28 Micronesia [19]; Map 28 Micronesia [1]; Map 28 Micronesia [20]; Map 28 Micronesia [21]; Map 28 Micronesia [22]; Map 28 Micronesia [23]; Map 28 Micronesia [24]; Map 28 Micronesia [2]; Map 28 Micronesia [3]; Map 28 Micronesia [4]; Map 28 Micronesia [6]; Map 28 Micronesia [7]; Map 28 Micronesia [8]; Map 28 Micronesia [9]; Map 29 Solomon Islands and Bougainville [10]; Map 29 Solomon Islands and Bougainville [11]; Map 29 Solomon Islands and Bougainville [12]; Map 29 Solomon Islands and Bougainville [13]; Map 29 Solomon Islands and Bougainville [14]; Map 29 Solomon Islands and Bougainville [15]; Map 29 Solomon Islands and Bougainville [16]; Map 29 Solomon Islands and Bougainville [17]; Map 29 Solomon Islands and Bougainville [18]; Map 29 Solomon Islands and Bougainville [19]; Map 29 Solomon Islands and Bougainville [1]; Map 29 Solomon Islands and Bougainville [20]; Map 29 Solomon Islands and Bougainville [21]; Map 29 Solomon Islands and Bougainville [22]; Map 29 Solomon Islands and Bougainville [23]; Map 29 Solomon Islands and Bougainville [24]; Map 29 Solomon Islands and Bougainville [25]; Map 29 Solomon Islands and Bougainville [26]; Map 29 Solomon Islands and Bougainville [27]; Map 29 Solomon Islands and Bougainville [28]; Map 29 Solomon Islands and Bougainville [29]; Map 29 Solomon Islands and Bougainville [2]; Map 29 Solomon Islands and Bougainville [30]; Map 29 Solomon Islands and Bougainville [31]; Map 29 Solomon Islands and Bougainville [32]; Map 29 Solomon Islands and Bougainville [33]; Map 29 Solomon Islands and Bougainville [34]; Map 29 Solomon Islands and Bougainville [35]; Map 29 Solomon Islands and Bougainville [36]; Map 29 Solomon Islands and Bougainville [37]; Map 29 Solomon Islands and Bougainville [38]; Map 29 Solomon Islands and Bougainville [39]; Map 29 Solomon Islands and Bougainville [3]; Map 29 Solomon Islands and Bougainville [40]; Map 29 Solomon Islands and Bougainville [41]; Map 29 Solomon Islands and Bougainville [42]; Map 29 Solomon Islands and Bougainville [43]; Map 29 Solomon Islands and Bougainville [44]; Map 29 Solomon Islands and Bougainville [45]; Map 29 Solomon Islands and Bougainville [46]; Map 29 Solomon Islands and Bougainville [47]; Map 29 Solomon Islands and Bougainville [48]; Map 29 Solomon Islands and Bougainville [49]; Map 29 Solomon Islands and Bougainville [50]; Map 29 Solomon Islands and Bougainville [51]; Map 29 Solomon Islands and Bougainville [52]; Map 29 Solomon Islands and Bougainville [53]; Map 29 Solomon Islands and Bougainville [54]; Map 29 Solomon Islands and Bougainville [55]; Map 29 Solomon Islands and Bougainville [56]; Map 29 Solomon Islands and Bougainville [57]; Map 29 Solomon Islands and Bougainville [5]; Map 29 Solomon Islands and Bougainville [64]; Map 29 Solomon Islands and Bougainville [65]; Map 29 Solomon Islands and Bougainville [66]; Map 29 Solomon Islands and Bougainville [67]; Map 29 Solomon Islands and Bougainville [68]; Map 29 Solomon Islands and Bougainville [69]; Map 29 Solomon Islands and Bougainville [6]; Map 29 Solomon Islands and Bougainville [79]; Map 29 Solomon Islands and Bougainville [7]; Map 29 Solomon Islands and Bougainville [8]; Map 29 Solomon Islands and Bougainville [9]; Map 3 South-Western North America: Time of Contact [56]; Map 30 New Britain and New Ireland [10]; Map 30 New Britain and New Ireland [11]; Map 30 New Britain and New Ireland [12]; Map 30 New Britain and New Ireland [13]; Map 30 New Britain and New Ireland [17]; Map 30 New Britain and New Ireland [18]; Map 30 New Britain and New Ireland [19]; Map 30 New Britain and New Ireland [20]; Map 30 New Britain and New Ireland [21]; Map 30 New Britain and New Ireland [22]; Map 30 New Britain and New Ireland [24]; Map 30 New Britain and New Ireland [25]; Map 30 New Britain and New Ireland [26]; Map 30 New Britain and New Ireland [27]; Map 30 New Britain and New Ireland [29]; Map 30 New Britain and New Ireland [30]; Map 30 New Britain and New Ireland [31]; Map 30 New Britain and New Ireland [32]; Map 30 New Britain and New Ireland [33]; Map 30 New Britain and New Ireland [34]; Map 30 New Britain and New Ireland [35]; Map 30 New Britain and New Ireland [36]; Map 30 New Britain and New Ireland [37]; Map 30 New Britain and New Ireland [38]; Map 30 New Britain and New Ireland [39]; Map 30 New Britain and New Ireland [40]; Map 30 New Britain and New Ireland [41]; Map 30 New Britain and New Ireland [42]; Map 30 New Britain and New Ireland [43]; Map 30 New Britain and New Ireland [45]; Map 30 New Britain and New Ireland [46]; Map 30 New Britain and New Ireland [47]; Map 30 New Britain and New Ireland [48]; Map 30 New Britain and New Ireland [49]; Map 30 New Britain and New Ireland [50]; Map 30 New Britain and New Ireland [51]; Map 30 New Britain and New Ireland [52]; Map 30 New Britain and New Ireland [53]; Map 30 New Britain and New Ireland [54]; Map 30 New Britain and New Ireland [55]; Map 30 New Britain and New Ireland [56]; Map 30 New Britain and New Ireland [57]; Map 30 New Britain and New Ireland [58]; Map 30 New Britain and New Ireland [59]; Map 30 New Britain and New Ireland [60]; Map 30 New Britain and New Ireland [61]; Map 30 New Britain and New Ireland [62]; Map 30 New Britain and New Ireland [63]; Map 30 New Britain and New Ireland [64]; Map 30 New Britain and New Ireland [65]; Map 30 New Britain and New Ireland [66]; Map 30 New Britain and New Ireland [67]; Map 30 New Britain and New Ireland [68]; Map 30 New Britain and New Ireland [69]; Map 30 New Britain and New Ireland [6]; Map 30 New Britain and New Ireland [70]; Map 30 New Britain and New Ireland [71]; Map 30 New Britain and New Ireland [72]; Map 30 New Britain and New Ireland [73]; Map 30 New Britain and New Ireland [74]; Map 30 New Britain and New Ireland [75]; Map 30 New Britain and New Ireland [76]; Map 30 New Britain and New Ireland [77]; Map 30 New Britain and New Ireland [78]; Map 30 New Britain and New Ireland [7]; Map 30 New Britain and New Ireland [8]; Map 30 New Britain and New Ireland [9]; Map 31 South-Eastern Papua New Guinea [10]; Map 31 South-Eastern Papua New Guinea [11]; Map 31 South-Eastern Papua New Guinea [12]; Map 31 South-Eastern Papua New Guinea [13]; Map 31 South-Eastern Papua New Guinea [14]; Map 31 South-Eastern Papua New Guinea [15]; Map 31 South-Eastern Papua New Guinea [16]; Map 31 South-Eastern Papua New Guinea [18]; Map 31 South-Eastern Papua New Guinea [19, A]; Map 31 South-Eastern Papua New Guinea [1]; Map 31 South-Eastern Papua New Guinea [20]; Map 31 South-Eastern Papua New Guinea [21]; Map 31 South-Eastern Papua New Guinea [22]; Map 31 South-Eastern Papua New Guinea [23]; Map 31 South-Eastern Papua New Guinea [24]; Map 31 South-Eastern Papua New Guinea [25]; Map 31 South-Eastern Papua New Guinea [26]; Map 31 South-Eastern Papua New Guinea [27]; Map 31 South-Eastern Papua New Guinea [28]; Map 31 South-Eastern Papua New Guinea [29]; Map 31 South-Eastern Papua New Guinea [2]; Map 31 South-Eastern Papua New Guinea [30]; Map 31 South-Eastern Papua New Guinea [31]; Map 31 South-Eastern Papua New Guinea [32]; Map 31 South-Eastern Papua New Guinea [33]; Map 31 South-Eastern Papua New Guinea [34]; Map 31 South-Eastern Papua New Guinea [35, D]; Map 31 South-Eastern Papua New Guinea [36]; Map 31 South-Eastern Papua New Guinea [37]; Map 31 South-Eastern Papua New Guinea [38]; Map 31 South-Eastern Papua New Guinea [39]; Map 31 South-Eastern Papua New Guinea [3]; Map 31 South-Eastern Papua New Guinea [40, E]; Map 31 South-Eastern Papua New Guinea [42]; Map 31 South-Eastern Papua New Guinea [43]; Map 31 South-Eastern Papua New Guinea [44]; Map 31 South-Eastern Papua New Guinea [45]; Map 31 South-Eastern Papua New Guinea [46]; Map 31 South-Eastern Papua New Guinea [48]; Map 31 South-Eastern Papua New Guinea [4]; Map 31 South-Eastern Papua New Guinea [5]; Map 31 South-Eastern Papua New Guinea [6]; Map 31 South-Eastern Papua New Guinea [74]; Map 31 South-Eastern Papua New Guinea [7]; Map 31 South-Eastern Papua New Guinea [8]; Map 31 South-Eastern Papua New Guinea [9]; Map 32 Southern Papua New Guinea [196]; Map 32 Southern Papua New Guinea [197]; Map 32 Southern Papua New Guinea [198]; Map 32 Southern Papua New Guinea [199]; Map 32 Southern Papua New Guinea [200]; Map 32 Southern Papua New Guinea [201]; Map 32 Southern Papua New Guinea [202]; Map 32 Southern Papua New Guinea [203]; Map 32 Southern Papua New Guinea [204]; Map 32 Southern Papua New Guinea [205]; Map 32 Southern Papua New Guinea [206]; Map 32 Southern Papua New Guinea [207]; Map 32 Southern Papua New Guinea [208]; Map 32 Southern Papua New Guinea [209]; Map 32 Southern Papua New Guinea [210]; Map 32 Southern Papua New Guinea [211]; Map 32 Southern Papua New Guinea [212]; Map 32 Southern Papua New Guinea [213]; Map 32 Southern Papua New Guinea [214]; Map 32 Southern Papua New Guinea [215]; Map 32 Southern Papua New Guinea [216]; Map 32 Southern Papua New Guinea [217]; Map 32 Southern Papua New Guinea [218]; Map 32 Southern Papua New Guinea [219]; Map 32 Southern Papua New Guinea [220]; Map 32 Southern Papua New Guinea [221]; Map 32 Southern Papua New Guinea [222]; Map 32 Southern Papua New Guinea [223]; Map 32 Southern Papua New Guinea [224]; Map 32 Southern Papua New Guinea [225]; Map 32 Southern Papua New Guinea [226]; Map 32 Southern Papua New Guinea [227]; Map 32 Southern Papua New Guinea [228]; Map 32 Southern Papua New Guinea [229]; Map 32 Southern Papua New Guinea [230]; Map 32 Southern Papua New Guinea [231]; Map 32 Southern Papua New Guinea [232]; Map 32 Southern Papua New Guinea [233]; Map 32 Southern Papua New Guinea [234]; Map 32 Southern Papua New Guinea [235]; Map 32 Southern Papua New Guinea [236]; Map 33 Northern Papua New Guinea [374]; Map 33 Northern Papua New Guinea [375]; Map 33 Northern Papua New Guinea [376]; Map 33 Northern Papua New Guinea [377]; Map 33 Northern Papua New Guinea [378]; Map 33 Northern Papua New Guinea [379]; Map 33 Northern Papua New Guinea [380]; Map 33 Northern Papua New Guinea [381]; Map 33 Northern Papua New Guinea [382]; Map 33 Northern Papua New Guinea [383]; Map 33 Northern Papua New Guinea [384]; Map 33 Northern Papua New Guinea [385]; Map 33 Northern Papua New Guinea [386]; Map 33 Northern Papua New Guinea [387]; Map 33 Northern Papua New Guinea [388]; Map 33 Northern Papua New Guinea [389]; Map 33 Northern Papua New Guinea [390]; Map 33 Northern Papua New Guinea [391]; Map 33 Northern Papua New Guinea [392]; Map 33 Northern Papua New Guinea [394]; Map 33 Northern Papua New Guinea [395]; Map 33 Northern Papua New Guinea [396]; Map 33 Northern Papua New Guinea [397]; Map 33 Northern Papua New Guinea [399]; Map 33 Northern Papua New Guinea [400]; Map 33 Northern Papua New Guinea [401]; Map 33 Northern Papua New Guinea [402]; Map 33 Northern Papua New Guinea [403]; Map 33 Northern Papua New Guinea [404]; Map 33 Northern Papua New Guinea [405]; Map 33 Northern Papua New Guinea [406]; Map 33 Northern Papua New Guinea [407]; Map 34 Irian Jaya [173]; Map 34 Irian Jaya [176]; Map 34 Irian Jaya [177]; Map 34 Irian Jaya [178]; Map 34 Irian Jaya [179]; Map 34 Irian Jaya [180]; Map 34 Irian Jaya [182]; Map 34 Irian Jaya [183]; Map 34 Irian Jaya [184]; Map 34 Irian Jaya [185]; Map 34 Irian Jaya [186]; Map 34 Irian Jaya [187]; Map 34 Irian Jaya [188]; Map 34 Irian Jaya [189]; Map 34 Irian Jaya [190]; Map 34 Irian Jaya [191]; Map 34 Irian Jaya [192]; Map 34 Irian Jaya [193]; Map 34 Irian Jaya [194]; Map 34 Irian Jaya [195]; Map 34 Irian Jaya [196]; Map 34 Irian Jaya [197]; Map 34 Irian Jaya [198]; Map 34 Irian Jaya [199]; Map 34 Irian Jaya [200]; Map 34 Irian Jaya [201]; Map 34 Irian Jaya [202]; Map 34 Irian Jaya [203]; Map 34 Irian Jaya [204]; Map 34 Irian Jaya [205]; Map 34 Irian Jaya [206]; Map 34 Irian Jaya [207]; Map 34 Irian Jaya [208]; Map 34 Irian Jaya [209]; Map 34 Irian Jaya [210]; Map 34 Irian Jaya [211]; Map 34 Irian Jaya [212]; Map 34 Irian Jaya [213]; Map 34 Irian Jaya [214]; Map 34 Irian Jaya [216]; Map 34 Irian Jaya [217]; Map 34 Irian Jaya [219]; Map 34 Irian Jaya [220]; Map 34 Irian Jaya [221]; Map 34 Irian Jaya [222]; Map 34 Irian Jaya [223]; Map 34 Irian Jaya [224]; Map 34 Irian Jaya [225, D]; Map 34 Irian Jaya [226]; Map 34 Irian Jaya [227]; Map 34 Irian Jaya [228]; Map 34 Irian Jaya [229]; Map 34 Irian Jaya [230]; Map 34 Irian Jaya [231]; Map 34 Irian Jaya [232, E]; Map 34 Irian Jaya [233]; Map 37 The Moluccas [10]; Map 37 The Moluccas [11]; Map 37 The Moluccas [12]; Map 37 The Moluccas [13]; Map 37 The Moluccas [14]; Map 37 The Moluccas [15]; Map 37 The Moluccas [16]; Map 37 The Moluccas [17]; Map 37 The Moluccas [18]; Map 37 The Moluccas [19]; Map 37 The Moluccas [1]; Map 37 The Moluccas [20]; Map 37 The Moluccas [21]; Map 37 The Moluccas [22]; Map 37 The Moluccas [23]; Map 37 The Moluccas [24]; Map 37 The Moluccas [25]; Map 37 The Moluccas [26]; Map 37 The Moluccas [27]; Map 37 The Moluccas [28]; Map 37 The Moluccas [29]; Map 37 The Moluccas [2]; Map 37 The Moluccas [30]; Map 37 The Moluccas [31]; Map 37 The Moluccas [32]; Map 37 The Moluccas [33]; Map 37 The Moluccas [34]; Map 37 The Moluccas [35]; Map 37 The Moluccas [36]; Map 37 The Moluccas [37]; Map 37 The Moluccas [38]; Map 37 The Moluccas [39]; Map 37 The Moluccas [40]; Map 37 The Moluccas [41]; Map 37 The Moluccas [42]; Map 37 The Moluccas [43]; Map 37 The Moluccas [44]; Map 37 The Moluccas [45]; Map 37 The Moluccas [46]; Map 37 The Moluccas [47]; Map 37 The Moluccas [48]; Map 37 The Moluccas [49]; Map 37 The Moluccas [4]; Map 37 The Moluccas [50]; Map 37 The Moluccas [51]; Map 37 The Moluccas [52]; Map 37 The Moluccas [53]; Map 37 The Moluccas [5]; Map 37 The Moluccas [6]; Map 37 The Moluccas [7]; Map 37 The Moluccas [8]; Map 37 The Moluccas [9]; Map 38 Lesser Sunda Islands and Timor [10]; Map 38 Lesser Sunda Islands and Timor [11]; Map 38 Lesser Sunda Islands and Timor [12]; Map 38 Lesser Sunda Islands and Timor [13]; Map 38 Lesser Sunda Islands and Timor [14]; Map 38 Lesser Sunda Islands and Timor [15]; Map 38 Lesser Sunda Islands and Timor [16]; Map 38 Lesser Sunda Islands and Timor [18]; Map 38 Lesser Sunda Islands and Timor [19]; Map 38 Lesser Sunda Islands and Timor [1]; Map 38 Lesser Sunda Islands and Timor [20]; Map 38 Lesser Sunda Islands and Timor [21]; Map 38 Lesser Sunda Islands and Timor [22]; Map 38 Lesser Sunda Islands and Timor [23]; Map 38 Lesser Sunda Islands and Timor [24]; Map 38 Lesser Sunda Islands and Timor [25]; Map 38 Lesser Sunda Islands and Timor [26]; Map 38 Lesser Sunda Islands and Timor [27]; Map 38 Lesser Sunda Islands and Timor [2]; Map 38 Lesser Sunda Islands and Timor [32]; Map 38 Lesser Sunda Islands and Timor [33]; Map 38 Lesser Sunda Islands and Timor [34]; Map 38 Lesser Sunda Islands and Timor [35]; Map 38 Lesser Sunda Islands and Timor [36]; Map 38 Lesser Sunda Islands and Timor [37]; Map 38 Lesser Sunda Islands and Timor [38]; Map 38 Lesser Sunda Islands and Timor [39]; Map 38 Lesser Sunda Islands and Timor [3]; Map 38 Lesser Sunda Islands and Timor [40]; Map 38 Lesser Sunda Islands and Timor [41]; Map 38 Lesser Sunda Islands and Timor [42]; Map 38 Lesser Sunda Islands and Timor [43]; Map 38 Lesser Sunda Islands and Timor [44]; Map 38 Lesser Sunda Islands and Timor [45]; Map 38 Lesser Sunda Islands and Timor [46]; Map 38 Lesser Sunda Islands and Timor [47]; Map 38 Lesser Sunda Islands and Timor [48]; Map 38 Lesser Sunda Islands and Timor [4]; Map 38 Lesser Sunda Islands and Timor [50]; Map 38 Lesser Sunda Islands and Timor [51]; Map 38 Lesser Sunda Islands and Timor [52]; Map 38 Lesser Sunda Islands and Timor [53]; Map 38 Lesser Sunda Islands and Timor [54]; Map 38 Lesser Sunda Islands and Timor [55]; Map 38 Lesser Sunda Islands and Timor [56]; Map 38 Lesser Sunda Islands and Timor [57]; Map 38 Lesser Sunda Islands and Timor [58]; Map 38 Lesser Sunda Islands and Timor [59]; Map 38 Lesser Sunda Islands and Timor [5]; Map 38 Lesser Sunda Islands and Timor [60, A]; Map 38 Lesser Sunda Islands and Timor [61, B]; Map 38 Lesser Sunda Islands and Timor [62, C]; Map 38 Lesser Sunda Islands and Timor [63]; Map 38 Lesser Sunda Islands and Timor [6]; Map 38 Lesser Sunda Islands and Timor [7]; Map 38 Lesser Sunda Islands and Timor [8]; Map 38 Lesser Sunda Islands and Timor [9]; Map 39 Sulawesi [10]; Map 39 Sulawesi [11]; Map 39 Sulawesi [12]; Map 39 Sulawesi [13]; Map 39 Sulawesi [14]; Map 39 Sulawesi [15]; Map 39 Sulawesi [16]; Map 39 Sulawesi [17]; Map 39 Sulawesi [18]; Map 39 Sulawesi [19]; Map 39 Sulawesi [20]; Map 39 Sulawesi [21]; Map 39 Sulawesi [22]; Map 39 Sulawesi [23]; Map 39 Sulawesi [24]; Map 39 Sulawesi [25]; Map 39 Sulawesi [26]; Map 39 Sulawesi [27]; Map 39 Sulawesi [28]; Map 39 Sulawesi [29]; Map 39 Sulawesi [2]; Map 39 Sulawesi [30]; Map 39 Sulawesi [31]; Map 39 Sulawesi [32]; Map 39 Sulawesi [33]; Map 39 Sulawesi [34]; Map 39 Sulawesi [35]; Map 39 Sulawesi [36]; Map 39 Sulawesi [37]; Map 39 Sulawesi [38]; Map 39 Sulawesi [39]; Map 39 Sulawesi [3]; Map 39 Sulawesi [40]; Map 39 Sulawesi [41]; Map 39 Sulawesi [42]; Map 39 Sulawesi [43]; Map 39 Sulawesi [44]; Map 39 Sulawesi [45]; Map 39 Sulawesi [46]; Map 39 Sulawesi [47]; Map 39 Sulawesi [48]; Map 39 Sulawesi [49]; Map 39 Sulawesi [4]; Map 39 Sulawesi [50]; Map 39 Sulawesi [51]; Map 39 Sulawesi [52]; Map 39 Sulawesi [53]; Map 39 Sulawesi [54]; Map 39 Sulawesi [55]; Map 39 Sulawesi [56]; Map 39 Sulawesi [57]; Map 39 Sulawesi [58]; Map 39 Sulawesi [59]; Map 39 Sulawesi [5]; Map 39 Sulawesi [60]; Map 39 Sulawesi [61]; Map 39 Sulawesi [62]; Map 39 Sulawesi [6]; Map 39 Sulawesi [7]; Map 39 Sulawesi [8]; Map 39 Sulawesi [9]; Map 40 The Philippines [100]; Map 40 The Philippines [101]; Map 40 The Philippines [102]; Map 40 The Philippines [103]; Map 40 The Philippines [104]; Map 40 The Philippines [105]; Map 40 The Philippines [106]; Map 40 The Philippines [107]; Map 40 The Philippines [108]; Map 40 The Philippines [109]; Map 40 The Philippines [10]; Map 40 The Philippines [110]; Map 40 The Philippines [111]; Map 40 The Philippines [112]; Map 40 The Philippines [113]; Map 40 The Philippines [114]; Map 40 The Philippines [115]; Map 40 The Philippines [116]; Map 40 The Philippines [117]; Map 40 The Philippines [118]; Map 40 The Philippines [119]; Map 40 The Philippines [11]; Map 40 The Philippines [120]; Map 40 The Philippines [121]; Map 40 The Philippines [122]; Map 40 The Philippines [123]; Map 40 The Philippines [124]; Map 40 The Philippines [125]; Map 40 The Philippines [127]; Map 40 The Philippines [128]; Map 40 The Philippines [129]; Map 40 The Philippines [12]; Map 40 The Philippines [13]; Map 40 The Philippines [14]; Map 40 The Philippines [15]; Map 40 The Philippines [16]; Map 40 The Philippines [17]; Map 40 The Philippines [18]; Map 40 The Philippines [19]; Map 40 The Philippines [20]; Map 40 The Philippines [21]; Map 40 The Philippines [22]; Map 40 The Philippines [23]; Map 40 The Philippines [24]; Map 40 The Philippines [25]; Map 40 The Philippines [26]; Map 40 The Philippines [27]; Map 40 The Philippines [28]; Map 40 The Philippines [29]; Map 40 The Philippines [30]; Map 40 The Philippines [31]; Map 40 The Philippines [32]; Map 40 The Philippines [33]; Map 40 The Philippines [34]; Map 40 The Philippines [35]; Map 40 The Philippines [36]; Map 40 The Philippines [37]; Map 40 The Philippines [38]; Map 40 The Philippines [39]; Map 40 The Philippines [3]; Map 40 The Philippines [40]; Map 40 The Philippines [41]; Map 40 The Philippines [42]; Map 40 The Philippines [43]; Map 40 The Philippines [44]; Map 40 The Philippines [45]; Map 40 The Philippines [46]; Map 40 The Philippines [47]; Map 40 The Philippines [48]; Map 40 The Philippines [49]; Map 40 The Philippines [4]; Map 40 The Philippines [50]; Map 40 The Philippines [51]; Map 40 The Philippines [52]; Map 40 The Philippines [53]; Map 40 The Philippines [54]; Map 40 The Philippines [55]; Map 40 The Philippines [56]; Map 40 The Philippines [57]; Map 40 The Philippines [58]; Map 40 The Philippines [59]; Map 40 The Philippines [5]; Map 40 The Philippines [60]; Map 40 The Philippines [61]; Map 40 The Philippines [62]; Map 40 The Philippines [63]; Map 40 The Philippines [64]; Map 40 The Philippines [65]; Map 40 The Philippines [66]; Map 40 The Philippines [67]; Map 40 The Philippines [68]; Map 40 The Philippines [69]; Map 40 The Philippines [6]; Map 40 The Philippines [70]; Map 40 The Philippines [71]; Map 40 The Philippines [72]; Map 40 The Philippines [73]; Map 40 The Philippines [74]; Map 40 The Philippines [75]; Map 40 The Philippines [76]; Map 40 The Philippines [77]; Map 40 The Philippines [78]; Map 40 The Philippines [79]; Map 40 The Philippines [7]; Map 40 The Philippines [80]; Map 40 The Philippines [81]; Map 40 The Philippines [82]; Map 40 The Philippines [83]; Map 40 The Philippines [84]; Map 40 The Philippines [85]; Map 40 The Philippines [86]; Map 40 The Philippines [87]; Map 40 The Philippines [88]; Map 40 The Philippines [89]; Map 40 The Philippines [8]; Map 40 The Philippines [90]; Map 40 The Philippines [91]; Map 40 The Philippines [92]; Map 40 The Philippines [93]; Map 40 The Philippines [94]; Map 40 The Philippines [95]; Map 40 The Philippines [96]; Map 40 The Philippines [97]; Map 40 The Philippines [98]; Map 40 The Philippines [99]; Map 40 The Philippines [9]; Map 41 Borneo and Madagascar [00]; Map 41 Borneo and Madagascar [0]; Map 41 Borneo and Madagascar [100]; Map 41 Borneo and Madagascar [101]; Map 41 Borneo and Madagascar [103]; Map 41 Borneo and Madagascar [104]; Map 41 Borneo and Madagascar [105]; Map 41 Borneo and Madagascar [106]; Map 41 Borneo and Madagascar [107]; Map 41 Borneo and Madagascar [108]; Map 41 Borneo and Madagascar [109]; Map 41 Borneo and Madagascar [110]; Map 41 Borneo and Madagascar [111]; Map 41 Borneo and Madagascar [112]; Map 41 Borneo and Madagascar [113]; Map 41 Borneo and Madagascar [114]; Map 41 Borneo and Madagascar [13]; Map 41 Borneo and Madagascar [14]; Map 41 Borneo and Madagascar [15, A]; Map 41 Borneo and Madagascar [16]; Map 41 Borneo and Madagascar [17]; Map 41 Borneo and Madagascar [18]; Map 41 Borneo and Madagascar [19]; Map 41 Borneo and Madagascar [1]; Map 41 Borneo and Madagascar [20]; Map 41 Borneo and Madagascar [21]; Map 41 Borneo and Madagascar [25]; Map 41 Borneo and Madagascar [29]; Map 41 Borneo and Madagascar [2]; Map 41 Borneo and Madagascar [30]; Map 41 Borneo and Madagascar [31]; Map 41 Borneo and Madagascar [32]; Map 41 Borneo and Madagascar [33]; Map 41 Borneo and Madagascar [34]; Map 41 Borneo and Madagascar [35]; Map 41 Borneo and Madagascar [36]; Map 41 Borneo and Madagascar [37]; Map 41 Borneo and Madagascar [38]; Map 41 Borneo and Madagascar [39]; Map 41 Borneo and Madagascar [3]; Map 41 Borneo and Madagascar [40]; Map 41 Borneo and Madagascar [41]; Map 41 Borneo and Madagascar [42]; Map 41 Borneo and Madagascar [44]; Map 41 Borneo and Madagascar [45]; Map 41 Borneo and Madagascar [46]; Map 41 Borneo and Madagascar [47]; Map 41 Borneo and Madagascar [48]; Map 41 Borneo and Madagascar [49]; Map 41 Borneo and Madagascar [4]; Map 41 Borneo and Madagascar [50]; Map 41 Borneo and Madagascar [51]; Map 41 Borneo and Madagascar [52]; Map 41 Borneo and Madagascar [53]; Map 41 Borneo and Madagascar [55, B]; Map 41 Borneo and Madagascar [56, C]; Map 41 Borneo and Madagascar [57]; Map 41 Borneo and Madagascar [58]; Map 41 Borneo and Madagascar [59]; Map 41 Borneo and Madagascar [5]; Map 41 Borneo and Madagascar [60]; Map 41 Borneo and Madagascar [61]; Map 41 Borneo and Madagascar [62]; Map 41 Borneo and Madagascar [63]; Map 41 Borneo and Madagascar [64]; Map 41 Borneo and Madagascar [65]; Map 41 Borneo and Madagascar [66]; Map 41 Borneo and Madagascar [67]; Map 41 Borneo and Madagascar [68]; Map 41 Borneo and Madagascar [69]; Map 41 Borneo and Madagascar [70]; Map 41 Borneo and Madagascar [71, D]; Map 41 Borneo and Madagascar [72, E]; Map 41 Borneo and Madagascar [73, F]; Map 41 Borneo and Madagascar [74]; Map 41 Borneo and Madagascar [75, H]; Map 41 Borneo and Madagascar [76]; Map 41 Borneo and Madagascar [77]; Map 41 Borneo and Madagascar [78]; Map 41 Borneo and Madagascar [79]; Map 41 Borneo and Madagascar [81]; Map 41 Borneo and Madagascar [82]; Map 41 Borneo and Madagascar [83]; Map 41 Borneo and Madagascar [84]; Map 41 Borneo and Madagascar [85]; Map 41 Borneo and Madagascar [86]; Map 41 Borneo and Madagascar [87]; Map 41 Borneo and Madagascar [88]; Map 41 Borneo and Madagascar [89]; Map 41 Borneo and Madagascar [90]; Map 41 Borneo and Madagascar [91]; Map 41 Borneo and Madagascar [92]; Map 41 Borneo and Madagascar [93]; Map 41 Borneo and Madagascar [94]; Map 41 Borneo and Madagascar [95]; Map 41 Borneo and Madagascar [96]; Map 41 Borneo and Madagascar [97]; Map 41 Borneo and Madagascar [98]; Map 41 Borneo and Madagascar [99]; Map 41 Borneo and Madagascar [NA]; Map 42 Java and Bali [1]; Map 42 Java and Bali [2]; Map 42 Java and Bali [3]; Map 42 Java and Bali [4]; Map 42 Java and Bali [5]; Map 42 Java and Bali [6]; Map 43 Sumatra [10]; Map 43 Sumatra [11]; Map 43 Sumatra [12]; Map 43 Sumatra [13]; Map 43 Sumatra [14]; Map 43 Sumatra [15]; Map 43 Sumatra [16]; Map 43 Sumatra [17]; Map 43 Sumatra [18]; Map 43 Sumatra [1]; Map 43 Sumatra [2]; Map 43 Sumatra [3]; Map 43 Sumatra [4]; Map 43 Sumatra [5]; Map 43 Sumatra [6]; Map 43 Sumatra [7]; Map 43 Sumatra [8]; Map 43 Sumatra [9]; Map 44 West Malaysia and Singapore [16]; Map 44 West Malaysia and Singapore [17]; Map 44 West Malaysia and Singapore [18]; Map 44 West Malaysia and Singapore [19]; Map 44 West Malaysia and Singapore [20]; Map 44 West Malaysia and Singapore [21]; Map 44 West Malaysia and Singapore [22]; Map 45 China and Mongolia [60]; Map 48 Southern Thailand, Laos and Vietnam, and Cambodia [10]; Map 48 Southern Thailand, Laos and Vietnam, and Cambodia [11]; Map 48 Southern Thailand, Laos and Vietnam, and Cambodia [13]; Map 48 Southern Thailand, Laos and Vietnam, and Cambodia [2]; Map 48 Southern Thailand, Laos and Vietnam, and Cambodia [3]; Map 48 Southern Thailand, Laos and Vietnam, and Cambodia [4]; Map 48 Southern Thailand, Laos and Vietnam, and Cambodia [5]; Map 48 Southern Thailand, Laos and Vietnam, and Cambodia [6]; Map 48 Southern Thailand, Laos and Vietnam, and Cambodia [8]; Map 48 Southern Thailand, Laos and Vietnam, and Cambodia [9]; Map 50 Japan, Korea and Taiwan [10]; Map 50 Japan, Korea and Taiwan [11]; Map 50 Japan, Korea and Taiwan [12]; Map 50 Japan, Korea and Taiwan [13]; Map 50 Japan, Korea and Taiwan [14]; Map 50 Japan, Korea and Taiwan [15]; Map 50 Japan, Korea and Taiwan [16]; Map 50 Japan, Korea and Taiwan [17]; Map 50 Japan, Korea and Taiwan [18]; Map 50 Japan, Korea and Taiwan [19]; Map 50 Japan, Korea and Taiwan [5]; Map 50 Japan, Korea and Taiwan [6]; Map 50 Japan, Korea and Taiwan [7]; Map 50 Japan, Korea and Taiwan [8]; Map 50 Japan, Korea and Taiwan [9]; Map 75 Mozambique [52]; NA [115]"
ayma1253,Aymaran,,,,ayma1253,,116,family,,families,Map 20 Central Pacific Coast: Time of Contact [209]
baib1250,Baibai-Fas,,,,baib1250,,460 2095,family,,families,Map 33 Northern Papua New Guinea [209]; Map 33 Northern Papua New Guinea [211]
bain1263,Baining,,,,bain1263,,466,family,,families,Map 30 New Britain and New Ireland [82]
barb1265,Barbacoan,,,,barb1265,,2465 2597 2765 5970 6001 6279,family,,families,Map 12 Northern South America: Time of Contact [18]; Map 12 Northern South America: Time of Contact [19]; Map 12 Northern South America: Time of Contact [20]; Map 12 Northern South America: Time of Contact [23]; Map 12 Northern South America: Time of Contact [24]; Map 14 Northern Pacific Coast: Time of Contact [193]
book1242,Bookkeeping,,,,book1242,,5758 439 875 876 878 1143 1232 1652 1750 1752 1756 1765 2666 2673 2691 2802 2914 3464 3591 4157 4212 4320 4387 4421 4612 4751 4986 5006 5120 5185 5254 5497 5651 6243 6570 6616,family,,families,"Map 10 Meso-America: Time of Contact [42]; Map 107 Guinea and Mali [12]; Map 12 Northern South America: Time of Contact [17]; Map 12 Northern South America: Time of Contact [389]; Map 14 Northern Pacific Coast: Time of Contact [215]; Map 2 South-Eastern North America: Time of Contact [41]; Map 33 Northern Papua New Guinea [126]; Map 33 Northern Papua New Guinea [363]; Map 34 Irian Jaya [86]; Map 35 Australia: Time of Contact [455]; Map 41 Borneo and Madagascar [43]; Map 41 Borneo and Madagascar [54]; Map 41 Borneo and Madagascar [80]; Map 45 China and Mongolia [74]; Map 46 Yunnan Province, China [18]; Map 46 Yunnan Province, China [21]; Map 47 Northern Thailand, Laos and Vietnam [39]; Map 47 Northern Thailand, Laos and Vietnam [47b]; Map 49 Burma (Myanmar) [51]; Map 51 North-East India, Bangladesh, Bhutan and Nepal [160]; Map 51 North-East India, Bangladesh, Bhutan and Nepal [211]; Map 51 North-East India, Bangladesh, Bhutan and Nepal [81]; Map 51 North-East India, Bangladesh, Bhutan and Nepal [94]; Map 53 Iran, Afghanistan and Pakistan [24]; Map 76 Southern Tanzania [29]; Map 76 Southern Tanzania [39]; Map 80 Democratic Republic of Congo: Kivu [71h]; Map 82 Democratic Republic of Congo: Equate [71]; Map 84 Angola [46a]; Map 89 Central African Republic and South-Eastern Chad [6]; Map 90 Central African Republic, South-Western Chad and Cameroon [44d]; Map 91 Adamawa Region [34]; Map 91 Adamawa Region [52]; Map 92 South-Western Cameroon [16]; Map 93 Central South-Western Cameroon [8]; Map 94 Northern Cameroon [3]; Map 98 North-Eastern Nigeria [31]; Map 99 Lake Chad Region [33]"
bora1262,Boran,,,,bora1262,,840 842,family,,families,Map 12 Northern South America: Time of Contact [182]; Map 12 Northern South America: Time of Contact [183]
bord1247,Border,,,,bord1247,,400 1256 2717 3528 4377 4721 5306 5429 5668 6256 6333,family,,families,Map 33 Northern Papua New Guinea [200]; Map 33 Northern Papua New Guinea [201]; Map 33 Northern Papua New Guinea [202]; Map 33 Northern Papua New Guinea [206]; Map 33 Northern Papua New Guinea [207]; Map 33 Northern Papua New Guinea [208]; Map 34 Irian Jaya [100]; Map 34 Irian Jaya [101]; Map 34 Irian Jaya [102]; Map 34 Irian Jaya [97]; Map 34 Irian Jaya [98]; Map 34 Irian Jaya [99]
boro1281,Bororoan,,,,boro1281,,848 4697,family,,families,Map 18 Brazilian Atlantic Coast: Time of Contact [278]; Map 18 Brazilian Atlantic Coast: Time of Contact [280]
bosa1245,Bosavi,,,,bosa1245,,642 2402 2556 3073 4652 5502,family,,families,Map 32 Southern Papua New Guinea [84]; Map 32 Southern Papua New Guinea [85]; Map 32 Southern Papua New Guinea [86]; Map 32 Southern Papua New Guinea [87]; Map 32 Southern Papua New Guinea [88]; Map 32 Southern Papua New Guinea [89]; Map 33 Northern Papua New Guinea [186]
bula1259,Bulaka River,,,,bula1259,,3446 6643,family,,families,Map 34 Irian Jaya [170]; Map 34 Irian Jaya [171]
buna1274,Bunaban,,,,buna1274,,916,family,,families,Map 35 Australia: Time of Contact [87]
cadd1255,Caddoan,,,,cadd1255,,307 976 2755 4825 6444 6611,family,,families,Map 2 South-Eastern North America: Time of Contact [15]; Map 2 South-Eastern North America: Time of Contact [16]; Map 2 South-Eastern North America: Time of Contact [17]; Map 2 South-Eastern North America: Time of Contact [18]; Map 5 The Great Plains: Time of Contact [32]; Map 5 The Great Plains: Time of Contact [33]
cahu1265,Cahuapanan,,,,cahu1265,,1075 1982,family,,families,Map 14 Northern Pacific Coast: Time of Contact [169]; Map 14 Northern Pacific Coast: Time of Contact [170]
cari1283,Cariban,,,,cari1283,,146 213 263 286 474 2408 2473 2508 2511 2549 3444 3457 3580 4663 4749 4765 4793 4824 4838 4884 5001 5229 5899 6259 6263 6373 6588 6605 6628 6700 6793,family,,families,Map 12 Northern South America: Time of Contact [381]; Map 12 Northern South America: Time of Contact [382]; Map 12 Northern South America: Time of Contact [384]; Map 12 Northern South America: Time of Contact [385]; Map 12 Northern South America: Time of Contact [386]; Map 12 Northern South America: Time of Contact [388]; Map 12 Northern South America: Time of Contact [390]; Map 12 Northern South America: Time of Contact [392]; Map 12 Northern South America: Time of Contact [395]; Map 12 Northern South America: Time of Contact [396]; Map 12 Northern South America: Time of Contact [397]; Map 12 Northern South America: Time of Contact [398]; Map 12 Northern South America: Time of Contact [399]; Map 12 Northern South America: Time of Contact [400]; Map 12 Northern South America: Time of Contact [401]; Map 12 Northern South America: Time of Contact [402]; Map 12 Northern South America: Time of Contact [403]; Map 12 Northern South America: Time of Contact [405]; Map 12 Northern South America: Time of Contact [406]; Map 12 Northern South America: Time of Contact [408]; Map 12 Northern South America: Time of Contact [409]; Map 12 Northern South America: Time of Contact [410]; Map 12 Northern South America: Time of Contact [411]; Map 12 Northern South America: Time of Contact [421]; Map 16 Western Brazil: Time of Contact [419]; Map 18 Brazilian Atlantic Coast: Time of Contact [412]; Map 18 Brazilian Atlantic Coast: Time of Contact [413]; Map 18 Brazilian Atlantic Coast: Time of Contact [414]; Map 18 Brazilian Atlantic Coast: Time of Contact [417]; Map 18 Brazilian Atlantic Coast: Time of Contact [420]
cent2225,Central Sudanic,,,,cent2225,,23 24 56 340 376 473 493 579 832 833 959 1288 1341 1501 1608 1617 1638 1676 1858 1859 2313 3119 3120 3121 3211 3222 3284 3299 3346 3402 3408 3433 3442 3538 3539 3540 3709 3783 3957 4073 4205 4267 4270 4310 5137 5440 5811 6185 6705 6706 6707,family,,families,"Map 71 North-East Africa [90]; Map 71 North-East Africa [91]; Map 72 Sudan and the Horn of Africa [174]; Map 72 Sudan and the Horn of Africa [175]; Map 72 Sudan and the Horn of Africa [177]; Map 72 Sudan and the Horn of Africa [178]; Map 72 Sudan and the Horn of Africa [179]; Map 72 Sudan and the Horn of Africa [180]; Map 79 Democratic Republic of Congo: Orienta [58]; Map 79 Democratic Republic of Congo: Orienta [60]; Map 79 Democratic Republic of Congo: Orienta [60a]; Map 79 Democratic Republic of Congo: Orienta [60b]; Map 79 Democratic Republic of Congo: Orienta [61]; Map 79 Democratic Republic of Congo: Orienta [61a]; Map 79 Democratic Republic of Congo: Orienta [61b]; Map 79 Democratic Republic of Congo: Orienta [61c]; Map 79 Democratic Republic of Congo: Orienta [61d]; Map 79 Democratic Republic of Congo: Orienta [61e]; Map 79 Democratic Republic of Congo: Orienta [61f]; Map 79 Democratic Republic of Congo: Orienta [61g]; Map 79 Democratic Republic of Congo: Orienta [62]; Map 79 Democratic Republic of Congo: Orienta [63]; Map 79 Democratic Republic of Congo: Orienta [63a]; Map 79 Democratic Republic of Congo: Orienta [63b]; Map 79 Democratic Republic of Congo: Orienta [63c]; Map 79 Democratic Republic of Congo: Orienta [63d]; Map 79 Democratic Republic of Congo: Orienta [63e]; Map 79 Democratic Republic of Congo: Orienta [63f]; Map 79 Democratic Republic of Congo: Orienta [64]; Map 79 Democratic Republic of Congo: Orienta [65a]; Map 79 Democratic Republic of Congo: Orienta [65b]; Map 79 Democratic Republic of Congo: Orienta [65c]; Map 79 Democratic Republic of Congo: Orienta [65d]; Map 79 Democratic Republic of Congo: Orienta [65e]; Map 79 Democratic Republic of Congo: Orienta [66]; Map 79 Democratic Republic of Congo: Orienta [67]; Map 80 Democratic Republic of Congo: Kivu [76]; Map 82 Democratic Republic of Congo: Equate [72]; Map 86 Central East Africa [57]; Map 86 Central East Africa [58]; Map 89 Central African Republic and South-Eastern Chad [65]; Map 89 Central African Republic and South-Eastern Chad [67]; Map 89 Central African Republic and South-Eastern Chad [68]; Map 89 Central African Republic and South-Eastern Chad [70]; Map 89 Central African Republic and South-Eastern Chad [71]; Map 89 Central African Republic and South-Eastern Chad [72]; Map 89 Central African Republic and South-Eastern Chad [73]; Map 89 Central African Republic and South-Eastern Chad [74]; Map 89 Central African Republic and South-Eastern Chad [75]; Map 89 Central African Republic and South-Eastern Chad [76]; Map 89 Central African Republic and South-Eastern Chad [78]; Map 90 Central African Republic, South-Western Chad and Cameroon [41a]; Map 90 Central African Republic, South-Western Chad and Cameroon [41b]; Map 90 Central African Republic, South-Western Chad and Cameroon [41c]; Map 90 Central African Republic, South-Western Chad and Cameroon [41d]; Map 90 Central African Republic, South-Western Chad and Cameroon [41e]; Map 90 Central African Republic, South-Western Chad and Cameroon [41f]; Map 90 Central African Republic, South-Western Chad and Cameroon [41g]; Map 90 Central African Republic, South-Western Chad and Cameroon [42]; Map 90 Central African Republic, South-Western Chad and Cameroon [43a]; Map 90 Central African Republic, South-Western Chad and Cameroon [43b]; Map 90 Central African Republic, South-Western Chad and Cameroon [44a]; Map 90 Central African Republic, South-Western Chad and Cameroon [44f]; Map 91 Adamawa Region [32]; Map 91 Adamawa Region [72]; Map 98 North-Eastern Nigeria [38]; Map 99 Lake Chad Region [34]"
chap1271,Chapacuran,,,,chap1271,,49 1059 4682 5965 6159 6317,family,,families,Map 16 Western Brazil: Time of Contact [59]; Map 16 Western Brazil: Time of Contact [60]; Map 16 Western Brazil: Time of Contact [65]; Map 16 Western Brazil: Time of Contact [67]; Map 20 Central Pacific Coast: Time of Contact [64]; Map 20 Central Pacific Coast: Time of Contact [66]
char1238,Charruan,,,,char1238,,1055 1062,family,,families,Map 22 Southern South America: Time of Contact [267]; Map 22 Southern South America: Time of Contact [268]
chib1249,Chibchan,,,,chib1249,,349 594 799 850 871 1094 1107 1381 2115 2325 2784 2984 3884 4827 5040 5669 5823 6026 6275 6365,family,,families,Map 12 Northern South America: Time of Contact [28]; Map 12 Northern South America: Time of Contact [29]; Map 12 Northern South America: Time of Contact [30]; Map 12 Northern South America: Time of Contact [31]; Map 12 Northern South America: Time of Contact [32]; Map 12 Northern South America: Time of Contact [33]; Map 12 Northern South America: Time of Contact [34]; Map 12 Northern South America: Time of Contact [35]; Map 12 Northern South America: Time of Contact [36]; Map 12 Northern South America: Time of Contact [37]; Map 12 Northern South America: Time of Contact [38]; Map 12 Northern South America: Time of Contact [39]; Map 12 Northern South America: Time of Contact [41]; Map 12 Northern South America: Time of Contact [42]; Map 12 Northern South America: Time of Contact [43]; Map 12 Northern South America: Time of Contact [44]; Map 12 Northern South America: Time of Contact [45]; Map 12 Northern South America: Time of Contact [46a]; Map 12 Northern South America: Time of Contact [46b]; Map 12 Northern South America: Time of Contact [47]
chim1311,Chimakuan,,47.632,-123.079,chim1311,,1080 5027,family,,families,Map 6 North-Western Pacific America: Time of Contact [46]; Map 6 North-Western Pacific America: Time of Contact [47]
chin1490,Chinookan,,,,chin1490,,995 2711 3326,family,,families,Map 4 California: Time of Contact [5]; Map 4 California: Time of Contact [6]; Map 4 California: Time of Contact [7]
chiq1253,Chiquitano,,,,chiq1253,,1098,family,,families,Map 16 Western Brazil: Time of Contact [277]
choc1280,Chocoan,,,,choc1280,,4416 4439 5517 5612,family,,families,Map 12 Northern South America: Time of Contact [7]; Map 12 Northern South America: Time of Contact [8a]; Map 12 Northern South America: Time of Contact [8b]; Map 12 Northern South America: Time of Contact [9]
chon1288,Chonan,,,,chon1288,,1967 4651 5836,family,,families,Map 22 Southern South America: Time of Contact [245]; Map 22 Southern South America: Time of Contact [246a]; Map 22 Southern South America: Time of Contact [246b]
chuk1271,Chukotko-Kamchatkan,,,,chuk1271,,1151 2423 2882,family,,families,Map 55 Eastern Siberia [22]; Map 55 Eastern Siberia [23]; Map 55 Eastern Siberia [24]
chum1262,Chumashan,,,,chum1262,,571 2145 2178 4605 4999 6198,family,,families,Map 3 South-Western North America: Time of Contact [62]; Map 3 South-Western North America: Time of Contact [63]; Map 3 South-Western North America: Time of Contact [64]; Map 3 South-Western North America: Time of Contact [65]; Map 4 California: Time of Contact [84]; Map 4 California: Time of Contact [85]
coch1271,Cochimi-Yuman,,,,coch1271,,846 978 1183 1968 2104 2152 2976 3114 3612 3897 4727 5026 5894 6270 6621,family,,families,Map 3 South-Western North America: Time of Contact [45]; Map 3 South-Western North America: Time of Contact [46]; Map 3 South-Western North America: Time of Contact [47]; Map 3 South-Western North America: Time of Contact [48]; Map 3 South-Western North America: Time of Contact [49]; Map 3 South-Western North America: Time of Contact [50]; Map 3 South-Western North America: Time of Contact [51]; Map 3 South-Western North America: Time of Contact [52]; Map 3 South-Western North America: Time of Contact [53]; Map 3 South-Western North America: Time of Contact [54]; Map 3 South-Western North America: Time of Contact [55]; Map 3 South-Western North America: Time of Contact [57]; Map 3 South-Western North America: Time of Contact [58]; Map 3 South-Western North America: Time of Contact [59]; Map 3 South-Western North America: Time of Contact [60]
coos1248,Coosan,,,,coos1248,,1954 3844,family,,families,Map 4 California: Time of Contact [19]; Map 4 California: Time of Contact [20]
daga1274,Dagan,,,,daga1274,,1214 1785 2267 3429 3575 4659 5493 6038,family,,families,Map 31 South-Eastern Papua New Guinea [67]; Map 31 South-Eastern Papua New Guinea [68]; Map 31 South-Eastern Papua New Guinea [69]; Map 31 South-Eastern Papua New Guinea [70]; Map 31 South-Eastern Papua New Guinea [71]; Map 31 South-Eastern Papua New Guinea [72]; Map 31 South-Eastern Papua New Guinea [73]; Map 31 South-Eastern Papua New Guinea [75]
daju1249,Dajuic,,,,daju1249,,4560,family,,families,Map 71 North-East Africa [84]; Map 72 Sudan and the Horn of Africa [142]
dizo1235,Dizoid,,,,dizo1235,,1343 4148 5362,family,,families,Map 72 Sudan and the Horn of Africa [96]; Map 72 Sudan and the Horn of Africa [97]; Map 72 Sudan and the Horn of Africa [98]
dogo1299,Dogon,,,,dogo1299,,215 541 826 1357 1379 1402 2225 2867 3922 4142 5812 5928 5939 5940 5960 5961,family,,families,Map 104 Burkina Faso [4a]; Map 104 Burkina Faso [4b]; Map 104 Burkina Faso [4c]; Map 104 Burkina Faso [4d]; Map 104 Burkina Faso [4e]; Map 104 Burkina Faso [4g]; Map 104 Burkina Faso [4h]; Map 104 Burkina Faso [4j]; Map 104 Burkina Faso [4k]; Map 104 Burkina Faso [4l]; Map 104 Burkina Faso [4n]; Map 104 Burkina Faso [4o]; Map 104 Burkina Faso [4p]; Map 104 Burkina Faso [4q]; Map 104 Burkina Faso [4r]; Map 104 Burkina Faso [4s]
drav1251,Dravidian,,,,drav1251,,864 1303 1811 1812 2456 2775 2809 2903 2946 3017 3038 3474 3487 3514 4842 5711 5802 6019,family,,families,"Map 51 North-East India, Bangladesh, Bhutan and Nepal [186a]; Map 51 North-East India, Bangladesh, Bhutan and Nepal [186b]; Map 51 North-East India, Bangladesh, Bhutan and Nepal [187]; Map 51 North-East India, Bangladesh, Bhutan and Nepal [191]; Map 51 North-East India, Bangladesh, Bhutan and Nepal [193]; Map 51 North-East India, Bangladesh, Bhutan and Nepal [194]; Map 51 North-East India, Bangladesh, Bhutan and Nepal [195]; Map 51 North-East India, Bangladesh, Bhutan and Nepal [196]; Map 51 North-East India, Bangladesh, Bhutan and Nepal [197]; Map 52 Southern India and Sri Lanka [24]; Map 52 Southern India and Sri Lanka [25]; Map 52 Southern India and Sri Lanka [26]; Map 52 Southern India and Sri Lanka [28]; Map 52 Southern India and Sri Lanka [29]; Map 52 Southern India and Sri Lanka [30]; Map 52 Southern India and Sri Lanka [31]; Map 52 Southern India and Sri Lanka [32]; Map 52 Southern India and Sri Lanka [33]; Map 53 Iran, Afghanistan and Pakistan [80]; Map 54 North-West India [78]; Map 54 North-West India [79]; Map 54 North-West India [81]"
east1459,East Bird's Head,,,,east1459,,3560 3771,family,,families,Map 34 Irian Jaya [118]; Map 34 Irian Jaya [120]
east2433,East Strickland,,,,east2433,,91 2835 4424 5942,family,,families,Map 32 Southern Papua New Guinea [81]; Map 32 Southern Papua New Guinea [82]; Map 32 Southern Papua New Guinea [83]; Map 32 Southern Papua New Guinea [91]; Map 33 Northern Papua New Guinea [183]; Map 33 Northern Papua New Guinea [184]; Map 33 Northern Papua New Guinea [185]
east2499,East Kutubu,,,,east2499,,1613 1615,family,,families,Map 32 Southern Papua New Guinea [96]; Map 32 Southern Papua New Guinea [97]
east2503,Eastern Trans-Fly,,,,east2503,,739 1774 1796 3857,family,,families,Map 32 Southern Papua New Guinea [192]; Map 32 Southern Papua New Guinea [193]; Map 32 Southern Papua New Guinea [194]; Map 32 Southern Papua New Guinea [195]
eski1264,Eskimo-Aleut,,,,eski1264,,166 167 1449 1464 4434 4714 5331 5332 6396 6415,family,,families,Map 55 Eastern Siberia [26]; Map 7 Northern North America: Time of Contact [10]; Map 7 Northern North America: Time of Contact [11]; Map 7 Northern North America: Time of Contact [3]; Map 7 Northern North America: Time of Contact [4]; Map 7 Northern North America: Time of Contact [5]; Map 7 Northern North America: Time of Contact [6]; Map 7 Northern North America: Time of Contact [7]; Map 7 Northern North America: Time of Contact [8]; Map 7 Northern North America: Time of Contact [9]
fura1235,Furan,,,,fura1235,,1636,family,,families,Map 71 North-East Africa [72]; Map 72 Sudan and the Horn of Africa [114]; Map 89 Central African Republic and South-Eastern Chad [80]
garr1260,Garrwan,,,,garr1260,,6223 1697,family,,families,Map 35 Australia: Time of Contact [72]; Map 35 Australia: Time of Contact [73]
geel1240,Geelvink Bay,,,,geel1240,,561 583 631 4383 5756,family,,families,Map 34 Irian Jaya [129]; Map 34 Irian Jaya [130]; Map 34 Irian Jaya [131]; Map 34 Irian Jaya [132]; Map 34 Irian Jaya [133]
giim1238,Giimbiyu,,,,giim1238,,3541 1560,family,,families,Map 35 Australia: Time of Contact [12]; Map 35 Australia: Time of Contact [13]; Map 35 Australia: Time of Contact [14]
gong1255,Ta-Ne-Omotic,,,,gong1255,,609 679 970 1061 1365 1386 1681 1803 2329 2615 2854 2906 2966 3476 3485 4704 5360 6483 6647 6743,family,,families,Map 72 Sudan and the Horn of Africa [73]; Map 72 Sudan and the Horn of Africa [74]; Map 72 Sudan and the Horn of Africa [75]; Map 72 Sudan and the Horn of Africa [76]; Map 72 Sudan and the Horn of Africa [77]; Map 72 Sudan and the Horn of Africa [78]; Map 72 Sudan and the Horn of Africa [79]; Map 72 Sudan and the Horn of Africa [80]; Map 72 Sudan and the Horn of Africa [81]; Map 72 Sudan and the Horn of Africa [82]; Map 72 Sudan and the Horn of Africa [83]; Map 72 Sudan and the Horn of Africa [84]; Map 72 Sudan and the Horn of Africa [85]; Map 72 Sudan and the Horn of Africa [87]; Map 72 Sudan and the Horn of Africa [88]; Map 72 Sudan and the Horn of Africa [89]; Map 72 Sudan and the Horn of Africa [90]; Map 72 Sudan and the Horn of Africa [91]; Map 72 Sudan and the Horn of Africa [92]; Map 72 Sudan and the Horn of Africa [94]
guah1252,Guahiboan,,,,guah1252,,2948 6248 6376,family,,families,Map 12 Northern South America: Time of Contact [68]; Map 12 Northern South America: Time of Contact [69]; Map 12 Northern South America: Time of Contact [70]
guai1249,Guaicuruan,,,,guai1249,,48 2335 3910 4879 5917,family,,families,Map 18 Brazilian Atlantic Coast: Time of Contact [260]; Map 20 Central Pacific Coast: Time of Contact [261]; Map 20 Central Pacific Coast: Time of Contact [262]; Map 22 Southern South America: Time of Contact [263]; Map 22 Southern South America: Time of Contact [264]
gumu1250,Gumuz,,,,gumu1250,,1864,family,,families,Map 72 Sudan and the Horn of Africa [187]
gunw1250,Gunwinyguan,,,,gunw1250,,2988 4543 1547 1870 6328 5060 4274 4263 2240 1238,family,,families,Map 35 Australia: Time of Contact [53]; Map 35 Australia: Time of Contact [54]; Map 35 Australia: Time of Contact [55]; Map 35 Australia: Time of Contact [56]; Map 35 Australia: Time of Contact [57]; Map 35 Australia: Time of Contact [58]; Map 35 Australia: Time of Contact [59]; Map 35 Australia: Time of Contact [60]; Map 35 Australia: Time of Contact [61]; Map 35 Australia: Time of Contact [67]
hara1260,Harakmbut,,,,hara1260,,204 6229,family,,families,Map 20 Central Pacific Coast: Time of Contact [54a]; Map 20 Central Pacific Coast: Time of Contact [54b]
hata1242,Hatam-Mansim,,,,hata1242,,844 1965,family,,families,Map 34 Irian Jaya [116]; Map 34 Irian Jaya [117]
heib1242,Heibanic,,,,heib1242,,2767,family,,families,Map 71 North-East Africa [95]
hibi1242,Hibito-Cholon,,,,hibi1242,,1134 2066,family,,families,Map 14 Northern Pacific Coast: Time of Contact [195]; Map 14 Northern Pacific Coast: Time of Contact [196]
hmon1336,Hmong-Mien,,,,hmon1336,,454 3829,family,,families,"Map 45 China and Mongolia [52]; Map 45 China and Mongolia [56]; Map 47 Northern Thailand, Laos and Vietnam [1]; Map 47 Northern Thailand, Laos and Vietnam [3]; Map 48 Southern Thailand, Laos and Vietnam, and Cambodia [1]"
huar1251,Huarpean,,,,huar1251,,181 3845,family,,families,Map 22 Southern South America: Time of Contact [250a]; Map 22 Southern South America: Time of Contact [250b]
huav1256,Huavean,,,,huav1256,,6369,family,,families,Map 10 Meso-America: Time of Contact [31]
huit1251,Huitotoan,,,,huit1251,,230 2778 3796 4045 4430 4620,family,,families,Map 12 Northern South America: Time of Contact [184]; Map 12 Northern South America: Time of Contact [185]; Map 12 Northern South America: Time of Contact [186]; Map 12 Northern South America: Time of Contact [187]; Map 12 Northern South America: Time of Contact [188]; Map 12 Northern South America: Time of Contact [190]
ijoi1239,Ijoid,,,,ijoi1239,,755 1008 1277 2075 2381 2813 2816 4232 4629,family,,families,Map 101 South-Western Nigeria [10a]; Map 101 South-Western Nigeria [1]; Map 101 South-Western Nigeria [2a]; Map 101 South-Western Nigeria [2b]; Map 101 South-Western Nigeria [3]; Map 101 South-Western Nigeria [4]; Map 101 South-Western Nigeria [5]; Map 101 South-Western Nigeria [5a]; Map 101 South-Western Nigeria [6]
indo1319,Indo-European,,,,indo1319,,89 112 113 114 115 163 239 313 314 329 331 337 382 442 443 446 503 585 603 604 605 666 683 698 699 700 701 702 703 756 869 903 922 993 1050 1067 1070 1102 1122 1123 1162 1201 1202 1209 1242 1250 1251 1255 1257 1259 1313 1352 1361 1369 1546 1590 1621 1622 1658 1668 1698 1712 1714 1761 1776 1801 1824 1854 1855 1856 1873 1930 1932 1948 1958 1963 1999 2000 2082 2167 2174 2175 2187 2235 2301 2327 2390 2445 2457 2547 2548 2565 2567 2670 2689 2757 2773 2845 2967 2974 2983 3004 3008 3101 3178 3225 3274 3369 3371 3372 3373 3395 3413 3428 3430 3489 3523 3595 3636 3703 3821 3822 4031 4237 4240 4366 4442 4505 4670 4673 4680 4689 4717 4771 4786 4803 4804 4848 4853 4926 4935 4954 4963 4964 4989 4992 5036 5037 5042 5044 5073 5097 5109 5135 5153 5214 5238 5245 5250 5255 5298 5312 5371 5395 5400 5432 5436 5446 5453 5454 5460 5472 5473 5481 5507 5575 5616 5632 5634 5673 5679 5689 5694 5760 5765 5964 5973 6095 6145 6162 6180 6181 6193 6253 6267 6297 6385 6395 6494 6634 6652 6797,family,,families,"Map 108 Senegal, Gambia and Guinea Bissau [C]; Map 40 The Philippines [126]; Map 45 China and Mongolia [123]; Map 45 China and Mongolia [125]; Map 50 Japan, Korea and Taiwan [21]; Map 51 North-East India, Bangladesh, Bhutan and Nepal [114]; Map 51 North-East India, Bangladesh, Bhutan and Nepal [156]; Map 51 North-East India, Bangladesh, Bhutan and Nepal [157]; Map 51 North-East India, Bangladesh, Bhutan and Nepal [158]; Map 51 North-East India, Bangladesh, Bhutan and Nepal [159]; Map 51 North-East India, Bangladesh, Bhutan and Nepal [161]; Map 51 North-East India, Bangladesh, Bhutan and Nepal [162]; Map 51 North-East India, Bangladesh, Bhutan and Nepal [163]; Map 51 North-East India, Bangladesh, Bhutan and Nepal [165a]; Map 51 North-East India, Bangladesh, Bhutan and Nepal [165c]; Map 51 North-East India, Bangladesh, Bhutan and Nepal [165d]; Map 51 North-East India, Bangladesh, Bhutan and Nepal [165e]; Map 51 North-East India, Bangladesh, Bhutan and Nepal [166]; Map 51 North-East India, Bangladesh, Bhutan and Nepal [167]; Map 51 North-East India, Bangladesh, Bhutan and Nepal [168]; Map 51 North-East India, Bangladesh, Bhutan and Nepal [169]; Map 51 North-East India, Bangladesh, Bhutan and Nepal [169a]; Map 51 North-East India, Bangladesh, Bhutan and Nepal [170]; Map 51 North-East India, Bangladesh, Bhutan and Nepal [171]; Map 51 North-East India, Bangladesh, Bhutan and Nepal [172]; Map 51 North-East India, Bangladesh, Bhutan and Nepal [173]; Map 51 North-East India, Bangladesh, Bhutan and Nepal [174]; Map 51 North-East India, Bangladesh, Bhutan and Nepal [175]; Map 51 North-East India, Bangladesh, Bhutan and Nepal [176]; Map 51 North-East India, Bangladesh, Bhutan and Nepal [177]; Map 51 North-East India, Bangladesh, Bhutan and Nepal [178]; Map 51 North-East India, Bangladesh, Bhutan and Nepal [179]; Map 51 North-East India, Bangladesh, Bhutan and Nepal [180]; Map 51 North-East India, Bangladesh, Bhutan and Nepal [181]; Map 51 North-East India, Bangladesh, Bhutan and Nepal [182]; Map 51 North-East India, Bangladesh, Bhutan and Nepal [183]; Map 51 North-East India, Bangladesh, Bhutan and Nepal [184]; Map 51 North-East India, Bangladesh, Bhutan and Nepal [185]; Map 52 Southern India and Sri Lanka [10]; Map 52 Southern India and Sri Lanka [11]; Map 52 Southern India and Sri Lanka [13]; Map 52 Southern India and Sri Lanka [16]; Map 52 Southern India and Sri Lanka [17]; Map 52 Southern India and Sri Lanka [18]; Map 52 Southern India and Sri Lanka [19]; Map 52 Southern India and Sri Lanka [20]; Map 52 Southern India and Sri Lanka [21]; Map 52 Southern India and Sri Lanka [8]; Map 53 Iran, Afghanistan and Pakistan [10]; Map 53 Iran, Afghanistan and Pakistan [11]; Map 53 Iran, Afghanistan and Pakistan [12]; Map 53 Iran, Afghanistan and Pakistan [13]; Map 53 Iran, Afghanistan and Pakistan [14]; Map 53 Iran, Afghanistan and Pakistan [15]; Map 53 Iran, Afghanistan and Pakistan [16]; Map 53 Iran, Afghanistan and Pakistan [17]; Map 53 Iran, Afghanistan and Pakistan [18]; Map 53 Iran, Afghanistan and Pakistan [19]; Map 53 Iran, Afghanistan and Pakistan [1]; Map 53 Iran, Afghanistan and Pakistan [20]; Map 53 Iran, Afghanistan and Pakistan [21]; Map 53 Iran, Afghanistan and Pakistan [22]; Map 53 Iran, Afghanistan and Pakistan [23]; Map 53 Iran, Afghanistan and Pakistan [25]; Map 53 Iran, Afghanistan and Pakistan [26]; Map 53 Iran, Afghanistan and Pakistan [27]; Map 53 Iran, Afghanistan and Pakistan [28]; Map 53 Iran, Afghanistan and Pakistan [29]; Map 53 Iran, Afghanistan and Pakistan [2]; Map 53 Iran, Afghanistan and Pakistan [30]; Map 53 Iran, Afghanistan and Pakistan [31]; Map 53 Iran, Afghanistan and Pakistan [32]; Map 53 Iran, Afghanistan and Pakistan [33]; Map 53 Iran, Afghanistan and Pakistan [34]; Map 53 Iran, Afghanistan and Pakistan [35]; Map 53 Iran, Afghanistan and Pakistan [36]; Map 53 Iran, Afghanistan and Pakistan [37]; Map 53 Iran, Afghanistan and Pakistan [38]; Map 53 Iran, Afghanistan and Pakistan [39]; Map 53 Iran, Afghanistan and Pakistan [3]; Map 53 Iran, Afghanistan and Pakistan [40]; Map 53 Iran, Afghanistan and Pakistan [41]; Map 53 Iran, Afghanistan and Pakistan [42]; Map 53 Iran, Afghanistan and Pakistan [43]; Map 53 Iran, Afghanistan and Pakistan [44]; Map 53 Iran, Afghanistan and Pakistan [45]; Map 53 Iran, Afghanistan and Pakistan [46]; Map 53 Iran, Afghanistan and Pakistan [47]; Map 53 Iran, Afghanistan and Pakistan [48]; Map 53 Iran, Afghanistan and Pakistan [49]; Map 53 Iran, Afghanistan and Pakistan [4a]; Map 53 Iran, Afghanistan and Pakistan [4b]; Map 53 Iran, Afghanistan and Pakistan [4c]; Map 53 Iran, Afghanistan and Pakistan [50]; Map 53 Iran, Afghanistan and Pakistan [51]; Map 53 Iran, Afghanistan and Pakistan [52]; Map 53 Iran, Afghanistan and Pakistan [53]; Map 53 Iran, Afghanistan and Pakistan [54]; Map 53 Iran, Afghanistan and Pakistan [56]; Map 53 Iran, Afghanistan and Pakistan [57]; Map 53 Iran, Afghanistan and Pakistan [58]; Map 53 Iran, Afghanistan and Pakistan [59, A]; Map 53 Iran, Afghanistan and Pakistan [60]; Map 53 Iran, Afghanistan and Pakistan [61]; Map 53 Iran, Afghanistan and Pakistan [62]; Map 53 Iran, Afghanistan and Pakistan [63]; Map 53 Iran, Afghanistan and Pakistan [64]; Map 53 Iran, Afghanistan and Pakistan [65]; Map 53 Iran, Afghanistan and Pakistan [6]; Map 53 Iran, Afghanistan and Pakistan [7]; Map 53 Iran, Afghanistan and Pakistan [8a]; Map 53 Iran, Afghanistan and Pakistan [8b]; Map 53 Iran, Afghanistan and Pakistan [8c]; Map 53 Iran, Afghanistan and Pakistan [8d]; Map 54 North-West India [23]; Map 54 North-West India [24]; Map 54 North-West India [25]; Map 54 North-West India [26]; Map 54 North-West India [27]; Map 54 North-West India [28]; Map 54 North-West India [29]; Map 54 North-West India [30]; Map 54 North-West India [31]; Map 54 North-West India [32]; Map 54 North-West India [32a]; Map 54 North-West India [33]; Map 54 North-West India [34]; Map 54 North-West India [35]; Map 54 North-West India [36]; Map 54 North-West India [37]; Map 54 North-West India [38]; Map 54 North-West India [39]; Map 54 North-West India [40]; Map 54 North-West India [41]; Map 54 North-West India [42]; Map 54 North-West India [43]; Map 54 North-West India [44]; Map 54 North-West India [45]; Map 54 North-West India [46]; Map 54 North-West India [47]; Map 54 North-West India [48]; Map 54 North-West India [49]; Map 54 North-West India [50]; Map 54 North-West India [52a]; Map 54 North-West India [52b]; Map 54 North-West India [52c]; Map 54 North-West India [53]; Map 54 North-West India [54]; Map 54 North-West India [55]; Map 54 North-West India [56]; Map 54 North-West India [57]; Map 54 North-West India [57a]; Map 54 North-West India [57b]; Map 54 North-West India [57c]; Map 54 North-West India [58]; Map 54 North-West India [59]; Map 54 North-West India [60]; Map 54 North-West India [61]; Map 54 North-West India [62]; Map 54 North-West India [63]; Map 54 North-West India [64]; Map 54 North-West India [65]; Map 54 North-West India [66]; Map 54 North-West India [67]; Map 54 North-West India [68]; Map 54 North-West India [68a]; Map 54 North-West India [69]; Map 54 North-West India [70]; Map 54 North-West India [71]; Map 54 North-West India [72]; Map 54 North-West India [73]; Map 54 North-West India [75]; Map 54 North-West India [76]; Map 55 Eastern Siberia [1]; Map 56 Western Siberia [1]; Map 57 Central Asia [10]; Map 57 Central Asia [11]; Map 57 Central Asia [1]; Map 57 Central Asia [3]; Map 57 Central Asia [5]; Map 57 Central Asia [6]; Map 57 Central Asia [7]; Map 57 Central Asia [8]; Map 57 Central Asia [9]; Map 58 Western Russia, the Baltic States, Belarus, Ukraine and Moldova [1]; Map 58 Western Russia, the Baltic States, Belarus, Ukraine and Moldova [2]; Map 58 Western Russia, the Baltic States, Belarus, Ukraine and Moldova [3]; Map 58 Western Russia, the Baltic States, Belarus, Ukraine and Moldova [4]; Map 58 Western Russia, the Baltic States, Belarus, Ukraine and Moldova [5]; Map 58 Western Russia, the Baltic States, Belarus, Ukraine and Moldova [6]; Map 58 Western Russia, the Baltic States, Belarus, Ukraine and Moldova [7]; Map 58 Western Russia, the Baltic States, Belarus, Ukraine and Moldova [8]; Map 58 Western Russia, the Baltic States, Belarus, Ukraine and Moldova [9]; Map 58 Western Russia, the Baltic States, Belarus, Ukraine and Moldova [G]; Map 59 The Caucasus [1]; Map 59 The Caucasus [2]; Map 59 The Caucasus [3]; Map 59 The Caucasus [4]; Map 59 The Caucasus [5]; Map 59 The Caucasus [6]; Map 59 The Caucasus [7]; Map 60 Turkey [1]; Map 60 Turkey [2]; Map 60 Turkey [3]; Map 60 Turkey [4]; Map 61 Hungary, Romania and the Balkans [10]; Map 61 Hungary, Romania and the Balkans [11]; Map 61 Hungary, Romania and the Balkans [12]; Map 61 Hungary, Romania and the Balkans [13]; Map 61 Hungary, Romania and the Balkans [1]; Map 61 Hungary, Romania and the Balkans [2]; Map 61 Hungary, Romania and the Balkans [3]; Map 61 Hungary, Romania and the Balkans [4]; Map 61 Hungary, Romania and the Balkans [5]; Map 61 Hungary, Romania and the Balkans [6]; Map 61 Hungary, Romania and the Balkans [7]; Map 61 Hungary, Romania and the Balkans [8]; Map 61 Hungary, Romania and the Balkans [9]; Map 62 Poland, the Czech Republic and Slovakia [10]; Map 62 Poland, the Czech Republic and Slovakia [11]; Map 62 Poland, the Czech Republic and Slovakia [12]; Map 62 Poland, the Czech Republic and Slovakia [13]; Map 62 Poland, the Czech Republic and Slovakia [14]; Map 62 Poland, the Czech Republic and Slovakia [1]; Map 62 Poland, the Czech Republic and Slovakia [3]; Map 62 Poland, the Czech Republic and Slovakia [4]; Map 62 Poland, the Czech Republic and Slovakia [5]; Map 62 Poland, the Czech Republic and Slovakia [6]; Map 62 Poland, the Czech Republic and Slovakia [7]; Map 62 Poland, the Czech Republic and Slovakia [8]; Map 62 Poland, the Czech Republic and Slovakia [9]; Map 63 The British Isles [1]; Map 63 The British Isles [2]; Map 63 The British Isles [3]; Map 63 The British Isles [4]; Map 63 The British Isles [5]; Map 63 The British Isles [6]; Map 64 The Nordic Countries [10]; Map 64 The Nordic Countries [11]; Map 64 The Nordic Countries [1]; Map 64 The Nordic Countries [2]; Map 64 The Nordic Countries [3]; Map 64 The Nordic Countries [5]; Map 64 The Nordic Countries [6]; Map 64 The Nordic Countries [7]; Map 64 The Nordic Countries [8]; Map 65 Germany, Austria, Liechtenstein and Switzerland [10]; Map 65 Germany, Austria, Liechtenstein and Switzerland [11]; Map 65 Germany, Austria, Liechtenstein and Switzerland [12]; Map 65 Germany, Austria, Liechtenstein and Switzerland [13]; Map 65 Germany, Austria, Liechtenstein and Switzerland [14]; Map 65 Germany, Austria, Liechtenstein and Switzerland [15]; Map 65 Germany, Austria, Liechtenstein and Switzerland [16]; Map 65 Germany, Austria, Liechtenstein and Switzerland [17]; Map 65 Germany, Austria, Liechtenstein and Switzerland [18]; Map 65 Germany, Austria, Liechtenstein and Switzerland [1]; Map 65 Germany, Austria, Liechtenstein and Switzerland [1a]; Map 65 Germany, Austria, Liechtenstein and Switzerland [3]; Map 65 Germany, Austria, Liechtenstein and Switzerland [4]; Map 65 Germany, Austria, Liechtenstein and Switzerland [5]; Map 65 Germany, Austria, Liechtenstein and Switzerland [6]; Map 65 Germany, Austria, Liechtenstein and Switzerland [7]; Map 65 Germany, Austria, Liechtenstein and Switzerland [8]; Map 65 Germany, Austria, Liechtenstein and Switzerland [9]; Map 66 Albania, Greece, Crete and Cyprus [1]; Map 66 Albania, Greece, Crete and Cyprus [2]; Map 66 Albania, Greece, Crete and Cyprus [4]; Map 66 Albania, Greece, Crete and Cyprus [5]; Map 66 Albania, Greece, Crete and Cyprus [6]; Map 67 Italy, Corsica, Sardinia, Sicily and Malta [11]; Map 67 Italy, Corsica, Sardinia, Sicily and Malta [12]; Map 67 Italy, Corsica, Sardinia, Sicily and Malta [13]; Map 67 Italy, Corsica, Sardinia, Sicily and Malta [14]; Map 67 Italy, Corsica, Sardinia, Sicily and Malta [15]; Map 67 Italy, Corsica, Sardinia, Sicily and Malta [1]; Map 67 Italy, Corsica, Sardinia, Sicily and Malta [2]; Map 67 Italy, Corsica, Sardinia, Sicily and Malta [4]; Map 67 Italy, Corsica, Sardinia, Sicily and Malta [5]; Map 67 Italy, Corsica, Sardinia, Sicily and Malta [6]; Map 67 Italy, Corsica, Sardinia, Sicily and Malta [7]; Map 67 Italy, Corsica, Sardinia, Sicily and Malta [8]; Map 67 Italy, Corsica, Sardinia, Sicily and Malta [9]; Map 68 The Iberian Peninsula and Atlantic Islands [1]; Map 68 The Iberian Peninsula and Atlantic Islands [2]; Map 68 The Iberian Peninsula and Atlantic Islands [3]; Map 68 The Iberian Peninsula and Atlantic Islands [4]; Map 68 The Iberian Peninsula and Atlantic Islands [5]; Map 69 France, Belgium, the Netherlands and Luxembourg [10]; Map 69 France, Belgium, the Netherlands and Luxembourg [11]; Map 69 France, Belgium, the Netherlands and Luxembourg [12]; Map 69 France, Belgium, the Netherlands and Luxembourg [13]; Map 69 France, Belgium, the Netherlands and Luxembourg [14]; Map 69 France, Belgium, the Netherlands and Luxembourg [1]; Map 69 France, Belgium, the Netherlands and Luxembourg [2]; Map 69 France, Belgium, the Netherlands and Luxembourg [3]; Map 69 France, Belgium, the Netherlands and Luxembourg [4]; Map 69 France, Belgium, the Netherlands and Luxembourg [5]; Map 69 France, Belgium, the Netherlands and Luxembourg [6]; Map 69 France, Belgium, the Netherlands and Luxembourg [7]; Map 69 France, Belgium, the Netherlands and Luxembourg [8]; Map 69 France, Belgium, the Netherlands and Luxembourg [8a]; Map 70 The Middle East and Arabian Peninsula [106]; Map 70 The Middle East and Arabian Peninsula [107]; Map 70 The Middle East and Arabian Peninsula [108]; Map 70 The Middle East and Arabian Peninsula [109]; Map 73 North-West Africa [83]; Map 74 Southern Africa [62]; Map 74 Southern Africa [E]; NA [4]"
iroq1247,Iroquoian,,,,iroq1247,,996 1086 2056 3181 3899 4508 4654 4661 5304 5621 6048,family,,families,Map 1 East Coast and Great Lakes: Time of Contact [35]; Map 1 East Coast and Great Lakes: Time of Contact [37]; Map 1 East Coast and Great Lakes: Time of Contact [38]; Map 1 East Coast and Great Lakes: Time of Contact [39]; Map 1 East Coast and Great Lakes: Time of Contact [40]; Map 1 East Coast and Great Lakes: Time of Contact [41]; Map 1 East Coast and Great Lakes: Time of Contact [42]; Map 1 East Coast and Great Lakes: Time of Contact [46]; Map 1 East Coast and Great Lakes: Time of Contact [48]; Map 2 South-Eastern North America: Time of Contact [54]; Map 7 Northern North America: Time of Contact [81]; Map 7 Northern North America: Time of Contact [82]
iwai1246,Iwaidjan Proper,,,,iwai1246,,1699 3684 217 2203,family,,families,Map 35 Australia: Time of Contact [15]; Map 35 Australia: Time of Contact [17]; Map 35 Australia: Time of Contact [18]; Map 35 Australia: Time of Contact [19]
japo1237,Japonic,,,,japo1237,,2228,family,,families,"Map 50 Japan, Korea and Taiwan [22]"
jarr1235,Jarrakan,,,,jarr1235,,1656 1860,family,,families,Map 35 Australia: Time of Contact [74]; Map 35 Australia: Time of Contact [75]; Map 35 Australia: Time of Contact [76]; Map 35 Australia: Time of Contact [77]
jica1245,Jicaquean,,,,jica1245,,1490 6437,family,,families,Map 10 Meso-America: Time of Contact [33a]; Map 10 Meso-America: Time of Contact [33b]
jiva1245,Chicham,,,,jiva1245,,387 2064,family,,families,Map 14 Northern Pacific Coast: Time of Contact [168a]; Map 14 Northern Pacific Coast: Time of Contact [168b]
kadu1256,Kadugli-Krongo,,,,kadu1256,,2338 2424 2923,family,,families,Map 71 North-East Africa [92]; Map 71 North-East Africa [93]; Map 71 North-East Africa [94]; Map 72 Sudan and the Horn of Africa [188]; Map 72 Sudan and the Horn of Africa [190]
kaku1242,Kakua-Nukak,,,,kaku1242,,2374,family,,families,Map 12 Northern South America: Time of Contact [NA]
kala1402,Kalapuyan,,,,kala1402,,1009 6004 6683,family,,families,Map 4 California: Time of Contact [13]; Map 4 California: Time of Contact [14]; Map 4 California: Time of Contact [15]
kama1371,Kamakanan,,,,kama1371,,2405 3640 3804,family,,families,Map 18 Brazilian Atlantic Coast: Time of Contact [298]; Map 18 Brazilian Atlantic Coast: Time of Contact [299]; Map 18 Brazilian Atlantic Coast: Time of Contact [300]
kamu1264,Kamula-Elevala,,,,kamu1264,,394 2435 4707,family,,families,Map 32 Southern Papua New Guinea [92]; Map 32 Southern Papua New Guinea [93]; Map 32 Southern Papua New Guinea [95]; Map 33 Northern Papua New Guinea [187]; Map 33 Northern Papua New Guinea [188]
kart1248,Kartvelian,,,,kart1248,,1757 3187 3851 5627,family,,families,Map 59 The Caucasus [49]; Map 59 The Caucasus [50]; Map 59 The Caucasus [51]; Map 59 The Caucasus [52]; Map 60 Turkey [8]
katu1274,Katukinan,,,,katu1274,,1432 2562 2571,family,,families,Map 14 Northern Pacific Coast: Time of Contact [141]; Map 16 Western Brazil: Time of Contact [140]; Map 16 Western Brazil: Time of Contact [142]
kaur1274,Kaure-Kosare,,,,kaur1274,,2577,family,,families,Map 34 Irian Jaya [85]
kawe1237,Kawesqar,,,,kawe1237,,143 1978,family,,families,Map 22 Southern South America: Time of Contact [248a]; Map 22 Southern South America: Time of Contact [248b]
kaya1327,Kayagaric,,,,kaya1327,,2574 2602 5700,family,,families,Map 34 Irian Jaya [39]; Map 34 Irian Jaya [40]; Map 34 Irian Jaya [41]
kera1258,Keram,,,,kera1258,,120 2422 3158 3928 6615,family,,families,Map 33 Northern Papua New Guinea [319]; Map 33 Northern Papua New Guinea [320]; Map 33 Northern Papua New Guinea [321]; Map 33 Northern Papua New Guinea [322]; Map 33 Northern Papua New Guinea [325]
kere1287,Keresan,,,,kere1287,,70 3108 5085,family,,families,Map 3 South-Western North America: Time of Contact [35]; Map 3 South-Western North America: Time of Contact [36]; Map 5 The Great Plains: Time of Contact [51]; Map 5 The Great Plains: Time of Contact [52]
khoe1240,Khoe-Kwadi,,,,khoe1240,,27 28 29 886 1925 2682 3051 3091 4094 4128 5393 5982 5983,family,,families,Map 74 Southern Africa [45]; Map 74 Southern Africa [46]; Map 74 Southern Africa [46a]; Map 74 Southern Africa [47]; Map 74 Southern Africa [48]; Map 74 Southern Africa [49]; Map 74 Southern Africa [50]; Map 74 Southern Africa [51]; Map 74 Southern Africa [52]; Map 74 Southern Africa [53]; Map 74 Southern Africa [54]; Map 74 Southern Africa [55]; Map 77 Zambia [76]; Map 77 Zambia [77]; Map 84 Angola [51]; Map 84 Angola [53]; Map 84 Angola [54]
kiow1265,Kiowa-Tanoan,,,,kiow1265,,2179 2249 2736 4833 4875 4904 5734 5739 5835,family,,families,Map 3 South-Western North America: Time of Contact [40]; Map 3 South-Western North America: Time of Contact [41]; Map 3 South-Western North America: Time of Contact [42]; Map 3 South-Western North America: Time of Contact [43]; Map 5 The Great Plains: Time of Contact [53]; Map 5 The Great Plains: Time of Contact [54]; Map 5 The Great Plains: Time of Contact [56]; Map 5 The Great Plains: Time of Contact [57]; Map 5 The Great Plains: Time of Contact [60]
kiwa1251,Kiwaian,,,,kiwa1251,,304 513 2648 3954 4458 5546 6227,family,,families,Map 32 Southern Papua New Guinea [156]; Map 32 Southern Papua New Guinea [157]; Map 32 Southern Papua New Guinea [158]; Map 32 Southern Papua New Guinea [159]; Map 32 Southern Papua New Guinea [160]; Map 32 Southern Papua New Guinea [161]; Map 32 Southern Papua New Guinea [162]
koia1260,Koiarian,,,,koia1260,,565 2791 2794 3508 3971 6770,family,,families,Map 31 South-Eastern Papua New Guinea [49]; Map 31 South-Eastern Papua New Guinea [50]; Map 31 South-Eastern Papua New Guinea [51]; Map 31 South-Eastern Papua New Guinea [52]; Map 32 Southern Papua New Guinea [125]; Map 32 Southern Papua New Guinea [126]; Map 32 Southern Papua New Guinea [127]; Map 32 Southern Papua New Guinea [128]; Map 32 Southern Papua New Guinea [130]
kolo1268,Kolopom,,,,kolo1268,,2719 4210 5075,family,,families,Map 34 Irian Jaya [90]; Map 34 Irian Jaya [91]; Map 34 Irian Jaya [92]
koma1264,Koman,,,,koma1264,,2830 3059 6065,family,,families,Map 72 Sudan and the Horn of Africa [184]; Map 72 Sudan and the Horn of Africa [185]; Map 72 Sudan and the Horn of Africa [186]
kond1302,Konda-Yahadian,,,,kond1302,,2836 6546,family,,families,Map 34 Irian Jaya [76]; Map 34 Irian Jaya [77]
kore1284,Koreanic,,,,kore1284,,2870,family,,families,"Map 45 China and Mongolia [129]; Map 50 Japan, Korea and Taiwan [24]; Map 55 Eastern Siberia [30]"
kres1240,Kresh-Aja,,,,kres1240,,124 2920,family,,families,Map 72 Sudan and the Horn of Africa [176]; Map 72 Sudan and the Horn of Africa [181]; Map 79 Democratic Republic of Congo: Orienta [59]; Map 89 Central African Republic and South-Eastern Chad [79]
krua1234,Kru,,,,krua1234,,123 485 611 689 1079 1239 1274 1322 1396 1693 1734 1799 1823 2285 2345 2761 2904 2917 3039 3044 3052 3127 3289 3333 4248 4556 4557 5586 5675 5818 6194 6383 6474,family,,families,Map 105 Ivory Coast [21]; Map 105 Ivory Coast [22]; Map 105 Ivory Coast [23a]; Map 105 Ivory Coast [23b]; Map 105 Ivory Coast [23c]; Map 105 Ivory Coast [24a]; Map 105 Ivory Coast [24b]; Map 105 Ivory Coast [24c]; Map 105 Ivory Coast [24d]; Map 105 Ivory Coast [25]; Map 105 Ivory Coast [26a]; Map 105 Ivory Coast [26b]; Map 105 Ivory Coast [26c]; Map 105 Ivory Coast [26d]; Map 105 Ivory Coast [26e]; Map 105 Ivory Coast [27]; Map 105 Ivory Coast [28]; Map 105 Ivory Coast [28a]; Map 105 Ivory Coast [28b]; Map 105 Ivory Coast [28c]; Map 105 Ivory Coast [29]; Map 105 Ivory Coast [30]; Map 105 Ivory Coast [31]; Map 105 Ivory Coast [31a]; Map 105 Ivory Coast [31b]; Map 105 Ivory Coast [31c]; Map 106 Liberia and Sierra Leone [10]; Map 106 Liberia and Sierra Leone [11]; Map 106 Liberia and Sierra Leone [12]; Map 106 Liberia and Sierra Leone [12a]; Map 106 Liberia and Sierra Leone [13a]; Map 106 Liberia and Sierra Leone [13b]; Map 106 Liberia and Sierra Leone [14]; Map 106 Liberia and Sierra Leone [15]; Map 106 Liberia and Sierra Leone [16]; Map 106 Liberia and Sierra Leone [17]
kuli1252,Kuliak,,,,kuli1252,,2113 5476,family,,families,Map 86 Central East Africa [55]; Map 86 Central East Africa [56]
kuni1270,Kunimaipan,,,,kuni1270,,710 2994 6391,family,,families,Map 32 Southern Papua New Guinea [120]; Map 32 Southern Papua New Guinea [121]; Map 32 Southern Papua New Guinea [122]
kwal1257,Kwalean,,,,kwal1257,,2043 4007 6789,family,,families,Map 32 Southern Papua New Guinea [135]; Map 32 Southern Papua New Guinea [136]; Map 32 Southern Papua New Guinea [137]
kwer1242,Greater Kwerba,,,,kwer1242,,122 3079 5151 5191 5244,family,,families,Map 34 Irian Jaya [154]; Map 34 Irian Jaya [155]; Map 34 Irian Jaya [156]; Map 34 Irian Jaya [48]; Map 34 Irian Jaya [49]
kwom1263,Kwomtari-Nai,,,,kwom1263,,708 3090,family,,families,Map 33 Northern Papua New Guinea [210]; Map 33 Northern Papua New Guinea [212]
kxaa1236,Kxa,,,,kxaa1236,,1 3 30 1469 6751,family,,families,Map 74 Southern Africa [57]; Map 74 Southern Africa [58]; Map 74 Southern Africa [59]; Map 74 Southern Africa [60]; Map 74 Southern Africa [61]; Map 84 Angola [49]
lake1255,Lakes Plain,,,,lake1255,,111 425 1211 4781 5736 5737 5738 5781 5914 6046 6390,family,,families,Map 34 Irian Jaya [134]; Map 34 Irian Jaya [135]; Map 34 Irian Jaya [136]; Map 34 Irian Jaya [137]; Map 34 Irian Jaya [138]; Map 34 Irian Jaya [139]; Map 34 Irian Jaya [140]; Map 34 Irian Jaya [141]; Map 34 Irian Jaya [142]; Map 34 Irian Jaya [143]; Map 34 Irian Jaya [144]
left1242,Left May,,,,left1242,,182 773 2190 4371 4703 5093,family,,families,Map 33 Northern Papua New Guinea [214]; Map 33 Northern Papua New Guinea [215]; Map 33 Northern Papua New Guinea [216]; Map 33 Northern Papua New Guinea [217]; Map 33 Northern Papua New Guinea [218]; Map 33 Northern Papua New Guinea [219]
lenc1239,Lencan,,13.92775,-88.04223,lenc1239,,2502 2814 3219 5318,family,,families,Map 10 Meso-America: Time of Contact [63a]; Map 10 Meso-America: Time of Contact [63b]; Map 10 Meso-America: Time of Contact [63c]; Map 10 Meso-America: Time of Contact [63d]
leng1261,Lengua-Mascoy,,,,leng1261,,3654,family,,families,Map 18 Brazilian Atlantic Coast: Time of Contact [272]
limi1242,Limilngan-Wulna,,,,limi1242,,6502 3258,family,,families,Map 35 Australia: Time of Contact [3]; Map 35 Australia: Time of Contact [5]
lowe1423,Lower Sepik,,,,lowe1423,,242 1049 2499 2862 4040 6658,family,,families,Map 33 Northern Papua New Guinea [351]; Map 33 Northern Papua New Guinea [352]; Map 33 Northern Papua New Guinea [353]; Map 33 Northern Papua New Guinea [354]; Map 33 Northern Papua New Guinea [355]; Map 33 Northern Papua New Guinea [356]
maba1274,Maban,,,,maba1274,,2705 3389 3641 5129 5179 6234,family,,families,Map 71 North-East Africa [35]; Map 71 North-East Africa [36]; Map 71 North-East Africa [70]; Map 71 North-East Africa [71]; Map 72 Sudan and the Horn of Africa [112]; Map 72 Sudan and the Horn of Africa [113]; Map 72 Sudan and the Horn of Africa [23]; Map 72 Sudan and the Horn of Africa [24]; Map 73 North-West Africa [79]; Map 89 Central African Republic and South-Eastern Chad [62]; Map 89 Central African Republic and South-Eastern Chad [63]; Map 89 Central African Republic and South-Eastern Chad [64]
maid1262,Maiduan,,,,maid1262,,2847 3424 4384,family,,families,Map 4 California: Time of Contact [46]; Map 4 California: Time of Contact [47]; Map 4 California: Time of Contact [48]
mail1249,Mailuan,,,,mail1249,,630 734 1372 3180 3415 3951,family,,families,Map 31 South-Eastern Papua New Guinea [61]; Map 31 South-Eastern Papua New Guinea [62]; Map 31 South-Eastern Papua New Guinea [63]; Map 31 South-Eastern Papua New Guinea [64]; Map 31 South-Eastern Papua New Guinea [65]; Map 31 South-Eastern Papua New Guinea [66]
mair1253,Mairasic,,,,mair1253,,3426 4459 5297,family,,families,Map 34 Irian Jaya [126]; Map 34 Irian Jaya [127]; Map 34 Irian Jaya [128]
mand1469,Mande,,,,mand1469,,508 522 675 753 777 812 861 943 1081 1244 1245 1439 1723 1880 2221 2287 2373 2788 2849 2859 2915 3003 3201 3242 3290 3297 3526 3527 3547 3548 3557 3565 3618 3677 3795 3930 4450 4555 5199 5294 5503 5527 5622 6037 6069 6184 6357 6479 6492 6519 6559 6618,family,,families,"Map 100 Northern Nigeria and Niger [30]; Map 101 South-Western Nigeria [94]; Map 102 Benin and Togo [76]; Map 102 Benin and Togo [77]; Map 102 Benin and Togo [78]; Map 103 Ghana [83]; Map 103 Ghana [84]; Map 104 Burkina Faso [73]; Map 104 Burkina Faso [74]; Map 104 Burkina Faso [75]; Map 104 Burkina Faso [76]; Map 104 Burkina Faso [77]; Map 104 Burkina Faso [78]; Map 104 Burkina Faso [79]; Map 104 Burkina Faso [80]; Map 104 Burkina Faso [81]; Map 104 Burkina Faso [82]; Map 104 Burkina Faso [83]; Map 104 Burkina Faso [84a]; Map 104 Burkina Faso [84b]; Map 104 Burkina Faso [85]; Map 104 Burkina Faso [8c]; Map 105 Ivory Coast [61a]; Map 105 Ivory Coast [68]; Map 105 Ivory Coast [69]; Map 105 Ivory Coast [69a]; Map 105 Ivory Coast [69b]; Map 105 Ivory Coast [69d]; Map 105 Ivory Coast [69e]; Map 105 Ivory Coast [70]; Map 105 Ivory Coast [71]; Map 105 Ivory Coast [72]; Map 105 Ivory Coast [73]; Map 105 Ivory Coast [74]; Map 105 Ivory Coast [76]; Map 105 Ivory Coast [77]; Map 105 Ivory Coast [78]; Map 105 Ivory Coast [79]; Map 105 Ivory Coast [80]; Map 105 Ivory Coast [81]; Map 106 Liberia and Sierra Leone [18]; Map 106 Liberia and Sierra Leone [18a]; Map 106 Liberia and Sierra Leone [18c]; Map 106 Liberia and Sierra Leone [18d]; Map 106 Liberia and Sierra Leone [18e]; Map 106 Liberia and Sierra Leone [18g, M]; Map 106 Liberia and Sierra Leone [19]; Map 106 Liberia and Sierra Leone [19a]; Map 106 Liberia and Sierra Leone [20]; Map 106 Liberia and Sierra Leone [21, V]; Map 106 Liberia and Sierra Leone [22]; Map 106 Liberia and Sierra Leone [23]; Map 106 Liberia and Sierra Leone [24, K]; Map 106 Liberia and Sierra Leone [25]; Map 106 Liberia and Sierra Leone [26, L]; Map 106 Liberia and Sierra Leone [27]; Map 106 Liberia and Sierra Leone [28]; Map 106 Liberia and Sierra Leone [29]; Map 106 Liberia and Sierra Leone [30]; Map 106 Liberia and Sierra Leone [31]; Map 106 Liberia and Sierra Leone [32]; Map 106 Liberia and Sierra Leone [D]; Map 107 Guinea and Mali [17]; Map 107 Guinea and Mali [18]; Map 107 Guinea and Mali [19]; Map 107 Guinea and Mali [20]; Map 107 Guinea and Mali [21]; Map 107 Guinea and Mali [21a]; Map 107 Guinea and Mali [21b]; Map 107 Guinea and Mali [21c]; Map 107 Guinea and Mali [21d]; Map 107 Guinea and Mali [21e]; Map 107 Guinea and Mali [21f]; Map 107 Guinea and Mali [22]; Map 107 Guinea and Mali [23]; Map 107 Guinea and Mali [24]; Map 107 Guinea and Mali [28]; Map 108 Senegal, Gambia and Guinea Bissau [33]; Map 108 Senegal, Gambia and Guinea Bissau [34]; Map 108 Senegal, Gambia and Guinea Bissau [35a]; Map 108 Senegal, Gambia and Guinea Bissau [35b]; Map 73 North-West Africa [75]"
mang1423,Mangarrayi-Maran,,,,mang1423,,6341 3534 3584 162,family,,families,Map 35 Australia: Time of Contact [52]; Map 35 Australia: Time of Contact [68]; Map 35 Australia: Time of Contact [69]; Map 35 Australia: Time of Contact [70]; Map 35 Australia: Time of Contact [71]
mani1293,Maningrida,,,,mani1293,,4121 1326 1872 930,family,,families,Map 35 Australia: Time of Contact [62]; Map 35 Australia: Time of Contact [63]; Map 35 Australia: Time of Contact [64]; Map 35 Australia: Time of Contact [65]; Map 35 Australia: Time of Contact [66]
manu1261,Manubaran,,,,manu1261,,1384 3611,family,,families,Map 31 South-Eastern Papua New Guinea [54]; Map 31 South-Eastern Papua New Guinea [55]; Map 32 Southern Papua New Guinea [138]; Map 32 Southern Papua New Guinea [139]
maoo1243,Blue Nile Mao,,,,maoo1243,,1694 2029 3571,family,,families,Map 72 Sudan and the Horn of Africa [100]; Map 72 Sudan and the Horn of Africa [102]; Map 72 Sudan and the Horn of Africa [99]
marr1257,Marrku-Wurrugu,,,,marr1257,,3607,family,,families,Map 35 Australia: Time of Contact [16]
mata1289,Mataguayan,,,,mata1289,,1141 3459 3662,family,,families,Map 20 Central Pacific Coast: Time of Contact [256]; Map 20 Central Pacific Coast: Time of Contact [257]; Map 20 Central Pacific Coast: Time of Contact [259]
maya1287,Mayan,,,,maya1287,,385 1131 1133 1144 1152 2319 2478 2708 3491 3945 4946 4948 5015 5021 5174 5444 5799 5929 6071 6073 6075 6166 6356 6679 6698,family,,families,Map 10 Meso-America: Time of Contact [10]; Map 10 Meso-America: Time of Contact [11]; Map 10 Meso-America: Time of Contact [12]; Map 10 Meso-America: Time of Contact [14]; Map 10 Meso-America: Time of Contact [15]; Map 10 Meso-America: Time of Contact [16]; Map 10 Meso-America: Time of Contact [18]; Map 10 Meso-America: Time of Contact [19a]; Map 10 Meso-America: Time of Contact [19b]; Map 10 Meso-America: Time of Contact [19c]; Map 10 Meso-America: Time of Contact [19d]; Map 10 Meso-America: Time of Contact [19e]; Map 10 Meso-America: Time of Contact [1]; Map 10 Meso-America: Time of Contact [20a]; Map 10 Meso-America: Time of Contact [20b]; Map 10 Meso-America: Time of Contact [21]; Map 10 Meso-America: Time of Contact [2]; Map 10 Meso-America: Time of Contact [3a]; Map 10 Meso-America: Time of Contact [4]; Map 10 Meso-America: Time of Contact [5a]; Map 10 Meso-America: Time of Contact [5b]; Map 10 Meso-America: Time of Contact [6]; Map 10 Meso-America: Time of Contact [7]; Map 10 Meso-America: Time of Contact [8]; Map 10 Meso-America: Time of Contact [9]
mayb1237,Maybratic,,,,mayb1237,,866 2527,family,,families,Map 34 Irian Jaya [113]; Map 34 Irian Jaya [114]
mirn1241,Mirndi,,,,mirn1241,,1349 1344 736 6278,family,,families,Map 35 Australia: Time of Contact [40]; Map 35 Australia: Time of Contact [41]; Map 35 Australia: Time of Contact [42]; Map 35 Australia: Time of Contact [43]; Map 35 Australia: Time of Contact [44]; Map 35 Australia: Time of Contact [45]; Map 35 Australia: Time of Contact [46]; Map 35 Australia: Time of Contact [47]
misu1242,Misumalpan,,,,misu1242,,2370 3660 4089 5607,family,,families,Map 10 Meso-America: Time of Contact [67]; Map 12 Northern South America: Time of Contact [48]; Map 12 Northern South America: Time of Contact [49]; Map 12 Northern South America: Time of Contact [50a]
miwo1274,Miwok-Costanoan,,,,miwo1274,,389 633 1024 1042 1125 1180 2520 3125 4057 4493 4917 5041 5126 5562 5714,family,,families,Map 4 California: Time of Contact [59]; Map 4 California: Time of Contact [60]; Map 4 California: Time of Contact [61]; Map 4 California: Time of Contact [62]; Map 4 California: Time of Contact [63]; Map 4 California: Time of Contact [64]; Map 4 California: Time of Contact [65]; Map 4 California: Time of Contact [66]; Map 4 California: Time of Contact [67]; Map 4 California: Time of Contact [68]; Map 4 California: Time of Contact [69]; Map 4 California: Time of Contact [70]; Map 4 California: Time of Contact [71]; Map 4 California: Time of Contact [72]; Map 4 California: Time of Contact [73]
mixe1284,Mixe-Zoque,,,,mixe1284,,1992 2184 3839 4641 5263 5740 6434,family,,families,Map 10 Meso-America: Time of Contact [22a]; Map 10 Meso-America: Time of Contact [23]; Map 10 Meso-America: Time of Contact [24]; Map 10 Meso-America: Time of Contact [25]; Map 10 Meso-America: Time of Contact [26]; Map 10 Meso-America: Time of Contact [27]; Map 10 Meso-America: Time of Contact [28]
momb1255,Mombum-Koneraw,,,,momb1255,,2839 3923,family,,families,Map 34 Irian Jaya [23]; Map 34 Irian Jaya [24]
mong1349,Mongolic-Khitan,,,,mong1349,,311 467 635 941 942 1222 1225 1261 1378 1444 1492 1516 2060 2399 2449 2664 2674 2686 2687 2688 3095 3852 4086 4244 4633 4669 5012 5947 5957 5958 6730 6771 6772 6785,family,,families,"Map 45 China and Mongolia [18]; Map 45 China and Mongolia [19]; Map 45 China and Mongolia [20]; Map 45 China and Mongolia [21]; Map 45 China and Mongolia [22]; Map 45 China and Mongolia [23]; Map 45 China and Mongolia [24]; Map 45 China and Mongolia [25]; Map 45 China and Mongolia [26]; Map 45 China and Mongolia [27]; Map 45 China and Mongolia [28]; Map 45 China and Mongolia [29]; Map 45 China and Mongolia [30]; Map 45 China and Mongolia [31]; Map 45 China and Mongolia [32]; Map 45 China and Mongolia [33]; Map 45 China and Mongolia [34]; Map 45 China and Mongolia [35]; Map 45 China and Mongolia [36]; Map 45 China and Mongolia [51]; Map 45 China and Mongolia [NA]; Map 55 Eastern Siberia [9]; Map 58 Western Russia, the Baltic States, Belarus, Ukraine and Moldova [16]; Map 59 The Caucasus [15]"
monu1249,Bogia,,,,monu1249,,3250 3941,family,,families,Map 33 Northern Papua New Guinea [268]; Map 33 Northern Papua New Guinea [269]
more1255,Yam,,,,more1255,,1385 2462 3327 4132 5943 6131 6651,family,,families,Map 32 Southern Papua New Guinea [183]; Map 32 Southern Papua New Guinea [184]; Map 32 Southern Papua New Guinea [185]; Map 32 Southern Papua New Guinea [186]; Map 32 Southern Papua New Guinea [187]; Map 32 Southern Papua New Guinea [188]; Map 32 Southern Papua New Guinea [189]; Map 34 Irian Jaya [167]; Map 34 Irian Jaya [168]; Map 34 Irian Jaya [169]
musk1252,Muskogean,,,,musk1252,,153 154 262 1036 1096 1128 1200 2006 2768,family,,families,Map 2 South-Eastern North America: Time of Contact [42]; Map 2 South-Eastern North America: Time of Contact [43]; Map 2 South-Eastern North America: Time of Contact [44]; Map 2 South-Eastern North America: Time of Contact [45]; Map 2 South-Eastern North America: Time of Contact [46]; Map 2 South-Eastern North America: Time of Contact [47]; Map 2 South-Eastern North America: Time of Contact [48]; Map 2 South-Eastern North America: Time of Contact [49]; Map 2 South-Eastern North America: Time of Contact [50]
nada1235,Naduhup,,,,nada1235,,2054 2323 3005 6334,family,,families,Map 12 Northern South America: Time of Contact [133]; Map 12 Northern South America: Time of Contact [134]; Map 12 Northern South America: Time of Contact [135]; Map 12 Northern South America: Time of Contact [136]
nakh1245,Nakh-Daghestanian,,,,nakh1245,,96 134 227 296 372 448 697 856 881 1047 1078 1258 1800 2003 2052 2147 2496 2681 2693 2925 3118 3230 5138 5644 5889 5985 5990,family,,families,Map 59 The Caucasus [20]; Map 59 The Caucasus [21]; Map 59 The Caucasus [23]; Map 59 The Caucasus [24]; Map 59 The Caucasus [25]; Map 59 The Caucasus [26]; Map 59 The Caucasus [27]; Map 59 The Caucasus [28]; Map 59 The Caucasus [29]; Map 59 The Caucasus [30]; Map 59 The Caucasus [31]; Map 59 The Caucasus [32]; Map 59 The Caucasus [33]; Map 59 The Caucasus [34]; Map 59 The Caucasus [35]; Map 59 The Caucasus [36]; Map 59 The Caucasus [37]; Map 59 The Caucasus [38]; Map 59 The Caucasus [39]; Map 59 The Caucasus [40]; Map 59 The Caucasus [41]; Map 59 The Caucasus [42]; Map 59 The Caucasus [43]; Map 59 The Caucasus [44]; Map 59 The Caucasus [45]; Map 59 The Caucasus [47]; Map 59 The Caucasus [48]
namb1299,Nambiquaran,,,,namb1299,,4476 5267 5551,family,,families,Map 16 Western Brazil: Time of Contact [329]; Map 16 Western Brazil: Time of Contact [330]; Map 16 Western Brazil: Time of Contact [331]
naml1239,Namla-Tofanma,,,,naml1239,,5926,family,,families,Map 34 Irian Jaya [84]
narr1279,Narrow Talodi,,,,narr1279,,5696,family,,families,Map 71 North-East Africa [97]
nduu1242,Ndu,,,,nduu1242,,41 793 2070 2576 3074 3510 4262 5259,family,,families,Map 33 Northern Papua New Guinea [290]; Map 33 Northern Papua New Guinea [291]; Map 33 Northern Papua New Guinea [292]; Map 33 Northern Papua New Guinea [293]; Map 33 Northern Papua New Guinea [294]; Map 33 Northern Papua New Guinea [295]; Map 33 Northern Papua New Guinea [296]; Map 33 Northern Papua New Guinea [297]
nilo1247,Nilotic,,,,nilo1247,,20 67 68 76 179 255 321 574 829 937 1054 1187 1268 1311 1353 2263 2264 2284 2376 2489 2490 2658 2738 2856 2953 2973 3160 3319 3368 3381 3385 3386 3390 4096 4139 4572 4927 4928 4933 5196 5230 5825 5827 6012 6040,family,,families,"Map 72 Sudan and the Horn of Africa [148]; Map 72 Sudan and the Horn of Africa [150]; Map 72 Sudan and the Horn of Africa [151]; Map 72 Sudan and the Horn of Africa [152]; Map 72 Sudan and the Horn of Africa [153]; Map 72 Sudan and the Horn of Africa [154]; Map 72 Sudan and the Horn of Africa [155]; Map 72 Sudan and the Horn of Africa [156]; Map 72 Sudan and the Horn of Africa [157]; Map 72 Sudan and the Horn of Africa [158]; Map 72 Sudan and the Horn of Africa [159]; Map 72 Sudan and the Horn of Africa [160]; Map 72 Sudan and the Horn of Africa [161]; Map 72 Sudan and the Horn of Africa [162]; Map 72 Sudan and the Horn of Africa [162a]; Map 72 Sudan and the Horn of Africa [163]; Map 72 Sudan and the Horn of Africa [164]; Map 72 Sudan and the Horn of Africa [165]; Map 72 Sudan and the Horn of Africa [166]; Map 72 Sudan and the Horn of Africa [167]; Map 72 Sudan and the Horn of Africa [168]; Map 72 Sudan and the Horn of Africa [169]; Map 72 Sudan and the Horn of Africa [169a]; Map 72 Sudan and the Horn of Africa [170]; Map 72 Sudan and the Horn of Africa [171]; Map 72 Sudan and the Horn of Africa [172]; Map 72 Sudan and the Horn of Africa [173]; Map 76 Southern Tanzania [71]; Map 79 Democratic Republic of Congo: Orienta [69]; Map 79 Democratic Republic of Congo: Orienta [70]; Map 79 Democratic Republic of Congo: Orienta [71]; Map 79 Democratic Republic of Congo: Orienta [72]; Map 79 Democratic Republic of Congo: Orienta [73]; Map 79 Democratic Republic of Congo: Orienta [74]; Map 79 Democratic Republic of Congo: Orienta [75]; Map 79 Democratic Republic of Congo: Orienta [76]; Map 79 Democratic Republic of Congo: Orienta [77]; Map 85 Kenyan Coast [44]; Map 85 Kenyan Coast [45]; Map 86 Central East Africa [4]; Map 86 Central East Africa [60]; Map 86 Central East Africa [62]; Map 86 Central East Africa [63]; Map 86 Central East Africa [64]; Map 86 Central East Africa [65]; Map 86 Central East Africa [66]; Map 86 Central East Africa [67]; Map 86 Central East Africa [67a]; Map 86 Central East Africa [67b]; Map 86 Central East Africa [68, G]; Map 86 Central East Africa [69]; Map 86 Central East Africa [70]; Map 86 Central East Africa [71]; Map 86 Central East Africa [73]; Map 86 Central East Africa [74]; Map 86 Central East Africa [76]; Map 86 Central East Africa [77]; Map 86 Central East Africa [78]; Map 86 Central East Africa [79]; Map 86 Central East Africa [80]; Map 86 Central East Africa [81]; Map 86 Central East Africa [82]; Map 86 Central East Africa [83]; Map 86 Central East Africa [84]; Map 86 Central East Africa [85]; Map 86 Central East Africa [86]; Map 86 Central East Africa [87]; Map 86 Central East Africa [89]"
nimb1257,Nimboranic,,,,nimb1257,,2631 3790 4369,family,,families,Map 34 Irian Jaya [157]; Map 34 Irian Jaya [158]; Map 34 Irian Jaya [159]
nivk1234,Nivkh,,,,nivk1234,,4393,family,,families,Map 55 Eastern Siberia [29]
nort1547,Northern Daly,,,,nort1547,,3465,family,,families,Map 35 Australia: Time of Contact [32]; Map 35 Australia: Time of Contact [33]
nort2923,North Halmahera,,,,nort2923,,1667 3294 3891 4722 5165 5826 5860 5919 5920 6402,family,,families,Map 37 The Moluccas [56]; Map 37 The Moluccas [57]; Map 37 The Moluccas [58]; Map 37 The Moluccas [59]; Map 37 The Moluccas [60]; Map 37 The Moluccas [61]; Map 37 The Moluccas [62]; Map 37 The Moluccas [63]; Map 37 The Moluccas [64]; Map 37 The Moluccas [65]
nort2933,North Bougainville,,,,nort2933,,1514 2649 2855 5111,family,,families,Map 29 Solomon Islands and Bougainville [71]; Map 29 Solomon Islands and Bougainville [72]; Map 29 Solomon Islands and Bougainville [73]; Map 29 Solomon Islands and Bougainville [74]
nubi1251,Nubian,,,,nubi1251,,1327 1377 2333 3782 4418 5842,family,,families,Map 71 North-East Africa [74]; Map 71 North-East Africa [75]; Map 71 North-East Africa [76]; Map 71 North-East Africa [77]; Map 71 North-East Africa [79]; Map 72 Sudan and the Horn of Africa [115]; Map 72 Sudan and the Horn of Africa [116]; Map 72 Sudan and the Horn of Africa [117]; Map 72 Sudan and the Horn of Africa [118]; Map 72 Sudan and the Horn of Africa [119]; Map 72 Sudan and the Horn of Africa [121]
nucl1580,Eleman,,,,nucl1580,,2655 4662 4678 5915 6079,family,,families,Map 32 Southern Papua New Guinea [177]; Map 32 Southern Papua New Guinea [178]; Map 32 Southern Papua New Guinea [179]; Map 32 Southern Papua New Guinea [180]; Map 32 Southern Papua New Guinea [181]
nucl1708,Nuclear Torricelli,,,,nucl1708,,95 110 176 318 319 320 365 669 863 912 915 923 1513 1527 1528 1673 1797 1985 2411 2603 2824 3103 3320 3525 3970 4030 4131 4379 4638 4653 5323 5324 5421 5540 6140 6151 6152 6187 6443 6488 6548 6563 6594 6614 6654 6670,family,,families,Map 33 Northern Papua New Guinea [222]; Map 33 Northern Papua New Guinea [223]; Map 33 Northern Papua New Guinea [224]; Map 33 Northern Papua New Guinea [225]; Map 33 Northern Papua New Guinea [226]; Map 33 Northern Papua New Guinea [227]; Map 33 Northern Papua New Guinea [228]; Map 33 Northern Papua New Guinea [229]; Map 33 Northern Papua New Guinea [230]; Map 33 Northern Papua New Guinea [231]; Map 33 Northern Papua New Guinea [232]; Map 33 Northern Papua New Guinea [233]; Map 33 Northern Papua New Guinea [234]; Map 33 Northern Papua New Guinea [235]; Map 33 Northern Papua New Guinea [236]; Map 33 Northern Papua New Guinea [237]; Map 33 Northern Papua New Guinea [238]; Map 33 Northern Papua New Guinea [239]; Map 33 Northern Papua New Guinea [240]; Map 33 Northern Papua New Guinea [241]; Map 33 Northern Papua New Guinea [242]; Map 33 Northern Papua New Guinea [243]; Map 33 Northern Papua New Guinea [244]; Map 33 Northern Papua New Guinea [245]; Map 33 Northern Papua New Guinea [246]; Map 33 Northern Papua New Guinea [247]; Map 33 Northern Papua New Guinea [248]; Map 33 Northern Papua New Guinea [249]; Map 33 Northern Papua New Guinea [250]; Map 33 Northern Papua New Guinea [251]; Map 33 Northern Papua New Guinea [252]; Map 33 Northern Papua New Guinea [253]; Map 33 Northern Papua New Guinea [254]; Map 33 Northern Papua New Guinea [255]; Map 33 Northern Papua New Guinea [256]; Map 33 Northern Papua New Guinea [257]; Map 33 Northern Papua New Guinea [258]; Map 33 Northern Papua New Guinea [259]; Map 33 Northern Papua New Guinea [260]; Map 33 Northern Papua New Guinea [261]; Map 33 Northern Papua New Guinea [262]; Map 33 Northern Papua New Guinea [263]; Map 33 Northern Papua New Guinea [264]; Map 33 Northern Papua New Guinea [265]; Map 33 Northern Papua New Guinea [266]; Map 33 Northern Papua New Guinea [267]
nucl1709,Nuclear Trans New Guinea,,,,nucl1709,,34 35 38 85 94 121 185 202 234 236 291 327 328 334 351 370 379 447 464 506 586 623 672 678 686 721 723 732 735 743 765 813 834 837 904 917 936 992 1002 1150 1176 1224 1247 1276 1280 1333 1359 1373 1395 1410 1411 1497 1512 1517 1534 1541 1558 1595 1596 1611 1618 1619 1657 1662 1663 1664 1665 1688 1690 1692 1706 1707 1755 1779 1787 1788 1809 1822 1851 1852 1861 1883 1923 2002 2038 2051 2128 2157 2165 2169 2170 2171 2173 2205 2266 2340 2385 2407 2416 2427 2501 2568 2569 2570 2579 2633 2650 2653 2656 2657 2700 2725 2732 2772 2786 2817 2822 2833 2865 2866 2868 2884 2885 2887 2894 2900 2902 2929 2979 3076 3094 3205 3206 3470 3475 3493 3574 3577 3614 3669 3678 3679 3680 3773 3815 3828 3835 3892 3921 3929 3948 3952 3964 4000 4029 4033 4048 4050 4051 4098 4111 4116 4119 4123 4145 4154 4218 4228 4229 4230 4239 4260 4266 4363 4370 4378 4382 4422 4425 4427 4437 4447 4472 4509 4531 4537 4630 4660 4677 4690 4701 4772 4794 4826 4829 4878 4905 4941 4975 5051 5055 5064 5068 5155 5171 5177 5200 5240 5246 5247 5252 5260 5286 5299 5303 5325 5404 5405 5406 5414 5420 5423 5439 5452 5455 5488 5499 5524 5542 5588 5603 5670 5732 5774 5801 5863 5880 5921 6097 6102 6126 6127 6147 6150 6163 6167 6171 6232 6240 6245 6277 6280 6287 6293 6301 6313 6314 6316 6351 6354 6384 6418 6476 6531 6533 6534 6541 6544 6552 6581 6599 6613 6637 6640 6677 6684 6752,family,,families,"Map 30 New Britain and New Ireland [89, D]; Map 31 South-Eastern Papua New Guinea [76]; Map 31 South-Eastern Papua New Guinea [77]; Map 31 South-Eastern Papua New Guinea [80]; Map 31 South-Eastern Papua New Guinea [81]; Map 31 South-Eastern Papua New Guinea [82]; Map 31 South-Eastern Papua New Guinea [83]; Map 31 South-Eastern Papua New Guinea [84]; Map 31 South-Eastern Papua New Guinea [85]; Map 31 South-Eastern Papua New Guinea [86]; Map 31 South-Eastern Papua New Guinea [87]; Map 32 Southern Papua New Guinea [10]; Map 32 Southern Papua New Guinea [11]; Map 32 Southern Papua New Guinea [12, C]; Map 32 Southern Papua New Guinea [13]; Map 32 Southern Papua New Guinea [140]; Map 32 Southern Papua New Guinea [141]; Map 32 Southern Papua New Guinea [142]; Map 32 Southern Papua New Guinea [143]; Map 32 Southern Papua New Guinea [144]; Map 32 Southern Papua New Guinea [145]; Map 32 Southern Papua New Guinea [146]; Map 32 Southern Papua New Guinea [147]; Map 32 Southern Papua New Guinea [148]; Map 32 Southern Papua New Guinea [149]; Map 32 Southern Papua New Guinea [14]; Map 32 Southern Papua New Guinea [150]; Map 32 Southern Papua New Guinea [151]; Map 32 Southern Papua New Guinea [152]; Map 32 Southern Papua New Guinea [16]; Map 32 Southern Papua New Guinea [17]; Map 32 Southern Papua New Guinea [18]; Map 32 Southern Papua New Guinea [19]; Map 32 Southern Papua New Guinea [1]; Map 32 Southern Papua New Guinea [20, D]; Map 32 Southern Papua New Guinea [21]; Map 32 Southern Papua New Guinea [22]; Map 32 Southern Papua New Guinea [23, E]; Map 32 Southern Papua New Guinea [24]; Map 32 Southern Papua New Guinea [25]; Map 32 Southern Papua New Guinea [26]; Map 32 Southern Papua New Guinea [28]; Map 32 Southern Papua New Guinea [29]; Map 32 Southern Papua New Guinea [2]; Map 32 Southern Papua New Guinea [30]; Map 32 Southern Papua New Guinea [31]; Map 32 Southern Papua New Guinea [32]; Map 32 Southern Papua New Guinea [33]; Map 32 Southern Papua New Guinea [34]; Map 32 Southern Papua New Guinea [35]; Map 32 Southern Papua New Guinea [36]; Map 32 Southern Papua New Guinea [37]; Map 32 Southern Papua New Guinea [38]; Map 32 Southern Papua New Guinea [39]; Map 32 Southern Papua New Guinea [3]; Map 32 Southern Papua New Guinea [40]; Map 32 Southern Papua New Guinea [41]; Map 32 Southern Papua New Guinea [42]; Map 32 Southern Papua New Guinea [43]; Map 32 Southern Papua New Guinea [44]; Map 32 Southern Papua New Guinea [45]; Map 32 Southern Papua New Guinea [46]; Map 32 Southern Papua New Guinea [47]; Map 32 Southern Papua New Guinea [48]; Map 32 Southern Papua New Guinea [49]; Map 32 Southern Papua New Guinea [4]; Map 32 Southern Papua New Guinea [50]; Map 32 Southern Papua New Guinea [51]; Map 32 Southern Papua New Guinea [52]; Map 32 Southern Papua New Guinea [53]; Map 32 Southern Papua New Guinea [54]; Map 32 Southern Papua New Guinea [55]; Map 32 Southern Papua New Guinea [56]; Map 32 Southern Papua New Guinea [57]; Map 32 Southern Papua New Guinea [58]; Map 32 Southern Papua New Guinea [59]; Map 32 Southern Papua New Guinea [5]; Map 32 Southern Papua New Guinea [60]; Map 32 Southern Papua New Guinea [61]; Map 32 Southern Papua New Guinea [62]; Map 32 Southern Papua New Guinea [63]; Map 32 Southern Papua New Guinea [64]; Map 32 Southern Papua New Guinea [65]; Map 32 Southern Papua New Guinea [66]; Map 32 Southern Papua New Guinea [67]; Map 32 Southern Papua New Guinea [68]; Map 32 Southern Papua New Guinea [69]; Map 32 Southern Papua New Guinea [6]; Map 32 Southern Papua New Guinea [7, B]; Map 32 Southern Papua New Guinea [70]; Map 32 Southern Papua New Guinea [71]; Map 32 Southern Papua New Guinea [72]; Map 32 Southern Papua New Guinea [73]; Map 32 Southern Papua New Guinea [74]; Map 32 Southern Papua New Guinea [75]; Map 32 Southern Papua New Guinea [77]; Map 32 Southern Papua New Guinea [78]; Map 32 Southern Papua New Guinea [80]; Map 32 Southern Papua New Guinea [8]; Map 32 Southern Papua New Guinea [94]; Map 32 Southern Papua New Guinea [9]; Map 33 Northern Papua New Guinea [100]; Map 33 Northern Papua New Guinea [101]; Map 33 Northern Papua New Guinea [102]; Map 33 Northern Papua New Guinea [103]; Map 33 Northern Papua New Guinea [104]; Map 33 Northern Papua New Guinea [105]; Map 33 Northern Papua New Guinea [106]; Map 33 Northern Papua New Guinea [107]; Map 33 Northern Papua New Guinea [108]; Map 33 Northern Papua New Guinea [109]; Map 33 Northern Papua New Guinea [10]; Map 33 Northern Papua New Guinea [110]; Map 33 Northern Papua New Guinea [111]; Map 33 Northern Papua New Guinea [112]; Map 33 Northern Papua New Guinea [113]; Map 33 Northern Papua New Guinea [115]; Map 33 Northern Papua New Guinea [116]; Map 33 Northern Papua New Guinea [118]; Map 33 Northern Papua New Guinea [119]; Map 33 Northern Papua New Guinea [11]; Map 33 Northern Papua New Guinea [120]; Map 33 Northern Papua New Guinea [121]; Map 33 Northern Papua New Guinea [123]; Map 33 Northern Papua New Guinea [124]; Map 33 Northern Papua New Guinea [127]; Map 33 Northern Papua New Guinea [128]; Map 33 Northern Papua New Guinea [129]; Map 33 Northern Papua New Guinea [12]; Map 33 Northern Papua New Guinea [130]; Map 33 Northern Papua New Guinea [131]; Map 33 Northern Papua New Guinea [132]; Map 33 Northern Papua New Guinea [133]; Map 33 Northern Papua New Guinea [134]; Map 33 Northern Papua New Guinea [135]; Map 33 Northern Papua New Guinea [136]; Map 33 Northern Papua New Guinea [137]; Map 33 Northern Papua New Guinea [138]; Map 33 Northern Papua New Guinea [139]; Map 33 Northern Papua New Guinea [13]; Map 33 Northern Papua New Guinea [140]; Map 33 Northern Papua New Guinea [141]; Map 33 Northern Papua New Guinea [143]; Map 33 Northern Papua New Guinea [144]; Map 33 Northern Papua New Guinea [145]; Map 33 Northern Papua New Guinea [146]; Map 33 Northern Papua New Guinea [147]; Map 33 Northern Papua New Guinea [148]; Map 33 Northern Papua New Guinea [149]; Map 33 Northern Papua New Guinea [14]; Map 33 Northern Papua New Guinea [150]; Map 33 Northern Papua New Guinea [151]; Map 33 Northern Papua New Guinea [152]; Map 33 Northern Papua New Guinea [155]; Map 33 Northern Papua New Guinea [156]; Map 33 Northern Papua New Guinea [157]; Map 33 Northern Papua New Guinea [158]; Map 33 Northern Papua New Guinea [159]; Map 33 Northern Papua New Guinea [15]; Map 33 Northern Papua New Guinea [160]; Map 33 Northern Papua New Guinea [161]; Map 33 Northern Papua New Guinea [162]; Map 33 Northern Papua New Guinea [163]; Map 33 Northern Papua New Guinea [164]; Map 33 Northern Papua New Guinea [165]; Map 33 Northern Papua New Guinea [166]; Map 33 Northern Papua New Guinea [167]; Map 33 Northern Papua New Guinea [16]; Map 33 Northern Papua New Guinea [170]; Map 33 Northern Papua New Guinea [171]; Map 33 Northern Papua New Guinea [172]; Map 33 Northern Papua New Guinea [173]; Map 33 Northern Papua New Guinea [174]; Map 33 Northern Papua New Guinea [175]; Map 33 Northern Papua New Guinea [176]; Map 33 Northern Papua New Guinea [177]; Map 33 Northern Papua New Guinea [178]; Map 33 Northern Papua New Guinea [179]; Map 33 Northern Papua New Guinea [17]; Map 33 Northern Papua New Guinea [180]; Map 33 Northern Papua New Guinea [18]; Map 33 Northern Papua New Guinea [19]; Map 33 Northern Papua New Guinea [1]; Map 33 Northern Papua New Guinea [20]; Map 33 Northern Papua New Guinea [21]; Map 33 Northern Papua New Guinea [227]; Map 33 Northern Papua New Guinea [22]; Map 33 Northern Papua New Guinea [23]; Map 33 Northern Papua New Guinea [24]; Map 33 Northern Papua New Guinea [25]; Map 33 Northern Papua New Guinea [26]; Map 33 Northern Papua New Guinea [27]; Map 33 Northern Papua New Guinea [28]; Map 33 Northern Papua New Guinea [29]; Map 33 Northern Papua New Guinea [2]; Map 33 Northern Papua New Guinea [302]; Map 33 Northern Papua New Guinea [30]; Map 33 Northern Papua New Guinea [31]; Map 33 Northern Papua New Guinea [32]; Map 33 Northern Papua New Guinea [33]; Map 33 Northern Papua New Guinea [34]; Map 33 Northern Papua New Guinea [35]; Map 33 Northern Papua New Guinea [36]; Map 33 Northern Papua New Guinea [37]; Map 33 Northern Papua New Guinea [38]; Map 33 Northern Papua New Guinea [398]; Map 33 Northern Papua New Guinea [39]; Map 33 Northern Papua New Guinea [3]; Map 33 Northern Papua New Guinea [40]; Map 33 Northern Papua New Guinea [41]; Map 33 Northern Papua New Guinea [42]; Map 33 Northern Papua New Guinea [43]; Map 33 Northern Papua New Guinea [44]; Map 33 Northern Papua New Guinea [46]; Map 33 Northern Papua New Guinea [47]; Map 33 Northern Papua New Guinea [48]; Map 33 Northern Papua New Guinea [49]; Map 33 Northern Papua New Guinea [4]; Map 33 Northern Papua New Guinea [50]; Map 33 Northern Papua New Guinea [51]; Map 33 Northern Papua New Guinea [52]; Map 33 Northern Papua New Guinea [53]; Map 33 Northern Papua New Guinea [54]; Map 33 Northern Papua New Guinea [55]; Map 33 Northern Papua New Guinea [56]; Map 33 Northern Papua New Guinea [57]; Map 33 Northern Papua New Guinea [58]; Map 33 Northern Papua New Guinea [59]; Map 33 Northern Papua New Guinea [5]; Map 33 Northern Papua New Guinea [60]; Map 33 Northern Papua New Guinea [61]; Map 33 Northern Papua New Guinea [62]; Map 33 Northern Papua New Guinea [63]; Map 33 Northern Papua New Guinea [64]; Map 33 Northern Papua New Guinea [65]; Map 33 Northern Papua New Guinea [66]; Map 33 Northern Papua New Guinea [67]; Map 33 Northern Papua New Guinea [68]; Map 33 Northern Papua New Guinea [69]; Map 33 Northern Papua New Guinea [6]; Map 33 Northern Papua New Guinea [70]; Map 33 Northern Papua New Guinea [71]; Map 33 Northern Papua New Guinea [72]; Map 33 Northern Papua New Guinea [73]; Map 33 Northern Papua New Guinea [74]; Map 33 Northern Papua New Guinea [75]; Map 33 Northern Papua New Guinea [76]; Map 33 Northern Papua New Guinea [77]; Map 33 Northern Papua New Guinea [78]; Map 33 Northern Papua New Guinea [79]; Map 33 Northern Papua New Guinea [7]; Map 33 Northern Papua New Guinea [80]; Map 33 Northern Papua New Guinea [81]; Map 33 Northern Papua New Guinea [82]; Map 33 Northern Papua New Guinea [83]; Map 33 Northern Papua New Guinea [84]; Map 33 Northern Papua New Guinea [85]; Map 33 Northern Papua New Guinea [86]; Map 33 Northern Papua New Guinea [87]; Map 33 Northern Papua New Guinea [88]; Map 33 Northern Papua New Guinea [89]; Map 33 Northern Papua New Guinea [8]; Map 33 Northern Papua New Guinea [90]; Map 33 Northern Papua New Guinea [91]; Map 33 Northern Papua New Guinea [92]; Map 33 Northern Papua New Guinea [93]; Map 33 Northern Papua New Guinea [94]; Map 33 Northern Papua New Guinea [95]; Map 33 Northern Papua New Guinea [96]; Map 33 Northern Papua New Guinea [97]; Map 33 Northern Papua New Guinea [98]; Map 33 Northern Papua New Guinea [99]; Map 33 Northern Papua New Guinea [9]; Map 34 Irian Jaya [10]; Map 34 Irian Jaya [11]; Map 34 Irian Jaya [12]; Map 34 Irian Jaya [13]; Map 34 Irian Jaya [14]; Map 34 Irian Jaya [15]; Map 34 Irian Jaya [16]; Map 34 Irian Jaya [17, A]; Map 34 Irian Jaya [18]; Map 34 Irian Jaya [19]; Map 34 Irian Jaya [1]; Map 34 Irian Jaya [20]; Map 34 Irian Jaya [21]; Map 34 Irian Jaya [22]; Map 34 Irian Jaya [25]; Map 34 Irian Jaya [26]; Map 34 Irian Jaya [27]; Map 34 Irian Jaya [28]; Map 34 Irian Jaya [29]; Map 34 Irian Jaya [2]; Map 34 Irian Jaya [30]; Map 34 Irian Jaya [31]; Map 34 Irian Jaya [32]; Map 34 Irian Jaya [3]; Map 34 Irian Jaya [42]; Map 34 Irian Jaya [43]; Map 34 Irian Jaya [44]; Map 34 Irian Jaya [45]; Map 34 Irian Jaya [46]; Map 34 Irian Jaya [47, C]; Map 34 Irian Jaya [4]; Map 34 Irian Jaya [51]; Map 34 Irian Jaya [52]; Map 34 Irian Jaya [53]; Map 34 Irian Jaya [59]; Map 34 Irian Jaya [5]; Map 34 Irian Jaya [60]; Map 34 Irian Jaya [61]; Map 34 Irian Jaya [62]; Map 34 Irian Jaya [63]; Map 34 Irian Jaya [64]; Map 34 Irian Jaya [65]; Map 34 Irian Jaya [66]; Map 34 Irian Jaya [67]; Map 34 Irian Jaya [6]; Map 34 Irian Jaya [7]; Map 34 Irian Jaya [87]; Map 34 Irian Jaya [8]; Map 34 Irian Jaya [9]"
nucl1710,Nuclear-Macro-Je,,,,nucl1710,,141 267 305 1895 2213 2247 2358 2486 2599 2880 2918 3467 3650 4122 4613 4813 5337 5356 5367 5384 5625 5881 6375,family,,families,Map 16 Western Brazil: Time of Contact [324]; Map 16 Western Brazil: Time of Contact [325]; Map 18 Brazilian Atlantic Coast: Time of Contact [281]; Map 18 Brazilian Atlantic Coast: Time of Contact [282]; Map 18 Brazilian Atlantic Coast: Time of Contact [283]; Map 18 Brazilian Atlantic Coast: Time of Contact [285]; Map 18 Brazilian Atlantic Coast: Time of Contact [287]; Map 18 Brazilian Atlantic Coast: Time of Contact [288]; Map 18 Brazilian Atlantic Coast: Time of Contact [289]; Map 18 Brazilian Atlantic Coast: Time of Contact [290]; Map 18 Brazilian Atlantic Coast: Time of Contact [291]; Map 18 Brazilian Atlantic Coast: Time of Contact [292]; Map 18 Brazilian Atlantic Coast: Time of Contact [293]; Map 18 Brazilian Atlantic Coast: Time of Contact [295]; Map 18 Brazilian Atlantic Coast: Time of Contact [297]; Map 18 Brazilian Atlantic Coast: Time of Contact [301]; Map 18 Brazilian Atlantic Coast: Time of Contact [302]; Map 18 Brazilian Atlantic Coast: Time of Contact [303]; Map 18 Brazilian Atlantic Coast: Time of Contact [304]; Map 18 Brazilian Atlantic Coast: Time of Contact [307a]; Map 18 Brazilian Atlantic Coast: Time of Contact [308]; Map 22 Southern South America: Time of Contact [294]; Map 22 Southern South America: Time of Contact [296]
nyim1244,Nyimang,,,,nyim1244,,1335 4585,family,,families,Map 71 North-East Africa [85]; Map 71 North-East Africa [86]; Map 72 Sudan and the Horn of Africa [143]; Map 72 Sudan and the Horn of Africa [144]
nyul1248,Nyulnyulan,,,,nyul1248,,1345 6631 6348 572 4583,family,,families,Map 35 Australia: Time of Contact [89]; Map 35 Australia: Time of Contact [90]; Map 35 Australia: Time of Contact [91]; Map 35 Australia: Time of Contact [92]; Map 35 Australia: Time of Contact [93]; Map 35 Australia: Time of Contact [95]; Map 35 Australia: Time of Contact [96]; Map 35 Australia: Time of Contact [97]
otom1276,Otomaco-Taparita,,,,otom1276,,4693 5741,family,,families,Map 12 Northern South America: Time of Contact [55]; Map 12 Northern South America: Time of Contact [56]
otom1299,Otomanguean,,,,otom1299,,218 220 1022 1063 1093 1110 1127 1482 1484 1487 2208 3085 3644 3646 3670 4462 4475 4485 4491 4504 4694 4757 5232 5549 5561 5623 5876 5910 5976 6426 6428 6431,family,,families,Map 10 Meso-America: Time of Contact [22b]; Map 10 Meso-America: Time of Contact [34]; Map 10 Meso-America: Time of Contact [35]; Map 10 Meso-America: Time of Contact [36]; Map 10 Meso-America: Time of Contact [36a]; Map 10 Meso-America: Time of Contact [36b]; Map 10 Meso-America: Time of Contact [36c]; Map 10 Meso-America: Time of Contact [36d]; Map 10 Meso-America: Time of Contact [36e]; Map 10 Meso-America: Time of Contact [37]; Map 10 Meso-America: Time of Contact [38]; Map 10 Meso-America: Time of Contact [39]; Map 10 Meso-America: Time of Contact [40]; Map 10 Meso-America: Time of Contact [41]; Map 10 Meso-America: Time of Contact [43]; Map 10 Meso-America: Time of Contact [45a]; Map 10 Meso-America: Time of Contact [45b]; Map 10 Meso-America: Time of Contact [45c]; Map 10 Meso-America: Time of Contact [45d]; Map 10 Meso-America: Time of Contact [46]; Map 10 Meso-America: Time of Contact [46a]; Map 10 Meso-America: Time of Contact [46b]; Map 10 Meso-America: Time of Contact [46c]; Map 10 Meso-America: Time of Contact [46d]; Map 10 Meso-America: Time of Contact [46e]; Map 10 Meso-America: Time of Contact [47]; Map 10 Meso-America: Time of Contact [48]; Map 10 Meso-America: Time of Contact [49a]; Map 10 Meso-America: Time of Contact [49b]; Map 10 Meso-America: Time of Contact [49c]; Map 10 Meso-America: Time of Contact [50]; Map 10 Meso-America: Time of Contact [51]
paho1240,Pahoturi,,,,paho1240,,101 2089,family,,families,Map 32 Southern Papua New Guinea [190]; Map 32 Southern Papua New Guinea [191]
pala1350,Palaihnihan,,,,pala1350,,69 362,family,,families,Map 4 California: Time of Contact [39]; Map 4 California: Time of Contact [40]
pama1250,Pama-Nyungan,,,,pama1250,,1614 1891 1300 2378 1317 1347 584 6653 4259 4331 1348 6344 1429 4356 2808 3630 6535 1308 5847 2793 6633 1316 636 1315 2645 1671 1716 2950 3032 4288 1431 5089 4292 4158 1888 4748 4533 2955 2801 4155 4280 6574 300 406 2578 1307 1305 1436 752 4290 1306 381 6361 2312 2484 6540 6557 4295 1314 1262 2954 2519 3036 298 1863 82 6587 1849 924 4901 1312 6687 6601 6303 1310 4353 523 1342 22 2318 737 6603 2564 6668 4287 6671 1205 4257 173 6693 1260 4286 1889 2397 4271 1876 6722 405 4004 245 3535 1032 2308 249 4285 6266 6576 2604 2796 2232 1462 3998 6630 2529 4049 588 3045 6514 3324 6338 4564 931 180 6268 272 2283 6347 3490 6305 6273 4890 6412 4574 2304 6467 6265 100 580 3694 4251 431 6387 1680 6339 2492 6466 416 2379 3479 2454 564 248 2384,family,,families,Map 32 Southern Papua New Guinea [237]; Map 35 Australia: Time of Contact [104]; Map 35 Australia: Time of Contact [105]; Map 35 Australia: Time of Contact [106]; Map 35 Australia: Time of Contact [107]; Map 35 Australia: Time of Contact [108]; Map 35 Australia: Time of Contact [109]; Map 35 Australia: Time of Contact [110]; Map 35 Australia: Time of Contact [111]; Map 35 Australia: Time of Contact [112]; Map 35 Australia: Time of Contact [113]; Map 35 Australia: Time of Contact [114]; Map 35 Australia: Time of Contact [115]; Map 35 Australia: Time of Contact [116]; Map 35 Australia: Time of Contact [117]; Map 35 Australia: Time of Contact [118]; Map 35 Australia: Time of Contact [119]; Map 35 Australia: Time of Contact [120]; Map 35 Australia: Time of Contact [121]; Map 35 Australia: Time of Contact [122]; Map 35 Australia: Time of Contact [123]; Map 35 Australia: Time of Contact [124]; Map 35 Australia: Time of Contact [125]; Map 35 Australia: Time of Contact [126]; Map 35 Australia: Time of Contact [127]; Map 35 Australia: Time of Contact [128]; Map 35 Australia: Time of Contact [129]; Map 35 Australia: Time of Contact [130]; Map 35 Australia: Time of Contact [131]; Map 35 Australia: Time of Contact [132]; Map 35 Australia: Time of Contact [133]; Map 35 Australia: Time of Contact [134]; Map 35 Australia: Time of Contact [135]; Map 35 Australia: Time of Contact [136]; Map 35 Australia: Time of Contact [137]; Map 35 Australia: Time of Contact [138]; Map 35 Australia: Time of Contact [139]; Map 35 Australia: Time of Contact [140]; Map 35 Australia: Time of Contact [141]; Map 35 Australia: Time of Contact [142]; Map 35 Australia: Time of Contact [143]; Map 35 Australia: Time of Contact [144]; Map 35 Australia: Time of Contact [145]; Map 35 Australia: Time of Contact [146]; Map 35 Australia: Time of Contact [147]; Map 35 Australia: Time of Contact [148]; Map 35 Australia: Time of Contact [149]; Map 35 Australia: Time of Contact [150]; Map 35 Australia: Time of Contact [151]; Map 35 Australia: Time of Contact [152]; Map 35 Australia: Time of Contact [153]; Map 35 Australia: Time of Contact [154]; Map 35 Australia: Time of Contact [156]; Map 35 Australia: Time of Contact [157]; Map 35 Australia: Time of Contact [158]; Map 35 Australia: Time of Contact [159]; Map 35 Australia: Time of Contact [160]; Map 35 Australia: Time of Contact [161]; Map 35 Australia: Time of Contact [162]; Map 35 Australia: Time of Contact [163]; Map 35 Australia: Time of Contact [164]; Map 35 Australia: Time of Contact [165]; Map 35 Australia: Time of Contact [166]; Map 35 Australia: Time of Contact [167]; Map 35 Australia: Time of Contact [168]; Map 35 Australia: Time of Contact [169]; Map 35 Australia: Time of Contact [170]; Map 35 Australia: Time of Contact [171]; Map 35 Australia: Time of Contact [172]; Map 35 Australia: Time of Contact [173]; Map 35 Australia: Time of Contact [174]; Map 35 Australia: Time of Contact [175]; Map 35 Australia: Time of Contact [176]; Map 35 Australia: Time of Contact [177]; Map 35 Australia: Time of Contact [178]; Map 35 Australia: Time of Contact [179]; Map 35 Australia: Time of Contact [180]; Map 35 Australia: Time of Contact [181]; Map 35 Australia: Time of Contact [182]; Map 35 Australia: Time of Contact [183]; Map 35 Australia: Time of Contact [184]; Map 35 Australia: Time of Contact [185]; Map 35 Australia: Time of Contact [186]; Map 35 Australia: Time of Contact [187]; Map 35 Australia: Time of Contact [188]; Map 35 Australia: Time of Contact [189]; Map 35 Australia: Time of Contact [190]; Map 35 Australia: Time of Contact [191]; Map 35 Australia: Time of Contact [192]; Map 35 Australia: Time of Contact [193]; Map 35 Australia: Time of Contact [194]; Map 35 Australia: Time of Contact [195]; Map 35 Australia: Time of Contact [196]; Map 35 Australia: Time of Contact [197]; Map 35 Australia: Time of Contact [198]; Map 35 Australia: Time of Contact [199]; Map 35 Australia: Time of Contact [200]; Map 35 Australia: Time of Contact [201]; Map 35 Australia: Time of Contact [202]; Map 35 Australia: Time of Contact [203]; Map 35 Australia: Time of Contact [204]; Map 35 Australia: Time of Contact [205]; Map 35 Australia: Time of Contact [206]; Map 35 Australia: Time of Contact [207]; Map 35 Australia: Time of Contact [208]; Map 35 Australia: Time of Contact [209]; Map 35 Australia: Time of Contact [210]; Map 35 Australia: Time of Contact [211]; Map 35 Australia: Time of Contact [212]; Map 35 Australia: Time of Contact [213]; Map 35 Australia: Time of Contact [214]; Map 35 Australia: Time of Contact [215]; Map 35 Australia: Time of Contact [216]; Map 35 Australia: Time of Contact [217]; Map 35 Australia: Time of Contact [218]; Map 35 Australia: Time of Contact [219]; Map 35 Australia: Time of Contact [220]; Map 35 Australia: Time of Contact [221]; Map 35 Australia: Time of Contact [222]; Map 35 Australia: Time of Contact [223]; Map 35 Australia: Time of Contact [224]; Map 35 Australia: Time of Contact [225]; Map 35 Australia: Time of Contact [226]; Map 35 Australia: Time of Contact [227]; Map 35 Australia: Time of Contact [228]; Map 35 Australia: Time of Contact [229]; Map 35 Australia: Time of Contact [230]; Map 35 Australia: Time of Contact [231]; Map 35 Australia: Time of Contact [232]; Map 35 Australia: Time of Contact [233]; Map 35 Australia: Time of Contact [234]; Map 35 Australia: Time of Contact [235]; Map 35 Australia: Time of Contact [236]; Map 35 Australia: Time of Contact [237]; Map 35 Australia: Time of Contact [238]; Map 35 Australia: Time of Contact [239]; Map 35 Australia: Time of Contact [240]; Map 35 Australia: Time of Contact [241]; Map 35 Australia: Time of Contact [242]; Map 35 Australia: Time of Contact [243]; Map 35 Australia: Time of Contact [244]; Map 35 Australia: Time of Contact [245]; Map 35 Australia: Time of Contact [246]; Map 35 Australia: Time of Contact [247]; Map 35 Australia: Time of Contact [248]; Map 35 Australia: Time of Contact [249]; Map 35 Australia: Time of Contact [250]; Map 35 Australia: Time of Contact [251]; Map 35 Australia: Time of Contact [252]; Map 35 Australia: Time of Contact [253]; Map 35 Australia: Time of Contact [254]; Map 35 Australia: Time of Contact [255]; Map 35 Australia: Time of Contact [256]; Map 35 Australia: Time of Contact [257]; Map 35 Australia: Time of Contact [258]; Map 35 Australia: Time of Contact [259]; Map 35 Australia: Time of Contact [260]; Map 35 Australia: Time of Contact [261]; Map 35 Australia: Time of Contact [262]; Map 35 Australia: Time of Contact [263]; Map 35 Australia: Time of Contact [264]; Map 35 Australia: Time of Contact [265]; Map 35 Australia: Time of Contact [266]; Map 35 Australia: Time of Contact [267]; Map 35 Australia: Time of Contact [268]; Map 35 Australia: Time of Contact [269]; Map 35 Australia: Time of Contact [270]; Map 35 Australia: Time of Contact [271]; Map 35 Australia: Time of Contact [272]; Map 35 Australia: Time of Contact [273]; Map 35 Australia: Time of Contact [274]; Map 35 Australia: Time of Contact [275]; Map 35 Australia: Time of Contact [276]; Map 35 Australia: Time of Contact [277]; Map 35 Australia: Time of Contact [278]; Map 35 Australia: Time of Contact [279]; Map 35 Australia: Time of Contact [280]; Map 35 Australia: Time of Contact [281]; Map 35 Australia: Time of Contact [282]; Map 35 Australia: Time of Contact [283]; Map 35 Australia: Time of Contact [284]; Map 35 Australia: Time of Contact [285]; Map 35 Australia: Time of Contact [286]; Map 35 Australia: Time of Contact [287]; Map 35 Australia: Time of Contact [288]; Map 35 Australia: Time of Contact [289]; Map 35 Australia: Time of Contact [290]; Map 35 Australia: Time of Contact [291]; Map 35 Australia: Time of Contact [292]; Map 35 Australia: Time of Contact [293]; Map 35 Australia: Time of Contact [294]; Map 35 Australia: Time of Contact [295]; Map 35 Australia: Time of Contact [296]; Map 35 Australia: Time of Contact [297]; Map 35 Australia: Time of Contact [298]; Map 35 Australia: Time of Contact [299]; Map 35 Australia: Time of Contact [300]; Map 35 Australia: Time of Contact [301]; Map 35 Australia: Time of Contact [302]; Map 35 Australia: Time of Contact [303]; Map 35 Australia: Time of Contact [304]; Map 35 Australia: Time of Contact [305]; Map 35 Australia: Time of Contact [306]; Map 35 Australia: Time of Contact [307]; Map 35 Australia: Time of Contact [308]; Map 35 Australia: Time of Contact [309]; Map 35 Australia: Time of Contact [310]; Map 35 Australia: Time of Contact [311]; Map 35 Australia: Time of Contact [312]; Map 35 Australia: Time of Contact [313]; Map 35 Australia: Time of Contact [314]; Map 35 Australia: Time of Contact [315]; Map 35 Australia: Time of Contact [316]; Map 35 Australia: Time of Contact [317]; Map 35 Australia: Time of Contact [318]; Map 35 Australia: Time of Contact [319]; Map 35 Australia: Time of Contact [320]; Map 35 Australia: Time of Contact [321]; Map 35 Australia: Time of Contact [322]; Map 35 Australia: Time of Contact [323]; Map 35 Australia: Time of Contact [324]; Map 35 Australia: Time of Contact [325]; Map 35 Australia: Time of Contact [326]; Map 35 Australia: Time of Contact [327]; Map 35 Australia: Time of Contact [328]; Map 35 Australia: Time of Contact [329]; Map 35 Australia: Time of Contact [330]; Map 35 Australia: Time of Contact [331]; Map 35 Australia: Time of Contact [332]; Map 35 Australia: Time of Contact [333]; Map 35 Australia: Time of Contact [334]; Map 35 Australia: Time of Contact [335]; Map 35 Australia: Time of Contact [336]; Map 35 Australia: Time of Contact [337]; Map 35 Australia: Time of Contact [338]; Map 35 Australia: Time of Contact [339]; Map 35 Australia: Time of Contact [340]; Map 35 Australia: Time of Contact [341]; Map 35 Australia: Time of Contact [342]; Map 35 Australia: Time of Contact [343]; Map 35 Australia: Time of Contact [344]; Map 35 Australia: Time of Contact [345]; Map 35 Australia: Time of Contact [346]; Map 35 Australia: Time of Contact [347]; Map 35 Australia: Time of Contact [348]; Map 35 Australia: Time of Contact [349]; Map 35 Australia: Time of Contact [350]; Map 35 Australia: Time of Contact [351]; Map 35 Australia: Time of Contact [352]; Map 35 Australia: Time of Contact [353]; Map 35 Australia: Time of Contact [354]; Map 35 Australia: Time of Contact [355]; Map 35 Australia: Time of Contact [356]; Map 35 Australia: Time of Contact [357]; Map 35 Australia: Time of Contact [358]; Map 35 Australia: Time of Contact [359]; Map 35 Australia: Time of Contact [360]; Map 35 Australia: Time of Contact [361]; Map 35 Australia: Time of Contact [362]; Map 35 Australia: Time of Contact [363]; Map 35 Australia: Time of Contact [364]; Map 35 Australia: Time of Contact [365]; Map 35 Australia: Time of Contact [366]; Map 35 Australia: Time of Contact [367]; Map 35 Australia: Time of Contact [368]; Map 35 Australia: Time of Contact [369]; Map 35 Australia: Time of Contact [370]; Map 35 Australia: Time of Contact [371]; Map 35 Australia: Time of Contact [372]; Map 35 Australia: Time of Contact [373]; Map 35 Australia: Time of Contact [374]; Map 35 Australia: Time of Contact [375]; Map 35 Australia: Time of Contact [376]; Map 35 Australia: Time of Contact [377]; Map 35 Australia: Time of Contact [378]; Map 35 Australia: Time of Contact [379]; Map 35 Australia: Time of Contact [380]; Map 35 Australia: Time of Contact [381]; Map 35 Australia: Time of Contact [382]; Map 35 Australia: Time of Contact [383]; Map 35 Australia: Time of Contact [384]; Map 35 Australia: Time of Contact [385]; Map 35 Australia: Time of Contact [386]; Map 35 Australia: Time of Contact [387]; Map 35 Australia: Time of Contact [388]; Map 35 Australia: Time of Contact [389]; Map 35 Australia: Time of Contact [390]; Map 35 Australia: Time of Contact [391]; Map 35 Australia: Time of Contact [392]; Map 35 Australia: Time of Contact [393]; Map 35 Australia: Time of Contact [394]; Map 35 Australia: Time of Contact [395]; Map 35 Australia: Time of Contact [396]; Map 35 Australia: Time of Contact [397]; Map 35 Australia: Time of Contact [398]; Map 35 Australia: Time of Contact [399]; Map 35 Australia: Time of Contact [400]; Map 35 Australia: Time of Contact [401]; Map 35 Australia: Time of Contact [402]; Map 35 Australia: Time of Contact [403]; Map 35 Australia: Time of Contact [404]; Map 35 Australia: Time of Contact [405]; Map 35 Australia: Time of Contact [406]; Map 35 Australia: Time of Contact [408]; Map 35 Australia: Time of Contact [409]; Map 35 Australia: Time of Contact [410]; Map 35 Australia: Time of Contact [411]; Map 35 Australia: Time of Contact [412]; Map 35 Australia: Time of Contact [413]; Map 35 Australia: Time of Contact [414]; Map 35 Australia: Time of Contact [415]; Map 35 Australia: Time of Contact [416]; Map 35 Australia: Time of Contact [417]; Map 35 Australia: Time of Contact [418]; Map 35 Australia: Time of Contact [419]; Map 35 Australia: Time of Contact [420]; Map 35 Australia: Time of Contact [421]; Map 35 Australia: Time of Contact [422]; Map 35 Australia: Time of Contact [424]; Map 35 Australia: Time of Contact [425]; Map 35 Australia: Time of Contact [426]; Map 35 Australia: Time of Contact [427]; Map 35 Australia: Time of Contact [428]; Map 35 Australia: Time of Contact [429]; Map 35 Australia: Time of Contact [430]; Map 35 Australia: Time of Contact [431]; Map 35 Australia: Time of Contact [432]; Map 35 Australia: Time of Contact [433]; Map 35 Australia: Time of Contact [434]; Map 35 Australia: Time of Contact [435]; Map 35 Australia: Time of Contact [436]; Map 35 Australia: Time of Contact [437]; Map 35 Australia: Time of Contact [439]; Map 35 Australia: Time of Contact [440]; Map 35 Australia: Time of Contact [441]; Map 35 Australia: Time of Contact [442]; Map 35 Australia: Time of Contact [443]; Map 35 Australia: Time of Contact [444]; Map 35 Australia: Time of Contact [445]; Map 35 Australia: Time of Contact [446]; Map 35 Australia: Time of Contact [447]; Map 35 Australia: Time of Contact [448]; Map 35 Australia: Time of Contact [449]; Map 35 Australia: Time of Contact [450]; Map 35 Australia: Time of Contact [451]; Map 35 Australia: Time of Contact [452]; Map 35 Australia: Time of Contact [453]; Map 35 Australia: Time of Contact [454]
pano1259,Pano-Tacanan,,,,pano1259,,191 282 359 1168 1564 2468 2513 2540 2543 2545 2582 2964 3434 3634 4736 4775 4789 4961 5062 5071 5348 5376 5677 5962 6049 6308 6568,family,,families,Map 14 Northern Pacific Coast: Time of Contact [213]; Map 14 Northern Pacific Coast: Time of Contact [214]; Map 14 Northern Pacific Coast: Time of Contact [216]; Map 14 Northern Pacific Coast: Time of Contact [217]; Map 14 Northern Pacific Coast: Time of Contact [218]; Map 14 Northern Pacific Coast: Time of Contact [219]; Map 14 Northern Pacific Coast: Time of Contact [220]; Map 14 Northern Pacific Coast: Time of Contact [221]; Map 14 Northern Pacific Coast: Time of Contact [222]; Map 14 Northern Pacific Coast: Time of Contact [223]; Map 14 Northern Pacific Coast: Time of Contact [224a]; Map 14 Northern Pacific Coast: Time of Contact [225]; Map 14 Northern Pacific Coast: Time of Contact [226]; Map 14 Northern Pacific Coast: Time of Contact [227]; Map 14 Northern Pacific Coast: Time of Contact [228]; Map 14 Northern Pacific Coast: Time of Contact [229]; Map 14 Northern Pacific Coast: Time of Contact [230]; Map 14 Northern Pacific Coast: Time of Contact [232]; Map 14 Northern Pacific Coast: Time of Contact [233]; Map 14 Northern Pacific Coast: Time of Contact [234]; Map 14 Northern Pacific Coast: Time of Contact [237]; Map 14 Northern Pacific Coast: Time of Contact [242]; Map 16 Western Brazil: Time of Contact [240]; Map 16 Western Brazil: Time of Contact [241]; Map 16 Western Brazil: Time of Contact [243]; Map 20 Central Pacific Coast: Time of Contact [238]; Map 20 Central Pacific Coast: Time of Contact [239]
pauw1244,Pauwasi,,,,pauw1244,,1394 1537 5972 6538 6716,family,,families,Map 33 Northern Papua New Guinea [189]; Map 33 Northern Papua New Guinea [190]; Map 33 Northern Papua New Guinea [371]; Map 34 Irian Jaya [175]; Map 34 Irian Jaya [78]; Map 34 Irian Jaya [79]; Map 34 Irian Jaya [80]; Map 34 Irian Jaya [81]
peba1241,Peba-Yagua,,,,peba1241,,6572 6624,family,,families,Map 12 Northern South America: Time of Contact [176]; Map 14 Northern Pacific Coast: Time of Contact [178]
piaw1238,Piawi,,,,piaw1238,,279 4885 6252 6319,family,,families,Map 33 Northern Papua New Guinea [364]; Map 33 Northern Papua New Guinea [365]; Map 33 Northern Papua New Guinea [366]; Map 33 Northern Papua New Guinea [367]
pidg1258,Pidgin,,,,pidg1258,,3237,family,,families,Map 106 Liberia and Sierra Leone [33]
pomo1273,Pomoan,,,,pomo1273,,1019 1480 2542 4463 4483 5536 5557,family,,families,Map 4 California: Time of Contact [51]; Map 4 California: Time of Contact [52]; Map 4 California: Time of Contact [53]; Map 4 California: Time of Contact [54]; Map 4 California: Time of Contact [55]; Map 4 California: Time of Contact [56]; Map 4 California: Time of Contact [57]
puri1261,Puri-Coroado,,,,puri1261,,5003,family,,families,Map 18 Brazilian Atlantic Coast: Time of Contact [305]
quec1387,Quechuan,,,,quec1387,,2706 4469 6311 6619 6725,family,,families,Map 14 Northern Pacific Coast: Time of Contact [204]; Map 14 Northern Pacific Coast: Time of Contact [205]; Map 20 Central Pacific Coast: Time of Contact [202]; Map 20 Central Pacific Coast: Time of Contact [203]; Map 20 Central Pacific Coast: Time of Contact [207]
ramu1234,Ramu,,,,ramu1234,,81 119 142 226 246 386 518 854 868 1678 1786 1818 2100 2106 2198 2351 2829 3834 3841 5049 5100 5310 5729 5730 6360,family,,families,Map 33 Northern Papua New Guinea [323]; Map 33 Northern Papua New Guinea [324]; Map 33 Northern Papua New Guinea [326]; Map 33 Northern Papua New Guinea [329]; Map 33 Northern Papua New Guinea [330]; Map 33 Northern Papua New Guinea [331]; Map 33 Northern Papua New Guinea [332]; Map 33 Northern Papua New Guinea [333]; Map 33 Northern Papua New Guinea [334]; Map 33 Northern Papua New Guinea [335]; Map 33 Northern Papua New Guinea [336]; Map 33 Northern Papua New Guinea [337]; Map 33 Northern Papua New Guinea [338]; Map 33 Northern Papua New Guinea [339]; Map 33 Northern Papua New Guinea [340]; Map 33 Northern Papua New Guinea [341]; Map 33 Northern Papua New Guinea [342]; Map 33 Northern Papua New Guinea [343]; Map 33 Northern Papua New Guinea [344]; Map 33 Northern Papua New Guinea [345]; Map 33 Northern Papua New Guinea [346]; Map 33 Northern Papua New Guinea [347]; Map 33 Northern Papua New Guinea [348]; Map 33 Northern Papua New Guinea [349]; Map 33 Northern Papua New Guinea [350]
rash1249,Rashad,,,,rash1249,,5792,family,,families,Map 71 North-East Africa [96]
saha1239,Sahaptian,,,,saha1239,,4249 5161,family,,families,Map 4 California: Time of Contact [9]; Map 6 North-Western Pacific America: Time of Contact [51]
saha1256,Saharan,,,,saha1256,,412 2448 2463 2464 5590 5789 6295 6727,family,,families,"Map 100 Northern Nigeria and Niger [16]; Map 100 Northern Nigeria and Niger [17]; Map 71 North-East Africa [68]; Map 71 North-East Africa [69]; Map 72 Sudan and the Horn of Africa [109]; Map 72 Sudan and the Horn of Africa [110]; Map 73 North-West Africa [77]; Map 73 North-West Africa [78]; Map 90 Central African Republic, South-Western Chad and Cameroon [45]; Map 94 Northern Cameroon [7]; Map 98 North-Eastern Nigeria [109]; Map 99 Lake Chad Region [22]; Map 99 Lake Chad Region [23]; Map 99 Lake Chad Region [24]; Map 99 Lake Chad Region [28]; Map 99 Lake Chad Region [29]"
sali1255,Salishan,,,,sali1255,,671 1177 1185 1188 1193 1199 1934 2396 3251 3325 3374 4432 4495 4623 4843 5028 5270 5401 5579 5850 5877 6066 6125,family,,families,Map 4 California: Time of Contact [3]; Map 6 North-Western Pacific America: Time of Contact [17]; Map 6 North-Western Pacific America: Time of Contact [18]; Map 6 North-Western Pacific America: Time of Contact [19]; Map 6 North-Western Pacific America: Time of Contact [20]; Map 6 North-Western Pacific America: Time of Contact [21]; Map 6 North-Western Pacific America: Time of Contact [22]; Map 6 North-Western Pacific America: Time of Contact [23]; Map 6 North-Western Pacific America: Time of Contact [24]; Map 6 North-Western Pacific America: Time of Contact [25]; Map 6 North-Western Pacific America: Time of Contact [26]; Map 6 North-Western Pacific America: Time of Contact [27]; Map 6 North-Western Pacific America: Time of Contact [28]; Map 6 North-Western Pacific America: Time of Contact [29]; Map 6 North-Western Pacific America: Time of Contact [30]; Map 6 North-Western Pacific America: Time of Contact [31]; Map 6 North-Western Pacific America: Time of Contact [32]; Map 6 North-Western Pacific America: Time of Contact [33]; Map 6 North-Western Pacific America: Time of Contact [34]; Map 6 North-Western Pacific America: Time of Contact [35]; Map 6 North-Western Pacific America: Time of Contact [36]; Map 6 North-Western Pacific America: Time of Contact [37]; Map 6 North-Western Pacific America: Time of Contact [38]
sali1297,Saliban,,,,sali1297,,4873 5635,family,,families,Map 12 Northern South America: Time of Contact [425]; Map 12 Northern South America: Time of Contact [426]
sena1264,Senagi,,,,sena1264,,238 1293 1294,family,,families,Map 33 Northern Papua New Guinea [220]; Map 33 Northern Papua New Guinea [221]; Map 34 Irian Jaya [104]
sent1261,Sentanic,,,,sent1261,,1284 4168 5307 6798,family,,families,Map 34 Irian Jaya [121]; Map 34 Irian Jaya [122]; Map 34 Irian Jaya [123]; Map 34 Irian Jaya [124]
sepi1257,Sepik,,,,sepi1257,,39 128 159 186 369 398 455 757 761 858 1083 1650 1984 2204 2401 2452 2477 2498 3064 3089 3609 3700 3779 4133 4723 4733 4802 4870 5223 5601 6358 6477,family,,families,Map 33 Northern Papua New Guinea [271]; Map 33 Northern Papua New Guinea [272]; Map 33 Northern Papua New Guinea [273]; Map 33 Northern Papua New Guinea [274]; Map 33 Northern Papua New Guinea [275]; Map 33 Northern Papua New Guinea [276]; Map 33 Northern Papua New Guinea [277]; Map 33 Northern Papua New Guinea [278]; Map 33 Northern Papua New Guinea [279]; Map 33 Northern Papua New Guinea [280]; Map 33 Northern Papua New Guinea [281]; Map 33 Northern Papua New Guinea [282]; Map 33 Northern Papua New Guinea [283]; Map 33 Northern Papua New Guinea [284]; Map 33 Northern Papua New Guinea [285]; Map 33 Northern Papua New Guinea [286]; Map 33 Northern Papua New Guinea [287]; Map 33 Northern Papua New Guinea [288]; Map 33 Northern Papua New Guinea [298]; Map 33 Northern Papua New Guinea [299]; Map 33 Northern Papua New Guinea [300]; Map 33 Northern Papua New Guinea [301]; Map 33 Northern Papua New Guinea [303]; Map 33 Northern Papua New Guinea [304]; Map 33 Northern Papua New Guinea [305]; Map 33 Northern Papua New Guinea [306]; Map 33 Northern Papua New Guinea [307]; Map 33 Northern Papua New Guinea [308]; Map 33 Northern Papua New Guinea [309]; Map 33 Northern Papua New Guinea [310]; Map 33 Northern Papua New Guinea [311]; Map 33 Northern Papua New Guinea [312]; Map 34 Irian Jaya [166]
shas1238,Shastan,,,,shas1238,,2852 4245 4631 5354,family,,families,Map 4 California: Time of Contact [35]; Map 4 California: Time of Contact [36]; Map 4 California: Time of Contact [37]; Map 4 California: Time of Contact [38]
sino1245,Sino-Tibetan,,,,sino1245,,62 63 77 132 133 178 223 252 256 260 277 312 353 356 360 361 402 414 415 456 459 461 463 501 534 545 668 704 719 759 760 766 771 783 802 867 889 913 920 934 971 981 1000 1004 1016 1038 1041 1052 1056 1058 1066 1068 1069 1074 1084 1088 1111 1112 1146 1155 1156 1161 1194 1196 1220 1237 1253 1254 1263 1273 1292 1302 1309 1328 1368 1405 1408 1414 1415 1416 1425 1426 1440 1442 1459 1460 1471 1472 1556 1561 1683 1685 1703 1743 1748 1758 1766 1768 1813 1826 1829 1853 1881 1911 1936 1945 1952 1953 1957 1974 1975 1996 2011 2012 2015 2030 2033 2044 2092 2150 2215 2244 2253 2256 2274 2275 2276 2278 2280 2328 2337 2339 2343 2355 2441 2442 2522 2537 2566 2592 2593 2608 2617 2629 2663 2665 2669 2678 2680 2692 2694 2695 2787 2799 2819 2858 2927 2934 2969 3011 3022 3100 3104 3107 3112 3113 3115 3132 3133 3152 3155 3161 3162 3165 3166 3176 3177 3221 3232 3233 3234 3255 3269 3272 3273 3275 3276 3287 3293 3363 3398 3414 3511 3550 3562 3570 3585 3590 3615 3631 3632 3633 3702 3820 3831 3864 3875 3882 3944 3966 3978 3983 3996 3997 4001 4002 4072 4095 4113 4127 4136 4151 4163 4181 4182 4246 4247 4388 4389 4419 4464 4470 4473 4503 4506 4522 4528 4552 4563 4580 4634 4636 4698 4711 4738 4787 4854 4856 4857 4858 4859 4864 4886 4974 4981 4982 4998 5022 5023 5032 5046 5047 5050 5053 5066 5106 5114 5115 5136 5169 5192 5193 5197 5216 5217 5222 5290 5333 5334 5366 5369 5381 5417 5435 5438 5511 5515 5538 5544 5545 5547 5553 5570 5576 5578 5598 5611 5615 5658 5671 5672 5681 5702 5703 5723 5724 5727 5728 5731 5748 5768 5777 5785 5839 5841 5852 5856 5857 5878 5888 5923 5967 5991 5997 6220 6221 6290 6291 6370 6422 6423 6512 6515 6551 6571 6623 6659 6692 6726 6728 6737 6748 6768 6781 6794 6795,family,,families,"Map 45 China and Mongolia [101]; Map 45 China and Mongolia [102]; Map 45 China and Mongolia [103]; Map 45 China and Mongolia [104]; Map 45 China and Mongolia [105]; Map 45 China and Mongolia [106]; Map 45 China and Mongolia [107]; Map 45 China and Mongolia [108]; Map 45 China and Mongolia [109]; Map 45 China and Mongolia [10]; Map 45 China and Mongolia [110]; Map 45 China and Mongolia [111]; Map 45 China and Mongolia [112]; Map 45 China and Mongolia [113]; Map 45 China and Mongolia [114]; Map 45 China and Mongolia [115]; Map 45 China and Mongolia [116]; Map 45 China and Mongolia [118]; Map 45 China and Mongolia [119]; Map 45 China and Mongolia [11]; Map 45 China and Mongolia [120]; Map 45 China and Mongolia [122]; Map 45 China and Mongolia [126]; Map 45 China and Mongolia [127]; Map 45 China and Mongolia [12]; Map 45 China and Mongolia [13]; Map 45 China and Mongolia [14]; Map 45 China and Mongolia [15]; Map 45 China and Mongolia [16]; Map 45 China and Mongolia [17]; Map 45 China and Mongolia [1]; Map 45 China and Mongolia [2]; Map 45 China and Mongolia [3]; Map 45 China and Mongolia [4]; Map 45 China and Mongolia [5a]; Map 45 China and Mongolia [5b]; Map 45 China and Mongolia [6]; Map 45 China and Mongolia [7b]; Map 45 China and Mongolia [7c]; Map 45 China and Mongolia [7d]; Map 45 China and Mongolia [7e]; Map 45 China and Mongolia [85]; Map 45 China and Mongolia [86]; Map 45 China and Mongolia [87]; Map 45 China and Mongolia [88]; Map 45 China and Mongolia [89]; Map 45 China and Mongolia [8]; Map 45 China and Mongolia [90]; Map 45 China and Mongolia [91]; Map 45 China and Mongolia [92]; Map 45 China and Mongolia [93]; Map 45 China and Mongolia [94]; Map 45 China and Mongolia [95]; Map 45 China and Mongolia [96a]; Map 45 China and Mongolia [96b]; Map 45 China and Mongolia [96c]; Map 45 China and Mongolia [96d]; Map 45 China and Mongolia [96e]; Map 45 China and Mongolia [96f]; Map 45 China and Mongolia [97a]; Map 45 China and Mongolia [97b]; Map 45 China and Mongolia [98]; Map 45 China and Mongolia [9]; Map 46 Yunnan Province, China [24]; Map 46 Yunnan Province, China [25]; Map 46 Yunnan Province, China [26]; Map 46 Yunnan Province, China [29]; Map 46 Yunnan Province, China [30]; Map 46 Yunnan Province, China [31]; Map 46 Yunnan Province, China [32]; Map 46 Yunnan Province, China [33]; Map 46 Yunnan Province, China [34]; Map 46 Yunnan Province, China [35]; Map 46 Yunnan Province, China [36]; Map 46 Yunnan Province, China [39]; Map 46 Yunnan Province, China [40]; Map 46 Yunnan Province, China [41]; Map 46 Yunnan Province, China [42]; Map 46 Yunnan Province, China [43]; Map 46 Yunnan Province, China [44]; Map 46 Yunnan Province, China [45]; Map 46 Yunnan Province, China [46]; Map 46 Yunnan Province, China [47]; Map 46 Yunnan Province, China [48C]; Map 46 Yunnan Province, China [48S]; Map 46 Yunnan Province, China [48]; Map 46 Yunnan Province, China [49]; Map 46 Yunnan Province, China [52]; Map 46 Yunnan Province, China [53]; Map 46 Yunnan Province, China [54]; Map 46 Yunnan Province, China [56]; Map 46 Yunnan Province, China [57]; Map 46 Yunnan Province, China [58]; Map 46 Yunnan Province, China [59]; Map 46 Yunnan Province, China [61]; Map 46 Yunnan Province, China [62]; Map 46 Yunnan Province, China [63]; Map 46 Yunnan Province, China [64]; Map 46 Yunnan Province, China [65]; Map 46 Yunnan Province, China [66]; Map 46 Yunnan Province, China [67]; Map 46 Yunnan Province, China [68]; Map 46 Yunnan Province, China [69]; Map 46 Yunnan Province, China [70]; Map 46 Yunnan Province, China [71]; Map 46 Yunnan Province, China [73]; Map 46 Yunnan Province, China [74]; Map 46 Yunnan Province, China [75]; Map 46 Yunnan Province, China [76]; Map 46 Yunnan Province, China [77]; Map 46 Yunnan Province, China [78]; Map 46 Yunnan Province, China [79]; Map 46 Yunnan Province, China [80]; Map 46 Yunnan Province, China [81]; Map 46 Yunnan Province, China [82]; Map 46 Yunnan Province, China [83]; Map 46 Yunnan Province, China [84]; Map 46 Yunnan Province, China [85]; Map 46 Yunnan Province, China [86]; Map 46 Yunnan Province, China [87]; Map 46 Yunnan Province, China [88]; Map 46 Yunnan Province, China [89]; Map 46 Yunnan Province, China [90]; Map 46 Yunnan Province, China [91]; Map 46 Yunnan Province, China [92]; Map 46 Yunnan Province, China [93]; Map 46 Yunnan Province, China [94]; Map 46 Yunnan Province, China [95]; Map 46 Yunnan Province, China [96]; Map 46 Yunnan Province, China [97]; Map 46 Yunnan Province, China [98]; Map 47 Northern Thailand, Laos and Vietnam [100]; Map 47 Northern Thailand, Laos and Vietnam [81]; Map 47 Northern Thailand, Laos and Vietnam [82]; Map 47 Northern Thailand, Laos and Vietnam [83]; Map 47 Northern Thailand, Laos and Vietnam [84]; Map 47 Northern Thailand, Laos and Vietnam [86]; Map 47 Northern Thailand, Laos and Vietnam [87]; Map 47 Northern Thailand, Laos and Vietnam [88]; Map 47 Northern Thailand, Laos and Vietnam [89]; Map 47 Northern Thailand, Laos and Vietnam [90]; Map 47 Northern Thailand, Laos and Vietnam [91]; Map 47 Northern Thailand, Laos and Vietnam [92]; Map 47 Northern Thailand, Laos and Vietnam [93]; Map 47 Northern Thailand, Laos and Vietnam [94]; Map 47 Northern Thailand, Laos and Vietnam [95]; Map 47 Northern Thailand, Laos and Vietnam [96]; Map 47 Northern Thailand, Laos and Vietnam [98]; Map 47 Northern Thailand, Laos and Vietnam [99]; Map 48 Southern Thailand, Laos and Vietnam, and Cambodia [75]; Map 48 Southern Thailand, Laos and Vietnam, and Cambodia [76]; Map 48 Southern Thailand, Laos and Vietnam, and Cambodia [77]; Map 48 Southern Thailand, Laos and Vietnam, and Cambodia [79]; Map 48 Southern Thailand, Laos and Vietnam, and Cambodia [80]; Map 49 Burma (Myanmar) [12]; Map 49 Burma (Myanmar) [13]; Map 49 Burma (Myanmar) [15]; Map 49 Burma (Myanmar) [16]; Map 49 Burma (Myanmar) [17]; Map 49 Burma (Myanmar) [18]; Map 49 Burma (Myanmar) [19]; Map 49 Burma (Myanmar) [20]; Map 49 Burma (Myanmar) [21]; Map 49 Burma (Myanmar) [22]; Map 49 Burma (Myanmar) [23]; Map 49 Burma (Myanmar) [25]; Map 49 Burma (Myanmar) [26]; Map 49 Burma (Myanmar) [27]; Map 49 Burma (Myanmar) [28]; Map 49 Burma (Myanmar) [29]; Map 49 Burma (Myanmar) [30]; Map 49 Burma (Myanmar) [31]; Map 49 Burma (Myanmar) [32]; Map 49 Burma (Myanmar) [33]; Map 49 Burma (Myanmar) [34]; Map 49 Burma (Myanmar) [35]; Map 49 Burma (Myanmar) [37]; Map 49 Burma (Myanmar) [38]; Map 49 Burma (Myanmar) [39]; Map 49 Burma (Myanmar) [40]; Map 49 Burma (Myanmar) [41]; Map 49 Burma (Myanmar) [42]; Map 49 Burma (Myanmar) [43]; Map 49 Burma (Myanmar) [44]; Map 49 Burma (Myanmar) [45]; Map 49 Burma (Myanmar) [46]; Map 49 Burma (Myanmar) [48]; Map 49 Burma (Myanmar) [49]; Map 49 Burma (Myanmar) [50]; Map 49 Burma (Myanmar) [52]; Map 49 Burma (Myanmar) [54]; Map 49 Burma (Myanmar) [55]; Map 49 Burma (Myanmar) [56]; Map 49 Burma (Myanmar) [57]; Map 49 Burma (Myanmar) [58]; Map 49 Burma (Myanmar) [59]; Map 49 Burma (Myanmar) [60]; Map 49 Burma (Myanmar) [61]; Map 49 Burma (Myanmar) [62]; Map 49 Burma (Myanmar) [63]; Map 49 Burma (Myanmar) [64]; Map 49 Burma (Myanmar) [65]; Map 49 Burma (Myanmar) [66]; Map 49 Burma (Myanmar) [67]; Map 49 Burma (Myanmar) [68]; Map 49 Burma (Myanmar) [69]; Map 50 Japan, Korea and Taiwan [1]; Map 50 Japan, Korea and Taiwan [2]; Map 50 Japan, Korea and Taiwan [3]; Map 50 Japan, Korea and Taiwan [4]; Map 51 North-East India, Bangladesh, Bhutan and Nepal [100]; Map 51 North-East India, Bangladesh, Bhutan and Nepal [101]; Map 51 North-East India, Bangladesh, Bhutan and Nepal [102]; Map 51 North-East India, Bangladesh, Bhutan and Nepal [103]; Map 51 North-East India, Bangladesh, Bhutan and Nepal [104]; Map 51 North-East India, Bangladesh, Bhutan and Nepal [105]; Map 51 North-East India, Bangladesh, Bhutan and Nepal [106]; Map 51 North-East India, Bangladesh, Bhutan and Nepal [107]; Map 51 North-East India, Bangladesh, Bhutan and Nepal [108]; Map 51 North-East India, Bangladesh, Bhutan and Nepal [109]; Map 51 North-East India, Bangladesh, Bhutan and Nepal [10]; Map 51 North-East India, Bangladesh, Bhutan and Nepal [110]; Map 51 North-East India, Bangladesh, Bhutan and Nepal [111]; Map 51 North-East India, Bangladesh, Bhutan and Nepal [112]; Map 51 North-East India, Bangladesh, Bhutan and Nepal [113]; Map 51 North-East India, Bangladesh, Bhutan and Nepal [115]; Map 51 North-East India, Bangladesh, Bhutan and Nepal [116]; Map 51 North-East India, Bangladesh, Bhutan and Nepal [117]; Map 51 North-East India, Bangladesh, Bhutan and Nepal [118]; Map 51 North-East India, Bangladesh, Bhutan and Nepal [119]; Map 51 North-East India, Bangladesh, Bhutan and Nepal [11]; Map 51 North-East India, Bangladesh, Bhutan and Nepal [120]; Map 51 North-East India, Bangladesh, Bhutan and Nepal [121]; Map 51 North-East India, Bangladesh, Bhutan and Nepal [122]; Map 51 North-East India, Bangladesh, Bhutan and Nepal [123a]; Map 51 North-East India, Bangladesh, Bhutan and Nepal [123b]; Map 51 North-East India, Bangladesh, Bhutan and Nepal [124]; Map 51 North-East India, Bangladesh, Bhutan and Nepal [125]; Map 51 North-East India, Bangladesh, Bhutan and Nepal [126]; Map 51 North-East India, Bangladesh, Bhutan and Nepal [127]; Map 51 North-East India, Bangladesh, Bhutan and Nepal [128]; Map 51 North-East India, Bangladesh, Bhutan and Nepal [129]; Map 51 North-East India, Bangladesh, Bhutan and Nepal [12]; Map 51 North-East India, Bangladesh, Bhutan and Nepal [130]; Map 51 North-East India, Bangladesh, Bhutan and Nepal [131]; Map 51 North-East India, Bangladesh, Bhutan and Nepal [132]; Map 51 North-East India, Bangladesh, Bhutan and Nepal [133]; Map 51 North-East India, Bangladesh, Bhutan and Nepal [134]; Map 51 North-East India, Bangladesh, Bhutan and Nepal [135]; Map 51 North-East India, Bangladesh, Bhutan and Nepal [136]; Map 51 North-East India, Bangladesh, Bhutan and Nepal [137]; Map 51 North-East India, Bangladesh, Bhutan and Nepal [138]; Map 51 North-East India, Bangladesh, Bhutan and Nepal [139]; Map 51 North-East India, Bangladesh, Bhutan and Nepal [13]; Map 51 North-East India, Bangladesh, Bhutan and Nepal [140]; Map 51 North-East India, Bangladesh, Bhutan and Nepal [141]; Map 51 North-East India, Bangladesh, Bhutan and Nepal [142]; Map 51 North-East India, Bangladesh, Bhutan and Nepal [143]; Map 51 North-East India, Bangladesh, Bhutan and Nepal [144]; Map 51 North-East India, Bangladesh, Bhutan and Nepal [145]; Map 51 North-East India, Bangladesh, Bhutan and Nepal [146]; Map 51 North-East India, Bangladesh, Bhutan and Nepal [147]; Map 51 North-East India, Bangladesh, Bhutan and Nepal [148]; Map 51 North-East India, Bangladesh, Bhutan and Nepal [149]; Map 51 North-East India, Bangladesh, Bhutan and Nepal [14]; Map 51 North-East India, Bangladesh, Bhutan and Nepal [150]; Map 51 North-East India, Bangladesh, Bhutan and Nepal [151]; Map 51 North-East India, Bangladesh, Bhutan and Nepal [152]; Map 51 North-East India, Bangladesh, Bhutan and Nepal [154]; Map 51 North-East India, Bangladesh, Bhutan and Nepal [155]; Map 51 North-East India, Bangladesh, Bhutan and Nepal [15]; Map 51 North-East India, Bangladesh, Bhutan and Nepal [16]; Map 51 North-East India, Bangladesh, Bhutan and Nepal [17]; Map 51 North-East India, Bangladesh, Bhutan and Nepal [18]; Map 51 North-East India, Bangladesh, Bhutan and Nepal [19]; Map 51 North-East India, Bangladesh, Bhutan and Nepal [1]; Map 51 North-East India, Bangladesh, Bhutan and Nepal [20]; Map 51 North-East India, Bangladesh, Bhutan and Nepal [21]; Map 51 North-East India, Bangladesh, Bhutan and Nepal [22]; Map 51 North-East India, Bangladesh, Bhutan and Nepal [23]; Map 51 North-East India, Bangladesh, Bhutan and Nepal [24]; Map 51 North-East India, Bangladesh, Bhutan and Nepal [25]; Map 51 North-East India, Bangladesh, Bhutan and Nepal [26]; Map 51 North-East India, Bangladesh, Bhutan and Nepal [27]; Map 51 North-East India, Bangladesh, Bhutan and Nepal [28]; Map 51 North-East India, Bangladesh, Bhutan and Nepal [29]; Map 51 North-East India, Bangladesh, Bhutan and Nepal [2]; Map 51 North-East India, Bangladesh, Bhutan and Nepal [30]; Map 51 North-East India, Bangladesh, Bhutan and Nepal [32]; Map 51 North-East India, Bangladesh, Bhutan and Nepal [33]; Map 51 North-East India, Bangladesh, Bhutan and Nepal [34]; Map 51 North-East India, Bangladesh, Bhutan and Nepal [35]; Map 51 North-East India, Bangladesh, Bhutan and Nepal [36]; Map 51 North-East India, Bangladesh, Bhutan and Nepal [37]; Map 51 North-East India, Bangladesh, Bhutan and Nepal [38]; Map 51 North-East India, Bangladesh, Bhutan and Nepal [39]; Map 51 North-East India, Bangladesh, Bhutan and Nepal [3]; Map 51 North-East India, Bangladesh, Bhutan and Nepal [41]; Map 51 North-East India, Bangladesh, Bhutan and Nepal [42]; Map 51 North-East India, Bangladesh, Bhutan and Nepal [43]; Map 51 North-East India, Bangladesh, Bhutan and Nepal [44]; Map 51 North-East India, Bangladesh, Bhutan and Nepal [45]; Map 51 North-East India, Bangladesh, Bhutan and Nepal [46a]; Map 51 North-East India, Bangladesh, Bhutan and Nepal [46b]; Map 51 North-East India, Bangladesh, Bhutan and Nepal [47]; Map 51 North-East India, Bangladesh, Bhutan and Nepal [48]; Map 51 North-East India, Bangladesh, Bhutan and Nepal [49]; Map 51 North-East India, Bangladesh, Bhutan and Nepal [4]; Map 51 North-East India, Bangladesh, Bhutan and Nepal [50]; Map 51 North-East India, Bangladesh, Bhutan and Nepal [51]; Map 51 North-East India, Bangladesh, Bhutan and Nepal [52]; Map 51 North-East India, Bangladesh, Bhutan and Nepal [53]; Map 51 North-East India, Bangladesh, Bhutan and Nepal [54]; Map 51 North-East India, Bangladesh, Bhutan and Nepal [55]; Map 51 North-East India, Bangladesh, Bhutan and Nepal [57]; Map 51 North-East India, Bangladesh, Bhutan and Nepal [58]; Map 51 North-East India, Bangladesh, Bhutan and Nepal [59]; Map 51 North-East India, Bangladesh, Bhutan and Nepal [5]; Map 51 North-East India, Bangladesh, Bhutan and Nepal [60]; Map 51 North-East India, Bangladesh, Bhutan and Nepal [61]; Map 51 North-East India, Bangladesh, Bhutan and Nepal [62]; Map 51 North-East India, Bangladesh, Bhutan and Nepal [63]; Map 51 North-East India, Bangladesh, Bhutan and Nepal [64]; Map 51 North-East India, Bangladesh, Bhutan and Nepal [65]; Map 51 North-East India, Bangladesh, Bhutan and Nepal [66]; Map 51 North-East India, Bangladesh, Bhutan and Nepal [67]; Map 51 North-East India, Bangladesh, Bhutan and Nepal [69]; Map 51 North-East India, Bangladesh, Bhutan and Nepal [6]; Map 51 North-East India, Bangladesh, Bhutan and Nepal [70]; Map 51 North-East India, Bangladesh, Bhutan and Nepal [71]; Map 51 North-East India, Bangladesh, Bhutan and Nepal [72]; Map 51 North-East India, Bangladesh, Bhutan and Nepal [73]; Map 51 North-East India, Bangladesh, Bhutan and Nepal [74]; Map 51 North-East India, Bangladesh, Bhutan and Nepal [75]; Map 51 North-East India, Bangladesh, Bhutan and Nepal [76]; Map 51 North-East India, Bangladesh, Bhutan and Nepal [77]; Map 51 North-East India, Bangladesh, Bhutan and Nepal [78]; Map 51 North-East India, Bangladesh, Bhutan and Nepal [79]; Map 51 North-East India, Bangladesh, Bhutan and Nepal [7]; Map 51 North-East India, Bangladesh, Bhutan and Nepal [80]; Map 51 North-East India, Bangladesh, Bhutan and Nepal [82]; Map 51 North-East India, Bangladesh, Bhutan and Nepal [83]; Map 51 North-East India, Bangladesh, Bhutan and Nepal [85]; Map 51 North-East India, Bangladesh, Bhutan and Nepal [86]; Map 51 North-East India, Bangladesh, Bhutan and Nepal [87]; Map 51 North-East India, Bangladesh, Bhutan and Nepal [88]; Map 51 North-East India, Bangladesh, Bhutan and Nepal [89]; Map 51 North-East India, Bangladesh, Bhutan and Nepal [8]; Map 51 North-East India, Bangladesh, Bhutan and Nepal [90]; Map 51 North-East India, Bangladesh, Bhutan and Nepal [92]; Map 51 North-East India, Bangladesh, Bhutan and Nepal [93]; Map 51 North-East India, Bangladesh, Bhutan and Nepal [95]; Map 51 North-East India, Bangladesh, Bhutan and Nepal [96]; Map 51 North-East India, Bangladesh, Bhutan and Nepal [97]; Map 51 North-East India, Bangladesh, Bhutan and Nepal [98]; Map 51 North-East India, Bangladesh, Bhutan and Nepal [99]; Map 51 North-East India, Bangladesh, Bhutan and Nepal [9]; Map 53 Iran, Afghanistan and Pakistan [78]; Map 54 North-West India [10]; Map 54 North-West India [11]; Map 54 North-West India [12]; Map 54 North-West India [13]; Map 54 North-West India [14]; Map 54 North-West India [15a]; Map 54 North-West India [15b]; Map 54 North-West India [17]; Map 54 North-West India [18]; Map 54 North-West India [19]; Map 54 North-West India [1]; Map 54 North-West India [20]; Map 54 North-West India [21]; Map 54 North-West India [2]; Map 54 North-West India [3]; Map 54 North-West India [4]; Map 54 North-West India [5]; Map 54 North-West India [6]; Map 54 North-West India [7]; Map 54 North-West India [8]; Map 54 North-West India [9]; Map 57 Central Asia [18]"
siou1252,Siouan,,,,siou1252,,338 728 994 1124 1203 1988 2459 3516 4615 4642 4684 4940 5024 5581 5830 6053 6462 6463 6475 6582 6788,family,,families,Map 1 East Coast and Great Lakes: Time of Contact [50]; Map 1 East Coast and Great Lakes: Time of Contact [53]; Map 1 East Coast and Great Lakes: Time of Contact [54]; Map 2 South-Eastern North America: Time of Contact [10]; Map 2 South-Eastern North America: Time of Contact [12]; Map 2 South-Eastern North America: Time of Contact [8]; Map 2 South-Eastern North America: Time of Contact [9]; Map 5 The Great Plains: Time of Contact [18]; Map 5 The Great Plains: Time of Contact [19]; Map 5 The Great Plains: Time of Contact [20]; Map 5 The Great Plains: Time of Contact [21]; Map 5 The Great Plains: Time of Contact [22]; Map 5 The Great Plains: Time of Contact [23]; Map 5 The Great Plains: Time of Contact [24]; Map 5 The Great Plains: Time of Contact [25]; Map 5 The Great Plains: Time of Contact [26]; Map 5 The Great Plains: Time of Contact [27]; Map 5 The Great Plains: Time of Contact [29]; Map 5 The Great Plains: Time of Contact [30]; Map 7 Northern North America: Time of Contact [60]; Map 7 Northern North America: Time of Contact [61]
skoo1245,Sko,,,,skoo1245,,2922 4966 5056 5213 5469 6189 6327 6513,family,,families,Map 33 Northern Papua New Guinea [192]; Map 33 Northern Papua New Guinea [193]; Map 33 Northern Papua New Guinea [194]; Map 33 Northern Papua New Guinea [195]; Map 33 Northern Papua New Guinea [196]; Map 33 Northern Papua New Guinea [197]; Map 33 Northern Papua New Guinea [198]; Map 34 Irian Jaya [160]; Map 34 Irian Jaya [161]
soma1242,Somahai,,,,soma1242,,5489,family,,families,Map 34 Irian Jaya [33]
song1307,Songhay,,,,song1307,,1285 2042 2310 2907 2908 5495 5496 5649 6741 6742,family,,families,Map 102 Benin and Togo [80]; Map 102 Benin and Togo [81]; Map 102 Benin and Togo [82]; Map 102 Benin and Togo [Z]; Map 104 Burkina Faso [1]; Map 104 Burkina Faso [1a]; Map 104 Burkina Faso [1b]; Map 104 Burkina Faso [1c]; Map 104 Burkina Faso [1d]; Map 104 Burkina Faso [3]; Map 73 North-West Africa [80]; Map 73 North-West Africa [81]; Map 73 North-West Africa [82]
sout2772,Southern Daly,,,,sout2772,,6779,family,,families,Map 35 Australia: Time of Contact [39]
sout2845,South Omotic,,,,sout2845,,33 542 1332 1940 2523,family,,families,Map 72 Sudan and the Horn of Africa [103]; Map 72 Sudan and the Horn of Africa [104]; Map 72 Sudan and the Horn of Africa [105]; Map 72 Sudan and the Horn of Africa [106]; Map 72 Sudan and the Horn of Africa [107]; Map 86 Central East Africa [99]
sout2948,South Bougainville,,,,sout2948,,892 4107 4161 5464,family,,families,Map 29 Solomon Islands and Bougainville [75]; Map 29 Solomon Islands and Bougainville [76]; Map 29 Solomon Islands and Bougainville [77]; Map 29 Solomon Islands and Bougainville [78]
sout3418,South Bird's Head,,,,sout3418,,281 570 2143 2430 2558 4996 5752,family,,families,Map 34 Irian Jaya [68]; Map 34 Irian Jaya [69]; Map 34 Irian Jaya [70]; Map 34 Irian Jaya [71]; Map 34 Irian Jaya [72]; Map 34 Irian Jaya [73]; Map 34 Irian Jaya [74]
spee1234,Speech Register,,,,spee1234,,3097,family,,families,"Map 90 Central African Republic, South-Western Chad and Cameroon [9a]"
suki1244,Suki-Gogodala,,,,suki1244,,310 1805 5592,family,,families,Map 32 Southern Papua New Guinea [105]; Map 32 Southern Papua New Guinea [106]; Map 32 Southern Papua New Guinea [107]
surm1244,Surmic,,,,surm1244,,492 780 1323 3432 3769 4043 4044 5901 6754,family,,families,Map 72 Sudan and the Horn of Africa [122]; Map 72 Sudan and the Horn of Africa [123]; Map 72 Sudan and the Horn of Africa [124]; Map 72 Sudan and the Horn of Africa [125]; Map 72 Sudan and the Horn of Africa [126]; Map 72 Sudan and the Horn of Africa [128]; Map 72 Sudan and the Horn of Africa [129]; Map 72 Sudan and the Horn of Africa [130]; Map 72 Sudan and the Horn of Africa [131]; Map 86 Central East Africa [59]
taik1256,Tai-Kadai,,,,taik1256,,640 711 985 1229 1230 1231 1751 2272 2403 2668 2696 2869 3099 3110 3116 3117 3164 3235 3344 3436 3572 3830 4008 4009 4500 4541 4731 4851 4863 4867 4967 4995 5154 5343 5567 5568 5591 5662 5663 5664 5665 5666 5691 5782 5808 5838 6591 6632 6672 6673 6685 6796,family,,families,"Map 45 China and Mongolia [61]; Map 45 China and Mongolia [62]; Map 45 China and Mongolia [63]; Map 45 China and Mongolia [64]; Map 45 China and Mongolia [65]; Map 45 China and Mongolia [66]; Map 45 China and Mongolia [67]; Map 45 China and Mongolia [68]; Map 45 China and Mongolia [69]; Map 45 China and Mongolia [70]; Map 45 China and Mongolia [71]; Map 45 China and Mongolia [72]; Map 45 China and Mongolia [73]; Map 45 China and Mongolia [74]; Map 45 China and Mongolia [75]; Map 45 China and Mongolia [76]; Map 45 China and Mongolia [77]; Map 45 China and Mongolia [78]; Map 46 Yunnan Province, China [13]; Map 46 Yunnan Province, China [14]; Map 46 Yunnan Province, China [15]; Map 46 Yunnan Province, China [16]; Map 46 Yunnan Province, China [17]; Map 46 Yunnan Province, China [22]; Map 46 Yunnan Province, China [23]; Map 47 Northern Thailand, Laos and Vietnam [10]; Map 47 Northern Thailand, Laos and Vietnam [11]; Map 47 Northern Thailand, Laos and Vietnam [12]; Map 47 Northern Thailand, Laos and Vietnam [13]; Map 47 Northern Thailand, Laos and Vietnam [14]; Map 47 Northern Thailand, Laos and Vietnam [15]; Map 47 Northern Thailand, Laos and Vietnam [16]; Map 47 Northern Thailand, Laos and Vietnam [18]; Map 47 Northern Thailand, Laos and Vietnam [19]; Map 47 Northern Thailand, Laos and Vietnam [20]; Map 47 Northern Thailand, Laos and Vietnam [21]; Map 47 Northern Thailand, Laos and Vietnam [22]; Map 47 Northern Thailand, Laos and Vietnam [23]; Map 47 Northern Thailand, Laos and Vietnam [24]; Map 47 Northern Thailand, Laos and Vietnam [25]; Map 47 Northern Thailand, Laos and Vietnam [26]; Map 47 Northern Thailand, Laos and Vietnam [4]; Map 47 Northern Thailand, Laos and Vietnam [5]; Map 47 Northern Thailand, Laos and Vietnam [6]; Map 47 Northern Thailand, Laos and Vietnam [7]; Map 47 Northern Thailand, Laos and Vietnam [8]; Map 47 Northern Thailand, Laos and Vietnam [9]; Map 48 Southern Thailand, Laos and Vietnam, and Cambodia [14]; Map 48 Southern Thailand, Laos and Vietnam, and Cambodia [15]; Map 48 Southern Thailand, Laos and Vietnam, and Cambodia [16]; Map 48 Southern Thailand, Laos and Vietnam, and Cambodia [17]; Map 48 Southern Thailand, Laos and Vietnam, and Cambodia [18]; Map 48 Southern Thailand, Laos and Vietnam, and Cambodia [19]; Map 48 Southern Thailand, Laos and Vietnam, and Cambodia [20]; Map 48 Southern Thailand, Laos and Vietnam, and Cambodia [21]; Map 49 Burma (Myanmar) [1]; Map 49 Burma (Myanmar) [2]; Map 49 Burma (Myanmar) [3]; Map 49 Burma (Myanmar) [4]; Map 49 Burma (Myanmar) [5]; Map 51 North-East India, Bangladesh, Bhutan and Nepal [215]; Map 51 North-East India, Bangladesh, Bhutan and Nepal [218]"
tama1329,Tamaic,,,,tama1329,,1555 3594 5699,family,,families,Map 71 North-East Africa [87]; Map 71 North-East Africa [88]; Map 71 North-East Africa [89]; Map 72 Sudan and the Horn of Africa [145]; Map 72 Sudan and the Horn of Africa [146]; Map 72 Sudan and the Horn of Africa [147]
tang1340,Tangkic,,,,tang1340,,1717 3171 4327 4573 6695,family,,families,Map 35 Australia: Time of Contact [100]; Map 35 Australia: Time of Contact [101]; Map 35 Australia: Time of Contact [103]; Map 35 Australia: Time of Contact [98]; Map 35 Australia: Time of Contact [99]
taul1250,Taulil-Butam,,,,taul1250,,948 5767,family,,families,Map 30 New Britain and New Ireland [80]; Map 30 New Britain and New Ireland [81]
tebe1251,Teberan,,,,tebe1251,,1212 4922,family,,families,Map 32 Southern Papua New Guinea [153]; Map 32 Southern Papua New Guinea [154]
teme1251,Temeinic,,,,teme1251,,1298 5104,family,,families,Map 71 North-East Africa [80]; Map 71 North-East Africa [82]; Map 72 Sudan and the Horn of Africa [137]; Map 72 Sudan and the Horn of Africa [139]
tequ1244,Tequistlatecan,,,,tequ1244,,1138,family,,families,Map 10 Meso-America: Time of Contact [32]
ticu1244,Ticuna-Yuri,,,,ticu1244,,2307 5875,family,,families,Map 16 Western Brazil: Time of Contact [162]; Map 16 Western Brazil: Time of Contact [163]
timo1261,Timor-Alor-Pantar,,,,timo1261,,57 770 918 1605 2320 2342 2406 2626 2741 2810 2945 3148 3438 3440 4224 4619 5725 5796,family,,families,Map 38 Lesser Sunda Islands and Timor [64]; Map 38 Lesser Sunda Islands and Timor [65]; Map 38 Lesser Sunda Islands and Timor [66]; Map 38 Lesser Sunda Islands and Timor [67]; Map 38 Lesser Sunda Islands and Timor [68]; Map 38 Lesser Sunda Islands and Timor [69]; Map 38 Lesser Sunda Islands and Timor [70]; Map 38 Lesser Sunda Islands and Timor [71]; Map 38 Lesser Sunda Islands and Timor [72]; Map 38 Lesser Sunda Islands and Timor [73]; Map 38 Lesser Sunda Islands and Timor [74]; Map 38 Lesser Sunda Islands and Timor [75]; Map 38 Lesser Sunda Islands and Timor [76]; Map 38 Lesser Sunda Islands and Timor [77]; Map 38 Lesser Sunda Islands and Timor [78]; Map 38 Lesser Sunda Islands and Timor [79]; Map 38 Lesser Sunda Islands and Timor [80]; Map 38 Lesser Sunda Islands and Timor [81]
toro1256,Tor-Orya,,,,toro1256,,690 828 2191 3081 3524 3529 6148,family,,families,Map 34 Irian Jaya [145]; Map 34 Irian Jaya [147]; Map 34 Irian Jaya [148]; Map 34 Irian Jaya [149]; Map 34 Irian Jaya [150]; Map 34 Irian Jaya [152]; Map 34 Irian Jaya [153]
toto1251,Totonacan,,,,toto1251,,5817 5969,family,,families,Map 10 Meso-America: Time of Contact [29]; Map 10 Meso-America: Time of Contact [30]
tsim1258,Tsimshian,,,,tsim1258,,1181 1791 4385 5564,family,,families,Map 6 North-Western Pacific America: Time of Contact [13]; Map 6 North-Western Pacific America: Time of Contact [14]; Map 6 North-Western Pacific America: Time of Contact [15]; Map 6 North-Western Pacific America: Time of Contact [16]
tuca1253,Tucanoan,,,,tuca1253,,591 1296 2241 2493 2871 2893 2930 2936 3452 4893 6010 6288 6713,family,,families,Map 12 Northern South America: Time of Contact [148]; Map 12 Northern South America: Time of Contact [149]; Map 12 Northern South America: Time of Contact [152]; Map 12 Northern South America: Time of Contact [153]; Map 12 Northern South America: Time of Contact [154]; Map 12 Northern South America: Time of Contact [155]; Map 12 Northern South America: Time of Contact [156]; Map 12 Northern South America: Time of Contact [157]; Map 12 Northern South America: Time of Contact [158]; Map 12 Northern South America: Time of Contact [159]; Map 12 Northern South America: Time of Contact [160]; Map 12 Northern South America: Time of Contact [161]; Map 14 Northern Pacific Coast: Time of Contact [151]
tung1282,Tungusic,,,,tung1282,,1580 1581 1583 1986 3513 4137 4675 4679 6085 6101 6521,family,,families,Map 45 China and Mongolia [46]; Map 45 China and Mongolia [47]; Map 45 China and Mongolia [48]; Map 45 China and Mongolia [49]; Map 45 China and Mongolia [50]; Map 55 Eastern Siberia [10]; Map 55 Eastern Siberia [11]; Map 55 Eastern Siberia [12]; Map 55 Eastern Siberia [13]; Map 55 Eastern Siberia [15]; Map 55 Eastern Siberia [16]; Map 56 Western Siberia [11]
tupi1275,Tupian,,,,tupi1275,,144 187 208 265 287 377 392 1832 1834 2305 2413 2590 2642 3012 3455 3686 4022 4800 5000 5451 5683 5742 5809 6008 6033 6036 6371 6378 6786,family,,families,Map 12 Northern South America: Time of Contact [341]; Map 12 Northern South America: Time of Contact [350]; Map 16 Western Brazil: Time of Contact [348]; Map 16 Western Brazil: Time of Contact [354]; Map 16 Western Brazil: Time of Contact [361]; Map 16 Western Brazil: Time of Contact [366]; Map 16 Western Brazil: Time of Contact [369]; Map 16 Western Brazil: Time of Contact [370]; Map 16 Western Brazil: Time of Contact [371]; Map 16 Western Brazil: Time of Contact [372]; Map 16 Western Brazil: Time of Contact [373]; Map 16 Western Brazil: Time of Contact [375]; Map 16 Western Brazil: Time of Contact [380]; Map 18 Brazilian Atlantic Coast: Time of Contact [335]; Map 18 Brazilian Atlantic Coast: Time of Contact [345]; Map 18 Brazilian Atlantic Coast: Time of Contact [346]; Map 18 Brazilian Atlantic Coast: Time of Contact [347]; Map 18 Brazilian Atlantic Coast: Time of Contact [349]; Map 18 Brazilian Atlantic Coast: Time of Contact [351]; Map 18 Brazilian Atlantic Coast: Time of Contact [352]; Map 18 Brazilian Atlantic Coast: Time of Contact [357]; Map 18 Brazilian Atlantic Coast: Time of Contact [358]; Map 18 Brazilian Atlantic Coast: Time of Contact [359]; Map 18 Brazilian Atlantic Coast: Time of Contact [360]; Map 18 Brazilian Atlantic Coast: Time of Contact [362]; Map 18 Brazilian Atlantic Coast: Time of Contact [363]; Map 20 Central Pacific Coast: Time of Contact [338]; Map 20 Central Pacific Coast: Time of Contact [339]; Map 20 Central Pacific Coast: Time of Contact [340]
tura1263,Turama-Kikori,,,,tura1263,,2121 3793 4646 5127,family,,families,Map 32 Southern Papua New Guinea [172]; Map 32 Southern Papua New Guinea [173]; Map 32 Southern Papua New Guinea [174]; Map 32 Southern Papua New Guinea [175]
turk1311,Turkic,,,,turk1311,,175 407 413 606 1165 1660 2483 2488 2607 2660 2661 2662 2743 2982 3093 4420 5016 5180 5390 5762 5925 6041 6042 6043 6061 6149 6177 6178 6438 6555 6782,family,,families,"Map 45 China and Mongolia [128]; Map 45 China and Mongolia [37]; Map 45 China and Mongolia [38]; Map 45 China and Mongolia [39]; Map 45 China and Mongolia [40]; Map 45 China and Mongolia [41]; Map 45 China and Mongolia [42]; Map 45 China and Mongolia [43]; Map 45 China and Mongolia [44]; Map 45 China and Mongolia [45]; Map 53 Iran, Afghanistan and Pakistan [68]; Map 53 Iran, Afghanistan and Pakistan [69]; Map 53 Iran, Afghanistan and Pakistan [70]; Map 53 Iran, Afghanistan and Pakistan [71]; Map 53 Iran, Afghanistan and Pakistan [72]; Map 53 Iran, Afghanistan and Pakistan [73]; Map 53 Iran, Afghanistan and Pakistan [74]; Map 53 Iran, Afghanistan and Pakistan [75]; Map 53 Iran, Afghanistan and Pakistan [76]; Map 53 Iran, Afghanistan and Pakistan [77]; Map 55 Eastern Siberia [2]; Map 55 Eastern Siberia [3]; Map 55 Eastern Siberia [4]; Map 55 Eastern Siberia [5]; Map 55 Eastern Siberia [6]; Map 55 Eastern Siberia [7]; Map 56 Western Siberia [10]; Map 56 Western Siberia [2]; Map 56 Western Siberia [3]; Map 56 Western Siberia [4]; Map 56 Western Siberia [6]; Map 56 Western Siberia [7]; Map 56 Western Siberia [8]; Map 56 Western Siberia [9]; Map 57 Central Asia [12]; Map 57 Central Asia [13]; Map 57 Central Asia [14]; Map 57 Central Asia [15]; Map 57 Central Asia [16]; Map 57 Central Asia [17]; Map 58 Western Russia, the Baltic States, Belarus, Ukraine and Moldova [10]; Map 58 Western Russia, the Baltic States, Belarus, Ukraine and Moldova [11]; Map 58 Western Russia, the Baltic States, Belarus, Ukraine and Moldova [12]; Map 58 Western Russia, the Baltic States, Belarus, Ukraine and Moldova [13]; Map 58 Western Russia, the Baltic States, Belarus, Ukraine and Moldova [14]; Map 58 Western Russia, the Baltic States, Belarus, Ukraine and Moldova [15]; Map 59 The Caucasus [10]; Map 59 The Caucasus [11]; Map 59 The Caucasus [12]; Map 59 The Caucasus [13]; Map 59 The Caucasus [14]; Map 59 The Caucasus [8]; Map 59 The Caucasus [9]; Map 60 Turkey [5]; Map 61 Hungary, Romania and the Balkans [15]; Map 61 Hungary, Romania and the Balkans [16]; Map 66 Albania, Greece, Crete and Cyprus [9]; Map 70 The Middle East and Arabian Peninsula [110]"
tuuu1241,Tuu,,,,tuuu1241,,2,family,,families,Map 74 Southern Africa [56]
unat1236,Unattested,,,,unat1236,,2753 2754 5134 5378 5403 6298,family,,families,"Map 101 South-Western Nigeria [48]; Map 14 Northern Pacific Coast: Time of Contact [231]; Map 34 Irian Jaya [151]; Map 90 Central African Republic, South-Western Chad and Cameroon [73d]; Map 97 North Plateau, Nigeria [40]; Map 97 North Plateau, Nigeria [41]; Map 99 Lake Chad Region [18]"
uncl1493,Unclassifiable,,,,uncl1493,,276 280 984 1557 1679 2479 2573 3780 3938 3999 4149 4169 4241 4776 4807 4846 5002 5029 5386 5484 6283 6388,family,,families,Map 1 East Coast and Great Lakes: Time of Contact [43]; Map 1 East Coast and Great Lakes: Time of Contact [44]; Map 1 East Coast and Great Lakes: Time of Contact [45]; Map 1 East Coast and Great Lakes: Time of Contact [47]; Map 12 Northern South America: Time of Contact [16]; Map 12 Northern South America: Time of Contact [21]; Map 12 Northern South America: Time of Contact [22]; Map 12 Northern South America: Time of Contact [25]; Map 12 Northern South America: Time of Contact [407]; Map 14 Northern Pacific Coast: Time of Contact [194]; Map 16 Western Brazil: Time of Contact [341e]; Map 18 Brazilian Atlantic Coast: Time of Contact [318]; Map 18 Brazilian Atlantic Coast: Time of Contact [320]; Map 18 Brazilian Atlantic Coast: Time of Contact [321]; Map 18 Brazilian Atlantic Coast: Time of Contact [323]; Map 2 South-Eastern North America: Time of Contact [22]; Map 2 South-Eastern North America: Time of Contact [53]; Map 3 South-Western North America: Time of Contact [70]; Map 3 South-Western North America: Time of Contact [71]; Map 3 South-Western North America: Time of Contact [73]; Map 3 South-Western North America: Time of Contact [81]; Map 3 South-Western North America: Time of Contact [82]
ural1272,Uralic,,,,ural1272,,1540 1570 1610 2049 2504 2672 2807 2827 2828 3558 3610 3913 4235 4273 5287 5467 5468 6086,family,,families,"Map 55 Eastern Siberia [17]; Map 55 Eastern Siberia [18]; Map 55 Eastern Siberia [19]; Map 55 Eastern Siberia [20]; Map 55 Eastern Siberia [21]; Map 56 Western Siberia [12]; Map 56 Western Siberia [13]; Map 56 Western Siberia [14]; Map 56 Western Siberia [15]; Map 56 Western Siberia [16]; Map 56 Western Siberia [17]; Map 56 Western Siberia [19]; Map 56 Western Siberia [20]; Map 56 Western Siberia [21]; Map 56 Western Siberia [22]; Map 58 Western Russia, the Baltic States, Belarus, Ukraine and Moldova [17]; Map 58 Western Russia, the Baltic States, Belarus, Ukraine and Moldova [18]; Map 58 Western Russia, the Baltic States, Belarus, Ukraine and Moldova [19]; Map 58 Western Russia, the Baltic States, Belarus, Ukraine and Moldova [20]; Map 58 Western Russia, the Baltic States, Belarus, Ukraine and Moldova [21]; Map 58 Western Russia, the Baltic States, Belarus, Ukraine and Moldova [23]; Map 58 Western Russia, the Baltic States, Belarus, Ukraine and Moldova [24]; Map 58 Western Russia, the Baltic States, Belarus, Ukraine and Moldova [25]; Map 58 Western Russia, the Baltic States, Belarus, Ukraine and Moldova [26]; Map 58 Western Russia, the Baltic States, Belarus, Ukraine and Moldova [27]; Map 58 Western Russia, the Baltic States, Belarus, Ukraine and Moldova [29]; Map 58 Western Russia, the Baltic States, Belarus, Ukraine and Moldova [30]; Map 61 Hungary, Romania and the Balkans [14]; Map 62 Poland, the Czech Republic and Slovakia [15]; Map 64 The Nordic Countries [12]; Map 64 The Nordic Countries [13]; Map 64 The Nordic Countries [14]; Map 64 The Nordic Countries [22]; Map 65 Germany, Austria, Liechtenstein and Switzerland [19]; Map 67 Italy, Corsica, Sardinia, Sicily and Malta [17]"
uruc1242,Uru-Chipaya,,,,uruc1242,,1114 6155,family,,families,Map 20 Central Pacific Coast: Time of Contact [210a]; Map 20 Central Pacific Coast: Time of Contact [210b]
utoa1244,Uto-Aztecan,,,,utoa1244,,980 1015 1082 1190 1206 1476 1485 1576 1821 1837 2022 2293 2585 2751 2797 2864 3328 3351 3698 3932 4177 4479 4481 4492 4497 4764 4888 4897 4921 5319 5555 5563 5645 5745 5763 5815 6005 6132 6169 6425 6432 6446 6523 6596 6769,family,,families,Map 10 Meso-America: Time of Contact [52]; Map 10 Meso-America: Time of Contact [53]; Map 10 Meso-America: Time of Contact [57]; Map 10 Meso-America: Time of Contact [58]; Map 10 Meso-America: Time of Contact [59]; Map 10 Meso-America: Time of Contact [59a]; Map 10 Meso-America: Time of Contact [59b]; Map 10 Meso-America: Time of Contact [59c]; Map 10 Meso-America: Time of Contact [59d]; Map 10 Meso-America: Time of Contact [59e]; Map 10 Meso-America: Time of Contact [59f]; Map 3 South-Western North America: Time of Contact [12]; Map 3 South-Western North America: Time of Contact [14]; Map 3 South-Western North America: Time of Contact [16]; Map 3 South-Western North America: Time of Contact [18]; Map 3 South-Western North America: Time of Contact [19]; Map 3 South-Western North America: Time of Contact [20]; Map 3 South-Western North America: Time of Contact [21]; Map 3 South-Western North America: Time of Contact [22]; Map 3 South-Western North America: Time of Contact [23]; Map 3 South-Western North America: Time of Contact [24]; Map 3 South-Western North America: Time of Contact [25]; Map 3 South-Western North America: Time of Contact [26]; Map 3 South-Western North America: Time of Contact [27]; Map 3 South-Western North America: Time of Contact [28]; Map 3 South-Western North America: Time of Contact [29]; Map 3 South-Western North America: Time of Contact [30]; Map 3 South-Western North America: Time of Contact [31]; Map 3 South-Western North America: Time of Contact [32]; Map 3 South-Western North America: Time of Contact [33]; Map 3 South-Western North America: Time of Contact [34]; Map 3 South-Western North America: Time of Contact [93]; Map 3 South-Western North America: Time of Contact [98]; Map 4 California: Time of Contact [100]; Map 4 California: Time of Contact [102]; Map 4 California: Time of Contact [91]; Map 4 California: Time of Contact [92]; Map 4 California: Time of Contact [94]; Map 4 California: Time of Contact [95]; Map 4 California: Time of Contact [96]; Map 4 California: Time of Contact [98]; Map 5 The Great Plains: Time of Contact [40]; Map 5 The Great Plains: Time of Contact [43]; Map 5 The Great Plains: Time of Contact [45]; Map 5 The Great Plains: Time of Contact [47]; Map 5 The Great Plains: Time of Contact [49]
waka1280,Wakashan,,,,waka1280,,1928 1977 3054 3437 4392 4433,family,,families,Map 6 North-Western Pacific America: Time of Contact [40]; Map 6 North-Western Pacific America: Time of Contact [41]; Map 6 North-Western Pacific America: Time of Contact [42]; Map 6 North-Western Pacific America: Time of Contact [43]; Map 6 North-Western Pacific America: Time of Contact [44]; Map 6 North-Western Pacific America: Time of Contact [45]
wali1264,Walioic,,,,wali1264,,4708 6272 6532,family,,families,Map 33 Northern Papua New Guinea [313]; Map 33 Northern Papua New Guinea [314]; Map 33 Northern Papua New Guinea [315]
west1493,West Bird's Head,,,,west1493,,2382 3040 3903 3949 5278 5795,family,,families,Map 34 Irian Jaya [105]; Map 34 Irian Jaya [106]; Map 34 Irian Jaya [107]; Map 34 Irian Jaya [108]; Map 34 Irian Jaya [109]; Map 34 Irian Jaya [110]; Map 37 The Moluccas [54]; Map 37 The Moluccas [55]
west2434,Western Daly,,,,west2434,,1536 3403,family,,families,Map 35 Australia: Time of Contact [22]; Map 35 Australia: Time of Contact [23]; Map 35 Australia: Time of Contact [24]; Map 35 Australia: Time of Contact [25]; Map 35 Australia: Time of Contact [26]; Map 35 Australia: Time of Contact [27]; Map 35 Australia: Time of Contact [28]; Map 35 Australia: Time of Contact [29]; Map 35 Australia: Time of Contact [30]; Map 35 Australia: Time of Contact [31]
west2604,West Bomberai,,,,west2604,,450 2107 2495,family,,families,Map 34 Irian Jaya [54]; Map 34 Irian Jaya [55]; Map 34 Irian Jaya [56]
wint1258,Wintuan,,,,wint1258,,4426 4816 6464,family,,families,Map 4 California: Time of Contact [43]; Map 4 California: Time of Contact [44]; Map 4 California: Time of Contact [45]
worr1236,Worrorran,,,,worr1236,,6120 1677 1892,family,,families,Map 35 Australia: Time of Contact [78]; Map 35 Australia: Time of Contact [79]; Map 35 Australia: Time of Contact [80]; Map 35 Australia: Time of Contact [81]; Map 35 Australia: Time of Contact [82]; Map 35 Australia: Time of Contact [83]; Map 35 Australia: Time of Contact [84]; Map 35 Australia: Time of Contact [85]; Map 35 Australia: Time of Contact [86]
xinc1237,Xincan,,14.31028,-89.82346,xinc1237,,5375,family,,families,Map 10 Meso-America: Time of Contact [62]
yang1287,Yangmanic,,,,yang1287,,1221 6329,family,,families,Map 35 Australia: Time of Contact [49]; Map 35 Australia: Time of Contact [50]; Map 35 Australia: Time of Contact [51]
yano1268,Yanomamic,,,,yano1268,,4373 5206 6584,family,,families,Map 12 Northern South America: Time of Contact [422]; Map 12 Northern South America: Time of Contact [423]; Map 12 Northern South America: Time of Contact [424]
yare1250,Yareban,,,,yare1250,,44 577 1383 5449 6602,family,,families,Map 31 South-Eastern Papua New Guinea [56]; Map 31 South-Eastern Papua New Guinea [57]; Map 31 South-Eastern Papua New Guinea [58]; Map 31 South-Eastern Papua New Guinea [59]; Map 31 South-Eastern Papua New Guinea [60]; Map 32 Southern Papua New Guinea [131]; Map 32 Southern Papua New Guinea [133]; Map 32 Southern Papua New Guinea [134]
yawa1259,Yawa-Saweru,,,,yawa1259,,371,family,,families,Map 34 Irian Jaya [125]
yeni1252,Yeniseian,,,,yeni1252,,2651,family,,families,Map 55 Eastern Siberia [28]; Map 56 Western Siberia [23]
yoku1255,Yokutsan,,,,yoku1255,,885 1711 2731 4745 6017 6186,family,,families,Map 4 California: Time of Contact [74]; Map 4 California: Time of Contact [75]; Map 4 California: Time of Contact [76]; Map 4 California: Time of Contact [77]; Map 4 California: Time of Contact [78]; Map 4 California: Time of Contact [79]
yuat1252,Yuat,,,,yuat1252,,914 1057 3788 3871,family,,families,Map 33 Northern Papua New Guinea [358]; Map 33 Northern Papua New Guinea [359]; Map 33 Northern Papua New Guinea [361]; Map 33 Northern Papua New Guinea [362]
yuka1259,Yukaghir,,,,yuka1259,,6697,family,,families,Map 55 Eastern Siberia [27]
yuki1242,Yuki-Wappo,,,,yuki1242,,6322 6699,family,,families,Map 4 California: Time of Contact [49]; Map 4 California: Time of Contact [50]
zamu1243,Zamucoan,,,,zamu1243,,409 1045,family,,families,Map 18 Brazilian Atlantic Coast: Time of Contact [275]; Map 18 Brazilian Atlantic Coast: Time of Contact [276]
zapa1251,Zaparoan,,,,zapa1251,,273 2118 5638,family,,families,Map 14 Northern Pacific Coast: Time of Contact [173]; Map 14 Northern Pacific Coast: Time of Contact [174]; Map 14 Northern Pacific Coast: Time of Contact [175]
